machine_type,vibration_mm_s,spindle_current_percent,spindle_temperature_C,acoustic_dba,lubrication_pressure_bar,coolant_temperature_C,active_failure,status
cnc,1.07,51.32,43.9,83.62,2.05,26.84,none,running
cnc,1.61,72.39,65.01,78.03,2.13,30.78,cutting_overload,warning
cnc,1.51,53.8,67.56,85.26,2.01,37.08,coolant_failure,warning
cnc,0.66,29.64,27.41,55,2.22,25.98,none,running
cnc,2.77,48.09,55.31,94.69,2.16,25.7,chatter,warning
cnc,2.34,78.34,76.23,95.41,2.01,37.37,cutting_overload,fault
cnc,2.41,47.27,46.66,92.08,1.84,26.39,chatter,warning
cnc,3.49,50.92,54.34,95.56,2.03,27.7,chatter,warning
cnc,2.49,44.09,47.77,88.51,1.88,27.59,chatter,warning
cnc,2.88,56.38,56.24,99.51,2.1,29.35,chatter,warning
cnc,2.86,54.17,54.49,110,2.1,26.82,chatter,warning
cnc,0.82,48.01,41.13,75.61,2.17,26.94,none,running
cnc,1.62,58.28,50.48,63.2,1.97,32.19,cutting_overload,running
cnc,1.17,32.64,25.44,55,1.93,26.77,chatter,running
cnc,1.82,37.94,28.16,62.85,1.96,29.49,chatter,running
cnc,2.95,66.19,53.54,104.02,1.99,28.58,chatter,warning
cnc,2.53,41.55,47.08,92.01,1.87,26.81,chatter,warning
cnc,2.86,59.54,56.78,103.77,2.06,27.98,chatter,warning
cnc,1.79,94.72,67.69,86.73,2.09,36.22,cutting_overload,warning
cnc,1.55,48.6,38.59,55,2,34.16,cutting_overload,warning
cnc,1.33,87.45,64.71,74.76,1.97,34.86,cutting_overload,warning
cnc,0.98,51.79,46.13,82.64,1.82,29.38,none,running
cnc,1.36,85.22,60.66,80.7,1.95,34.64,cutting_overload,warning
cnc,1.69,79.8,72.9,90.47,2.09,30.7,cutting_overload,fault
cnc,3.41,56.81,53.82,92.5,1.81,27.66,chatter,warning
cnc,2.33,57.59,50.14,97.91,1.93,27.48,chatter,warning
cnc,2.78,56.43,48.25,95.15,2.18,26.14,chatter,warning
cnc,0.87,43.91,37.62,71.48,1.96,26,none,running
cnc,2.28,81.29,72.31,88.62,2.16,37.51,cutting_overload,fault
cnc,1.31,68.7,53.88,82.46,2.22,33.97,cutting_overload,running
cnc,0.81,43.82,41.85,77.03,1.87,28.04,none,running
cnc,1.61,70.89,57.36,76.36,1.84,30.69,cutting_overload,running
cnc,1,46.47,46.22,82.09,1.98,27.79,none,running
cnc,1.72,78.16,60.46,77.07,1.84,36.26,cutting_overload,warning
cnc,0.72,44.99,43.41,72.45,2.08,25.17,none,running
cnc,1.72,69.23,52.06,75.78,1.82,34.88,cutting_overload,warning
cnc,1.81,87.56,60.23,71.9,2.12,33.86,cutting_overload,warning
cnc,0.91,44.76,40.35,76.65,2.21,27.07,none,running
cnc,1.16,59.52,50.78,93.1,2,27.49,none,warning
cnc,2.04,71.53,56.36,77.86,2.07,32.97,cutting_overload,warning
cnc,0.79,50.44,34.6,55,1.86,37.75,cutting_overload,warning
cnc,2.1,89.39,64.86,96.09,1.97,36.78,cutting_overload,warning
cnc,1.35,75.8,66.45,88.67,2.02,32.17,cutting_overload,warning
cnc,0.84,55.31,38.23,55,2.31,32.58,cutting_overload,running
cnc,0.94,46.94,44.39,83.15,2.08,26.12,none,running
cnc,0.78,45.05,42.06,72.67,2.08,28.73,none,running
cnc,1.71,82.8,67.97,88.67,1.96,35.36,cutting_overload,warning
cnc,1.06,52.62,49.64,89.76,2.12,27.46,none,running
cnc,1.87,86.45,61.35,83.12,2.03,33.24,cutting_overload,warning
cnc,1,48.93,44.1,82.91,1.88,26.12,none,running
cnc,1.69,25.93,25.63,55,2.03,28.26,chatter,running
cnc,1.77,91.72,77.29,85.5,2.01,36.88,cutting_overload,fault
cnc,1.92,73.2,56.19,80.57,2.06,30.77,cutting_overload,running
cnc,1.78,70.03,58.16,71.23,2.08,36.63,cutting_overload,warning
cnc,1.95,94.2,70.67,96.53,1.97,31.93,cutting_overload,fault
cnc,0.73,41.59,39.07,75.16,2.01,25.74,none,running
cnc,0.57,27.95,26.47,55,2.13,26.05,none,running
cnc,1.15,50.15,47.69,89.82,2.05,26.97,none,running
cnc,1.41,74.92,52.57,74.3,1.86,35.87,cutting_overload,warning
cnc,1.79,77.23,59.65,80.37,2.24,30.43,spindle_misalignment,warning
cnc,1.62,70.83,67.12,82.79,2.26,35.6,cutting_overload,warning
cnc,3.11,48.88,54.58,104.12,1.96,31.18,chatter,warning
cnc,0.94,26.09,22.49,55,2.29,29.42,chatter,running
cnc,1.1,46.91,36.66,55,1.81,31.69,cutting_overload,running
cnc,1.55,53.27,45.18,55,2.2,31.57,cutting_overload,running
cnc,1.3,61.14,40.83,57.5,2.15,33.68,cutting_overload,running
cnc,3.07,57.06,44.07,92.06,2,28.15,chatter,warning
cnc,0.97,59.78,45.26,56.92,2.19,31.62,cutting_overload,running
cnc,1.46,67.65,61.5,75.8,2.06,34.08,cutting_overload,warning
cnc,1.01,45.84,45.67,82.94,2.21,26.71,none,running
cnc,1.49,76.57,59.02,82.48,1.92,33.75,cutting_overload,warning
cnc,1.46,80.36,57.28,72.77,2.01,30.36,cutting_overload,running
cnc,1.1,76.88,59.44,70.61,1.92,35.08,cutting_overload,warning
cnc,0.86,45.66,40.68,80.13,2.05,26.48,none,running
cnc,0.58,24.13,22.1,55,2.16,24.67,none,running
cnc,0.82,38.72,40.36,69.77,2.04,25.7,none,running
cnc,1.49,79.27,64.06,80.83,2.16,29.9,cutting_overload,warning
cnc,0.83,41.43,38.59,74.3,2.02,27.4,none,running
cnc,0.95,52.65,49.7,91.01,2.14,28.69,none,running
cnc,0.75,39.54,38.52,70.9,2.14,26.51,none,running
cnc,0.96,39.35,31.49,55,2.03,35.26,cutting_overload,warning
cnc,2.38,55.31,53.74,99.81,2.14,28.71,chatter,warning
cnc,2.75,63.3,56.58,105.24,2.08,29.15,chatter,warning
cnc,0.83,51.08,45.29,82.81,2.13,25.35,none,running
cnc,2.13,74.41,58.76,79.03,2.1,31.04,cutting_overload,warning
cnc,0.81,49.02,44.02,79.69,1.9,25.81,none,running
cnc,1.05,51.54,47.12,92.29,1.85,28.46,none,warning
cnc,3.05,62.44,54.15,101.96,2.16,28.14,chatter,warning
cnc,0.62,33.58,27.59,55.91,2.11,26.52,none,running
cnc,0.94,47.79,44.01,78.88,1.85,27.89,none,running
cnc,0.96,63.75,43.75,57.69,2.03,35.28,cutting_overload,warning
cnc,2.86,56.59,45.45,97.14,1.97,28.91,chatter,warning
cnc,3.14,55.9,57.12,104.69,1.9,27.03,chatter,warning
cnc,0.85,47.86,44.26,78.28,2.11,26.34,none,running
cnc,1.4,74.38,64.55,90.45,2.21,31.45,cutting_overload,warning
cnc,0.95,48.53,42.2,90.32,2.07,27.93,none,running
cnc,0.53,35.25,32,58.32,1.94,26.29,none,running
cnc,1.52,60.26,48.71,61.04,1.83,31.41,cutting_overload,running
cnc,1.42,31.59,32.1,63.74,2.32,28.37,chatter,running
cnc,0.87,46.11,45.12,80.17,2,28.06,none,running
cnc,1.69,89.87,72.68,95.94,2.14,36.74,cutting_overload,fault
cnc,0.93,47.28,45.15,83.4,1.94,26.42,none,running
cnc,2.19,82.42,70.02,93.86,1.97,34.07,cutting_overload,fault
cnc,0.85,40.14,35.81,66.54,2.19,26.46,none,running
cnc,2.55,45.63,47.26,96.26,1.85,25.69,chatter,warning
cnc,1.48,65.33,56.55,73.98,2.15,37.83,cutting_overload,warning
cnc,1.75,31.21,33.82,62.58,1.89,28.11,chatter,running
cnc,1.8,85.34,62.76,91.18,2.12,32.29,cutting_overload,warning
cnc,0.93,49.89,47.6,88.26,2.3,26.91,none,running
cnc,1.81,91.01,67.14,86.49,1.95,31.57,cutting_overload,warning
cnc,1.13,51.84,48.2,92.96,2.03,29.21,none,warning
cnc,0.99,51.71,46.61,87.48,2.09,27.1,none,running
cnc,1.44,49.76,47.38,55,2.15,33.18,cutting_overload,running
cnc,1.07,64.07,37.35,59,2,36.05,cutting_overload,warning
cnc,0.75,44.36,42.55,74.05,1.97,25.6,none,running
cnc,1.93,72.31,59.85,84.98,2.04,38.12,cutting_overload,warning
cnc,0.92,47.63,48.43,87.73,1.92,28,none,running
cnc,0.54,24.65,28.35,55,1.96,26.72,none,running
cnc,2.08,97.35,72.85,96.51,2.21,31,cutting_overload,fault
cnc,0.95,50.35,42.56,85.88,2.15,27.06,none,running
cnc,1.09,55.51,43.5,89.41,2.04,26.08,none,running
cnc,0.92,50.91,50.68,93.23,2.03,27.33,none,warning
cnc,2.36,95.13,75.51,94.69,2.04,32.62,cutting_overload,fault
cnc,2.13,80.18,69.02,79.91,2.05,33.14,cutting_overload,warning
cnc,2.22,78.6,56.58,82.89,1.89,30.91,cutting_overload,warning
cnc,0.91,50.46,46.88,81.18,1.9,24.8,none,running
cnc,2.38,50.96,44.71,92.33,2.09,30.12,chatter,warning
cnc,1.2,53.31,34.67,55,2.23,34.94,cutting_overload,warning
cnc,1.18,54.34,35.59,55,1.97,33.87,cutting_overload,running
cnc,0.9,46.64,43.5,83.12,1.92,26.78,none,running
cnc,0.8,38.11,37.47,67.21,1.93,28.58,none,running
cnc,1.03,49.97,47.94,93.71,2.26,26.22,none,warning
cnc,0.48,30.19,25.93,55,2.05,27.6,none,running
cnc,1.64,87.92,54.56,80.76,1.98,31.81,cutting_overload,warning
cnc,1.52,83.06,57.53,80.98,2.05,35.18,cutting_overload,warning
cnc,0.8,56.13,36.65,55,2.16,35.59,cutting_overload,warning
cnc,0.76,41.39,39.2,72.62,2.23,24.99,none,running
cnc,0.99,42.71,43.98,82.23,2.03,27.05,none,running
cnc,0.84,50.02,42.78,79.75,1.86,26.7,none,running
cnc,0.78,46.81,41.08,72.85,2.02,27.81,none,running
cnc,2.83,45.86,48.28,89.41,1.93,27.73,chatter,warning
cnc,0.93,44.41,40.1,77.98,2.1,28.6,none,running
cnc,0.9,43.95,41.63,73.54,2.18,26.52,none,running
cnc,1.9,75.75,50.95,71.43,1.95,37.94,cutting_overload,warning
cnc,0.91,32.9,33.84,55,1.95,31.21,cutting_overload,running
cnc,1.61,70.66,58.55,84.19,1.96,34.03,cutting_overload,warning
cnc,1.6,33.46,29.9,55,2,27.18,chatter,running
cnc,1.26,63.31,57.29,69.7,2,29.72,cutting_overload,running
cnc,0.49,22.8,22.85,55,2.16,26.79,none,running
cnc,2.06,47.78,44.08,93,2.23,28.16,chatter,warning
cnc,3.51,52.93,53.58,106.06,2,27.64,chatter,warning
cnc,2.8,50.06,42.17,89.91,1.74,27.29,chatter,warning
cnc,0.83,45.95,45.34,82.97,2.17,26.62,none,running
cnc,1.04,51.15,46.54,90.13,1.78,27.08,none,running
cnc,1.99,47.16,53.82,92.63,1.95,31.57,chatter,warning
cnc,1.54,48.99,51.51,74.58,2.01,42.62,coolant_failure,fault
cnc,2.48,55.67,47.3,86.2,1.97,26.98,chatter,warning
cnc,1.4,59.62,66.63,88.14,1.91,41.25,coolant_failure,fault
cnc,1.41,40.61,53.3,75.41,2.02,36.22,coolant_failure,warning
cnc,0.86,28.05,35.07,55,2.27,38.24,coolant_failure,warning
cnc,3.58,54.18,57.13,110,1.83,29.58,chatter,warning
cnc,0.99,48.63,47.44,84.61,2.27,26.3,none,running
cnc,3.21,55.78,49.49,98.9,2.09,28.83,chatter,warning
cnc,0.88,45.76,41.45,76.42,2.06,25.68,none,running
cnc,1.99,71.87,66.27,82.78,2.01,33.93,cutting_overload,warning
cnc,0.79,32.48,34.01,55,1.95,45.33,coolant_failure,fault
cnc,1.67,57.56,61.04,84.03,2.04,41.42,coolant_failure,fault
cnc,0.91,45.19,42.13,76.09,2.17,27.32,none,running
cnc,2.53,54.65,49.21,93.97,2.16,28.02,chatter,warning
cnc,1.85,50.44,64.22,92.68,1.92,41.11,coolant_failure,fault
cnc,0.98,53.61,60.89,85.14,2.27,43.37,coolant_failure,fault
cnc,0.93,44.75,40.64,81.17,1.94,28.04,none,running
cnc,1.03,45.71,46.6,87.7,2.25,27.35,none,running
cnc,0.97,44.68,44.94,77.14,2.14,28.45,none,running
cnc,0.87,41.48,39.82,72.47,1.93,26.6,none,running
cnc,0.64,32.43,29.6,55.56,1.89,26.78,none,running
cnc,1.6,50.92,52.21,80.32,2.07,39.73,coolant_failure,warning
cnc,1.93,53.3,65.6,89.14,2,42.24,coolant_failure,fault
cnc,1.71,53.76,55.01,88.69,2.12,41.11,coolant_failure,fault
cnc,1.93,109.31,74.44,94.26,1.91,34.55,cutting_overload,fault
cnc,1.99,50.4,43.9,88.1,2.1,29.03,chatter,running
cnc,1,45.09,44.87,86.08,2.21,27.85,none,running
cnc,0.6,24.06,28.07,55,2.02,43.71,coolant_failure,fault
cnc,0.96,32.1,32.82,55,2.07,32.29,chatter,running
cnc,1.66,55.79,60.28,88.07,2.01,35.44,coolant_failure,warning
cnc,1.07,49.47,46.67,79.78,2,27.98,none,running
cnc,0.9,43.68,41.98,77.26,1.91,26.2,none,running
cnc,0.45,25.22,23.79,55,2.05,28.24,none,running
cnc,0.84,30.62,27.6,55,2.12,38.96,coolant_failure,warning
cnc,0.78,43.64,39.95,79.21,2.21,27.74,none,running
cnc,1.15,39.08,37.32,57.49,1.94,40.52,coolant_failure,fault
cnc,1.75,76.79,68.47,83.53,1.86,35.83,cutting_overload,warning
cnc,0.88,43.16,32.48,55,2.01,37.16,cutting_overload,warning
cnc,1.03,34.53,38.18,55,2.1,42.72,coolant_failure,fault
cnc,1.66,48.28,56.13,80.38,2.01,38.48,coolant_failure,warning
cnc,1.19,35.9,37.7,55.33,1.89,36.06,coolant_failure,warning
cnc,1.71,58.82,57.09,93.42,2.09,40.44,coolant_failure,fault
cnc,0.91,42.31,60.8,82.24,2.18,46.67,coolant_failure,fault
cnc,1.5,46.49,58.98,81.45,2.02,40.93,coolant_failure,fault
cnc,1.76,79.41,66.36,84.32,2,34.71,cutting_overload,warning
cnc,1.54,53.95,70.84,89.61,1.95,36.37,coolant_failure,fault
cnc,0.91,43.7,46.6,81.98,2,28.82,none,running
cnc,1.09,36.61,47.81,59.85,1.91,39.61,coolant_failure,warning
cnc,1.77,55.78,59.2,94.75,2.11,41.21,coolant_failure,fault
cnc,1.03,48.55,48.82,75.33,2.08,40.95,coolant_failure,fault
cnc,0.89,48.03,45.63,79.85,2.09,25.21,none,running
cnc,0.88,42.68,43.3,77.9,1.87,26.75,none,running
cnc,1.06,54.5,52.29,60.72,1.96,30.22,cutting_overload,running
cnc,2.36,44.8,50.7,94.36,2.11,28.16,chatter,warning
cnc,1.61,58,65.31,82.93,1.99,35.92,coolant_failure,warning
cnc,1.03,32.54,37.34,55,2.09,34.94,coolant_failure,warning
cnc,1.16,33.27,46.14,55,2.2,33.84,coolant_failure,running
cnc,1.76,61.57,64.57,91.46,2.17,35.45,coolant_failure,warning
cnc,1.46,48.14,54.91,74.89,1.97,37.4,coolant_failure,warning
cnc,2.19,49.02,47.64,95.41,2.22,30.04,chatter,warning
cnc,1.31,59.11,38.19,55,1.73,30.29,cutting_overload,running
cnc,1.82,57.36,67.19,96.09,2.05,39.11,coolant_failure,warning
cnc,1.59,47.88,65.23,88.5,2,33.1,coolant_failure,warning
cnc,1.51,53.01,66.43,89.94,2.19,38.99,coolant_failure,warning
cnc,2.24,95.06,69,92.59,2.13,29.67,cutting_overload,warning
cnc,1.34,84.45,61.53,74.11,2.06,33.18,cutting_overload,warning
cnc,2.33,78.74,71.72,82.53,1.92,29.88,cutting_overload,fault
cnc,1.63,90.84,75.17,88.27,2.3,33.49,cutting_overload,fault
cnc,1.74,87.53,67.26,86.77,2.02,37.31,cutting_overload,warning
cnc,1.29,46.51,50.7,75.05,1.84,41.19,chatter,fault
cnc,1.33,65.68,60.27,97.47,2.01,42.61,coolant_failure,fault
cnc,1.31,54.85,55.11,84.23,1.91,39.43,coolant_failure,warning
cnc,2.49,90.34,67.61,91.99,1.88,36.73,cutting_overload,warning
cnc,1.37,83.77,58.61,76.72,2.11,30.31,cutting_overload,warning
cnc,0.78,45.96,37.23,71.5,1.86,27.99,none,running
cnc,0.82,31.75,29.55,55,1.92,42.34,coolant_failure,fault
cnc,1.54,64.87,72.77,92.73,2.09,35.81,coolant_failure,fault
cnc,1.45,53.76,56.06,78.15,2.02,39.71,coolant_failure,warning
cnc,0.91,45.37,36.56,69.42,1.93,26.61,none,running
cnc,1.43,50.62,55.86,87.23,2.04,36.13,coolant_failure,warning
cnc,1.18,61.84,70.15,90.27,2.01,40.21,coolant_failure,fault
cnc,2.14,104.05,62.55,85.57,1.99,34.09,cutting_overload,warning
cnc,1.08,52.51,48.4,86.16,2.3,26.68,none,running
cnc,1.1,35.53,32.72,55,2.06,36.9,cutting_overload,warning
cnc,0.72,37.62,39.25,57.88,2.06,40.22,coolant_failure,fault
cnc,1.52,65.75,51.04,62.99,2.17,38.17,cutting_overload,warning
cnc,0.67,29.87,28.83,55,1.97,26.16,none,running
cnc,1.23,54.21,58.82,75.25,1.93,37.33,coolant_failure,warning
cnc,0.48,21.39,21.77,55,1.98,28.64,none,running
cnc,1.59,58.4,67.79,84.68,1.82,35.13,coolant_failure,warning
cnc,1.59,50.17,50.55,78.05,1.94,36.94,coolant_failure,warning
cnc,1.34,88.66,61.43,84.15,2.15,31.61,cutting_overload,warning
cnc,2.28,81.19,72.59,86.71,1.98,32.29,cutting_overload,fault
cnc,1.25,53.98,65.53,92.63,2.12,35.43,spindle_misalignment,warning
cnc,1.52,55.14,55.23,84.35,1.91,34.21,coolant_failure,warning
cnc,1.85,76.32,68.94,91.49,2.06,32.31,cutting_overload,warning
cnc,1.02,35.27,36.38,55,2.21,36.76,coolant_failure,warning
cnc,1.57,61.81,67.22,91.83,2.13,45.14,coolant_failure,fault
cnc,2.23,80.26,60.47,86.78,1.9,33.36,cutting_overload,warning
cnc,2.42,56.09,48.93,92.73,2.13,28.41,chatter,warning
cnc,2.9,44.72,46.56,90.58,1.94,29.16,chatter,warning
cnc,2.1,39.7,31.01,63.39,1.87,29.91,chatter,warning
cnc,1.36,72.71,62.26,80.13,2.04,31.07,cutting_overload,warning
cnc,1.12,44.85,47.3,73.94,2,38.56,coolant_failure,warning
cnc,1.96,53.57,51.31,87.74,1.94,27.17,chatter,running
cnc,0.75,34.19,32.51,56.71,1.96,26.15,none,running
cnc,1.52,41.8,57.92,77.68,2.1,34.36,coolant_failure,warning
cnc,1.65,53.06,58.33,85.44,1.98,40.95,coolant_failure,fault
cnc,2.1,70.84,62.1,81.77,1.93,32.7,cutting_overload,warning
cnc,1.96,63.12,65.79,89.35,2.07,40.69,coolant_failure,fault
cnc,1.3,73.31,62.93,81.45,1.77,33.54,cutting_overload,warning
cnc,1.04,49.88,53.17,82.56,1.89,46.24,coolant_failure,fault
cnc,1.03,49.35,53.28,73.97,2.01,39.27,coolant_failure,warning
cnc,0.56,31.1,36.21,55,1.94,40.12,coolant_failure,fault
cnc,0.97,43.08,39.83,80.39,2.08,26.71,none,running
cnc,2.17,92.83,77.66,85.83,2.13,33.39,cutting_overload,fault
cnc,1.17,55.75,61.28,89.49,2.03,35.08,coolant_failure,warning
cnc,0.88,46.87,54.52,71.04,1.89,38.58,coolant_failure,warning
cnc,1.31,58.75,58.16,83.41,1.93,39.22,coolant_failure,warning
cnc,1.61,31.34,25.43,55,2.05,27.1,chatter,running
cnc,1.4,58.08,66.56,85.22,2.11,36.21,coolant_failure,warning
cnc,1.69,57.22,67.12,87.11,1.99,43.44,coolant_failure,fault
cnc,0.93,53.86,46.47,83.91,2.01,28.89,none,running
cnc,1.02,29.08,31.23,55,2.02,37.15,coolant_failure,warning
cnc,0.96,49.7,44.82,90.84,1.89,27.58,none,running
cnc,2.53,57.48,53.18,109.08,1.92,30.98,chatter,warning
cnc,1.68,72.8,62.32,85.82,2.03,30.89,cutting_overload,warning
cnc,1.05,46.1,44.36,80.03,1.88,27.02,none,running
cnc,1.36,52.15,62.59,93.45,1.9,39.29,coolant_failure,warning
cnc,0.94,46.88,44.13,75.23,2.13,27.05,none,running
cnc,1.19,66.11,45.72,62.67,2.14,34.86,cutting_overload,warning
cnc,0.95,47.51,45.46,83.67,2.13,26.46,none,running
cnc,1.2,55.15,64.67,82.72,2.12,44.01,coolant_failure,fault
cnc,0.97,43.24,34.07,55,1.91,35.95,cutting_overload,warning
cnc,1.08,52.42,46.1,88.65,1.84,28.57,none,running
cnc,0.81,41.41,36.28,68.22,1.94,25.67,none,running
cnc,0.88,46.86,44.42,84.88,2,26.88,none,running
cnc,1.24,50.62,60.12,81.9,2.07,38.84,coolant_failure,warning
cnc,1.53,45.37,51.55,71.53,1.86,38.68,coolant_failure,warning
cnc,1.09,53.02,63.84,83.92,2.05,40.53,coolant_failure,fault
cnc,1.43,51.09,56.04,77.61,1.97,39.64,coolant_failure,warning
cnc,1.43,52,50.08,78.44,2.07,39.29,coolant_failure,warning
cnc,1.2,47.87,50.89,69.56,2.15,38.64,spindle_misalignment,warning
cnc,1.77,106.94,72.08,94.4,2.01,34.82,cutting_overload,fault
cnc,1.94,40.4,45.8,88.63,2.01,29.65,chatter,running
cnc,0.94,55.79,48.32,93.35,1.93,27.08,none,warning
cnc,2.98,56.02,52.56,110,1.87,29.86,chatter,warning
cnc,0.94,56.32,49.03,93.35,2.04,27.01,none,warning
cnc,2.11,103.31,71.3,96.22,1.95,32.37,cutting_overload,fault
cnc,0.93,43.95,39.82,73.66,2.03,28.36,none,running
cnc,1.09,41.03,51.24,71.08,2.03,41.19,coolant_failure,fault
cnc,2.99,55.12,56.74,97.97,2.15,26.29,chatter,warning
cnc,1.34,60.61,56.69,86.96,1.9,37.78,coolant_failure,warning
cnc,2.79,42.09,46.86,95.03,1.92,26.88,chatter,warning
cnc,0.78,40.97,38.05,73.83,1.88,26.84,none,running
cnc,2.12,110.2,68.09,97.54,2.13,34.68,cutting_overload,warning
cnc,1.52,81.12,64.82,85.85,1.99,36.11,cutting_overload,warning
cnc,0.91,50.3,46.22,85.14,1.86,26.76,none,running
cnc,1.97,31.45,33.07,65.38,2.17,27.6,chatter,running
cnc,1.86,44.39,44.76,82.63,2.07,27.16,chatter,running
cnc,0.89,30.18,35.88,55,2.01,40.47,coolant_failure,fault
cnc,1.27,93.43,69.26,90.13,2,36.78,cutting_overload,warning
cnc,1.65,48.51,55.63,88.84,2.04,44.06,coolant_failure,fault
cnc,1.2,40.34,44.72,68.23,1.72,34.69,coolant_failure,warning
cnc,1.37,61.4,64.72,91.23,2,41.07,coolant_failure,fault
cnc,3.1,38.41,40.16,65.47,1.97,26.22,spindle_misalignment,warning
cnc,1.62,54.24,48.11,78.54,2.17,34.76,coolant_failure,warning
cnc,0.77,41.08,45.15,80.25,2.13,25.69,none,running
cnc,0.51,23.63,25.33,55,2.02,35.26,coolant_failure,warning
cnc,1.34,53.99,54.31,77.91,2.06,39.94,coolant_failure,warning
cnc,1.22,59.74,36.12,55,2.02,34.07,cutting_overload,warning
cnc,1.46,87.82,68.3,87.82,2.06,35.95,cutting_overload,warning
cnc,1.48,57.58,44.72,61.45,2.03,29.37,cutting_overload,running
cnc,2.02,94.66,62.28,93.73,2.14,34.9,cutting_overload,warning
cnc,2.5,94.79,74.86,97.59,2.1,31.9,cutting_overload,fault
cnc,1.95,63.95,63.58,96.12,2.03,41.45,coolant_failure,fault
cnc,1.96,93.95,72.09,89.23,2.04,34.68,cutting_overload,fault
cnc,1.76,88.15,66.3,77.03,2.1,36.77,cutting_overload,warning
cnc,3.94,52.37,45.53,74.06,2.04,26.06,spindle_misalignment,warning
cnc,0.77,46.23,40.82,79.27,2.2,26.32,none,running
cnc,0.67,40.41,36.48,68.75,1.9,26.34,none,running
cnc,3.14,55.26,48.5,76.19,1.93,30.16,spindle_misalignment,warning
cnc,2.11,55.59,55.5,97.65,1.9,29.72,chatter,warning
cnc,2.26,34.46,28.38,55,1.95,30.01,spindle_misalignment,warning
cnc,1.09,46.69,36.66,55,2.13,35.15,cutting_overload,warning
cnc,2.79,49.26,48.65,92.06,1.91,26.4,chatter,warning
cnc,2.08,43.29,40.29,76.82,1.86,26.27,chatter,warning
cnc,1.2,33.22,38.69,55,1.98,36.55,coolant_failure,warning
cnc,1.41,43.03,48.23,74.37,2.06,46.01,coolant_failure,fault
cnc,0.82,40.58,39.32,70.33,2.12,26.76,none,running
cnc,0.94,53.38,42.76,84.71,2.01,28.56,none,running
cnc,1.33,36.52,31.29,65.84,1.98,28.09,chatter,running
cnc,1.91,26.83,26.27,55,1.72,27.33,spindle_misalignment,running
cnc,1.13,60.35,60.63,87.78,1.95,41.73,coolant_failure,fault
cnc,0.74,40.21,37.8,74.99,1.9,26.11,none,running
cnc,3.12,46.89,49.23,81.28,2.12,28.83,spindle_misalignment,warning
cnc,3.02,56.13,49.87,82.9,2.17,28.34,spindle_misalignment,warning
cnc,1.34,57.45,50.72,85.48,1.97,43.08,coolant_failure,fault
cnc,1.26,52.83,58.84,78.04,1.98,36.86,coolant_failure,warning
cnc,2.17,84.21,77.41,98.2,2.02,32.56,cutting_overload,fault
cnc,1.31,82.13,63.89,81.21,2.11,31.79,cutting_overload,warning
cnc,2.38,52.87,48.42,97.95,1.88,29.33,chatter,warning
cnc,1.81,57.81,69.99,88.99,2.04,37.75,coolant_failure,warning
cnc,1.87,33.91,31.92,66.6,2.12,26.43,chatter,running
cnc,3.68,56.93,50.77,83.27,1.99,27.25,spindle_misalignment,warning
cnc,4.51,60.15,63.76,94.48,2.1,29.64,spindle_misalignment,fault
cnc,1.96,54.87,48.76,95.66,2,27.68,chatter,warning
cnc,0.91,38.56,40.34,70.4,1.93,27.45,none,running
cnc,2.37,46.81,44.83,94.4,1.82,28.81,chatter,warning
cnc,3.56,52.42,57.94,89.33,1.99,25.89,spindle_misalignment,warning
cnc,1.43,57.31,58.57,84.09,2.03,34.88,coolant_failure,warning
cnc,4.49,67.5,61.23,93.85,1.93,26,spindle_misalignment,warning
cnc,3.64,53.34,49.14,73.36,1.93,28.59,spindle_misalignment,warning
cnc,1.07,49.29,48.69,90.81,2.02,26.89,none,running
cnc,1.24,56.79,68.5,92.2,1.93,38.39,coolant_failure,warning
cnc,3.3,45.86,49.82,80.26,2.12,29.82,spindle_misalignment,warning
cnc,2.03,97.12,68.26,88.93,2.04,30.5,cutting_overload,warning
cnc,0.71,36.4,37.56,66.24,1.96,27.67,none,running
cnc,2.66,53.22,47.38,98.82,2.01,27.22,chatter,warning
cnc,0.94,54.59,45.93,90.46,1.99,26.48,none,running
cnc,2.51,41.04,41.92,86.97,2.03,28.85,chatter,warning
cnc,1.38,43.31,49.61,67.08,2.01,42.12,coolant_failure,fault
cnc,0.92,44.65,45.13,80.74,1.98,26.72,none,running
cnc,2.95,57.22,56.95,102.64,1.98,26.21,chatter,warning
cnc,2.1,34.73,25.46,55,2.16,29.14,spindle_misalignment,warning
cnc,3.14,39.36,50.23,76.03,2.1,29.82,spindle_misalignment,warning
cnc,1.97,42.49,50.09,90.68,2.11,24.91,chatter,running
cnc,0.79,23.9,24.07,55,2.06,39.35,coolant_failure,warning
cnc,3.1,52.44,53.38,88.07,1.86,28.16,spindle_misalignment,warning
cnc,0.85,40.75,39.05,72,2.05,25.71,none,running
cnc,2.62,57.47,62.66,108.61,1.9,27.77,chatter,warning
cnc,2.58,42.47,46.22,75.79,2.05,25.73,spindle_misalignment,warning
cnc,1.68,78.21,56.7,86.83,1.93,35.55,cutting_overload,warning
cnc,1.29,30.18,30.57,57.35,2.11,27.15,chatter,running
cnc,1.14,49.87,41.92,55,2,36.8,cutting_overload,warning
cnc,2.94,34.59,33.71,56.41,2.13,28.65,spindle_misalignment,warning
cnc,3.42,46.79,47.46,78.07,2.01,31.34,spindle_misalignment,warning
cnc,4.43,53.24,48.26,93.61,1.92,26.84,spindle_misalignment,warning
cnc,1.56,47.95,50.91,76.7,1.96,44.79,coolant_failure,fault
cnc,0.86,43.96,42.65,86.56,1.88,27.61,none,running
cnc,1.99,60.22,65.35,89.1,2.04,41.66,coolant_failure,fault
cnc,1.91,24.29,26.82,55,2.09,27.92,spindle_misalignment,running
cnc,0.74,45.16,32.33,55,2.04,32.65,cutting_overload,running
cnc,1.5,69.21,58.47,76.37,1.94,35,cutting_overload,warning
cnc,0.9,39.63,49.22,57.74,2.16,39.71,coolant_failure,warning
cnc,2.92,53.69,53.31,105.82,1.93,27.69,chatter,warning
cnc,2.71,61.11,58.56,98.59,2.06,26.93,chatter,warning
cnc,1.62,53.17,56.5,86.83,1.83,41.64,coolant_failure,fault
cnc,1.28,49.5,50.01,74.02,2.1,37.99,coolant_failure,warning
cnc,0.91,48.19,44.73,82.69,2.01,28.19,none,running
cnc,0.63,30.47,27.26,55,1.88,27.86,none,running
cnc,2.35,72.57,72.21,90.58,2.21,34.07,cutting_overload,fault
cnc,0.95,43.74,44.87,82.89,2.08,25.09,none,running
cnc,3.97,54.03,48.22,78.86,1.98,29.65,spindle_misalignment,warning
cnc,3.38,64.69,51.97,102.58,2.06,28.86,chatter,warning
cnc,1.73,58.51,73.5,95.34,2.18,34.17,coolant_failure,fault
cnc,1.67,82.16,72.16,92.06,1.92,35.45,cutting_overload,fault
cnc,0.87,41.21,42.04,72.48,1.9,25.65,none,running
cnc,0.47,21.21,20.27,55,1.91,26.36,none,running
cnc,0.94,45.51,45.55,82.68,2.08,25.64,none,running
cnc,0.98,40.28,37.2,60.23,2.3,40.49,coolant_failure,fault
cnc,1.59,34.25,30.21,62.17,2.2,28.92,chatter,running
cnc,1.97,71.98,57.06,74.61,2.01,33.67,cutting_overload,running
cnc,0.83,44.74,53.69,76.04,2.28,37.68,coolant_failure,warning
cnc,2.04,100.4,66.59,91.76,1.86,35.13,cutting_overload,warning
cnc,0.85,42.38,44.41,79.44,2.14,29.32,none,running
cnc,1.56,78.53,65.06,77.65,1.93,34.92,cutting_overload,warning
cnc,1.07,46.36,50.51,82.07,2.07,43.6,coolant_failure,fault
cnc,2.46,46.75,43.85,89.75,1.89,29.27,chatter,warning
cnc,2.2,31.23,33.55,64.8,2.25,28.53,chatter,warning
cnc,0.76,41.42,37.36,69.45,2.09,25.84,none,running
cnc,0.91,36.15,38.09,56.86,1.97,43.91,coolant_failure,fault
cnc,1.58,52.37,51.84,85.34,2.02,37.61,coolant_failure,warning
cnc,3.78,69.97,59.91,101.54,1.97,25.97,spindle_misalignment,warning
cnc,2.11,44.78,43.97,87.08,2.16,27.44,chatter,warning
cnc,2.55,53.17,47.39,101.94,1.97,25.26,chatter,warning
cnc,0.8,30.18,36.85,55,2.1,42.13,coolant_failure,fault
cnc,0.96,47.41,43.75,81.06,1.88,27.7,none,running
cnc,0.81,41.69,37.56,68.63,2.03,28.08,none,running
cnc,1,55.41,46,88.28,1.87,27.65,none,running
cnc,0.83,38.56,43.46,61.38,1.96,37.37,coolant_failure,warning
cnc,4.61,61.97,59.16,87.9,1.78,27.75,spindle_misalignment,fault
cnc,0.7,41.4,40.32,73.5,1.87,26.67,none,running
cnc,4.63,66.23,45.27,84.65,2.17,26.91,spindle_misalignment,fault
cnc,0.73,42.35,41.66,75.48,2.03,27.45,none,running
cnc,0.83,40.31,40.63,72.14,2.23,26.07,none,running
cnc,2.8,59.93,48.59,108.54,1.96,28.78,chatter,warning
cnc,1.17,51.24,50.76,87.4,2.06,26.07,none,running
cnc,1.79,74.34,73.93,83.52,1.85,32.38,cutting_overload,fault
cnc,1.69,58.4,63.36,88.73,2.07,40.37,coolant_failure,fault
cnc,0.9,44.41,43.44,81.82,2.02,24.73,none,running
cnc,1.63,35.52,33,64.47,1.94,27.96,chatter,running
cnc,1.64,47.48,54.31,75.28,2.22,43.34,coolant_failure,fault
cnc,1.39,59.09,57.51,98.59,2.12,42.39,coolant_failure,fault
cnc,2.83,54.99,51.3,94.69,2.05,28.92,chatter,warning
cnc,1.58,62.89,60.61,94.38,2.04,42.96,coolant_failure,fault
cnc,0.58,27.62,26.57,55,2.1,25.92,none,running
cnc,1.6,54.15,60.26,85.52,1.84,42.73,coolant_failure,fault
cnc,0.52,22.39,22.47,55,2.13,25.75,none,running
cnc,1.33,47.25,50.13,75.83,2.03,44.29,coolant_failure,fault
cnc,1.49,54.9,56.65,82.93,2.14,38.44,coolant_failure,warning
cnc,3.52,58.85,62.39,95.63,2.04,27.43,spindle_misalignment,warning
cnc,4.14,62.13,47.77,86.93,1.85,27.41,spindle_misalignment,warning
cnc,1.52,43.59,53.6,72.35,2.18,35.48,coolant_failure,warning
cnc,1.86,60.58,65.98,91.7,2.12,39.86,coolant_failure,warning
cnc,1.88,43.04,43.63,93.53,2.2,27.51,chatter,warning
cnc,2.09,80.43,58.62,78.67,2,30.63,cutting_overload,warning
cnc,0.52,31.98,34.82,55,2.13,35.83,coolant_failure,warning
cnc,0.91,45.01,39.65,80.01,1.99,26.99,none,running
cnc,1.78,57.38,59.54,84.3,2.1,43.64,coolant_failure,fault
cnc,0.81,41.01,40.33,75.26,1.95,26.32,none,running
cnc,2.05,74.51,56.29,77.21,2.07,33.85,cutting_overload,warning
cnc,1.21,63.82,67.25,96.88,2.03,42.71,coolant_failure,fault
cnc,1.82,53.75,54.92,89.67,2.03,35.33,coolant_failure,warning
cnc,0.61,28.94,28.16,55,2.21,41.16,coolant_failure,fault
cnc,1.2,65.14,60.4,97.91,1.98,36.74,coolant_failure,warning
cnc,1.93,92.71,65.17,86.81,1.89,31.04,cutting_overload,warning
cnc,0.69,45.27,38.58,73.18,2.07,25.91,none,running
cnc,3.37,58.17,51.02,84.94,2.14,28.95,spindle_misalignment,warning
cnc,1,52.02,50.6,90.65,1.89,26.78,none,running
cnc,3.65,52.63,49.8,92.04,2.05,28.79,spindle_misalignment,warning
cnc,0.91,43.42,39.94,72.08,1.91,27.21,none,running
cnc,2.23,89.07,64.05,87.45,2.17,32.98,cutting_overload,warning
cnc,0.91,44.66,41.58,77.01,2.09,27.54,none,running
cnc,1.45,73.14,65.18,95.22,1.9,31.46,cutting_overload,warning
cnc,3.95,53.88,59.17,102.3,2.16,30.21,spindle_misalignment,warning
cnc,1.63,48.07,60.86,84.95,2.24,45.21,coolant_failure,fault
cnc,0.82,43.29,41.1,75.44,1.95,27.03,none,running
cnc,1.21,56.26,52.9,77.31,2.19,36.74,coolant_failure,warning
cnc,1.64,46.71,54.74,77.15,1.97,40,coolant_failure,warning
cnc,2.23,74.82,57.46,76.7,1.86,29.83,cutting_overload,warning
cnc,3.25,52.67,42.26,80.22,1.98,27,spindle_misalignment,warning
cnc,2.36,57.32,51.58,91.02,1.92,25.85,chatter,warning
cnc,2.86,35.97,34.58,57.72,2.26,31.77,spindle_misalignment,warning
cnc,1.06,69.9,51.03,61.32,1.87,33.09,cutting_overload,running
cnc,3.26,50.29,49.17,80.84,1.81,26.31,spindle_misalignment,warning
cnc,1.53,53.71,53.77,72.82,2.02,40.84,coolant_failure,fault
cnc,0.57,27.11,31.59,55,1.91,38.37,coolant_failure,warning
cnc,1.54,28,23.39,55,1.82,28,chatter,running
cnc,0.56,29.39,28.33,55,2.02,25.63,none,running
cnc,0.82,36.56,41.3,59.68,1.93,37.34,coolant_failure,warning
cnc,2.42,47.63,56.4,110,2.17,26.8,chatter,warning
cnc,2.58,50.17,56.55,103.04,2.03,26.98,chatter,warning
cnc,3.63,54.04,57.61,107.39,1.91,26.81,chatter,warning
cnc,1.32,51.19,52.22,82.8,2.05,38.55,coolant_failure,warning
cnc,1.92,40.9,38.75,62.1,1.74,27.19,chatter,running
cnc,1.03,46.48,55.69,75.94,1.96,38.57,coolant_failure,warning
cnc,1.71,46.71,51.31,79.57,2.03,44,coolant_failure,fault
cnc,2.18,55.05,47.24,96.58,1.94,27.86,chatter,warning
cnc,0.79,49.09,47.16,82.2,2.01,26.55,none,running
cnc,2.27,48.93,54.64,96.95,1.82,30.1,chatter,warning
cnc,1.36,57.9,50.8,83.14,1.98,44.8,coolant_failure,fault
cnc,0.9,39.73,33.84,55,2.12,34.76,cutting_overload,warning
cnc,2.68,81.31,71.31,90.99,1.71,36.39,cutting_overload,fault
cnc,1.71,56.61,60.59,83.43,2.27,37.58,coolant_failure,warning
cnc,1.58,52.73,66.07,90.83,2.2,45.77,coolant_failure,fault
cnc,2.11,41.58,47.21,95.71,1.96,29.39,chatter,warning
cnc,2.71,100.58,77.94,87.81,1.92,33.06,cutting_overload,fault
cnc,1.94,75.32,62.14,79.62,1.95,34.73,cutting_overload,warning
cnc,1.03,33.13,35.09,55,1.81,33.9,coolant_failure,running
cnc,0.79,38.13,38.27,66.56,2.13,27.69,none,running
cnc,2.44,71.24,73.58,78.78,1.89,34.27,cutting_overload,fault
cnc,2.72,41.32,43.57,81.65,1.77,27.83,chatter,warning
cnc,1.88,40.71,45.32,83.18,2.17,27.98,chatter,running
cnc,0.8,37.87,39.23,68.06,1.97,29.31,none,running
cnc,1.83,83.76,62.52,83.01,1.91,31.15,cutting_overload,warning
cnc,1.95,46.31,41.06,82.2,2.05,29.63,chatter,running
cnc,0.87,27.85,29.88,55,2.09,45.91,coolant_failure,fault
cnc,1.72,91.08,66.21,86.28,1.96,35.99,cutting_overload,warning
cnc,2.95,56.06,51.86,76.8,2.05,30.06,spindle_misalignment,warning
cnc,1.44,53.47,51.47,85.24,1.9,46.46,coolant_failure,fault
cnc,0.4,22.83,20,55,2.01,27.85,none,running
cnc,0.89,40.45,37.94,71.24,1.91,28.13,none,running
cnc,2.12,47.72,42.56,83.55,2.05,28.63,chatter,warning
cnc,1.46,85.23,70.38,83.86,2.04,36.03,cutting_overload,fault
cnc,2.01,43.34,40.78,88.03,2.23,29.75,chatter,warning
cnc,0.84,38.62,40.63,58.46,2.01,42.76,coolant_failure,fault
cnc,2.3,87.35,65.22,96.67,1.94,34.69,cutting_overload,warning
cnc,0.96,50.96,48.1,88.05,2.02,26.35,none,running
cnc,1.08,47.8,45.68,88.6,2.03,26.96,none,running
cnc,1.92,92.84,75.46,93.59,1.99,30.2,cutting_overload,fault
cnc,3.62,52.6,53.71,89.56,1.86,27.13,none,warning
cnc,0.54,29.03,24.32,55,2.15,28.21,none,running
cnc,1.11,24.74,24.8,55,2.04,27.03,chatter,running
cnc,0.94,62.18,54.77,61.64,2.04,37.93,cutting_overload,warning
cnc,1.07,54.6,56.09,79.99,1.91,42.06,coolant_failure,fault
cnc,0.55,25.61,25.58,55,2.08,28.08,none,running
cnc,0.52,26.51,28.51,55,2.18,38.1,coolant_failure,warning
cnc,1.54,24.32,25.29,55,2.04,26.38,spindle_misalignment,running
cnc,1.65,28.31,29.27,62.28,1.95,29.59,chatter,running
cnc,0.57,28.82,26.39,55,1.83,25.45,none,running
cnc,1.61,53.74,70.43,97.99,1.95,43.01,coolant_failure,fault
cnc,0.83,43.44,39.63,74.69,1.89,27.77,none,running
cnc,2.87,53.6,53.96,103.06,1.95,24.33,chatter,warning
cnc,1.58,52.06,49.14,79.24,1.92,39.42,coolant_failure,warning
cnc,1.27,45.25,38.88,55,2.15,38.37,cutting_overload,warning
cnc,0.78,31.96,38.13,55,1.9,36.21,coolant_failure,warning
cnc,2.37,93.31,64.8,83.92,1.94,33.88,cutting_overload,warning
cnc,2.68,49.8,44.03,95.26,1.92,29.67,chatter,warning
cnc,2.15,71.58,61.29,82.45,2.01,35.12,cutting_overload,warning
cnc,0.85,46.85,49.81,73.12,1.95,42.5,coolant_failure,fault
cnc,2.39,58.39,52.9,110,2.09,31.45,chatter,warning
cnc,1.25,48.77,56.12,83.05,2.02,35.42,coolant_failure,warning
cnc,3.68,43.61,42.93,83.59,2.01,28.88,spindle_misalignment,warning
cnc,0.98,47.27,45.93,83.54,2.05,26.47,none,running
cnc,1.03,44.67,43.17,81.55,2.09,26.37,none,running
cnc,0.87,46.48,43.41,79.18,2.23,27.88,none,running
cnc,2.23,42.55,45.31,86.26,2.1,27.44,chatter,warning
cnc,2.66,51.57,44.93,101.78,2.16,28.29,chatter,warning
cnc,3.75,45.78,51.64,76,1.97,28.83,spindle_misalignment,warning
cnc,1.38,48.41,49.05,78.59,1.86,39.95,coolant_failure,warning
cnc,1.34,49.9,58.67,80.82,2.18,39.28,coolant_failure,warning
cnc,1.74,56.5,61.17,85.33,1.95,43.02,coolant_failure,fault
cnc,0.9,30.96,32.24,55,1.82,43.1,coolant_failure,fault
cnc,1.47,54.11,59.02,87.67,2.14,40.49,coolant_failure,fault
cnc,1.28,59.43,61.23,88.95,2.14,40.33,coolant_failure,fault
cnc,3.08,54.4,58.3,103.48,2.26,29.47,chatter,warning
cnc,1.11,56.43,45.98,91.5,1.99,28.5,none,running
cnc,3.49,54.01,51.11,92.06,2.11,27.84,spindle_misalignment,warning
cnc,0.72,37.93,37.37,65.95,2.04,26.85,none,running
cnc,0.95,48.74,47.67,87.22,2.03,28.47,none,running
cnc,1.19,54.1,60.22,84.59,2.07,37.87,coolant_failure,warning
cnc,2.09,75.7,60.62,77.53,1.74,30.23,cutting_overload,warning
cnc,1.64,51.46,58.55,91.39,2.31,41.54,coolant_failure,fault
cnc,1.35,101.33,65.33,94.38,1.88,34.22,cutting_overload,warning
cnc,4.3,53.95,46.86,73.68,1.93,27.93,spindle_misalignment,warning
cnc,1.23,66.21,50.37,61.76,2.09,34.71,none,warning
cnc,1.14,45.29,44.57,91.24,1.99,26.23,none,running
cnc,1.47,49.63,58.99,90.97,1.74,36.27,coolant_failure,warning
cnc,0.95,49.06,45.96,80.87,2.03,25.92,none,running
cnc,2.88,52.31,54.12,99.07,1.88,30.95,chatter,warning
cnc,2.16,54.26,50.31,90.7,2.13,28.65,chatter,warning
cnc,1.42,52.7,59.5,70.71,2.12,34.63,coolant_failure,warning
cnc,1.16,65.32,56.35,77.61,1.96,30.2,cutting_overload,running
cnc,0.84,42.75,38.31,77.43,2.02,26.58,none,running
cnc,1.79,62.13,68.6,96.11,2.05,33.43,coolant_failure,warning
cnc,0.79,43.75,39.08,55,2.25,35.98,cutting_overload,warning
cnc,1.06,51.36,46.54,88.22,2.04,26.66,none,running
cnc,5.28,67.2,53.22,98.06,2.2,27.14,spindle_misalignment,fault
cnc,5.08,59.6,53.57,96.84,2.15,26.29,spindle_misalignment,fault
cnc,1.07,49.65,61.67,82.87,1.89,41.09,coolant_failure,fault
cnc,1.35,54.31,64.39,92.23,2.05,34.08,coolant_failure,warning
cnc,1.79,47.08,60.08,85.4,1.98,43.39,coolant_failure,fault
cnc,1.29,48.99,54.72,77.49,2.12,42.85,coolant_failure,fault
cnc,3.28,60.8,49.38,92.44,1.87,27.96,spindle_misalignment,warning
cnc,2.73,46.84,46.59,86.68,1.89,27.76,chatter,warning
cnc,0.84,44.09,40.95,71.03,2,26.94,none,running
cnc,4.44,50.2,54.62,90.75,2.27,31.5,spindle_misalignment,warning
cnc,3.97,51.63,43.04,80.57,2.17,28.9,spindle_misalignment,warning
cnc,1.02,45.37,43.46,72.66,1.96,34.93,coolant_failure,warning
cnc,4.73,58.06,45.01,87.76,2.01,28.42,spindle_misalignment,fault
cnc,1.07,55.22,48.7,95.49,2.11,26.52,none,warning
cnc,0.76,36.59,35.89,55,2.04,35.96,coolant_failure,warning
cnc,2.65,46.66,46.21,97.26,2.16,26.83,chatter,warning
cnc,0.81,40.3,34.18,68.86,2.09,28.02,none,running
cnc,1.61,60.43,61.16,93.21,2.07,35.76,coolant_failure,warning
cnc,2.65,97.03,74.81,95.72,1.82,30.45,cutting_overload,fault
cnc,1.84,27.79,24.57,55,2.18,24.73,spindle_misalignment,running
cnc,0.83,39.9,39.09,68.8,2.22,26.11,none,running
cnc,0.62,28.39,29.15,55,1.99,35.96,coolant_failure,warning
cnc,0.99,55.43,48.86,86.11,2.04,26.18,none,running
cnc,1.22,46.48,63.55,83.94,2,37.14,coolant_failure,warning
cnc,0.62,31.73,31.21,55.48,2.12,27.54,none,running
cnc,1.64,86.46,67.19,95.35,2.13,33.93,cutting_overload,warning
cnc,1.55,50.28,56.67,76.49,1.91,33.88,coolant_failure,running
cnc,2.37,99.86,68.05,96.2,1.84,34.04,cutting_overload,warning
cnc,3.24,53.5,52.23,83.55,2.09,25.83,spindle_misalignment,warning
cnc,2.45,46,47.11,92.46,2.07,25.3,chatter,warning
cnc,1.23,60.66,56.63,74.6,1.99,34.86,cutting_overload,warning
cnc,1.93,71.3,57.08,74.23,1.95,30.05,cutting_overload,running
cnc,0.66,32.61,29.36,55.68,1.96,25.84,none,running
cnc,0.85,40.37,40.63,72.48,2.18,26.42,none,running
cnc,1.9,77.19,53.69,76.14,1.92,31.92,cutting_overload,running
cnc,1.52,36.45,29.18,57.61,2.12,29.05,chatter,running
cnc,4.64,57.47,54.06,85.05,2.11,29.47,spindle_misalignment,fault
cnc,1.52,52.56,55.43,83.36,1.8,41.45,none,fault
cnc,1.94,96.57,70.91,95.16,1.9,34.58,cutting_overload,fault
cnc,0.85,40.02,38.18,70.62,2.01,27.74,none,running
cnc,1.6,78.57,60.54,82.41,1.92,31.5,cutting_overload,warning
cnc,0.63,27.52,33.53,55,1.9,34.01,coolant_failure,warning
cnc,1.47,49.85,59.81,79.86,2.06,34.73,cutting_overload,warning
cnc,4.18,54.14,50.24,88.52,1.9,27.69,spindle_misalignment,warning
cnc,1.03,48.86,45.09,90.89,2.04,27.1,none,running
cnc,2.17,74.34,57.11,83.54,1.9,35.43,cutting_overload,warning
cnc,0.79,30.15,38.44,55,2.28,34.24,coolant_failure,warning
cnc,2.21,28.42,30.16,55,2.05,28.02,spindle_misalignment,warning
cnc,1.57,102.97,65.54,90.02,2,33.42,cutting_overload,warning
cnc,1.16,59.73,67.29,86.33,2.05,35.91,coolant_failure,warning
cnc,2.47,83.33,68.25,96.57,2.36,32.75,cutting_overload,warning
cnc,1.37,47.4,54.82,72.95,1.87,38.79,coolant_failure,warning
cnc,0.94,52.74,47.6,78.34,2.08,26.86,none,running
cnc,0.7,41.75,36.18,70.7,2.19,29,none,running
cnc,1.42,50.86,59.16,85.18,2.05,43.54,coolant_failure,fault
cnc,1.67,80.18,53.88,81.45,1.89,35.14,cutting_overload,warning
cnc,0.67,28.81,36.77,55,1.92,38.53,coolant_failure,warning
cnc,1.17,49.59,53.85,79.81,2.23,40.68,coolant_failure,fault
cnc,1.15,54.64,67.86,94.02,2,36.56,coolant_failure,warning
cnc,0.83,45.91,50.31,81.66,1.92,29.44,none,running
cnc,1.57,93.42,73.96,87.57,2.17,35,cutting_overload,fault
cnc,2.56,81.87,67.81,96.13,2,32.13,cutting_overload,warning
cnc,4.13,55.42,52.84,80.37,2.03,27.63,spindle_misalignment,warning
cnc,3.04,46.04,46.53,94.91,1.93,26.86,chatter,warning
cnc,3.05,48.52,47.5,75.76,2.02,28.39,spindle_misalignment,warning
cnc,1.71,67.78,52.42,69.39,2.22,37.88,cutting_overload,warning
cnc,1.25,60.05,59.12,91.57,1.96,41.07,coolant_failure,fault
cnc,0.91,44.34,37.66,75.1,2.11,28.39,none,running
cnc,0.74,26.97,32.4,55,1.95,41.68,coolant_failure,fault
cnc,0.47,24.28,23.58,55,2.05,27.11,none,running
cnc,1.66,65.3,69.22,102.01,2.21,37.82,coolant_failure,warning
cnc,1.63,75.14,59.24,76.39,2.08,36.58,cutting_overload,warning
cnc,0.89,51.68,47.99,86.3,1.98,25.25,none,running
cnc,0.92,47.26,39.12,72.05,1.94,26.49,none,running
cnc,1.09,51.86,51.53,76.12,2.02,39.76,coolant_failure,warning
cnc,3.72,63.6,58.44,95.52,2.1,27.04,spindle_misalignment,warning
cnc,1.63,59.68,62.21,79.27,2.14,38.43,coolant_failure,warning
cnc,1.88,62.31,65,91.31,2.15,40.33,coolant_failure,fault
cnc,2.37,95.79,74.27,92.46,1.91,33.42,cutting_overload,fault
cnc,0.7,44.31,38.03,75.49,1.88,26.81,none,running
cnc,2.56,63.6,53.11,109.8,1.91,27,chatter,warning
cnc,2.57,98.89,81.25,92.93,1.81,35.25,cutting_overload,fault
cnc,0.99,48.61,43.03,81.66,2.17,26.19,none,running
cnc,0.92,24.08,29.95,55,1.78,42.04,coolant_failure,fault
cnc,1.85,37.62,33.05,71.32,2.03,27.23,chatter,running
cnc,3.96,58.95,44.43,79.49,2.23,27.4,spindle_misalignment,warning
cnc,1.55,40.39,32.3,67.54,2.16,25.31,chatter,running
cnc,1.55,52.05,55.87,85.04,1.98,39.31,coolant_failure,warning
cnc,1.41,50.17,62.57,88.3,2.02,35.85,coolant_failure,warning
cnc,0.67,30.6,31.55,55.45,1.86,25.77,none,running
cnc,0.7,24.61,25.93,55,1.97,42.25,coolant_failure,fault
cnc,1.25,53.38,57.22,77.47,1.86,41.7,coolant_failure,fault
cnc,2.01,57.34,69.96,95.06,1.97,41.76,coolant_failure,fault
cnc,2.32,41.28,42.91,79.17,1.83,29.55,chatter,warning
cnc,1.22,47.86,55.55,69.55,1.86,35.11,coolant_failure,warning
cnc,1.74,67.68,70.73,93.01,1.97,33.97,coolant_failure,fault
cnc,1.23,56.26,62.44,86.41,2.17,40.75,coolant_failure,fault
cnc,3.15,56.4,49.4,104.31,2.17,28.29,chatter,warning
cnc,2.05,79.51,61.97,86.61,1.81,37.8,cutting_overload,warning
cnc,1.31,48.76,54.97,74.61,1.98,41.05,coolant_failure,fault
cnc,1.18,50.21,46.36,92.9,2.01,28.49,none,warning
cnc,2.04,88.29,73.24,88.35,2.19,35.71,cutting_overload,fault
cnc,1.87,43.28,39.5,77.48,1.78,31.24,chatter,running
cnc,1.21,59.41,60.68,94.58,2.04,34.33,coolant_failure,warning
cnc,2.34,85.77,67.29,82.59,1.85,34.46,cutting_overload,warning
cnc,1.75,62,53.36,62.48,2.19,32.11,cutting_overload,running
cnc,2.16,76.26,56.25,77.08,2.1,31.48,cutting_overload,warning
cnc,0.97,49.17,51.26,86.37,2.25,25.63,none,running
cnc,0.91,23.35,24.07,55,1.96,30.19,chatter,running
cnc,0.92,52.92,46.64,81.24,1.9,24.58,none,running
cnc,3.47,58.14,53.38,85.98,1.97,29.27,spindle_misalignment,warning
cnc,1.16,51.4,54.91,74.51,2.12,42.95,coolant_failure,fault
cnc,2.2,87.38,70.1,83.77,1.95,32.98,cutting_overload,fault
cnc,1.37,54.64,58.25,86.15,2.23,42.6,coolant_failure,fault
cnc,1.69,53.5,54.21,91.97,1.86,43.88,coolant_failure,fault
cnc,2.37,53.7,56.36,98.18,2.09,27.8,chatter,warning
cnc,2.3,93.21,75.65,91.04,2.13,35.8,cutting_overload,fault
cnc,1.38,57.67,53.77,84.8,2.01,41.47,coolant_failure,fault
cnc,1.78,79.55,56.53,80.64,2.01,35.76,cutting_overload,warning
cnc,1.02,46.98,46.34,90.63,1.92,26.89,none,running
cnc,0.78,39.85,36.3,72.63,2,25.66,none,running
cnc,1.47,52.42,61.97,81.54,1.87,34.17,coolant_failure,warning
cnc,1.49,70.35,50.73,61.12,1.97,33.48,cutting_overload,running
cnc,1.6,57.34,56.38,94.75,1.88,33.96,coolant_failure,warning
cnc,2.24,50.79,39.12,81.92,2.28,27.38,chatter,warning
cnc,0.57,32.68,34.16,55,2.02,35.49,coolant_failure,warning
cnc,1.05,39.05,39.72,60.6,2.11,34.77,coolant_failure,warning
cnc,2.04,42.7,43.44,78.56,1.75,27.71,chatter,warning
cnc,2.57,49.66,43.83,105.56,2.02,29.1,spindle_misalignment,warning
cnc,0.9,56.65,49.95,91.43,2.24,27.11,none,running
cnc,1.25,66.99,57.68,71.78,2.09,33.46,cutting_overload,running
cnc,0.95,51.24,49.97,84.11,1.9,28.85,none,running
cnc,4.01,59.86,52.27,96.04,1.87,27.89,spindle_misalignment,warning
cnc,0.95,48.83,44.27,81.38,1.92,25.04,none,running
cnc,1.57,34.55,30.91,62.25,1.8,28.01,chatter,running
cnc,3.16,59.09,51.47,88.81,2.07,27.52,chatter,warning
cnc,1.08,38.2,43.38,62.8,1.78,40.41,coolant_failure,fault
cnc,4.54,53.82,55.84,94.11,1.91,26.34,spindle_misalignment,fault
cnc,4.44,60.72,52.93,90.32,2.13,29.61,spindle_misalignment,warning
cnc,1.75,50.29,61.69,76.47,2.23,34.97,coolant_failure,warning
cnc,1.03,45.92,48.07,88.77,2.28,24.91,none,running
cnc,1.01,49.27,50.44,88.75,2.19,27.53,none,running
cnc,2.31,59.04,52.37,103.34,2.08,28.49,chatter,warning
cnc,3.1,61.06,44.95,94.19,2.06,30.86,chatter,warning
cnc,1.98,95.43,73.02,89.41,2.06,31.49,cutting_overload,fault
cnc,1.2,37.21,36.87,59.22,1.99,33.75,coolant_failure,running
cnc,0.95,47.18,48.4,75.75,2.18,39.34,coolant_failure,warning
cnc,0.77,37.75,42.43,55.31,2.13,34.19,coolant_failure,warning
cnc,2.32,55.25,47.74,102.32,2.15,28.89,chatter,warning
cnc,0.95,44.54,43.25,77.79,2.02,27.42,none,running
cnc,1.12,54.11,68.31,92.93,2.22,37.16,coolant_failure,warning
cnc,1.88,93.99,61.1,89.35,2.07,31.98,cutting_overload,warning
cnc,2.49,49.27,49.57,98,1.87,28.74,chatter,warning
cnc,0.82,21.66,23.9,55,1.98,28.37,chatter,running
cnc,1.24,53.6,59.31,88.21,2.01,34.03,coolant_failure,warning
cnc,0.98,30.22,37.42,55,2.22,40.05,coolant_failure,fault
cnc,3.22,58.45,50.76,81.18,2.32,31.22,spindle_misalignment,warning
cnc,0.96,44.18,53.18,68.53,1.99,38.04,coolant_failure,warning
cnc,1.66,58.6,62.2,83.7,2.18,43.39,coolant_failure,fault
cnc,1.09,44.53,50,76.82,2.11,45.1,coolant_failure,fault
cnc,0.77,42.1,39.95,69.04,2.25,27.26,none,running
cnc,1.67,89.66,65.98,83.01,1.85,35.66,cutting_overload,warning
cnc,1.75,52.37,62.41,81.59,2.08,43.23,coolant_failure,fault
cnc,3.82,71.47,58.19,97.49,2.16,27.16,spindle_misalignment,warning
cnc,1.64,50.06,55.24,77.27,2.07,38.75,coolant_failure,warning
cnc,0.91,48.35,46.65,82.43,1.98,25.34,none,running
cnc,0.54,22.63,24.92,55,2.08,27.85,none,running
cnc,1.59,90.7,58.7,78.92,2.04,32.11,cutting_overload,warning
cnc,1.41,48.29,43.74,71.71,1.78,38.61,coolant_failure,warning
cnc,1.49,95.64,69.67,78.32,1.96,33.45,cutting_overload,warning
cnc,1.35,52.33,70.46,99.53,1.99,36.38,coolant_failure,fault
cnc,4.7,53.25,55.22,97.74,2.07,29.76,spindle_misalignment,fault
cnc,1.28,80.77,59.91,77.8,1.74,32.75,cutting_overload,warning
cnc,0.83,42.96,40.52,74.61,1.99,26.98,none,running
cnc,0.72,24.05,24.17,55,1.98,41.3,coolant_failure,fault
cnc,1.63,70.48,68.95,82.86,2.09,32.76,cutting_overload,warning
cnc,1.8,47.11,52.47,78.65,2.03,36.88,coolant_failure,warning
cnc,1.84,89.71,65,89.12,2,36.1,cutting_overload,warning
cnc,3.27,51.85,56.78,99.38,2.06,27.76,chatter,warning
cnc,2.34,62.86,54.15,92.52,1.95,27.16,chatter,warning
cnc,2.1,55.06,54.95,102.22,2.22,28.67,chatter,warning
cnc,4.43,55.61,48.48,91.65,2.01,31.47,spindle_misalignment,warning
cnc,2.07,60.02,69.34,91.76,2.04,37.73,coolant_failure,warning
cnc,0.95,45.97,45.64,78.07,2.01,26.29,none,running
cnc,1.18,50.84,46.33,87.92,2.07,27.54,none,running
cnc,1.94,26.55,28.36,55,2.17,25.54,spindle_misalignment,running
cnc,2.17,47.63,40.98,93.52,2.09,28.9,chatter,warning
cnc,1.59,39.11,36.79,73.72,2.24,25.13,chatter,running
cnc,4.25,66.67,63.83,96.99,1.89,30.4,spindle_misalignment,warning
cnc,0.99,31.83,35.72,55,2.04,42.2,coolant_failure,fault
cnc,1.82,73.74,63.84,73.26,1.88,36.1,cutting_overload,warning
cnc,0.93,54.92,48.91,75.5,2.01,34.6,coolant_failure,warning
cnc,1.78,45.11,44.99,81.22,2.01,29.97,chatter,running
cnc,2.49,90.26,79.83,94.78,1.88,31.87,cutting_overload,fault
cnc,0.75,41.21,37.23,71.01,1.95,26.2,none,running
cnc,0.9,42.83,39.3,73.73,2.27,26.92,none,running
cnc,2.37,59.11,58.12,110,1.86,29.6,chatter,warning
cnc,0.65,27.48,28.78,55,1.85,39.44,coolant_failure,warning
cnc,1.72,88,71.49,84.61,2.05,32.1,cutting_overload,fault
cnc,1.03,47.65,43.03,78.56,2.09,27.49,none,running
cnc,0.94,44.23,45.21,80.2,2.26,25.69,none,running
cnc,2.46,51.68,44.86,91.34,1.99,30.37,chatter,warning
cnc,2.8,58.65,51.41,97.26,1.98,30.43,chatter,warning
cnc,2.76,46.96,48.67,91.77,1.99,28.19,chatter,warning
cnc,0.97,50.98,45.77,92.32,1.92,27.81,none,warning
cnc,1.43,82.47,61.23,87.08,2,33.55,cutting_overload,warning
cnc,1.23,36.2,43.99,62.19,2.03,33.08,coolant_failure,running
cnc,1.11,46.43,55.56,70.47,2.13,34.84,coolant_failure,warning
cnc,2.63,63.48,52.58,96.14,1.86,26.39,chatter,warning
cnc,0.75,49.02,41.17,80.88,1.95,26.12,none,running
cnc,3.19,61.74,57.4,86.6,2.12,32.32,spindle_misalignment,warning
cnc,0.48,24.98,20,55,2.09,27.04,none,running
cnc,4.59,47.28,51.77,85.7,1.88,26.09,spindle_misalignment,fault
cnc,0.8,31.59,35.85,55.1,1.92,42.71,coolant_failure,fault
cnc,1.78,64.86,67.96,92.06,2.07,38.88,coolant_failure,warning
cnc,1.23,66.1,61.65,73.3,2.24,36.36,cutting_overload,warning
cnc,1.27,51.03,58.42,80.75,1.86,34.5,coolant_failure,warning
cnc,2.42,67.14,67.93,82.46,2.12,35.44,cutting_overload,warning
cnc,1.32,53.71,59.71,89.74,1.9,37.79,coolant_failure,warning
cnc,3.87,55.8,61.3,97.81,1.94,29.39,spindle_misalignment,warning
cnc,1.14,49,48.15,85.13,1.86,25.79,none,running
cnc,2.77,59.11,50.09,95.38,2.05,28.23,chatter,warning
cnc,1.85,92.18,77.13,93.24,2.05,33.48,cutting_overload,fault
cnc,0.91,43.33,41.86,81.66,2.01,27.56,none,running
cnc,2,96.27,61.01,84.41,1.95,32.74,cutting_overload,warning
cnc,1.35,54.26,59.87,83.57,2.09,36.4,coolant_failure,warning
cnc,3.49,55.68,51.15,103,2.1,26.86,chatter,warning
cnc,5.27,74.59,56.89,101.74,2.13,26.62,spindle_misalignment,fault
cnc,0.69,44.75,40.63,72.89,1.92,29.31,none,running
cnc,2.53,46.49,43.92,91.86,1.88,27.44,chatter,warning
cnc,2.07,62.47,68.16,96.45,1.88,46.14,coolant_failure,fault
cnc,2.2,90.43,75.19,100.25,2.07,31.4,cutting_overload,fault
cnc,0.94,48.38,46.15,56.21,1.89,33.6,cutting_overload,running
cnc,1.14,50.5,48.93,90.38,1.96,27.93,none,running
cnc,1.63,94.23,64.97,78.38,2.21,34.09,cutting_overload,warning
cnc,3.1,45.81,48.81,104.67,2.19,30.18,chatter,warning
cnc,0.74,43.22,39.14,72.08,2.32,28.63,none,running
cnc,1.65,77.99,71.87,84.72,1.94,36.07,cutting_overload,fault
cnc,2.86,46.52,49.98,102.89,2.11,28.38,chatter,warning
cnc,3.53,50.43,45.6,73.6,1.92,30.06,spindle_misalignment,warning
cnc,1.6,99.51,65.85,93.38,2.1,31.11,cutting_overload,warning
cnc,2.09,51.87,45.15,90.63,2.03,26.69,chatter,warning
cnc,2.83,50.73,46.36,88.32,2.02,26.87,chatter,warning
cnc,4.28,57.79,51.67,83.71,1.96,28.94,spindle_misalignment,warning
cnc,2.12,77.9,71.77,95.89,1.88,32.38,cutting_overload,fault
cnc,2.47,36.18,26.45,55,1.83,27.2,spindle_misalignment,warning
cnc,1.69,57.18,58.14,87.67,1.93,37.49,coolant_failure,warning
cnc,1.06,52.39,55.79,85.62,1.85,35.35,coolant_failure,warning
cnc,0.73,33.62,42.94,55,2.16,38.93,coolant_failure,warning
cnc,4.52,67.11,64.64,96.6,2,29.79,spindle_misalignment,fault
cnc,1.52,57.55,53.3,84.64,2.07,33.18,coolant_failure,running
cnc,1.35,41.37,53.41,71.55,1.91,32.91,coolant_failure,running
cnc,1.33,63.39,59.81,90.68,1.98,33.93,coolant_failure,warning
cnc,3.98,62.57,65.59,96.68,1.79,29.76,cutting_overload,warning
cnc,0.79,43.32,40.27,75.34,1.98,25.35,none,running
cnc,3.05,52.45,53.09,103.35,2.11,26.12,chatter,warning
cnc,0.9,31.15,36.58,55,1.95,38.41,coolant_failure,warning
cnc,0.88,47.22,37.51,75.25,2.25,25.72,none,running
cnc,1.31,50.39,62.64,86.54,1.91,39.14,coolant_failure,warning
cnc,1.16,26.02,23.34,55,1.98,27.11,chatter,running
cnc,1.56,61.13,59.09,89.01,1.87,35.83,coolant_failure,warning
cnc,1.8,89.96,65.11,91.34,1.99,31.29,cutting_overload,warning
cnc,3,57.07,47.71,92.41,1.94,28.3,chatter,warning
cnc,1.24,83.3,62.35,73.76,2.09,32.98,cutting_overload,warning
cnc,1.99,94.14,71.2,98.68,2.14,33.29,cutting_overload,fault
cnc,2.09,89.09,64.07,85.83,1.83,33.33,cutting_overload,warning
cnc,2.16,48.75,50.45,88.39,2.17,26.63,chatter,warning
cnc,4.49,53.44,52.18,75.3,2,27.2,spindle_misalignment,warning
cnc,1.18,58.83,65.69,92.92,1.93,43.28,coolant_failure,fault
cnc,1.85,45.67,41.78,87.98,1.85,25.69,chatter,running
cnc,1.88,26.36,24.28,55,2.07,29.6,spindle_misalignment,running
cnc,1.69,47.01,56.89,79.54,1.8,37.8,coolant_failure,warning
cnc,2.07,90.77,69.23,86.77,2.18,34.08,cutting_overload,warning
cnc,1.04,43.66,54.22,71.79,1.83,36,coolant_failure,warning
cnc,1.62,84.72,69.68,89.33,2.11,33.12,none,warning
cnc,3.1,56.79,54.3,110,2.28,28.55,chatter,warning
cnc,0.99,42.31,50.28,72.51,1.9,34.65,coolant_failure,warning
cnc,2.81,48.79,54.94,100.09,1.86,27.97,chatter,warning
cnc,0.96,47.9,42.98,80.38,2.07,28.73,none,running
cnc,0.93,41.18,38.29,70.66,1.99,29.41,none,running
cnc,1.96,32.36,27.3,58.4,2.03,28.38,chatter,running
cnc,2.74,43.61,43.93,90.77,1.99,28.6,chatter,warning
cnc,1.05,50.01,50.13,90.05,2.02,25.67,none,running
cnc,2.27,39.6,45.28,82.45,2,30.48,chatter,warning
cnc,4.33,46.81,51.47,81.19,2.1,28.77,spindle_misalignment,warning
cnc,4.13,53.53,51.41,77.64,2.08,28,spindle_misalignment,warning
cnc,1.76,75.87,54.57,79.44,1.89,31.04,cutting_overload,running
cnc,3.47,51.91,56.1,99.76,2.08,28.07,spindle_misalignment,warning
cnc,0.79,43.94,44.15,83.84,1.94,25.49,none,running
cnc,1.22,53.27,68.08,94.87,2.11,42.14,coolant_failure,fault
cnc,0.77,42.25,36.36,70.49,2.04,27.87,none,running
cnc,0.86,31.19,38.92,56.3,2.14,35.82,coolant_failure,warning
cnc,0.89,43.84,39.9,71.91,1.81,26.75,none,running
cnc,1.19,27.64,23.99,55,2.12,27.59,chatter,running
cnc,2.27,27.47,26.8,55,2.15,27.17,spindle_misalignment,warning
cnc,0.94,34.33,32.3,55,2.3,37.49,coolant_failure,warning
cnc,2.16,24.35,24.15,55,1.93,27.2,spindle_misalignment,warning
cnc,2.43,54.41,53.9,100.13,2.07,29.24,chatter,warning
cnc,1.46,45.25,46.66,79.17,2.13,35.56,coolant_failure,warning
cnc,3.49,52.31,47.43,74.44,2.06,31.26,spindle_misalignment,warning
cnc,2.91,53.53,48.23,107.03,2.14,28.71,chatter,warning
cnc,2.7,46.83,43.61,80.64,1.87,26.13,chatter,warning
cnc,1.12,52.81,45.83,91.12,2.13,26.97,none,running
cnc,0.61,26.69,26.76,55,1.98,28.51,none,running
cnc,0.74,39.61,39.37,64.34,2.05,24.83,none,running
cnc,0.99,52.61,58.24,77.6,2.05,35.36,coolant_failure,warning
cnc,2.54,49.3,54.76,109.1,1.96,28.82,chatter,warning
cnc,1.06,26.07,22.67,55,2.03,25.95,chatter,running
cnc,2.98,51.13,54.17,99.44,2.16,28.59,chatter,warning
cnc,0.51,25.64,28.8,55,2.13,39.7,coolant_failure,warning
cnc,1.3,42.9,51.5,70.17,2.07,37.54,coolant_failure,warning
cnc,0.92,27.17,33.81,55,2.13,46.57,coolant_failure,fault
cnc,0.94,47.7,49.14,91.45,1.91,27.3,none,running
cnc,4.3,58.01,60.02,95.6,2.04,28.07,spindle_misalignment,warning
cnc,1.13,56.16,55.53,78.93,2.21,38.38,coolant_failure,warning
cnc,1.28,24.94,23.53,55,2.04,27.75,chatter,running
cnc,0.7,41.73,40.38,75.45,2,26.63,none,running
cnc,1.86,94.74,57.04,76.13,2.23,35.17,cutting_overload,warning
cnc,1.67,93.66,71.11,76.56,2.01,32.02,cutting_overload,fault
cnc,2.06,55.13,48.66,107.8,2.11,26.5,chatter,warning
cnc,0.82,39.77,38.69,72.52,2.14,27.23,none,running
cnc,0.99,47.82,47.39,83.98,1.97,26.1,none,running
cnc,0.85,40.42,39.63,75.14,1.88,27.08,none,running
cnc,3.83,48.37,41.78,73.83,1.9,30.02,spindle_misalignment,warning
cnc,0.64,40.26,35.86,70.87,2.01,29.05,none,running
cnc,1.99,84.87,66.68,74.98,1.96,35.32,cutting_overload,warning
cnc,2.6,35.88,38.96,59.54,2.04,27.55,spindle_misalignment,warning
cnc,0.87,49.91,43.37,81.84,2.13,25.36,none,running
cnc,1.79,27.66,29.17,55,2.2,30.45,spindle_misalignment,running
cnc,2.16,32.06,31.47,55,2.01,26.83,spindle_misalignment,warning
cnc,2.13,79.62,58.44,86.17,2.17,31.34,cutting_overload,warning
cnc,0.87,44.17,33.52,55,2.13,35.41,cutting_overload,warning
cnc,2.29,82.23,72,84.94,1.96,34.72,cutting_overload,fault
cnc,0.74,44.12,42.18,73.71,1.88,27.73,none,running
cnc,3.27,53.16,51.08,84.06,2.08,24.9,spindle_misalignment,warning
cnc,2.69,58.62,52.19,99.83,1.92,29.08,chatter,warning
cnc,2.2,51.56,55.99,99.72,2.12,25.75,chatter,warning
cnc,3.37,54.5,43.37,79.98,2.03,28.8,cutting_overload,warning
cnc,0.7,31.98,38.55,55.64,2.07,43.73,coolant_failure,fault
cnc,1.82,91.33,59.22,80.08,2.11,35.44,cutting_overload,warning
cnc,1.34,59.81,64.04,79.94,1.86,37.11,coolant_failure,warning
cnc,0.66,26.07,26.22,55,2.12,28.03,none,running
cnc,1.58,84.8,56.27,81.92,1.97,29.2,cutting_overload,running
cnc,1.13,19.87,22.51,55,1.94,28.9,chatter,running
cnc,1.61,85.08,53.69,72.53,1.93,33.75,cutting_overload,warning
cnc,1.53,55.63,58.97,77.19,2.05,43.11,coolant_failure,fault
cnc,1.47,59.41,64.26,87.78,1.9,37.25,coolant_failure,warning
cnc,1.88,57.1,67.31,97.63,1.98,41.83,coolant_failure,fault
cnc,0.73,42.22,43.94,76.81,1.95,25.98,none,running
cnc,2.24,92.04,61.93,84.18,2.14,34.42,cutting_overload,warning
cnc,3.58,47.2,46.25,76.49,1.92,27.61,spindle_misalignment,warning
cnc,2.84,49.77,46.8,86.92,2.12,28.01,chatter,warning
cnc,1.9,31.31,29.01,55,2.18,28.01,spindle_misalignment,running
cnc,3.93,48.06,50.06,73.43,1.88,28.09,spindle_misalignment,warning
cnc,0.86,47.94,43.91,82.82,2.16,27.08,none,running
cnc,0.82,47.77,44.71,79.9,2.22,26.92,none,running
cnc,1.49,95.21,74.35,92.07,2.15,36.82,cutting_overload,fault
cnc,1.59,105.3,70.56,90.89,2.05,31.75,cutting_overload,fault
cnc,0.9,41.95,34.12,55,2.09,34.5,cutting_overload,warning
cnc,1.9,33.16,36.02,69.67,2.06,28,chatter,running
cnc,3.41,46.52,49.5,80.35,1.91,26.1,spindle_misalignment,warning
cnc,1.56,56.28,63.81,97.67,1.96,33.26,coolant_failure,warning
cnc,0.79,43.26,40.6,74.95,2.04,27.55,none,running
cnc,2.06,94.04,61.74,90.87,2.04,31.08,cutting_overload,warning
cnc,0.42,28.13,25.72,55,1.88,26.78,none,running
cnc,1.19,62.59,66.04,86.69,1.93,41.47,coolant_failure,fault
cnc,2.05,35.38,37.42,69.31,2.03,27.98,chatter,warning
cnc,0.86,37.66,37.4,56.33,1.95,39.6,coolant_failure,warning
cnc,1.53,55.75,59.71,82.37,2.05,38.35,coolant_failure,warning
cnc,3.33,61.37,45.12,80.03,1.97,29.16,spindle_misalignment,warning
cnc,1.29,63.56,54.36,78.1,1.94,35.29,cutting_overload,warning
cnc,0.81,40.48,43.45,55,1.96,37.62,cutting_overload,warning
cnc,3.27,49.12,51.22,94.43,2.06,26.01,chatter,warning
cnc,1.53,41.98,59.64,74.8,1.96,41.13,coolant_failure,fault
cnc,1.5,43.42,35.66,72.18,1.84,28.48,chatter,running
cnc,1.27,50.03,52.6,68.21,1.85,37.72,coolant_failure,warning
cnc,1.02,47.18,34.63,55,2.18,35.36,cutting_overload,warning
cnc,4.8,57.25,55.58,93.3,1.98,30.51,spindle_misalignment,fault
cnc,1.56,72.76,67.62,79.46,1.98,32.22,cutting_overload,warning
cnc,0.93,43.92,41.59,78.72,2.04,27.83,none,running
cnc,2.29,48.47,45.42,79.41,2.01,25.67,chatter,warning
cnc,0.8,46.05,39.95,75.45,2.11,28.58,none,running
cnc,4.63,69.6,56.74,95.95,1.77,31.07,spindle_misalignment,fault
cnc,4.29,52.89,57.91,87.63,2.11,28.79,spindle_misalignment,warning
cnc,3.94,60.33,61.33,93.15,2.24,27.78,spindle_misalignment,warning
cnc,1.39,84.99,59.61,79.64,2.03,38.01,cutting_overload,warning
cnc,0.94,45.45,44.39,79.28,2.14,25.84,none,running
cnc,0.8,39.43,36.75,66.27,2.08,27.87,none,running
cnc,2.2,88.75,72.81,92.18,2.02,34.51,cutting_overload,fault
cnc,0.87,42.67,44.89,75.05,1.99,27.57,none,running
cnc,1.54,94.86,74.07,93.3,2.09,35.4,spindle_misalignment,fault
cnc,2.71,42.38,40.18,85.66,2.1,26.1,chatter,warning
cnc,1.93,27.19,26.03,55,1.83,26.8,chatter,running
cnc,3.2,49.82,53.93,108.97,2.05,27.97,chatter,warning
cnc,1.26,41.52,41.37,63.08,1.79,34.7,coolant_failure,warning
cnc,2.47,39.66,34.58,77.58,1.8,28.66,chatter,warning
cnc,4.7,49.9,54.48,93.62,1.82,30.18,spindle_misalignment,fault
cnc,1.03,47.56,49.35,93.1,1.99,25.52,none,warning
cnc,1.52,87.81,67.15,82.3,1.91,34.53,cutting_overload,warning
cnc,2.36,92.43,69.27,86.76,1.75,30.51,cutting_overload,warning
cnc,1.77,58.97,72.87,98.7,1.82,41.9,coolant_failure,fault
cnc,1.06,53.28,47.47,89.6,2.03,28.44,none,running
cnc,1.57,45.42,56.79,76.75,2.14,39.99,coolant_failure,warning
cnc,1.27,49.79,64.26,83.69,1.87,42.57,coolant_failure,fault
cnc,2.86,48.65,45.61,102.16,2.13,26.9,chatter,warning
cnc,2.75,50.19,47.4,94.16,1.87,28.67,chatter,warning
cnc,1.66,31.8,25.45,55,2.13,27.34,spindle_misalignment,running
cnc,1.54,50.41,53.01,92.99,2.17,41.46,coolant_failure,fault
cnc,0.82,38.03,38.93,70.45,1.88,26.03,none,running
cnc,1.72,70.53,54.9,78.95,1.85,35.28,cutting_overload,warning
cnc,2.57,94.32,68.7,86.65,2.02,37.23,cutting_overload,warning
cnc,0.91,53.03,46.03,89.19,1.97,26.4,none,running
cnc,3.76,71.57,55.9,109.64,1.98,28.7,chatter,warning
cnc,3.11,40.31,36.96,56.13,2.02,30.13,spindle_misalignment,warning
cnc,3.39,59.9,53.13,75.63,1.97,29.44,spindle_misalignment,warning
cnc,4.33,68.66,63.66,94.78,1.95,27.35,spindle_misalignment,warning
cnc,0.84,40.23,41.19,76.94,1.85,25.32,none,running
cnc,4.81,55.43,65.98,90.42,1.98,25.09,spindle_misalignment,fault
cnc,1.51,107.09,73.48,89.8,2.09,31.26,cutting_overload,fault
cnc,3.28,68.31,61.07,104.69,2.01,27.95,chatter,warning
cnc,1.63,93.22,65.36,94.05,2.18,33.53,cutting_overload,warning
cnc,0.78,45.27,37.44,75.73,2.01,29.07,none,running
cnc,1.84,47.23,59.05,88,2.06,34.87,coolant_failure,warning
cnc,2.47,36.87,36.99,57.44,1.93,29.05,spindle_misalignment,warning
cnc,0.83,42.48,40.27,79.01,2.21,27.84,none,running
cnc,0.96,60.72,67.17,91.21,1.95,43.35,coolant_failure,fault
cnc,1.7,91.46,60.62,79.35,2.12,35.45,spindle_misalignment,warning
cnc,4.29,61.65,62.11,96.2,2,29.42,spindle_misalignment,warning
cnc,2.68,39.69,39.67,93.25,2,26.19,chatter,warning
cnc,0.8,49.48,47.76,89.24,1.88,27.16,none,running
cnc,4.36,57.2,54.94,90.2,2.1,30.22,spindle_misalignment,warning
cnc,1.16,23.91,26.08,55,2.15,26.48,chatter,running
cnc,2.55,49.38,53.2,102.05,2.09,26.93,chatter,warning
cnc,2.19,79.31,73.44,81.15,2.06,33.93,cutting_overload,fault
cnc,3.42,58.6,59.82,86.96,2.03,24.84,spindle_misalignment,warning
cnc,2.33,44.4,30.99,58.73,2.01,27.65,spindle_misalignment,warning
cnc,5.6,65.57,56.19,99.3,2.01,27.18,spindle_misalignment,fault
cnc,3.19,53.3,48.19,98.95,2.19,27.43,chatter,warning
cnc,2.06,28.69,32.65,55,2.11,25.73,spindle_misalignment,warning
cnc,3.28,59.27,47.37,109.02,1.88,29.12,chatter,warning
cnc,2.39,54.7,55.5,110,1.9,28.1,chatter,warning
cnc,1.87,69.72,67.74,79.75,2,35.55,cutting_overload,warning
cnc,2.3,27.76,29.78,55,2.14,29.01,spindle_misalignment,warning
cnc,4.09,44.93,43.78,78.99,1.75,26.38,spindle_misalignment,warning
cnc,1.21,56.59,42.68,55,1.84,33.25,cutting_overload,running
cnc,4.81,64.95,51.87,90.84,2.01,28.83,spindle_misalignment,fault
cnc,3.02,53.25,45.63,77.24,1.8,27.44,spindle_misalignment,warning
cnc,1.62,57.79,46.92,64.08,2.01,35.55,cutting_overload,warning
cnc,1,50.58,42.9,84.6,1.9,29.35,none,running
cnc,2.54,48.93,48.86,79.32,1.9,29.68,chatter,warning
cnc,0.94,44.52,49.76,86.37,2.08,25.98,none,running
cnc,1,44.9,41.84,78.97,2.03,27.17,none,running
cnc,3.17,44.63,46.23,77.75,2.19,28.1,spindle_misalignment,warning
cnc,1.08,54.84,44,91.21,2.06,25.69,none,running
cnc,1.02,51.63,54.09,80.99,1.93,35.11,coolant_failure,warning
cnc,1.06,42.97,55.54,76.46,2.09,41.58,coolant_failure,fault
cnc,3.47,49.09,55.88,105.04,2.07,26.43,chatter,warning
cnc,1.13,25.74,26.54,55,1.88,27.48,chatter,running
cnc,0.94,51.36,46.43,89.99,1.92,27.35,none,running
cnc,2,87.77,56.25,77.79,1.92,33.2,cutting_overload,warning
cnc,2.77,46.9,40.94,87.6,2.09,24.74,chatter,warning
cnc,1.48,59.11,64.33,90.06,2.24,34.51,coolant_failure,warning
cnc,3.98,65.56,46.38,83.63,2.06,27.61,spindle_misalignment,warning
cnc,3.35,57.72,56.67,110,2.2,30.1,chatter,warning
cnc,1.64,40.29,34.45,65.34,1.97,26.26,chatter,running
cnc,1.4,80.77,68.36,83.11,1.82,35.16,cutting_overload,warning
cnc,3.12,53.86,47.83,92.04,2.1,30.06,chatter,warning
cnc,1.22,42.65,54.39,73.62,2.07,42.67,coolant_failure,fault
cnc,1,50.89,44.54,86.58,1.99,27.86,none,running
cnc,1.02,50.15,48.81,82.69,2.09,26.21,none,running
cnc,2.19,67.41,64.62,79.66,2.08,36.34,cutting_overload,warning
cnc,1.45,98.42,63.98,84.46,2.02,31.51,cutting_overload,warning
cnc,3.37,63.58,54.78,89.13,1.89,27.36,spindle_misalignment,warning
cnc,4.17,60.42,56.57,96.54,1.99,30.34,spindle_misalignment,warning
cnc,2.94,51.9,48.5,91.52,2.03,29.79,chatter,warning
cnc,3.58,58.61,51.58,76.9,1.92,28.23,spindle_misalignment,warning
cnc,1.65,25.58,24.35,55,2.17,26.65,spindle_misalignment,running
cnc,2.25,97.06,63.69,95.61,2.16,29.2,cutting_overload,warning
cnc,1.81,76.34,64.49,87.47,1.98,31.31,cutting_overload,warning
cnc,1.08,69.45,55.1,76.65,1.89,32.64,cutting_overload,running
cnc,2.4,80.71,73.42,88.25,1.92,32.93,cutting_overload,fault
cnc,0.74,27.16,27.63,55,1.9,40.32,coolant_failure,fault
cnc,0.87,34.69,40.2,55,1.81,46.54,coolant_failure,fault
cnc,2.3,86.43,78.31,94.17,1.85,32.22,coolant_failure,fault
cnc,1.38,59.05,64.12,85.6,2.06,35.8,coolant_failure,warning
cnc,2.28,75.07,72.96,86.65,2.08,31.27,cutting_overload,fault
cnc,1.9,80.57,65.67,92.41,2.04,35.75,cutting_overload,warning
cnc,3.66,53.38,59.32,105.11,1.98,26.01,chatter,warning
cnc,0.98,52.29,46.72,83.09,1.95,25.75,none,running
cnc,2.71,45.07,45.92,92.15,2.22,26.8,chatter,warning
cnc,2.8,62.27,60.57,108.38,2.05,29.26,chatter,warning
cnc,3.29,56.24,48.93,100.4,2.19,28.09,chatter,warning
cnc,2.09,64.32,65.11,73.91,2.02,31.95,cutting_overload,warning
cnc,3.07,51.74,45.54,76.98,1.8,29.98,spindle_misalignment,warning
cnc,2.48,80.32,74.17,96.93,2.25,33.47,cutting_overload,fault
cnc,2.03,33.85,31.3,60.29,2.02,26.55,chatter,warning
cnc,0.96,54.48,48.73,93.97,2.03,26.55,none,warning
cnc,2.38,85.9,73.64,86.38,2.07,28.82,cutting_overload,fault
cnc,1.5,45.87,55.78,72.2,2.11,42,coolant_failure,fault
cnc,1.13,38.18,42.45,55,1.99,42.78,coolant_failure,fault
cnc,1.13,44.94,50.18,76.26,2.14,34.47,coolant_failure,warning
cnc,1.78,82.08,74.56,96.14,2.08,35.47,cutting_overload,fault
cnc,2.39,40.81,47.45,95.57,1.85,30.22,chatter,warning
cnc,4.08,53.78,49.16,82.51,1.87,25.03,spindle_misalignment,warning
cnc,1.46,56.26,65.22,93.09,2.05,33.15,coolant_failure,warning
cnc,3.13,45.52,52,79.42,2.27,29.44,spindle_misalignment,warning
cnc,0.72,40.34,38.23,67.26,2,28.32,none,running
cnc,1.56,65.76,67.16,89.53,1.95,43.64,coolant_failure,fault
cnc,0.85,47.81,46.05,78,2.09,27,none,running
cnc,1.49,35.95,36.83,67.5,2.16,30.29,chatter,running
cnc,4.4,59.94,52.77,89.24,2.18,29.08,spindle_misalignment,warning
cnc,3.46,63.28,55.38,110,1.81,29.97,chatter,warning
cnc,3.77,54.48,58,82.97,2.04,28.69,spindle_misalignment,warning
cnc,2.36,60.76,49.02,106.64,2.05,27.03,chatter,warning
cnc,0.78,39.31,43.16,71.71,1.8,26.54,none,running
cnc,0.96,47.89,45.25,84.16,2.07,28.36,none,running
cnc,2.29,58.26,53.96,91.31,2.17,27.62,chatter,warning
cnc,1.35,28.96,33.43,56.87,2.09,26.86,chatter,running
cnc,1.32,48.25,54.17,81.29,2.11,40,none,warning
cnc,2.57,95.49,83.27,94.99,1.97,34.43,cutting_overload,fault
cnc,2.48,95.51,74.89,95.81,2.11,35.62,cutting_overload,fault
cnc,0.99,49.8,43.15,84.2,2.04,25.63,none,running
cnc,1.94,98.33,71.67,81.61,2.05,34.92,cutting_overload,fault
cnc,0.85,40.12,38.79,72.08,1.99,25.87,none,running
cnc,0.94,45.9,44.28,87.29,2,26.79,none,running
cnc,3.07,48.67,50.79,101.35,1.81,27.32,chatter,warning
cnc,4.05,62.66,58.83,85.11,2.07,28.28,spindle_misalignment,warning
cnc,4.66,54.56,54.97,83.82,1.92,29,spindle_misalignment,fault
cnc,0.59,26.59,26.15,55,2.08,28.47,none,running
cnc,0.88,44.35,43.94,83.76,2.07,27.04,none,running
cnc,0.99,49.37,44.87,86.06,2.15,27.3,none,running
cnc,1.9,32.9,28.26,55,1.95,29.1,spindle_misalignment,running
cnc,2.73,65.84,60.55,110,2.12,28.07,chatter,warning
cnc,2.47,58.33,48.77,96.84,2.01,29.84,chatter,warning
cnc,1.56,58.46,66.79,94.67,1.94,45.53,coolant_failure,fault
cnc,2.2,80.03,67.02,84.71,2.17,34.24,cutting_overload,warning
cnc,1.36,31.08,26.83,55,1.83,28.83,chatter,running
cnc,1.66,89.4,64.93,84.24,1.95,34.25,cutting_overload,warning
cnc,2.2,71.3,57.42,77.77,2.03,32.3,cutting_overload,warning
cnc,1.39,55.83,66.24,96.84,1.91,33.92,coolant_failure,warning
cnc,0.85,44.91,41.54,79.71,1.96,27.07,none,running
cnc,1.07,29.42,36.98,55,2.17,37.82,coolant_failure,warning
cnc,1.45,90.83,63.29,84.58,2.11,31.58,cutting_overload,warning
cnc,1.93,38.49,31.95,62.07,2.16,25.95,chatter,running
cnc,0.99,54.2,58.63,85.23,2.06,40.4,coolant_failure,fault
cnc,0.84,45.96,29.73,55,2.08,30.59,cutting_overload,running
cnc,2.04,66.95,51.98,104.59,2.18,27.92,chatter,warning
cnc,0.79,37.25,41.52,60.25,2.18,37.94,coolant_failure,warning
cnc,1.67,30,28.26,60.68,2.22,30.43,chatter,running
cnc,2.43,54.27,42.64,95.44,2.04,28.66,chatter,warning
cnc,0.8,42.55,45.6,83.28,1.91,28.16,none,running
cnc,4.03,59.06,57.38,85.1,1.84,32.11,spindle_misalignment,warning
cnc,2.63,55.62,49.66,91.95,1.94,27.92,chatter,warning
cnc,3.18,54.62,52.12,89.52,1.92,27.19,spindle_misalignment,warning
cnc,1.62,57.17,56.42,82.2,1.79,38.6,coolant_failure,warning
cnc,2.14,39.01,34.74,61.6,1.92,26.82,spindle_misalignment,warning
cnc,1.13,65.34,69.38,93.7,2.1,41.58,coolant_failure,fault
cnc,3.83,53.32,60.48,106.1,1.87,26.93,chatter,warning
cnc,2.99,55.61,47.44,92.54,2.14,27.81,chatter,warning
cnc,1.89,83.74,77.86,99.02,2.17,35.7,cutting_overload,fault
cnc,2.97,57.24,44.51,78.78,2.19,29.45,spindle_misalignment,warning
cnc,3.06,52.31,55.97,104.86,2.01,25.86,chatter,warning
cnc,0.82,45.81,47.5,82.87,1.88,27.49,none,running
cnc,2.1,97.03,68.49,92.05,1.87,36.48,cutting_overload,warning
cnc,0.93,37.94,38.57,71.02,1.9,26.64,none,running
cnc,3.18,56.14,52.83,109.74,1.87,26.43,chatter,warning
cnc,1.19,87.24,57.71,75.65,2.09,30.39,cutting_overload,warning
cnc,1.7,76.92,65.39,78.77,2.07,37.53,cutting_overload,warning
cnc,1.4,44.01,53.99,72.67,2.12,43.33,coolant_failure,fault
cnc,2.61,62.84,53.41,92.86,1.99,28.93,chatter,warning
cnc,3.47,64.4,53.43,91.3,2.09,27.33,spindle_misalignment,warning
cnc,1.45,45.31,47.48,77.34,1.89,39.21,coolant_failure,warning
cnc,2,41.26,45.28,86.59,2.05,27.9,chatter,running
cnc,2.95,52,47.14,80,2.06,30.79,spindle_misalignment,warning
cnc,0.79,44.37,39.78,69.45,1.97,27.35,none,running
cnc,0.87,37.58,39.29,55,1.91,41.67,coolant_failure,fault
cnc,0.87,38.73,39.71,73.5,2.05,27.7,none,running
cnc,3.46,56.95,52.95,110,2.05,29.77,chatter,warning
cnc,3.46,64.72,59.74,100.35,2.13,28.45,chatter,warning
cnc,1.02,32.43,38.42,55,1.85,41.24,coolant_failure,fault
cnc,2.43,49.84,42.66,82.8,2.02,28.17,chatter,warning
cnc,1.23,50.27,60.27,85.33,2.23,37.77,coolant_failure,warning
cnc,1.07,49.72,46.76,90.55,2.06,25.93,none,running
cnc,0.7,32.38,28.17,58.35,2.19,27.6,none,running
cnc,1.64,57.98,63.5,91.08,2.1,39.99,coolant_failure,warning
cnc,0.85,39.28,38.75,73.35,2.12,25.64,none,running
cnc,1.75,28.19,28.37,62.41,2.16,27.5,chatter,running
cnc,2.97,46.73,53.72,83.56,2.25,30.08,spindle_misalignment,warning
cnc,4.17,48.17,45.36,76.04,2.15,28.16,spindle_misalignment,warning
cnc,3.73,65.96,62.72,102.85,2.27,25.81,spindle_misalignment,warning
cnc,1.83,45.87,39.95,89.22,2.12,27.92,chatter,running
cnc,3.41,53.08,58.81,110,1.86,25.53,chatter,warning
cnc,2.9,43.27,32.43,61.68,1.97,25.4,spindle_misalignment,warning
cnc,2.07,48.66,42.95,98.06,1.98,26.63,chatter,warning
cnc,3.76,44.05,48.28,77.83,2.18,28.08,spindle_misalignment,warning
cnc,1.72,36,35.85,74.68,1.89,28.05,chatter,running
cnc,1.95,107.31,68.25,100.86,2.01,35.84,cutting_overload,warning
cnc,3.93,50.22,54.01,85,1.9,30.24,spindle_misalignment,warning
cnc,2.08,84.52,62.16,85.3,2.14,33.08,cutting_overload,warning
cnc,2.69,56.08,49.41,99.49,2.06,26.98,chatter,warning
cnc,3.86,61.19,63.97,92.18,1.82,25.62,spindle_misalignment,warning
cnc,1.31,48.9,49.27,77.71,1.98,37.91,none,warning
cnc,2.92,63.69,57.88,95.04,2,27.82,chatter,warning
cnc,0.82,44.86,39.15,74.32,1.84,28.28,none,running
cnc,1.86,34.92,33.67,65.42,2.1,28.67,chatter,running
cnc,2.31,84.11,67.4,80.76,2.16,38.66,cutting_overload,warning
cnc,3.54,59.79,52.27,93.11,2.13,26.32,spindle_misalignment,warning
cnc,1.25,47.8,50.29,79.67,2.03,39.44,coolant_failure,warning
cnc,2.33,51.05,43.25,90.31,1.97,27.36,chatter,warning
cnc,1.4,84.55,65.01,77.74,2.08,35.4,cutting_overload,warning
cnc,1.62,65.6,70.05,93.72,2,36.56,coolant_failure,fault
cnc,0.55,26.92,28.61,55,1.98,26.35,none,running
cnc,0.6,32.65,35.9,55,2.13,42.8,coolant_failure,fault
cnc,1.23,42.79,50.99,75.84,1.94,37.69,coolant_failure,warning
cnc,1.33,46.65,51.05,78.9,2.19,34.27,coolant_failure,warning
cnc,2.14,90.01,61.82,84.72,2,35.39,cutting_overload,warning
cnc,3.44,52.07,54.73,94.59,1.99,30.23,chatter,warning
cnc,1.21,49.74,60.23,75.1,2.09,41.64,coolant_failure,fault
cnc,3.91,51.6,42.22,76.73,2.22,26.68,spindle_misalignment,warning
cnc,3.43,67.84,52.15,86.57,2.07,30.81,spindle_misalignment,warning
cnc,3.42,43.99,41.83,74.96,1.88,30.67,spindle_misalignment,warning
cnc,0.94,27.44,29.97,55,1.98,32.91,coolant_failure,running
cnc,0.41,29.22,24.93,55,2,27.89,none,running
cnc,1.12,82.86,55.17,72.01,2.05,34.14,cutting_overload,warning
cnc,1.75,57.66,65.39,84.86,1.86,39.58,coolant_failure,warning
cnc,1.24,48.7,59.64,79.17,1.95,38.28,coolant_failure,warning
cnc,0.97,51.07,47.67,91.11,1.99,26.68,none,running
cnc,0.88,51.84,43.28,79.5,1.92,25.37,none,running
cnc,2.68,48.8,46.31,90.43,2.11,26.93,chatter,warning
cnc,2.48,88.95,71.09,89.69,2.14,33.15,cutting_overload,fault
cnc,4.2,54.09,50.24,82.55,1.8,29.77,spindle_misalignment,warning
cnc,1.38,56.65,58.48,94.57,1.9,37.47,coolant_failure,warning
cnc,1.44,74.71,62.31,79.45,2.1,36.81,cutting_overload,warning
cnc,0.83,50.07,43.55,86.07,2,26.33,none,running
cnc,4.48,56.15,45.91,92.26,1.98,30.62,spindle_misalignment,warning
cnc,4.7,51.58,45.41,76.23,2.1,25.89,spindle_misalignment,fault
cnc,1.32,32.12,25.15,55,2.18,29.3,chatter,running
cnc,1.51,49.41,50.91,82.37,2.14,40.85,coolant_failure,fault
cnc,1.75,42.58,49.57,80.36,2.11,28.17,chatter,running
cnc,2.31,66.72,54.08,105.29,2.02,29.58,chatter,warning
cnc,1.51,45.24,46.57,69.57,1.84,38.32,coolant_failure,warning
cnc,0.54,34.45,30.39,57.35,1.86,26.27,none,running
cnc,0.96,46.31,41.98,73.77,2.13,29.18,none,running
cnc,1.39,74.33,60.24,87.94,2,33.62,cutting_overload,warning
cnc,1.41,94.06,66.55,89.32,1.81,31.81,cutting_overload,warning
cnc,2.15,96.47,73.62,94.58,2.01,33.09,cutting_overload,fault
cnc,0.6,30.37,33.22,55,1.9,36.83,coolant_failure,warning
cnc,1.25,55,66.21,86.88,2.16,45.48,coolant_failure,fault
cnc,0.87,45.2,44.4,80.42,2.03,27.34,none,running
cnc,0.88,39.9,45.65,81.15,2.11,26.74,none,running
cnc,0.9,45.92,45.61,85.86,2.03,27.93,none,running
cnc,2.08,92.58,71.5,92.39,2.1,31.36,cutting_overload,fault
cnc,2.32,38.03,36.99,55.98,2.19,25.88,spindle_misalignment,warning
cnc,1.02,51.54,49.93,94.4,2.04,26.77,none,warning
cnc,1.05,41.47,42.34,74.75,2.12,27.75,none,running
cnc,1.4,51.27,44.59,55,2,35.32,cutting_overload,warning
cnc,1.52,77.79,59.75,79.73,1.94,31.52,cutting_overload,warning
cnc,1.14,61.19,62.66,91.41,2.03,46.73,coolant_failure,fault
cnc,4.53,60.09,60.14,92.44,2.11,28.68,spindle_misalignment,fault
cnc,2.67,54.94,50.96,90.97,2.01,28.83,chatter,warning
cnc,1.96,42.1,39.49,82.23,1.99,29.52,chatter,running
cnc,0.77,38.9,35.75,68.16,2.08,25.13,none,running
cnc,2.64,37.08,35.18,62.64,2.12,27.15,spindle_misalignment,warning
cnc,3.31,45.39,44.67,76.51,1.97,31.51,spindle_misalignment,warning
cnc,2.74,57.16,54.84,110,2.07,27.56,chatter,warning
cnc,1.12,47.05,45.57,85.24,1.84,27.67,none,running
cnc,2.19,78.6,65.79,93.26,2.21,33.24,cutting_overload,warning
cnc,1.82,32.72,30.6,63.7,2,29.55,chatter,running
cnc,1.41,38.4,32.73,63.88,2.04,27.75,chatter,running
cnc,0.78,48.67,42.16,75.07,2.01,26.48,none,running
cnc,1.29,27.98,25.41,55,1.98,24.82,chatter,running
cnc,4.53,54.36,49.19,91.04,2.24,27.34,spindle_misalignment,fault
cnc,3.42,54.66,41.52,80.79,2.04,28.33,spindle_misalignment,warning
cnc,0.75,40.83,37.47,69.34,2.14,25.95,none,running
cnc,0.99,34.66,37.61,56.58,1.98,39.85,coolant_failure,warning
cnc,0.96,49.65,45.74,87.08,1.93,25.32,none,running
cnc,1.39,58.65,58.05,89.47,1.98,42.03,coolant_failure,fault
cnc,1.02,63.36,42.64,62.3,2.02,29.6,cutting_overload,running
cnc,2.64,89.74,78.55,95.57,2.26,34.63,cutting_overload,fault
cnc,1.36,50.41,58.74,95.8,1.98,43.2,coolant_failure,fault
cnc,1.55,108.49,76.99,100.48,1.89,33.2,cutting_overload,fault
cnc,1.18,52.82,52.78,79.89,1.88,41.34,coolant_failure,fault
cnc,1.96,31.7,30.02,64.38,2.09,26.52,chatter,running
cnc,2.76,42.51,36.58,62.03,1.99,29.22,spindle_misalignment,warning
cnc,1.49,22.75,23.56,55,1.9,27.77,chatter,running
cnc,1.65,54.42,66.46,92.21,2.28,37.32,coolant_failure,warning
cnc,1,49.28,44.35,81.44,2.19,26.82,none,running
cnc,0.73,39.15,37.45,66.58,2.19,28.76,none,running
cnc,3.74,47.21,49.55,79.78,2.02,28.37,spindle_misalignment,warning
cnc,2.24,46.4,46.67,91.79,2.02,27.5,chatter,warning
cnc,3.12,50.23,46.5,100.23,1.9,27.96,chatter,warning
cnc,0.87,44.26,40.34,75.18,2.14,25.44,none,running
cnc,1.16,58.96,61.04,91.66,2.13,32.18,coolant_failure,warning
cnc,1.03,51.68,48.56,88.28,1.96,26.09,none,running
cnc,1.85,62.24,56.34,89.66,1.98,45.53,coolant_failure,fault
cnc,2.15,40.78,43.47,93.7,1.83,25.73,chatter,warning
cnc,0.97,49.07,46.25,82.91,2,28.49,none,running
cnc,1.5,53.39,61.81,86.66,1.97,42.56,coolant_failure,fault
cnc,2.21,52.12,50.27,104.77,2,27.82,chatter,warning
cnc,1.63,49.93,69.79,85.95,2.08,34.5,coolant_failure,warning
cnc,4.01,59.07,49.72,82.01,1.98,29.47,cutting_overload,warning
cnc,3.44,57.47,50.21,105.01,2.11,28.16,chatter,warning
cnc,2.62,46.85,43.32,99.09,2.04,27.48,chatter,warning
cnc,2.43,89.51,66.28,86.58,1.88,35.04,cutting_overload,warning
cnc,3.76,58.21,59.23,88.53,1.98,31.99,spindle_misalignment,warning
cnc,1.41,80.56,61.63,87.62,1.98,32.3,cutting_overload,warning
cnc,3.78,53.2,53.37,82.88,2.13,31.84,spindle_misalignment,warning
cnc,0.97,47.4,45.74,88.33,2.01,27.48,none,running
cnc,4.18,47.02,48.4,79.71,2.21,28.77,spindle_misalignment,warning
cnc,3.58,55.35,59.02,102.74,2.1,31.5,spindle_misalignment,warning
cnc,1.47,48.7,41.35,55.14,2.07,30.5,cutting_overload,running
cnc,3.58,55.66,55.63,91.86,2.01,26.33,spindle_misalignment,warning
cnc,2.07,87.81,68.58,86.06,2.17,31.77,cutting_overload,warning
cnc,2.66,70.41,54.35,109.88,2,29.65,chatter,warning
cnc,3.18,59.24,52.86,82.37,1.82,30.9,spindle_misalignment,warning
cnc,2.11,92.75,65.57,92.95,1.99,31.3,cutting_overload,warning
cnc,2.38,54.22,47.67,88.25,2.08,26.96,chatter,warning
cnc,0.89,46.36,43.67,82.32,1.85,25.57,none,running
cnc,0.98,52.94,45.95,86.65,1.98,27.25,none,running
cnc,1.13,50.88,50.95,81.98,1.95,37.12,coolant_failure,warning
cnc,0.85,40.82,38.33,70.51,2.24,28.09,none,running
cnc,1.9,95.93,73.29,87.77,1.87,32.04,cutting_overload,fault
cnc,0.86,38.68,34.19,67.08,1.93,27.82,none,running
cnc,4.74,53.73,51.81,93.19,1.94,29.75,spindle_misalignment,fault
cnc,4.51,69.27,57.14,88.45,2.2,29.49,spindle_misalignment,fault
cnc,0.96,56.95,49.09,84.68,2.21,28.65,none,running
cnc,1.01,47.79,44.66,85.78,2.06,27.85,none,running
cnc,0.86,52.32,48.32,88.1,2.04,28.27,none,running
cnc,0.99,45.58,50.44,72.63,1.89,37.93,coolant_failure,warning
cnc,0.85,48.94,45.13,80.14,2.15,27.37,none,running
cnc,1.38,85.15,59.74,78.08,2,31.53,cutting_overload,warning
cnc,2.4,34.23,33.97,55,2.14,27.1,spindle_misalignment,warning
cnc,2.66,56.97,51.02,109.1,1.87,28.46,chatter,warning
cnc,1.81,90.6,82.07,93.47,2.17,32.52,cutting_overload,fault
cnc,0.42,23.43,23.95,55,1.97,26.24,none,running
cnc,2.14,84.17,65.11,92.06,1.91,38.11,cutting_overload,warning
cnc,1.46,46.49,57.28,77.41,1.96,33.56,coolant_failure,running
cnc,3.16,56.7,55.79,101.91,1.97,28,chatter,warning
cnc,2.34,90.03,81,87.44,2.07,34.63,cutting_overload,fault
cnc,0.89,47.63,49.66,88.5,2.09,26.73,none,running
cnc,2.57,45.62,49.38,94.09,2.08,28.56,chatter,warning
cnc,2.64,48.46,50.14,71.81,2.08,28.25,spindle_misalignment,warning
cnc,0.75,52.16,44.32,77.38,2.06,26.43,none,running
cnc,1.29,83.84,71.86,84.66,1.93,30.22,cutting_overload,fault
cnc,1.13,53.94,47.89,88.05,2.23,25.82,none,running
cnc,0.82,40.2,38.83,74.67,2.02,27.09,none,running
cnc,2.15,33.67,28.95,55,2.22,26.57,spindle_misalignment,warning
cnc,0.86,43.48,43.9,70.08,1.99,26.67,none,running
cnc,0.53,22.71,22.05,55,2.16,27.66,none,running
cnc,2.21,56.63,44.97,99.44,1.97,25.92,chatter,warning
cnc,0.95,46.4,48.23,77.8,1.93,40.51,coolant_failure,fault
cnc,1.14,47.19,43.21,57.47,2.14,29.27,cutting_overload,running
cnc,5.47,64.12,57.5,91.52,2.1,26.87,spindle_misalignment,fault
cnc,4.03,54.1,47.24,75.07,2.16,30.99,spindle_misalignment,warning
cnc,0.9,42.05,32.57,55,1.9,33.38,cutting_overload,running
cnc,3.92,42.88,43.56,73.43,2.04,27.5,spindle_misalignment,warning
cnc,1.83,46.96,45.95,78.12,2.11,29.87,chatter,running
cnc,4.96,53.62,52.68,97.24,1.99,30.07,spindle_misalignment,fault
cnc,1.6,59.94,53.4,76.01,1.97,33.81,cutting_overload,running
cnc,0.84,44.53,37.56,73.93,1.99,25.35,none,running
cnc,3.71,55.95,60.67,94.33,1.93,30.03,spindle_misalignment,warning
cnc,2.68,56.02,50.15,98.09,1.95,28.8,chatter,warning
cnc,4.44,42.41,42.35,74.52,1.91,29.03,spindle_misalignment,warning
cnc,0.47,21.7,21.99,55,1.93,27.96,none,running
cnc,2.82,58.24,48.36,72.38,1.99,26.77,spindle_misalignment,warning
cnc,0.66,38.57,37.14,71.78,1.94,25.62,none,running
cnc,0.84,46.96,42.31,74.64,2.23,26.65,none,running
cnc,0.79,47.54,36.42,55,1.76,36.39,cutting_overload,warning
cnc,1.82,74.5,56.43,75.91,1.93,34.91,cutting_overload,warning
cnc,0.58,26.79,28.9,55,1.79,27.34,none,running
cnc,2.17,31.93,33.92,55.58,1.99,30.08,spindle_misalignment,warning
cnc,3.43,48.54,42.52,73.3,2.17,27.93,spindle_misalignment,warning
cnc,2.2,26.78,29.65,55,2.04,27.06,spindle_misalignment,warning
cnc,0.52,26.93,29.12,55,2.09,39.2,coolant_failure,warning
cnc,3.84,61.46,52.49,87,1.99,30.18,spindle_misalignment,warning
cnc,0.98,47.49,43,79.82,1.87,25.97,none,running
cnc,1.47,51.86,56.81,78.39,2.02,43.2,coolant_failure,fault
cnc,0.92,49.86,47.38,81.61,1.95,26.39,none,running
cnc,1.48,89.35,69.8,80.14,2,30.51,cutting_overload,warning
cnc,2.72,51.98,56.6,94.35,2.21,29.21,chatter,warning
cnc,0.48,24.83,28,55,2.02,37.34,coolant_failure,warning
cnc,0.94,49.83,46.2,84.84,1.95,27.08,none,running
cnc,1.49,93.25,68.01,95.53,2.01,34.14,cutting_overload,warning
cnc,2.53,44.64,45.59,86.74,1.97,28.18,chatter,warning
cnc,0.84,40.09,36.54,72.32,1.92,28.03,none,running
cnc,1.46,77.74,59.2,83.05,2.14,31.58,cutting_overload,warning
cnc,1.06,45.49,58.94,70.51,2.06,41.87,coolant_failure,fault
cnc,2.21,50.64,56.34,110,1.91,27.58,chatter,warning
cnc,2.05,33.3,25.92,55,1.98,27.17,spindle_misalignment,warning
cnc,1.11,31.82,36.48,55,2.09,35.58,coolant_failure,warning
cnc,1.17,70.79,57.57,79.74,1.91,31.29,cutting_overload,running
cnc,3.18,54.51,53.28,79.08,1.91,26.95,spindle_misalignment,warning
cnc,0.82,50.72,43.08,80.14,1.91,27.29,none,running
cnc,1.51,28.98,26.92,55,2.1,31.03,chatter,running
cnc,0.82,63.49,37.28,55,1.93,32.49,cutting_overload,running
cnc,2.54,98.61,67.84,90.96,2.04,31.2,cutting_overload,warning
cnc,1.05,39.56,33.95,55,2.21,32.02,cutting_overload,running
cnc,1.99,77.58,66.52,80.62,1.88,35.72,cutting_overload,warning
cnc,0.86,42.05,40.99,71.75,2.03,26.34,none,running
cnc,2.03,93.49,65.1,95.39,2.15,30.2,cutting_overload,warning
cnc,2.8,49.65,47.69,94.41,2.11,27.22,chatter,warning
cnc,3.5,62.62,57.92,92.87,2.18,28.44,spindle_misalignment,warning
cnc,3.64,65.98,52.68,100.6,1.94,27.54,spindle_misalignment,warning
cnc,0.9,30.17,27.33,55,2.22,40.67,coolant_failure,fault
cnc,2.42,31.09,31.15,55,1.89,27.98,spindle_misalignment,warning
cnc,2.03,32.94,30.65,55,2.02,26.95,spindle_misalignment,warning
cnc,0.74,32.71,35.26,55,1.92,40.25,coolant_failure,fault
cnc,1.44,77.03,64.05,81.75,1.78,30.71,cutting_overload,warning
cnc,2.63,38.44,33.91,56.42,2.16,30.25,spindle_misalignment,warning
cnc,0.94,49.23,43.63,79.39,2.1,25.71,none,running
cnc,0.86,25.24,31.5,55,1.81,40.58,coolant_failure,fault
cnc,1,46.74,53.2,85.5,2.19,35.57,coolant_failure,warning
cnc,1.46,81.24,66.67,72.51,1.83,31.13,cutting_overload,warning
cnc,1.4,85.66,56.58,77.29,2.13,35.03,cutting_overload,warning
cnc,0.97,46.41,47.42,83.71,2.01,24.97,none,running
cnc,0.88,45.26,49.66,72.33,2.32,42.18,coolant_failure,fault
cnc,1.73,53.83,56.98,90.12,1.87,44.79,coolant_failure,fault
cnc,1.82,72.93,68.24,79.58,1.99,34.28,cutting_overload,warning
cnc,3.23,63.49,51.35,110,2.04,27.66,chatter,warning
cnc,2.76,48.6,50.39,98.39,1.92,27.28,chatter,warning
cnc,1.09,41.14,47.98,70.33,1.95,36.27,coolant_failure,warning
cnc,1.8,92.44,69.36,87.71,2.15,34.54,cutting_overload,warning
cnc,4.69,65.23,50.41,94.59,2,30.15,spindle_misalignment,fault
cnc,2.44,99.02,71.25,95.06,1.98,32.13,cutting_overload,fault
cnc,1.11,53.45,51.2,90.78,1.99,26.88,none,running
cnc,0.4,23.02,20,55,1.79,27.28,none,running
cnc,0.84,41.05,42.96,76.36,1.86,27.71,none,running
cnc,1.01,50.42,46.7,79.93,1.93,26.9,none,running
cnc,4.32,53.56,53.71,93.27,2.04,25.9,spindle_misalignment,warning
cnc,2.06,46.71,42.59,98.24,2.08,25.26,chatter,warning
cnc,1.8,86.24,77.58,93.33,2.2,29.98,cutting_overload,fault
cnc,3.44,49.87,60.56,91.76,1.99,28.2,spindle_misalignment,warning
cnc,2.2,108.35,71.39,95.7,2.08,31.94,cutting_overload,fault
cnc,1.48,73.75,55.34,82.64,2.19,31.93,cutting_overload,running
cnc,1.2,60.71,70.77,96.07,2.08,36.02,coolant_failure,fault
cnc,1.19,67.32,74.01,98.08,2,35.9,coolant_failure,fault
cnc,3.04,47.49,50.29,96.67,2.07,28.05,chatter,warning
cnc,4.61,59.81,61.64,91.98,2.03,31.63,spindle_misalignment,fault
cnc,3.35,50.33,55.65,79.1,1.95,29.22,spindle_misalignment,warning
cnc,1.74,25.34,24.84,55,2.11,27.23,spindle_misalignment,running
cnc,0.79,42.69,37.32,71.96,2.16,25.57,none,running
cnc,2.11,90.98,78.94,95.77,2.19,32.76,cutting_overload,fault
cnc,3.69,54.44,52.92,92.29,1.96,27.25,spindle_misalignment,warning
cnc,2.25,51.4,48.87,110,1.91,30.38,chatter,warning
cnc,2.27,45.04,50.5,99.48,2.15,29.38,chatter,warning
cnc,0.98,42.57,39.25,60.23,1.9,38.78,coolant_failure,warning
cnc,1.89,27.97,22.35,55,2,29.9,spindle_misalignment,running
cnc,0.78,43.02,38.83,72.82,2.18,24.61,none,running
cnc,4.8,62.04,55.14,93.87,1.95,30.88,spindle_misalignment,fault
cnc,1.26,54.08,66.24,89.97,2.17,46.46,coolant_failure,fault
cnc,3.58,45.82,46.08,79.95,1.93,28.03,cutting_overload,warning
cnc,0.73,29.06,27.25,55,2.07,38.19,coolant_failure,warning
cnc,3.51,62.24,55.91,90.42,1.79,27.36,spindle_misalignment,warning
cnc,2.28,90.06,74.72,82.35,1.9,34.83,cutting_overload,fault
cnc,3.45,46.83,53.09,86.29,2.12,31.21,spindle_misalignment,warning
cnc,2.15,55.72,56.4,105.4,1.78,26.35,chatter,warning
cnc,0.83,46.7,39.26,73.62,2.08,28.15,none,running
cnc,4.62,50.47,54.37,85.15,1.94,29.54,spindle_misalignment,fault
cnc,2.06,27.42,30.44,55,1.8,27.4,spindle_misalignment,warning
cnc,1.97,85.31,63.31,81.98,2.17,31.49,cutting_overload,warning
cnc,3.05,57.19,53.56,108.57,1.89,28.22,chatter,warning
cnc,3.3,68.76,52.49,99.53,1.98,26.59,spindle_misalignment,warning
cnc,1.55,65.96,50.34,59.77,1.96,35.67,cutting_overload,warning
cnc,0.68,32.97,31.47,57.41,2.02,28.27,none,running
cnc,3.7,66.08,53.6,92.81,1.98,26.54,spindle_misalignment,warning
cnc,0.69,34.51,32.1,59.51,1.87,27.58,none,running
cnc,1.16,39.2,41.62,62.12,1.98,41.29,coolant_failure,fault
cnc,1.85,101.59,59.7,89.21,2.13,30.37,cutting_overload,warning
cnc,1.54,73.96,58.66,78.18,1.82,32.53,cutting_overload,warning
cnc,2.26,41.17,43.1,86.37,1.93,29.45,chatter,warning
cnc,1.79,65.16,62.05,73.78,1.85,29.96,cutting_overload,warning
cnc,1.03,45.65,42.53,72.74,1.87,25.18,none,running
cnc,4.66,54.22,56.47,86.1,2.02,28.44,spindle_misalignment,fault
cnc,1.53,47.25,54.65,82.8,2.2,38.63,coolant_failure,warning
cnc,2.21,33.94,28.23,55,2.01,29.2,spindle_misalignment,warning
cnc,1.44,58.08,61.99,79.55,1.98,37.09,coolant_failure,warning
cnc,1.44,50.02,58.17,72.4,1.96,39.91,coolant_failure,warning
cnc,2.32,64.46,57.26,110,2.16,29.58,chatter,warning
cnc,0.45,22.67,21.92,55,1.97,29.58,none,running
cnc,1.67,79.86,69.53,82.71,2.07,34.63,cutting_overload,warning
cnc,2.52,52.85,52.04,95.25,2.01,28.93,chatter,warning
cnc,3.5,55.69,54.91,90.63,2.11,30.25,spindle_misalignment,warning
cnc,0.78,37.17,40.3,57.96,2.18,42.03,coolant_failure,fault
cnc,2.59,40.66,48.78,81.74,1.83,29.62,coolant_failure,warning
cnc,1.77,64.25,64.13,89.92,1.9,38.6,coolant_failure,warning
cnc,0.74,44.82,41.63,83.72,1.93,26.52,none,running
cnc,3.28,57,50.21,110,1.9,26.19,chatter,warning
cnc,0.86,46,46.46,85.52,1.92,29.05,none,running
cnc,2.26,70.43,68.03,81.54,2.29,30.73,cutting_overload,warning
cnc,5.51,61.29,60.9,93.48,1.97,27.12,spindle_misalignment,fault
cnc,1.1,48.72,64.44,82.54,1.99,34.08,coolant_failure,warning
cnc,0.34,24.22,22.02,55,1.82,27.36,none,running
cnc,1.42,52.08,60.27,82.85,2.02,33.3,coolant_failure,warning
cnc,2.85,62.16,56.9,106.01,1.8,27.75,chatter,warning
cnc,0.93,46.38,43.39,82.5,1.85,27.24,none,running
cnc,3.16,45.08,33.65,62.41,2.29,24.52,spindle_misalignment,warning
cnc,2.21,82.05,72.98,89.38,2.16,31.4,cutting_overload,fault
cnc,2.23,72.25,66.73,77.73,1.96,31.17,cutting_overload,warning
cnc,0.87,48.67,51.99,76.34,1.91,32.4,coolant_failure,running
cnc,0.86,40.67,40.14,74.29,2.31,28.17,none,running
cnc,2.25,82.31,67.64,83.67,1.96,32.47,cutting_overload,warning
cnc,1.05,48.91,44.96,85.25,1.89,28.72,none,running
cnc,4.25,51.36,48.04,77.35,2.18,25.9,spindle_misalignment,warning
cnc,1.02,52.68,48.88,87.09,1.93,26.97,none,running
cnc,1.76,37.07,40.22,78.53,2.03,26.7,chatter,running
cnc,3,53.68,45.51,73.86,2.03,30.15,spindle_misalignment,warning
cnc,0.97,28.38,36.64,55,2.16,43.55,coolant_failure,fault
cnc,3.59,53.97,46.89,79.38,1.97,27.05,spindle_misalignment,warning
cnc,1.04,40.58,40.42,63.01,1.91,35.89,coolant_failure,warning
cnc,1.05,52.77,48.02,91.58,1.95,26.12,none,running
cnc,1.04,52.34,50.93,86.09,2.05,28.6,none,running
cnc,3.08,50.31,45.76,77.79,1.75,25.87,spindle_misalignment,warning
cnc,0.85,42.96,42.93,78.79,1.92,26.9,none,running
cnc,1.28,56.81,66.53,87.7,2.29,43.24,coolant_failure,fault
cnc,0.98,46.53,49.55,92.23,1.96,27.74,none,warning
cnc,3.02,51.14,54.51,98.98,1.99,28.31,chatter,warning
cnc,1.48,81.42,52.06,70.01,2.04,35.2,cutting_overload,warning
cnc,1.37,49.09,45.95,59.15,2.27,31.04,cutting_overload,running
cnc,3.87,73.66,58.83,99.48,1.97,24.88,spindle_misalignment,warning
cnc,4.24,57.71,46.81,85.54,1.96,31.73,spindle_misalignment,warning
cnc,4.48,55.46,61.55,95.29,1.91,27.15,spindle_misalignment,warning
cnc,1.1,50.09,48.67,74.44,2.14,33.76,coolant_failure,running
cnc,1.62,30.01,32.87,56.02,1.93,28.59,chatter,running
cnc,5.39,62.46,61.27,93.89,2.2,26.31,spindle_misalignment,fault
cnc,0.78,38.79,37.31,69.65,2.19,27.45,none,running
cnc,2.18,90.76,79.62,88.9,2.19,33.41,cutting_overload,fault
cnc,1.98,44.43,34.33,69.78,1.94,27.15,chatter,running
cnc,2.75,40.29,41.83,87.82,1.95,25.76,chatter,warning
cnc,1.48,89.75,63.83,82.86,1.97,34.85,cutting_overload,warning
cnc,1.35,45.84,51.06,85.19,1.94,38.21,coolant_failure,warning
cnc,3.62,54.47,39.56,70.11,1.99,28.64,spindle_misalignment,warning
cnc,5.1,53.39,55.43,93.64,2.01,26.66,spindle_misalignment,fault
cnc,1.28,77.65,57.31,85.3,2.03,30.97,cutting_overload,running
cnc,1.73,77.61,59.8,72.87,1.93,36.37,cutting_overload,warning
cnc,1.27,55.36,60.54,89.44,1.8,39.31,coolant_failure,warning
cnc,1.23,27.61,27.44,55.88,2.13,29.35,chatter,running
cnc,1.46,86.73,57.74,81.07,2.05,34.81,cutting_overload,warning
cnc,1.4,97.63,67.25,85.42,2.06,36.36,cutting_overload,warning
cnc,1.02,47.08,49.86,75.81,1.89,36.39,coolant_failure,warning
cnc,0.88,47.09,42,79.02,2.01,26.12,none,running
cnc,3.09,50.67,53.82,82.99,2.17,29.42,spindle_misalignment,warning
cnc,2.69,32.82,34.05,55.9,2.01,30.52,spindle_misalignment,warning
cnc,3.05,61.27,54.93,110,2.01,28.82,chatter,warning
cnc,1.73,31.82,32.9,55,2,28.4,chatter,running
cnc,2.67,58.55,45.42,73.73,2.03,27.16,spindle_misalignment,warning
cnc,2.01,63.99,72.65,94.13,1.88,40.69,coolant_failure,fault
cnc,0.71,34.29,31.32,60.63,2.08,27.99,none,running
cnc,1.49,38.06,36.1,70.22,2.07,26.28,chatter,running
cnc,2.19,61.63,56.25,110,2.1,29.24,chatter,warning
cnc,1.46,51.52,39.94,55,2,34.85,cutting_overload,warning
cnc,1.45,59.83,48.54,63.04,1.88,33.35,cutting_overload,running
cnc,2.28,81.62,70.96,93.3,2.02,31.24,cutting_overload,fault
cnc,1.61,45.28,48.74,74.43,2.09,37.87,coolant_failure,warning
cnc,1.01,52.86,50.12,90.66,1.95,26.22,none,running
cnc,4.45,62.94,57.91,88.04,2.14,26.87,spindle_misalignment,warning
cnc,1.41,58.56,70.41,90.98,1.95,40.78,coolant_failure,fault
cnc,1.88,46.04,48.46,88.9,1.85,29.65,chatter,running
cnc,2.12,50.97,50.5,99.34,1.78,25.8,chatter,warning
cnc,1.01,54.28,48.31,84.25,2.01,28.66,none,running
cnc,1.43,47.46,48.71,76.56,1.96,41.14,coolant_failure,fault
cnc,2,55.12,44.27,92.85,2.09,30.86,chatter,warning
cnc,1.59,54.61,75.25,91.86,1.89,40.76,coolant_failure,fault
cnc,3.39,61.42,58.57,110,2.04,27.67,chatter,warning
cnc,1.16,46.09,45.26,84.13,1.96,28.43,none,running
cnc,0.98,44.61,42.04,78.96,2.03,28.67,none,running
cnc,1.99,83.12,68.3,85.58,2.23,34.15,cutting_overload,warning
cnc,1.6,25.91,29.45,57.69,2.24,26.63,chatter,running
cnc,1.16,64.01,52.13,63,2.11,28.52,cutting_overload,running
cnc,0.79,43.31,40.75,71.79,2.04,26.13,none,running
cnc,4.24,50.31,44.31,70.72,2.1,28.8,spindle_misalignment,warning
cnc,2.89,69.5,54.74,98.05,2.07,25.5,chatter,warning
cnc,2.63,49.55,41.93,89.4,1.87,29.12,chatter,warning
cnc,1.28,55.92,53.68,59.28,1.97,37.17,cutting_overload,warning
cnc,3.52,55.31,60.07,92.65,1.81,26.64,spindle_misalignment,warning
cnc,4.17,46.17,51.01,71.41,2.24,26.6,spindle_misalignment,warning
cnc,1.36,52.4,64.89,94.21,2.17,40.99,coolant_failure,fault
cnc,1.24,82.05,68.8,91.81,1.87,34.51,cutting_overload,warning
cnc,0.98,46.82,58.68,82.93,1.82,38.55,coolant_failure,warning
cnc,1.05,52.13,49.82,96.3,2.09,26.5,none,warning
cnc,0.97,51.38,55.93,83.88,1.8,34.73,coolant_failure,warning
cnc,1.56,47.7,43.07,55,2.09,34.69,cutting_overload,warning
cnc,3.62,52.86,57.31,81.91,1.86,27.4,spindle_misalignment,warning
cnc,2.66,92.3,83.75,96.93,1.87,34.89,cutting_overload,fault
cnc,1.37,53.21,64.54,89.15,2.06,34,coolant_failure,warning
cnc,1.1,57.6,46.22,66.5,2.17,35.78,cutting_overload,warning
cnc,2.09,64.04,61.3,110,2.05,28.16,chatter,warning
cnc,2.11,96.11,67.42,84.71,2.09,34.88,cutting_overload,warning
cnc,0.61,27.82,37.27,55,2.09,43.79,coolant_failure,fault
cnc,1.27,27.71,23.81,55,1.93,28.57,chatter,running
cnc,3.62,59.22,45.52,82.39,1.98,30.33,spindle_misalignment,warning
cnc,3.13,61.64,48.74,93.49,2.22,30.57,chatter,warning
cnc,2.53,61.28,57.65,110,2.09,27.72,chatter,warning
cnc,2.74,47.22,50.92,88.98,1.83,28.53,chatter,warning
cnc,2.93,49.68,49.42,97.66,2,28.11,chatter,warning
cnc,2.12,53.68,47.12,80.07,1.8,26.14,chatter,warning
cnc,2.06,49.9,55.9,101.64,2.07,27.85,chatter,warning
cnc,4.3,52.34,47.39,74.08,1.87,25.46,spindle_misalignment,warning
cnc,0.85,42.13,44.66,79.69,2.24,27.77,none,running
cnc,4.23,48.75,59.12,84.24,1.87,27.07,spindle_misalignment,warning
cnc,4.81,61.29,56.95,81.1,1.79,27.04,spindle_misalignment,fault
cnc,3.88,52.95,51.83,84.65,2.03,29.77,spindle_misalignment,warning
cnc,2.72,56.13,55.35,105.94,1.8,26.39,chatter,warning
cnc,1.27,61.63,68.32,85.8,1.88,35.75,coolant_failure,warning
cnc,2.73,47.89,45.23,95.25,2.16,30.59,chatter,warning
cnc,2.86,43.09,42.72,88.92,2.09,26.72,chatter,warning
cnc,2.23,79.37,63.99,77.19,2.09,34.02,cutting_overload,warning
cnc,4.33,57.7,64.49,92.17,1.82,29.04,spindle_misalignment,warning
cnc,2.34,34.23,34.02,57.29,1.81,30.66,spindle_misalignment,warning
cnc,1.87,84.16,61.67,80.83,1.93,28.72,cutting_overload,warning
cnc,3.05,53.33,53.6,93.53,2.15,26.85,chatter,warning
cnc,1.21,49.02,55.16,77,1.99,34.02,coolant_failure,warning
cnc,2.38,43.85,39.82,84.83,2.26,30.85,chatter,warning
cnc,4.59,54.45,49.25,83.09,2.01,25.36,spindle_misalignment,fault
cnc,2.13,36.02,31.82,60.17,2.09,25.91,chatter,warning
cnc,0.72,43.65,31.15,55,2.11,30.25,cutting_overload,running
cnc,3.05,57.52,58.87,92.86,2,27.92,spindle_misalignment,warning
cnc,2.4,58.16,50.32,105.47,2.13,25.92,chatter,warning
cnc,4.57,57.03,44.91,74.59,2.09,28.98,spindle_misalignment,fault
cnc,5.16,56.02,61.66,88.31,1.91,30.57,spindle_misalignment,fault
cnc,2.81,45.44,45.85,77.12,2.03,28.95,spindle_misalignment,warning
cnc,3.48,58.36,57.09,88.88,2.24,30.5,spindle_misalignment,warning
cnc,1.49,79.72,66.2,83.8,1.93,34.72,cutting_overload,warning
cnc,0.84,50.86,49.08,90.99,1.79,26.6,none,running
cnc,1.27,74.72,71.89,80.16,2.05,29.95,cutting_overload,fault
cnc,1.99,26.14,29.81,61.77,2.07,28.08,chatter,running
cnc,1.74,88.56,75.8,90.23,2.01,36.11,cutting_overload,fault
cnc,1.81,82.47,67.12,88.7,1.87,34.83,cutting_overload,warning
cnc,3.75,46.29,41.52,78.97,2.05,28.67,spindle_misalignment,warning
cnc,0.69,29.23,28.02,55.84,2.1,25.78,none,running
cnc,0.73,27.75,31.12,55,1.87,47.29,coolant_failure,fault
cnc,1.79,60.8,59.59,84.49,2.11,40.68,coolant_failure,fault
cnc,4.3,56.56,58.08,91.24,2.17,26.58,spindle_misalignment,warning
cnc,1.15,47.81,48.99,85.4,1.97,25.67,none,running
cnc,0.79,45.23,38.71,71.2,2.04,27.77,none,running
cnc,0.79,36.13,36.4,69.68,2.07,26.7,none,running
cnc,1.61,24.56,28.56,55,2.08,27.59,chatter,running
cnc,0.89,45.62,46.55,83.94,1.94,25.31,none,running
cnc,0.75,49.43,41.02,81.8,1.99,26.62,none,running
cnc,0.9,49.42,46.76,81.32,2.13,28.15,none,running
cnc,2.92,40.77,45.93,70.54,1.99,26.53,spindle_misalignment,warning
cnc,1.85,73.18,65.51,78.8,2.13,35.21,cutting_overload,warning
cnc,2.6,52.27,50.59,99.41,1.88,27.88,chatter,warning
cnc,2.36,38.46,36.41,55,2.01,29.41,spindle_misalignment,warning
cnc,1.04,50.56,46.24,89.98,1.87,26.16,none,running
cnc,3.99,62.3,52.5,97.61,1.98,32.33,spindle_misalignment,warning
cnc,3.5,57.26,51.01,83.49,1.97,29.21,spindle_misalignment,warning
cnc,0.9,47.5,42.35,74.62,1.81,27.5,none,running
cnc,2.96,43.92,50.71,80.95,2.02,29.7,spindle_misalignment,warning
cnc,0.84,44.93,39.82,72.38,2.25,26.29,none,running
cnc,1.71,76.47,70.99,87.38,1.88,32.82,cutting_overload,fault
cnc,2.38,103.45,74.49,88.46,1.95,33.15,cutting_overload,fault
cnc,0.87,24.21,26.32,55,2.19,45.14,cutting_overload,fault
cnc,2.6,43.77,48.16,81.91,2.18,29.23,chatter,warning
cnc,1.39,49.01,56.64,80.75,1.92,37.5,coolant_failure,warning
cnc,1.94,95.53,75.61,82.39,1.89,35.25,cutting_overload,fault
cnc,2.41,51.3,44.65,92.42,2.15,26.03,cutting_overload,warning
cnc,2.23,76.46,60.24,82.39,1.86,32.54,cutting_overload,warning
cnc,2.08,87.8,61.97,74.97,1.86,35.94,cutting_overload,warning
cnc,2.74,57.52,49.47,95.28,2.14,26.49,chatter,warning
cnc,2.16,44.31,48.98,89.57,1.95,29.34,chatter,warning
cnc,0.88,41.91,43.85,78.75,2.23,25.5,none,running
cnc,0.9,50.59,39.99,55,1.99,28.3,cutting_overload,running
cnc,3.09,57.32,57.66,104.71,2.22,28.42,chatter,warning
cnc,3.26,59.71,50.48,110,2.02,27.78,chatter,warning
cnc,1.09,48.71,51.24,72.22,1.96,43.05,coolant_failure,fault
cnc,1.89,29.03,29.52,60.4,1.77,26.21,chatter,running
cnc,0.95,46.84,43.41,72.04,1.83,28.96,none,running
cnc,0.82,42.75,40.46,75.05,2.05,26.59,none,running
cnc,1.42,55.49,55.58,86.43,1.89,35.62,coolant_failure,warning
cnc,0.86,42.21,38.79,78.92,2.03,26.24,none,running
cnc,1.23,49.48,51.51,80.54,1.96,35.94,coolant_failure,warning
cnc,1.36,45.83,47.37,70.38,1.85,35.15,coolant_failure,warning
cnc,1.81,65.29,64.62,91.84,2.26,39.5,cutting_overload,warning
cnc,2.03,36.83,35.65,57.7,2.07,27.51,spindle_misalignment,warning
cnc,2.22,39.41,35.69,67.23,2.17,28.65,chatter,warning
cnc,1.93,33.28,29.95,55.61,2.06,29.53,cutting_overload,running
cnc,1.41,43.73,48.99,70.63,1.95,44.09,coolant_failure,fault
cnc,1.03,48.51,48.37,69.85,2.06,42.44,coolant_failure,fault
cnc,1.36,48.34,52.58,78.07,2.18,37.73,coolant_failure,warning
cnc,2.91,54.37,52.28,105.62,1.99,29.44,chatter,warning
cnc,3.65,61.48,54.72,86.01,2.09,28.3,spindle_misalignment,warning
cnc,1.3,59.39,70.31,92.32,2.11,46.68,coolant_failure,fault
cnc,2.51,59.54,51.82,101.58,1.95,24.67,chatter,warning
cnc,2.09,81.94,67.91,84.74,2,30.75,cutting_overload,warning
cnc,3.58,59.07,55.25,90.56,2.13,29.09,spindle_misalignment,warning
cnc,1.75,56.8,66.29,79.51,2.08,42.09,coolant_failure,fault
cnc,4.32,55.85,52.88,93.32,1.9,31.72,spindle_misalignment,warning
cnc,1.49,54.41,51.07,81.06,1.87,39.48,coolant_failure,warning
cnc,1,49.63,52.93,81.76,2.02,36.25,coolant_failure,warning
cnc,1.15,38.66,30.79,55,1.93,31.55,cutting_overload,running
cnc,3.86,59.13,53.74,92.06,1.84,29.57,spindle_misalignment,warning
cnc,2.25,93.55,76.13,91.98,2,30.97,cutting_overload,fault
cnc,4.18,57.95,57.06,86.42,2.01,29.1,spindle_misalignment,warning
cnc,2.15,52.83,56.47,104.84,2.08,30.08,chatter,warning
cnc,4.93,62.75,58.1,91.72,2.14,25.45,spindle_misalignment,fault
cnc,4.04,55.54,54.74,88.57,1.84,28.27,spindle_misalignment,warning
cnc,2.78,52.63,45.62,89.07,2.12,25.34,chatter,warning
cnc,1.88,85.72,79.65,94.28,2.02,34.06,cutting_overload,fault
cnc,0.92,43.03,49.8,73.39,1.79,39.08,coolant_failure,warning
cnc,1.96,53.1,48.89,103.59,1.87,30,chatter,warning
cnc,1.19,51.9,34.66,55,1.94,32.74,cutting_overload,running
cnc,3.18,46.97,48.32,107.04,2.09,26.85,chatter,warning
cnc,1.58,26.08,24.59,55,1.96,26.86,chatter,running
cnc,3.81,44.21,40.23,73.87,1.9,28.82,spindle_misalignment,warning
cnc,3.25,61.68,52.71,80.67,2.03,29.07,spindle_misalignment,warning
cnc,1.96,46.22,48.04,100.76,2.24,26.19,chatter,warning
cnc,1.02,50.73,50.35,94.08,2.26,26.75,none,warning
cnc,0.92,46.19,43.68,78.11,2.06,27.24,none,running
cnc,3.38,49.55,49.62,83.4,1.82,31.39,spindle_misalignment,warning
cnc,1.18,36.98,48.13,59.04,2.25,43.63,coolant_failure,fault
cnc,2.7,75.25,61.26,90.98,2.16,31.15,cutting_overload,warning
cnc,1.39,48.48,50.2,69.64,1.91,41.21,coolant_failure,fault
cnc,2.28,49.34,48.74,94.77,1.77,26.69,chatter,warning
cnc,1.48,82.09,81.85,90.21,2.07,31.62,cutting_overload,fault
cnc,1.9,29.57,26.62,55,2.17,26.02,spindle_misalignment,running
cnc,1.63,50.04,56.16,78.12,2.07,42.18,coolant_failure,fault
cnc,1.43,53.07,46.34,61.59,1.98,35.03,cutting_overload,warning
cnc,3.27,55.14,56.37,108.92,2.07,27.61,chatter,warning
cnc,0.87,50.87,49.89,84.97,2.04,27.63,none,running
cnc,1.64,57.86,71.84,96.56,1.94,39.37,cutting_overload,fault
cnc,3.88,47.46,48.36,89.53,1.97,30.23,spindle_misalignment,warning
cnc,1.56,87.64,77.07,89.71,1.97,33.45,cutting_overload,fault
cnc,1.16,49.97,48.69,89.49,1.79,27.46,none,running
cnc,3.9,44.73,48.85,80.85,1.96,28.53,spindle_misalignment,warning
cnc,2.81,57.84,54.44,105.35,1.86,25.06,chatter,warning
cnc,0.7,33.55,28.96,55,2,26.29,none,running
cnc,3,59.6,50.94,102.14,2,27.28,chatter,warning
cnc,1.71,42.79,36.63,70.02,2.14,25.56,chatter,running
cnc,1.73,68.8,54.19,73.43,1.85,29.83,cutting_overload,running
cnc,4,70.43,63.43,99.6,2.04,26.29,spindle_misalignment,warning
cnc,0.94,44.07,38.53,70.75,2.04,25.54,none,running
cnc,1.2,59.95,41.09,60.33,2.19,35.11,cutting_overload,warning
cnc,0.76,41.63,37.09,71.16,2.13,25.54,none,running
cnc,1.17,50.93,59.62,76.94,2.13,39.09,coolant_failure,warning
cnc,1.91,38.03,30.19,55,1.94,30.19,spindle_misalignment,running
cnc,2.72,53.43,38.95,84.86,2.04,28.97,chatter,warning
cnc,2.63,43.93,44.93,81.89,1.85,28.75,chatter,warning
cnc,1.11,35.88,38.39,55,2.19,36.74,coolant_failure,warning
cnc,2.27,50.43,48.65,94.23,2.23,29.16,chatter,warning
cnc,3.78,44.19,44.51,74.01,1.91,26.3,spindle_misalignment,warning
cnc,1.42,66.52,68.4,96.52,2.14,39.11,coolant_failure,warning
cnc,2.39,35.13,38.42,64.02,2.02,30.39,spindle_misalignment,warning
cnc,1.47,56.99,57.78,94.94,1.88,40.25,coolant_failure,fault
cnc,1.61,58.69,64.89,95,2,38.18,coolant_failure,warning
cnc,0.78,34.64,34.24,55,2.2,41.23,coolant_failure,fault
cnc,0.97,53.2,52.89,85.94,2.09,28.16,none,running
cnc,0.99,54.42,50.04,88.33,2.05,27.45,none,running
cnc,1.89,51.23,46.06,93.43,2.12,28.49,chatter,warning
cnc,1.89,58.98,73.26,91.76,2.14,44.6,coolant_failure,fault
cnc,1.88,91.43,53.62,80.6,1.98,33.54,cutting_overload,warning
cnc,0.85,24.82,27.39,55,2.22,45.4,coolant_failure,fault
cnc,3.25,54,50.37,78.29,1.75,29.31,spindle_misalignment,warning
cnc,2.63,65.91,63.43,104.19,1.9,26.96,chatter,warning
cnc,1.38,79.64,60.82,73.56,2.07,32.97,cutting_overload,warning
cnc,0.84,52.16,45.35,86.2,1.93,27.43,none,running
cnc,3.42,57.26,50.55,76.37,1.99,27.6,spindle_misalignment,warning
cnc,1.74,27.39,23.63,55,2.15,25.95,spindle_misalignment,running
cnc,0.85,41.68,39.48,71.39,1.93,27.58,none,running
cnc,5.15,70.62,57.53,95.97,1.84,25.21,spindle_misalignment,fault
cnc,1.18,28.12,22.16,55,1.86,27.1,chatter,running
cnc,1.35,70.34,63.03,75.59,1.95,37.46,cutting_overload,warning
cnc,1.41,48.11,50.85,81.15,2.16,35.17,coolant_failure,warning
cnc,1.69,40.39,37.41,71.06,1.92,27.03,chatter,running
cnc,1.54,58.84,61,87.42,2.11,34.04,coolant_failure,warning
cnc,1.65,58.68,60.13,97.25,1.96,35.1,coolant_failure,warning
cnc,2.24,79.28,78.69,89.42,2.2,31.21,cutting_overload,fault
cnc,1.8,101.43,66.28,91.14,2.19,33.16,cutting_overload,warning
cnc,1.39,32.09,32.55,61.47,2.08,25.87,chatter,running
cnc,4.11,52.08,51.23,95.5,1.99,28.37,spindle_misalignment,warning
cnc,2.44,32.21,24.06,55,1.86,27.19,spindle_misalignment,warning
cnc,1.1,56.45,61.99,91.15,1.79,40.88,coolant_failure,fault
cnc,1.5,41.74,47.18,73.1,2.09,34.95,coolant_failure,warning
cnc,3.9,67.58,55.41,89.84,1.82,27.94,spindle_misalignment,warning
cnc,1.54,99.03,73.49,94.07,1.99,37.2,cutting_overload,fault
cnc,2.03,101.33,70.58,95.58,2.15,31.12,cutting_overload,fault
cnc,1.01,50.61,48.05,88.54,1.86,29.33,none,running
cnc,0.49,21.79,21.92,55,2.09,27.09,none,running
cnc,0.91,42.33,44.04,81.75,1.95,26.43,none,running
cnc,1.56,52.34,57.76,83.86,2.2,37.49,coolant_failure,warning
cnc,3.12,49.13,48.75,78.56,1.85,28.46,spindle_misalignment,warning
cnc,1.41,60.98,67.05,97.04,2.17,43.5,coolant_failure,fault
cnc,1.37,77.15,62.81,75.16,2.15,30.78,cutting_overload,warning
cnc,1.68,62.97,62.4,90.35,1.94,42.31,coolant_failure,fault
cnc,4.59,57.11,46.66,79.75,1.85,24.92,spindle_misalignment,fault
cnc,0.94,49.75,45.29,87.74,1.9,25.33,none,running
cnc,1.83,71.96,53.32,81.66,2.01,30.34,cutting_overload,running
cnc,2.65,49.2,50.48,105.2,1.89,28.2,chatter,warning
cnc,3.9,55.02,48.85,88.58,2.08,25.65,spindle_misalignment,warning
cnc,2.33,80.32,72.26,92.37,2.24,34.79,cutting_overload,fault
cnc,3.01,53.45,52.6,108.49,2.22,28.62,chatter,warning
cnc,2.46,91.56,74.59,93.98,2.07,35.03,cutting_overload,fault
cnc,1.65,74.06,75.16,93.52,2.06,30.7,cutting_overload,fault
cnc,3.56,52.94,52.48,110,2.08,25.83,chatter,warning
cnc,0.66,28,30.69,55,2.03,42.01,coolant_failure,fault
cnc,2.7,45.52,48.11,87.65,1.85,27.26,chatter,warning
cnc,2.93,60.02,53.05,102.76,2.07,27.36,chatter,warning
cnc,1.31,53.82,38.97,55,2.15,36.54,cutting_overload,warning
cnc,0.56,29.89,25.67,55,2.04,25.97,none,running
cnc,0.81,48.36,45.62,81.13,2.04,27.45,none,running
cnc,2.81,43.61,50.81,77.08,1.92,30.61,spindle_misalignment,warning
cnc,2.05,31.62,25.01,55,1.87,29.81,spindle_misalignment,warning
cnc,2.48,100.63,81.52,94.12,2.09,32.61,cutting_overload,fault
cnc,2.69,63.06,50.7,101.05,1.89,30.28,chatter,warning
cnc,2.54,35.69,30.24,56.08,1.98,27.89,spindle_misalignment,warning
cnc,1.02,32.56,34.88,55,2.04,35.86,coolant_failure,warning
cnc,0.68,31.41,31.58,55,2.09,35.73,coolant_failure,warning
cnc,1.2,51.83,37.29,55,1.99,34.29,cutting_overload,warning
cnc,1.17,49.27,32.77,55,1.95,35.44,cutting_overload,warning
cnc,0.45,23.28,20.57,55,2.04,27.24,none,running
cnc,2.38,50.95,53.3,106.75,1.95,28.94,chatter,warning
cnc,1.07,51.23,47.46,87.45,1.91,27.54,none,running
cnc,2.79,49.47,54.49,110,2.07,27.74,chatter,warning
cnc,0.93,37.56,35.99,68.68,1.94,26.63,none,running
cnc,1.88,51.79,58.02,86.45,1.96,38.13,coolant_failure,warning
cnc,1.13,54.79,56.34,86.69,2.01,39.84,coolant_failure,warning
cnc,1.53,90,67.33,89.68,2.1,30.38,cutting_overload,warning
cnc,1.76,26.36,28.98,55,2.12,27.29,spindle_misalignment,running
cnc,0.97,44.51,45.1,77.92,1.88,27.5,none,running
cnc,1.02,56.54,43.35,61.29,2.25,30.22,cutting_overload,running
cnc,4.92,63.06,52.13,88.85,1.86,25.29,spindle_misalignment,fault
cnc,1.37,92.42,67.17,89.56,1.85,33.86,cutting_overload,warning
cnc,3.91,65.76,63.73,98.44,1.93,29.09,spindle_misalignment,warning
cnc,1.79,60.97,68.81,98.91,1.94,35.4,coolant_failure,warning
cnc,3.76,43.93,48.77,88.16,2.01,28.53,spindle_misalignment,warning
cnc,1.53,52.42,63.83,95.81,2.15,40.47,coolant_failure,fault
cnc,5.4,64.56,53.49,98.61,1.95,25.35,spindle_misalignment,fault
cnc,2.86,36.43,30.06,55,2.08,24.79,spindle_misalignment,warning
cnc,2.07,35.54,26.9,55,1.78,29.78,spindle_misalignment,warning
cnc,4.66,59.54,46.2,90.06,1.92,28.19,spindle_misalignment,fault
cnc,2.01,93,73.17,97.23,2.03,31.76,cutting_overload,fault
cnc,2.65,58.47,47.48,98.53,2.22,27.39,chatter,warning
cnc,3.11,42.39,40.37,58.89,2,26.63,spindle_misalignment,warning
cnc,0.84,41.9,36.95,69.33,1.96,27.86,none,running
cnc,1.74,81.3,66.77,85.16,2.1,33.52,cutting_overload,warning
cnc,2.21,46.83,39.74,82.55,2.2,29.55,chatter,warning
cnc,1.14,47.14,53.41,78.14,1.93,36.98,coolant_failure,warning
cnc,1.09,49.71,56.66,82.15,1.94,43.55,coolant_failure,fault
cnc,0.92,53.29,49.21,84.63,2.09,29.25,none,running
cnc,3.42,53.26,60.22,102.34,2.22,27.66,chatter,warning
cnc,1.41,27.01,25.55,55,2.01,28.77,chatter,running
cnc,1.67,46.04,56.79,74.68,1.85,41.35,coolant_failure,fault
cnc,3.23,56.48,52.4,106.49,1.94,28.79,chatter,warning
cnc,0.93,40.65,32.94,55,2.11,34.14,coolant_failure,warning
cnc,2.18,23.27,22.07,55,1.93,31.41,spindle_misalignment,warning
cnc,2.68,56.34,50.49,100.3,2.13,26.23,chatter,warning
cnc,2.15,43.78,44.43,88.57,2.02,27.87,chatter,warning
cnc,1.06,47.53,42.29,81.16,2.1,26.53,none,running
cnc,1.92,40.87,44.33,82.42,1.92,27.85,chatter,running
cnc,0.87,43.09,37.32,75.22,2.06,27.36,none,running
cnc,1.71,55.38,63.3,87.02,2.13,46.95,coolant_failure,fault
cnc,2.59,30.6,29.57,55,1.89,26.74,spindle_misalignment,warning
cnc,0.85,47.5,43.82,81.73,2,25.62,none,running
cnc,1.63,50.47,56.35,81.38,2.03,44.32,coolant_failure,fault
cnc,0.98,47.83,46.28,83.7,1.99,25.04,none,running
cnc,3.12,57.69,53.86,94.82,2.08,26.44,chatter,warning
cnc,1.51,48.62,53.34,80.88,2.01,45.51,coolant_failure,fault
cnc,3.44,52.66,44.98,88.19,2.29,27.95,spindle_misalignment,warning
cnc,2.25,37.73,36.56,73.57,2.06,28.26,chatter,warning
cnc,1.59,102.96,68.56,96.94,2.28,31.59,cutting_overload,warning
cnc,3.74,51.69,53.8,86.77,1.87,27.15,spindle_misalignment,warning
cnc,2.8,59.93,48.29,75.58,2.15,25.56,spindle_misalignment,warning
cnc,2.21,56.24,51.08,106.34,2.07,30.76,chatter,warning
cnc,0.89,37.06,35.76,55,1.98,37.37,coolant_failure,warning
cnc,1.87,44.11,46.14,88.91,2.04,26.6,chatter,running
cnc,2.27,32.49,27.34,55,2.15,28.61,spindle_misalignment,warning
cnc,2.25,45.13,45.07,102.73,1.98,27.34,chatter,warning
cnc,0.79,40.36,39.53,67.67,2.03,27.09,none,running
cnc,2.07,105.66,72.89,98.1,2.06,33.22,cutting_overload,fault
cnc,0.89,54.25,33.51,55,2.06,30.5,cutting_overload,running
cnc,1.13,50.12,49.67,86.21,1.99,25.08,none,running
cnc,1.46,21.19,23.5,55,2.18,28.87,chatter,running
cnc,1.13,52.35,50.64,92.22,1.96,27.62,none,warning
cnc,2.06,84.77,59.06,83.84,2.01,31.04,cutting_overload,warning
cnc,1.27,47.9,61.07,84.42,2.22,38.21,coolant_failure,warning
cnc,0.75,45.47,40.62,73.59,2.02,25.8,none,running
cnc,1.99,33.28,31.66,55,1.86,30.39,spindle_misalignment,running
cnc,5.04,59.67,64.88,97.99,2.15,26.73,spindle_misalignment,fault
cnc,0.98,43.16,44.76,75.65,2.19,27.75,none,running
cnc,2.83,36.25,31.66,55,1.91,31.12,spindle_misalignment,warning
cnc,2.18,48.52,47.18,84.65,1.89,26.47,chatter,warning
cnc,4.43,52.16,44.85,86.84,2.13,27.95,spindle_misalignment,warning
cnc,2.43,81.84,78.09,92.22,1.95,32.58,cutting_overload,fault
cnc,1.94,83.4,62.66,78.39,2.02,31,cutting_overload,warning
cnc,2.49,94.94,64.29,92.61,1.81,36.08,cutting_overload,warning
cnc,4.08,72.24,58.63,92.76,1.82,31.57,spindle_misalignment,warning
cnc,3.34,38.49,38.39,64.19,2.01,28.64,spindle_misalignment,warning
cnc,2.89,45.82,44.58,80.3,2.07,29.63,spindle_misalignment,warning
cnc,0.83,55.94,43.46,84.51,1.86,25.71,none,running
cnc,3.96,57.14,63.78,87.31,2.06,29.9,spindle_misalignment,warning
cnc,2.71,42.16,43.61,77.1,1.91,28.64,spindle_misalignment,warning
cnc,0.69,42.61,36.65,70.33,2.05,26.16,none,running
cnc,1.38,72.96,61.82,74.56,2.22,30.9,cutting_overload,warning
cnc,1.82,43.68,37.35,69.29,2.1,27.13,chatter,running
cnc,3.82,57.39,51.72,89.02,2.09,28.87,spindle_misalignment,warning
cnc,1.62,57.74,63,86.71,2.15,43.63,coolant_failure,fault
cnc,2.11,44.29,41.88,82.9,1.93,29.06,chatter,warning
cnc,0.88,48.21,48.45,91.89,2.16,26.93,none,running
cnc,1.46,43.89,54.5,71.37,2.14,42.99,coolant_failure,fault
cnc,1.38,63.36,53.16,78.29,1.96,31.68,cutting_overload,running
cnc,4.37,46.89,42.3,81.83,2.06,30.95,spindle_misalignment,warning
cnc,4.8,69.09,50.65,83.4,1.78,27.21,spindle_misalignment,fault
cnc,1.43,50.81,54.61,81.53,2.01,41.19,coolant_failure,fault
cnc,1.64,65.53,61.47,76.88,2.12,36.05,cutting_overload,warning
cnc,5.38,69.54,56.68,95.46,2.25,26.98,spindle_misalignment,fault
cnc,1.45,51.52,63.91,82.34,2.07,42.69,coolant_failure,fault
cnc,2.78,43.55,40.38,88.65,2.02,29.33,chatter,warning
cnc,0.38,23.27,21.16,55,2.09,27.5,none,running
cnc,0.88,49.08,40.07,82.47,1.88,27.49,none,running
cnc,1.39,80.68,61.54,94.76,1.92,36.12,cutting_overload,warning
cnc,1.55,46.18,64.24,81.55,2.18,35.54,coolant_failure,warning
cnc,3.52,46.31,47.22,79.64,1.85,31.35,spindle_misalignment,warning
cnc,3.27,60.35,53.99,99.56,2.03,29.83,chatter,warning
cnc,0.87,47.56,44.86,80.17,2.11,25.47,none,running
cnc,1.41,36.23,39.72,74.72,1.99,30.09,chatter,running
cnc,2.68,52.72,49.61,104.1,2.13,28.73,chatter,warning
cnc,0.92,46.31,42.53,78.55,1.93,27.03,none,running
cnc,2.11,73.39,64.9,74.88,2.06,31.27,cutting_overload,warning
cnc,0.86,32.04,38.55,55,1.99,35.22,coolant_failure,warning
cnc,2.64,35.78,34.53,55,2.11,27.77,spindle_misalignment,warning
cnc,2,85.09,70.43,92.93,1.91,28.93,cutting_overload,fault
cnc,1.58,49.09,58.63,80.69,2.24,40.92,coolant_failure,fault
cnc,0.91,45.36,39.93,81.43,1.85,26.48,none,running
cnc,1.4,71.35,61.81,81.38,2.15,31.65,cutting_overload,warning
cnc,1.77,84.43,79.54,94.16,1.99,33.23,spindle_misalignment,fault
cnc,5.07,56.27,53.19,91.15,1.93,31.17,spindle_misalignment,fault
cnc,2.2,94.94,77.45,95.11,2.03,33.08,cutting_overload,fault
cnc,1.24,56.23,66.43,91.26,2.06,42.44,coolant_failure,fault
cnc,1.99,72.35,64.66,78.2,1.95,36.73,cutting_overload,warning
cnc,2.69,41.82,50.69,77.26,2.01,28.75,spindle_misalignment,warning
cnc,2.2,44.54,39.66,63.19,1.88,30.97,spindle_misalignment,warning
cnc,2.1,85.24,71.17,100.24,2.03,36.05,cutting_overload,fault
cnc,1.65,49.86,52.73,74.27,2.3,43.85,coolant_failure,fault
cnc,1.53,46.33,56.34,77.05,2.04,37.26,coolant_failure,warning
cnc,2.41,49.3,47.05,89.72,2.07,26.86,chatter,warning
cnc,1.85,91.62,68.78,90.33,1.9,36.93,cutting_overload,warning
cnc,1.26,61.37,62.17,88.92,2.19,39.63,cutting_overload,warning
cnc,1.43,48.96,54.54,69.04,1.98,44.2,coolant_failure,fault
cnc,0.93,51.67,58.8,79.82,2.26,34.13,coolant_failure,warning
cnc,2.31,54.01,53.53,107.38,1.91,27.96,chatter,warning
cnc,2.2,34.22,32.26,61.03,2.1,30.68,spindle_misalignment,warning
cnc,1.26,53.02,54.63,79.29,2.16,42.39,coolant_failure,fault
cnc,1.59,27.49,32.78,57.77,2.04,28.9,cutting_overload,running
cnc,1.95,50.05,65.88,92.05,2.16,36.2,coolant_failure,warning
cnc,1.11,48.26,56.48,73.02,1.89,35.67,coolant_failure,warning
cnc,4.47,64.76,45.37,86.43,2.13,28.91,spindle_misalignment,warning
cnc,0.82,45.25,40.86,75.41,1.89,26.33,none,running
cnc,1.66,53.97,56.86,88.19,2.17,36.9,coolant_failure,warning
cnc,1.17,50.95,47.31,89.97,1.95,25.32,none,running
cnc,1.29,50.93,63.23,79.74,1.94,45.04,coolant_failure,fault
cnc,0.9,41.67,39.41,70.01,2,28.97,none,running
cnc,0.55,28.24,32.28,55,2.17,35.78,coolant_failure,warning
cnc,3.06,47.81,49.54,89.5,1.85,26.51,chatter,warning
cnc,4.83,63.38,53.65,91.44,1.95,28.86,spindle_misalignment,fault
cnc,2.54,53.17,56.22,103.77,2.06,30.44,chatter,warning
cnc,0.96,39.55,38.25,73.35,1.91,27.38,none,running
cnc,2.66,57.33,53.25,103.82,2.02,27.44,chatter,warning
cnc,1.51,54.68,59.04,80.54,2.21,34.88,coolant_failure,warning
cnc,3.98,65.84,58.68,91.6,2.05,28.81,spindle_misalignment,warning
cnc,1.62,53.46,61.1,90.9,2.17,43.87,coolant_failure,fault
cnc,0.46,20.13,20,55,2.22,28.76,none,running
cnc,0.62,34.57,28.46,55.33,2.02,26.76,none,running
cnc,1.53,76.05,67.6,93.31,2.03,33.68,cutting_overload,warning
cnc,1.08,33.08,29.91,55,2.22,30.62,cutting_overload,running
cnc,1.58,79.04,67.25,90.86,2.04,33.41,cutting_overload,warning
cnc,3.27,37.97,35.67,66.48,2.12,28.04,spindle_misalignment,warning
cnc,1.39,55.38,61.17,80.25,2.03,41.86,coolant_failure,fault
cnc,2.45,95.07,73.11,93.3,2.12,38.69,cutting_overload,fault
cnc,0.61,31.38,28.56,55,1.91,35.68,coolant_failure,warning
cnc,0.97,53.18,53.28,76.11,1.81,32.36,coolant_failure,running
cnc,3.79,47.49,58.14,85.85,1.98,28.24,spindle_misalignment,warning
cnc,1.14,51.65,60.41,83.86,2.16,36.75,coolant_failure,warning
cnc,1.44,45.31,51.19,76.83,2.04,36.11,coolant_failure,warning
cnc,0.41,22.41,20,55,2.11,27.04,none,running
cnc,2.73,58.4,46.11,87.51,1.89,28.7,spindle_misalignment,warning
cnc,0.81,25.18,26.7,55,2.12,36.44,coolant_failure,warning
cnc,0.93,45.23,40.74,72.43,1.93,26.51,none,running
cnc,4.13,54.08,50.14,86.08,2.04,28.48,spindle_misalignment,warning
cnc,0.81,38.83,36.79,73.46,2.29,26.63,none,running
cnc,3.45,56.62,50.33,105.84,2.02,28.29,chatter,warning
cnc,1.51,89.78,64.73,79.73,2.02,33.91,cutting_overload,warning
cnc,3.06,49.42,45.13,95.43,2.13,25.75,chatter,warning
cnc,1.39,95.63,60.61,79.8,2.18,36.82,cutting_overload,warning
cnc,0.97,50.47,47.94,82.52,2,28.35,none,running
cnc,1.79,34.67,34.55,73.85,2.05,26.33,chatter,running
cnc,0.88,41.85,42.22,78.07,2.07,26.02,none,running
cnc,0.76,45.69,37.53,72.9,1.96,27.22,none,running
cnc,3.36,48.76,57.79,88.28,2,31.49,spindle_misalignment,warning
cnc,0.88,35.15,45.63,60.26,1.98,44,coolant_failure,fault
cnc,3.69,60.2,57.32,92.69,2,25.86,coolant_failure,warning
cnc,2.06,90.53,76.12,103.73,1.86,31.96,cutting_overload,fault
cnc,1.42,47.21,40.85,61.72,1.9,31.68,cutting_overload,running
cnc,1.7,26.41,24.34,55,2.04,25.31,spindle_misalignment,running
cnc,1.11,50.13,55.74,86.14,2.18,42.03,coolant_failure,fault
cnc,0.78,38.72,34.88,70.78,1.85,28.18,none,running
cnc,1.8,82.96,56.59,77.16,2.07,35.9,cutting_overload,warning
cnc,3.27,37.49,33.62,57.7,2.2,30.53,spindle_misalignment,warning
cnc,1.92,40.54,34.83,63.53,2.26,27.01,chatter,running
cnc,0.61,32.02,28.63,56.28,1.79,28.32,none,running
cnc,0.89,41.51,43.31,81.33,1.89,28.43,none,running
cnc,3.18,59.63,45.68,97.94,2.02,27.79,chatter,warning
cnc,2.23,52.76,41.42,86.32,1.89,26.17,chatter,warning
cnc,0.82,39.93,39.02,68.42,2.1,27.22,none,running
cnc,1.16,52.55,51.42,88.42,2.17,27.8,none,running
cnc,3.54,53.28,52.45,104.58,2.21,27.13,chatter,warning
cnc,1.73,27.54,31.81,64.71,1.95,26.57,chatter,running
cnc,1.39,45.09,57.16,74.83,2.22,42.18,coolant_failure,fault
cnc,2.13,27.94,29.81,55,2.02,31.75,spindle_misalignment,warning
cnc,0.73,25.09,29.99,55,1.93,43.64,coolant_failure,fault
cnc,1.55,87.91,60.82,81.33,2,30.79,cutting_overload,warning
cnc,2.42,35.55,32.82,55,2.08,28.42,spindle_misalignment,warning
cnc,0.95,23.33,26.02,55,2.3,28.93,chatter,running
cnc,1.71,74.04,58.72,84.37,2.13,34.04,cutting_overload,warning
cnc,2.98,53.39,45.47,96.6,2.12,29.34,chatter,warning
cnc,0.89,44.26,44.4,79.8,2.13,26.8,none,running
cnc,4.86,60.32,53.87,90.04,2.05,27.28,spindle_misalignment,fault
cnc,2.21,79.04,77.16,84.62,2.08,34.6,cutting_overload,fault
cnc,2.46,56.14,53.47,104.03,1.97,29.19,chatter,warning
cnc,0.86,40.45,36.86,71.74,1.72,26.81,none,running
cnc,1.95,94.72,84.06,92.96,1.9,35.87,cutting_overload,fault
cnc,1.5,29.22,23.74,55,2.19,29.25,chatter,running
cnc,1.9,63.11,66.6,92.72,1.89,41.54,coolant_failure,fault
cnc,2.28,42.6,32.91,64.92,2.12,26.07,spindle_misalignment,warning
cnc,1.61,31.4,31.94,63.99,2.19,28.34,chatter,running
cnc,2.31,54.69,50.14,96.36,2.05,26.18,chatter,warning
cnc,1.35,44.41,54.18,79.01,2.05,41.54,coolant_failure,fault
cnc,3.64,54.06,44.31,84.79,1.76,32.37,spindle_misalignment,warning
cnc,1.65,50.69,60.18,77.72,1.96,36.19,coolant_failure,warning
cnc,2.06,47.63,43.96,86.72,1.91,27.86,chatter,warning
cnc,0.94,50.05,42.92,80.72,2.02,29.48,none,running
cnc,1.83,87.46,72.42,81.29,1.86,35.22,cutting_overload,fault
cnc,1.5,81.6,70.31,83.97,1.91,32.2,cutting_overload,fault
cnc,2.62,34.68,30.41,59.19,2.07,27.03,spindle_misalignment,warning
cnc,1.8,37.49,27.5,55,2.21,28.07,spindle_misalignment,running
cnc,1.37,58.46,62.38,83.31,2.13,43.79,coolant_failure,fault
cnc,2.61,55.55,53.94,110,1.82,26.01,chatter,warning
cnc,2.12,47.26,51.19,107.93,2.32,25.7,chatter,warning
cnc,3.17,55.38,56.26,110,2.04,25.66,chatter,warning
cnc,2.15,93.6,68.84,89.28,1.86,34.68,cutting_overload,warning
cnc,2.14,66.29,69.28,79.75,2.05,29.67,cutting_overload,warning
cnc,1.67,77.22,65.71,80.35,2.14,35.3,cutting_overload,warning
cnc,4.18,62.61,53.52,87.62,2.03,29.76,spindle_misalignment,warning
cnc,0.6,25.26,25.41,55,2.14,27.52,none,running
cnc,3.21,48.05,40.73,71.25,2.04,30.77,spindle_misalignment,warning
cnc,0.94,43.22,43.72,64.52,2.1,38.99,coolant_failure,warning
cnc,2.39,62.74,59.42,110,2.23,26.3,chatter,warning
cnc,1.89,39.69,37.99,66.17,2.07,29.69,chatter,running
cnc,1.59,85.29,62.19,83.96,2.12,36.24,cutting_overload,warning
cnc,1.33,52.54,50.18,80.62,2.01,39.95,coolant_failure,warning
cnc,1.99,74.39,72.7,92.55,1.78,28.4,cutting_overload,fault
cnc,3.23,59.08,55.78,101.21,1.98,28.22,chatter,warning
cnc,1.09,48.18,46.1,92.03,1.9,25.26,none,warning
cnc,0.83,40.16,36.53,70.68,2.08,26.79,none,running
cnc,0.91,46.55,41.9,73.22,2.07,24.99,none,running
cnc,2.1,42.29,43.09,87.26,2.05,28.24,chatter,warning
cnc,1.25,43.24,35.64,55,2.06,35.08,cutting_overload,warning
cnc,0.96,50.99,37.39,55,2.1,32.31,cutting_overload,running
cnc,1.6,39.71,31.7,64.21,1.92,25.64,none,running
cnc,2.7,53.86,40.17,86.05,2.03,29.44,chatter,warning
cnc,2.58,53.7,42.95,84.49,2,26.24,chatter,warning
cnc,3.51,57.62,51.67,90.08,1.96,27.86,spindle_misalignment,warning
cnc,0.63,40.27,33.27,55,1.86,31.53,cutting_overload,running
cnc,1.03,45.69,41.13,76.86,2.12,27.28,none,running
cnc,1.07,51.52,54.14,77.71,2.1,41.98,coolant_failure,fault
cnc,3.45,60.87,51.63,110,2.11,26.21,chatter,warning
cnc,1.02,48.2,48.62,90.75,1.98,26.1,none,running
cnc,1.51,88.22,63.11,84.06,2.19,32.75,cutting_overload,warning
cnc,1.65,70.29,55.11,72.55,1.89,33.8,cutting_overload,running
cnc,1.7,69.86,60.77,79.38,2.08,31.37,cutting_overload,warning
cnc,2.83,58.96,59.37,110,2.07,29.2,chatter,warning
cnc,4.72,55.74,61.19,95.61,2.09,25.67,spindle_misalignment,fault
cnc,2.4,42.16,44.69,85.99,1.87,29.3,chatter,warning
cnc,1.87,46.68,45.33,95.53,1.88,27.85,chatter,warning
cnc,1.49,80.1,67.27,90.67,1.75,32.62,none,warning
cnc,1.11,26.76,22.68,55,1.93,30.14,chatter,running
cnc,3.92,54.51,40.16,74.72,2.19,27.62,spindle_misalignment,warning
cnc,1.32,33.6,34.77,59.46,2.04,30.38,chatter,running
cnc,1.07,62.13,54.95,83.25,2.04,44.77,coolant_failure,fault
cnc,1.56,54.57,52.65,74.77,1.83,40.2,coolant_failure,fault
cnc,1.44,52,56.72,79.37,2,37.48,coolant_failure,warning
cnc,0.86,42.91,43.07,76.67,1.81,27.12,none,running
cnc,0.58,28.8,28.81,55,2.01,36.02,coolant_failure,warning
cnc,0.75,41.98,40.58,76.74,2.01,25.72,none,running
cnc,1.13,52.29,36.1,55,2.14,32.72,cutting_overload,running
cnc,1.48,70.87,42.2,65.27,1.94,36.54,cutting_overload,warning
cnc,1.99,86.96,64.11,85.65,2.07,35.04,cutting_overload,warning
cnc,0.91,40.86,40.53,72.2,2.05,26.92,none,running
cnc,1.16,23.14,26.45,55,1.91,26.7,chatter,running
cnc,4.28,59.52,43.55,78.47,2.05,27.68,spindle_misalignment,warning
cnc,0.96,49.94,41.9,77.78,2.17,25.38,none,running
cnc,1.2,48.33,60.25,79.5,1.99,39.63,coolant_failure,warning
cnc,2.63,49.8,45.07,77.29,1.81,27.88,spindle_misalignment,warning
cnc,1.07,37.51,32.55,55,1.81,31.98,cutting_overload,running
cnc,1.92,47.94,39.57,90.5,1.98,29.08,chatter,running
cnc,2.45,47.56,49.46,96.48,1.8,29.04,chatter,warning
cnc,4.95,65.75,49.91,87.49,2.03,27.93,spindle_misalignment,fault
cnc,1.17,53.08,54.15,84,1.97,42.41,coolant_failure,fault
cnc,0.8,43.04,39.71,73,2.12,25.5,none,running
cnc,1.32,62.04,66.85,82.96,1.79,34.25,coolant_failure,warning
cnc,0.39,24.92,24.09,55,1.92,26.21,none,running
cnc,1.89,71.53,68.6,81.77,1.96,33.49,cutting_overload,warning
cnc,2.43,48.76,41.66,90.29,1.85,25.77,chatter,warning
cnc,1.86,62.95,73.68,93.34,1.93,32.23,coolant_failure,fault
cnc,3.73,56,50.58,79.34,1.75,31.91,spindle_misalignment,warning
cnc,1.41,28.29,22.16,55,1.89,28.03,chatter,running
cnc,0.79,47.67,45.31,78.51,2.1,28.1,none,running
cnc,2.7,55.94,52.11,101.02,1.75,30.41,chatter,warning
cnc,0.89,41.82,43.12,82.88,2.23,27.25,none,running
cnc,0.58,25.66,24.19,55,2.1,26.65,none,running
cnc,1.36,47.94,57.26,73.96,1.9,38.18,coolant_failure,warning
cnc,4.78,63.72,59.88,94.45,2.14,26.73,spindle_misalignment,fault
cnc,1.41,89.5,78.6,87.83,1.83,36.87,cutting_overload,fault
cnc,1.03,52.84,48.24,92.3,1.94,26.89,none,warning
cnc,1.19,66.89,51.75,69.61,1.88,31.47,cutting_overload,running
cnc,1.24,60.21,47.29,55,2.16,33.58,cutting_overload,running
cnc,0.93,45.29,45.79,83.86,1.89,26.27,none,running
cnc,0.91,38.01,39.66,55,2.07,34.41,coolant_failure,warning
cnc,0.98,62.03,45.89,59.01,1.86,30.17,cutting_overload,running
cnc,1.74,78.22,61.92,92.4,1.77,35.86,cutting_overload,warning
cnc,2.18,78.13,70.42,82.98,1.93,36.33,cutting_overload,fault
cnc,1.93,100.6,72.06,93.38,1.95,35.57,cutting_overload,fault
cnc,0.89,39.31,42.46,80.75,1.87,25.97,none,running
cnc,1.11,46.53,37.32,55,2.02,31.57,cutting_overload,running
cnc,0.87,41.95,35.5,55,2.06,35.7,cutting_overload,warning
cnc,1.51,112.63,66.75,88.75,1.81,32.6,cutting_overload,warning
cnc,3.21,62.45,58.39,101.08,2.12,26.41,chatter,warning
cnc,2.63,65.64,59.07,104.72,1.95,27.84,chatter,warning
cnc,1.26,45.65,52.58,80.69,2.09,36.46,coolant_failure,warning
cnc,1.58,48.81,59.91,73.32,2.16,36.04,coolant_failure,warning
cnc,0.98,42.8,32.51,55,2.11,34.88,cutting_overload,warning
cnc,1.08,53.65,48.18,85.67,1.88,26.4,none,running
cnc,2.96,57.36,44.29,99.1,1.94,29.46,chatter,warning
cnc,1.31,50.25,58.92,85.26,2.12,35.99,coolant_failure,warning
cnc,1,51.08,46.52,92.18,1.93,25.42,none,warning
cnc,1.67,54.51,54.12,84.71,1.8,38.4,coolant_failure,warning
cnc,2.15,91.59,59.97,85.18,2.28,31.86,cutting_overload,warning
cnc,2.64,39.6,49.39,94.62,1.99,27.69,chatter,warning
cnc,0.78,44.75,41.67,73.25,1.94,27.26,none,running
cnc,0.7,31.15,31.22,55,1.89,41,coolant_failure,fault
cnc,3.18,44.12,41.66,74.71,1.97,28.86,spindle_misalignment,warning
cnc,2.85,35.35,31.16,55,1.98,28.91,spindle_misalignment,warning
cnc,0.95,50.18,42.24,78.72,2.13,27.6,none,running
cnc,1.59,43.5,35.07,70.23,2.18,25.39,chatter,running
cnc,1.05,41.84,29.84,55,1.9,36.85,cutting_overload,warning
cnc,2.54,104.93,69.99,90.96,1.77,35.44,cutting_overload,warning
cnc,0.96,47.27,34.23,55,1.95,36.67,cutting_overload,warning
cnc,0.82,50.09,46.77,95.47,2.14,26.29,none,warning
cnc,2.01,47.79,44.65,95.49,2.01,28.01,chatter,warning
cnc,4.24,55.59,49.39,87.94,2.08,24.96,spindle_misalignment,warning
cnc,1.91,30.18,31.51,56.28,2.06,28.13,chatter,running
cnc,2.95,49.54,48.85,75.38,2.16,25.9,spindle_misalignment,warning
cnc,0.8,43.48,43.58,73.3,1.98,27.07,none,running
cnc,0.85,40.77,36.24,72.59,2.1,28.16,none,running
cnc,3.64,47.13,48.08,82.19,2.09,25.56,spindle_misalignment,warning
cnc,0.94,47.58,41.49,76.86,2.1,27.68,none,running
cnc,3.89,59.68,42.63,79.6,2.08,27.26,spindle_misalignment,warning
cnc,1.44,55.28,68.3,92.15,2.15,35.44,coolant_failure,warning
cnc,2.81,86.76,83.31,96.46,2.25,35.53,cutting_overload,fault
cnc,1.55,95.24,66.98,89.6,2.04,34.39,cutting_overload,warning
cnc,3.42,58.59,53.93,84.35,1.82,26.82,spindle_misalignment,warning
cnc,0.93,43.57,41.03,72.95,1.99,27.53,none,running
cnc,1.5,54.56,69.66,86.26,1.99,35.51,coolant_failure,warning
cnc,1.45,29.97,29.04,55,1.92,29.1,chatter,running
cnc,0.68,41.77,32.14,55,2.04,35.13,coolant_failure,warning
cnc,1.3,57.13,41.07,62.7,1.99,34.98,cutting_overload,warning
cnc,1.01,54.32,54.37,80.55,1.95,35.95,coolant_failure,warning
cnc,4.34,58.37,53.77,75.63,2.08,28.18,spindle_misalignment,warning
cnc,2.46,29,26.9,55,1.99,27.6,spindle_misalignment,warning
cnc,0.95,46.5,41.38,73.46,1.98,26.17,none,running
cnc,2.49,48.55,46.88,102.61,2.14,28.09,chatter,warning
cnc,1.02,46.53,45.81,86.01,2.18,26.13,none,running
cnc,1.71,31.72,28.18,55,1.94,26.27,spindle_misalignment,running
cnc,3.58,58.45,53.36,96.05,1.97,29.84,spindle_misalignment,warning
cnc,2.01,50.23,50.42,88.93,2.04,29.37,chatter,warning
cnc,1.68,62.61,70.58,95.12,2,46.18,coolant_failure,fault
cnc,3.94,65.55,55.48,87.68,2.13,25.99,spindle_misalignment,warning
cnc,3.13,56.22,51.76,96.79,2.06,26.78,chatter,warning
cnc,1.25,51.72,56.43,84.98,2.12,42.45,coolant_failure,fault
cnc,0.94,47.03,39.89,76.24,2.01,26.81,none,running
cnc,1.38,47.8,53.26,75.97,1.83,36.34,coolant_failure,warning
cnc,1.53,94.78,71.45,96.78,2.28,38.18,cutting_overload,fault
cnc,1.21,37.59,35.11,55,2.16,34.06,cutting_overload,warning
cnc,0.89,50.84,50.14,85.77,2.1,26.48,none,running
cnc,0.92,43.76,39.07,55,2.29,34.22,cutting_overload,warning
cnc,3.81,56.56,48.79,83.71,2.18,27.85,spindle_misalignment,warning
cnc,4.45,55.52,54.34,92.45,2.14,26.45,spindle_misalignment,warning
cnc,1.64,58.56,54.98,84.23,2.13,40.47,coolant_failure,fault
cnc,0.89,44.8,41.51,79.95,1.8,27.69,none,running
cnc,3.28,63.13,48.08,89.51,2.06,29.53,spindle_misalignment,warning
cnc,1.17,47.89,57.53,79.97,1.99,34.95,coolant_failure,warning
cnc,3.4,48.93,47.5,72.29,2.05,30.07,spindle_misalignment,warning
cnc,2.51,54.36,51.93,102.84,2.15,29.61,chatter,warning
cnc,2.3,57.82,53.33,110,1.94,28.22,chatter,warning
cnc,1.01,49.11,50.56,89.53,2.06,27.67,none,running
cnc,1.09,52.73,49.32,90.79,2.01,26.34,none,running
cnc,4.62,57.2,55.1,76.04,2.06,28.69,spindle_misalignment,fault
cnc,1.5,42.88,55.79,71.82,2.26,34.99,coolant_failure,warning
cnc,2.93,46.28,44.7,83.67,2.04,28.34,chatter,warning
cnc,1.8,31.21,25.26,55,1.76,30.95,spindle_misalignment,running
cnc,0.78,44.35,42.06,80.31,1.82,26.64,none,running
cnc,3.83,62.81,54.49,92.76,1.86,27.91,spindle_misalignment,warning
cnc,4.58,54.63,65.02,94.07,1.96,28.57,spindle_misalignment,fault
cnc,1.02,46.44,50.58,85.5,1.9,26.68,none,running
cnc,2.82,56.56,53.27,104.01,2.07,25.58,chatter,warning
cnc,1.36,53.85,57.27,87.31,2.22,43.79,coolant_failure,fault
cnc,1.13,49,53.54,74.55,2.14,33.43,coolant_failure,running
cnc,2.4,60.11,65.65,109.38,1.86,28.96,chatter,warning
cnc,1.12,49.21,45.83,86.87,1.95,26.95,none,running
cnc,1.43,70.47,63.04,74.66,2.04,36.11,cutting_overload,warning
cnc,2.31,50.2,42.17,87.25,1.82,25.91,chatter,warning
cnc,0.6,31.84,31.06,55,2,29.37,none,running
cnc,0.64,26.96,25.55,55,1.91,27.85,none,running
cnc,2.3,48.72,40.32,86.14,1.87,25,chatter,warning
cnc,1.03,55.61,48.01,83.46,2.01,26.52,none,running
cnc,1.9,68.44,56.34,75.17,1.76,32.67,cutting_overload,running
cnc,0.46,21.58,20.04,55,1.95,25.92,none,running
cnc,1.42,109.57,76.36,100.47,1.86,31.49,cutting_overload,fault
cnc,3.07,57.35,51.59,88.9,1.96,27.23,spindle_misalignment,warning
cnc,0.64,45.13,41.03,71.36,2.01,27.46,none,running
cnc,3.68,54.06,52.8,81.06,2.04,27.85,spindle_misalignment,warning
cnc,3.46,54.69,42.37,74.99,1.96,27.96,spindle_misalignment,warning
cnc,2.91,60.01,46.04,91.67,2.09,29.76,spindle_misalignment,warning
cnc,1.02,46.84,40.43,77.86,2.16,25.75,none,running
cnc,0.96,52.77,47.48,79.35,2.25,28.6,none,running
cnc,2.41,95.65,66.18,99.55,1.91,32.44,cutting_overload,warning
cnc,0.38,20.11,20.11,55,1.9,26.53,none,running
cnc,3.35,49.82,50.07,107.08,2.12,27.53,chatter,warning
cnc,3,45.49,48.34,78.53,2.02,26.6,spindle_misalignment,warning
cnc,1.52,37.12,35.4,65.04,2.09,30.63,chatter,running
cnc,2.33,87.16,77.14,93.13,1.78,33.56,cutting_overload,fault
cnc,3.51,62.61,53.27,110,2.08,29.93,chatter,warning
cnc,2.61,49.4,51.6,92.45,1.92,27.09,chatter,warning
cnc,3.02,52.99,50.49,106.25,2.07,30.68,chatter,warning
cnc,2.7,58.81,54.11,98.6,2.17,27.63,chatter,warning
cnc,1.53,60,66.04,93.32,2.01,34.11,coolant_failure,warning
cnc,0.93,48.36,45.14,78.24,1.99,27.03,none,running
cnc,1.05,38.16,35.83,56.84,1.83,41.28,coolant_failure,fault
cnc,1.41,48.07,55.86,68.89,1.97,40.85,coolant_failure,fault
cnc,3.37,44.51,48.01,81.4,1.96,27.06,spindle_misalignment,warning
cnc,1.8,71.48,54.93,75.39,1.9,31.71,cutting_overload,running
cnc,3.25,52.93,46.86,85.97,2.28,27.96,spindle_misalignment,warning
cnc,1.73,36.06,34.52,75.32,1.97,26.71,chatter,running
cnc,4.16,47.16,48.74,80.73,2.08,27.91,spindle_misalignment,warning
cnc,0.73,28.6,36.76,55,2.01,36.6,coolant_failure,warning
cnc,0.87,42.62,40.26,73.25,1.93,26.78,none,running
cnc,1.97,84.29,59.79,88.28,2.09,32.01,chatter,warning
cnc,0.86,37.12,36.67,64.72,2.17,28.05,none,running
cnc,3.12,50.31,54.33,93.83,2.08,28.9,chatter,warning
cnc,1.92,24.58,26.97,55,2.13,30.47,spindle_misalignment,running
cnc,1.82,32.08,35.92,60.56,1.89,27.21,chatter,running
cnc,1.59,93.47,70.38,91.65,2.09,35.71,cutting_overload,fault
cnc,0.83,45.77,41.15,80.04,1.89,27.58,none,running
cnc,1.86,47.97,42.29,87.05,2.06,29.79,chatter,running
cnc,0.95,43.62,40.96,76.86,1.8,26.37,none,running
cnc,1.83,58.42,67.81,95.26,2.07,42.49,coolant_failure,fault
cnc,2.56,80.48,71.9,87.56,2.26,30.99,cutting_overload,fault
cnc,2.02,28.92,26.9,55,2.14,26.29,spindle_misalignment,warning
cnc,0.77,38.68,39.92,69.33,2.06,27.34,none,running
cnc,0.76,39.52,39.23,74.99,1.86,26.74,none,running
cnc,1.77,85.96,61.03,84.01,2.21,31.83,cutting_overload,warning
cnc,1.24,54.09,50.6,81.68,1.88,43.01,coolant_failure,fault
cnc,0.85,47.49,42.43,80.54,2.08,28.11,none,running
cnc,0.82,47.08,43.54,82.3,2.1,27.15,none,running
cnc,0.91,54.54,47.51,82.6,2.12,26.31,none,running
cnc,2.12,104.75,65.65,95.76,2.14,32.87,cutting_overload,warning
cnc,0.82,40.79,39.06,69.98,1.95,25.69,none,running
cnc,1.67,44.7,51.62,79.85,1.83,34.52,coolant_failure,warning
cnc,4.59,58.62,57.22,90.68,2.13,27.97,spindle_misalignment,fault
cnc,0.85,46.37,40.49,72.47,1.88,27.34,none,running
cnc,3.5,56.45,55.44,85.69,2.21,31.41,spindle_misalignment,warning
cnc,3.04,54.15,52.69,108.02,2.1,28.09,chatter,warning
cnc,3.27,63,56.27,92.25,1.85,26.81,spindle_misalignment,warning
cnc,4.79,61.68,58.14,93.8,1.78,28.21,spindle_misalignment,fault
cnc,0.69,33.82,39.71,58.4,1.92,36.3,coolant_failure,warning
cnc,3.71,61.05,51.07,86.05,2,29.6,spindle_misalignment,warning
cnc,5.23,54.22,65.05,91.13,2.16,27.8,spindle_misalignment,fault
cnc,2.83,47.64,47.81,94.65,2.19,28.24,none,warning
cnc,1.99,97.41,61.97,87.7,1.9,35.39,cutting_overload,warning
cnc,0.53,26.51,25.07,55,1.9,27.97,none,running
cnc,1.33,53.15,59.95,80.19,2.12,41.49,coolant_failure,fault
cnc,5.28,60.67,55.52,93.68,2.03,25.2,spindle_misalignment,fault
cnc,0.46,20.69,20,55,2.1,26.09,none,running
cnc,1.46,25.31,22.11,55,1.81,26.64,chatter,running
cnc,0.75,49.43,42.48,79.93,2.04,27.18,none,running
cnc,0.96,50.38,46.94,94.07,2.01,25.66,none,warning
cnc,2.79,46.33,49.4,108.34,2.02,30.15,chatter,warning
cnc,2.37,106.54,74.99,88.32,1.88,35.35,cutting_overload,fault
cnc,2.67,51.27,45.5,84.56,2.21,29.1,chatter,warning
cnc,3.36,64.26,51.6,88.54,2.25,26.96,spindle_misalignment,warning
cnc,2.22,52.57,48.57,88.77,2.1,26.62,chatter,warning
cnc,0.82,37.91,40.77,74.01,1.93,28.76,none,running
cnc,0.92,48.44,52.53,80.36,2,37.54,coolant_failure,warning
cnc,1.34,43.36,48.7,76.49,1.96,33.26,coolant_failure,running
cnc,4.22,55.51,53.09,82.9,2.04,30.42,spindle_misalignment,warning
cnc,1,45.05,41.36,78.18,1.96,25.39,none,running
cnc,3.28,40.28,33.74,55.81,1.92,26.48,spindle_misalignment,warning
cnc,0.81,43.85,36.54,72.9,2,27.78,none,running
cnc,4.23,56.94,49.62,80.62,2.25,26.91,spindle_misalignment,warning
cnc,1.58,61.43,56.52,89.4,2.04,35.47,coolant_failure,warning
cnc,1.24,53.12,62.19,83.87,2.27,41.47,coolant_failure,fault
cnc,5.13,61.2,61.2,98.3,2.03,29.5,spindle_misalignment,fault
cnc,1.49,85.58,53.52,75.25,2.24,30.24,cutting_overload,warning
cnc,2.4,33.5,30.92,55,1.99,29.6,spindle_misalignment,warning
cnc,1.64,31.01,27.1,55,2.16,26.75,spindle_misalignment,running
cnc,0.78,40.13,31.12,55,2.11,36.92,cutting_overload,warning
cnc,1.19,26.79,22.46,55,2,27.27,chatter,running
cnc,1.53,36.48,38.41,64.79,2.07,29.51,chatter,running
cnc,2.37,50.02,52.34,91.8,1.99,25.19,chatter,warning
cnc,1.58,51.95,54.44,71.65,2.02,38.73,coolant_failure,warning
cnc,1.76,44.08,40.82,76.24,2.18,25.9,chatter,running
cnc,0.9,44.88,40.04,79.49,2.17,27.41,none,running
cnc,2.9,70.28,55.3,110,2.22,29.39,chatter,warning
cnc,2.1,92.79,64.72,80.11,2.1,29.54,cutting_overload,warning
cnc,2.52,34.35,39.97,61.73,2.02,26.42,spindle_misalignment,warning
cnc,3.96,59.45,59.22,97.49,2.1,30.03,spindle_misalignment,warning
cnc,2.52,53.84,52.23,104.1,2.05,28.52,chatter,warning
cnc,3.53,60.7,52.35,93.8,2.21,27.88,spindle_misalignment,warning
cnc,4.52,60.59,61.84,95.61,2.21,27.08,spindle_misalignment,fault
cnc,3.71,49.51,45.21,79.59,2.12,29.16,spindle_misalignment,warning
cnc,3.81,45.41,51.53,79.04,2.06,31.09,spindle_misalignment,warning
cnc,0.84,39.89,36.44,70.42,1.91,27.05,none,running
cnc,1.2,50.32,56.63,77.72,1.94,43.62,coolant_failure,fault
cnc,2.37,40.42,43.74,84.07,1.89,28.66,chatter,warning
cnc,0.46,27.08,24.56,55,1.89,26.59,none,running
cnc,3.4,69.42,51.78,101.02,2.19,28.65,chatter,warning
cnc,2.12,46.23,43.31,84.58,2.12,26.41,chatter,warning
cnc,4.22,57.39,50.14,91.98,2.08,26.36,spindle_misalignment,warning
cnc,3.72,42.69,40.93,71.6,2.13,30.18,spindle_misalignment,warning
cnc,2.31,49.98,43.27,90.07,2.09,29.36,chatter,warning
cnc,5.02,55.45,58.24,95.18,2.18,27.4,spindle_misalignment,fault
cnc,0.91,48.07,45.02,80.97,2.04,27.18,none,running
cnc,0.9,45.17,46.65,85.77,2,28.27,none,running
cnc,5.22,64.37,61.46,94.64,2.18,26.85,spindle_misalignment,fault
cnc,0.78,39.74,39.15,76.74,2.14,25.71,none,running
cnc,2.29,37.67,32.54,55,2,28.98,spindle_misalignment,warning
cnc,2.19,52.92,48.39,96.14,2.21,28.47,chatter,warning
cnc,3.4,60.39,50.31,92.02,1.94,30.09,spindle_misalignment,warning
cnc,2.81,41.03,40.37,86.69,2.13,26.8,chatter,warning
cnc,1.24,44.5,46.88,76.58,2.04,44.04,coolant_failure,fault
cnc,3.19,59.56,50.01,92.59,1.91,26.79,chatter,warning
cnc,1.15,27.83,22.33,55,2.1,29.17,chatter,running
cnc,0.97,52.91,48.2,85.9,2.06,26.7,none,running
cnc,2.18,93.4,62.76,91.62,1.97,33.18,cutting_overload,warning
cnc,3.45,64.98,65.67,91.49,1.96,29.51,spindle_misalignment,warning
cnc,2.08,98.45,71.34,84.76,1.83,32.85,cutting_overload,fault
cnc,2.62,52.18,50.92,94.57,1.88,27.35,none,warning
cnc,2.48,104.8,67.72,97.18,1.98,35.56,cutting_overload,warning
cnc,0.86,45.31,41.78,80.91,2.3,28.91,none,running
cnc,1.88,76.86,71.85,87.11,1.95,36.78,cutting_overload,fault
cnc,2.26,58.7,51.01,100.76,1.89,28.85,chatter,warning
cnc,2.83,49.83,52.85,84.2,1.99,26.29,spindle_misalignment,warning
cnc,0.98,49.82,45.02,80.03,1.89,26.78,none,running
cnc,0.98,43.12,32.72,55,1.99,35.31,cutting_overload,warning
cnc,2.77,50.89,53.64,99.9,1.95,25.79,chatter,warning
cnc,0.9,44.34,40.75,74.92,2.06,27.22,none,running
cnc,3.5,49.33,45.36,85.18,2.1,29.39,spindle_misalignment,warning
cnc,2.14,82.92,69.25,81.28,1.91,33.26,cutting_overload,warning
cnc,2.33,56.29,49.78,110,2.28,29.67,chatter,warning
cnc,0.86,46.34,43.99,73.59,1.96,26.08,none,running
cnc,0.87,51.96,46.07,92.15,1.92,26.53,none,warning
cnc,1.27,50.74,49.96,75.5,1.95,42.18,coolant_failure,fault
cnc,1.61,56.59,60.83,87.3,2.08,37.69,coolant_failure,warning
cnc,2.19,54.98,51.8,110,2.02,28.92,chatter,warning
cnc,4.29,53.57,46.63,88.67,1.91,29.16,spindle_misalignment,warning
cnc,3.82,67.65,54.8,93.29,2.11,26.91,spindle_misalignment,warning
cnc,2.7,57.92,46.13,97.37,2.01,29.78,chatter,warning
cnc,3.48,52.89,55.33,86.49,1.92,28.49,spindle_misalignment,warning
cnc,1.31,78.96,59.01,73.25,2.32,30.06,cutting_overload,warning
cnc,2.6,47.86,45.35,97.35,1.85,29.59,chatter,warning
cnc,1.75,50.95,60.76,92,2.06,44.14,coolant_failure,fault
cnc,0.99,48.59,42.53,83.22,2.23,26.36,none,running
cnc,2.83,50.45,50.4,101.99,2.12,26.56,chatter,warning
cnc,3.61,48.4,44.79,74.45,1.91,28.79,spindle_misalignment,warning
cnc,1.56,45.12,34.77,66.09,2.14,25.06,chatter,running
cnc,3.17,54.83,41.71,82.43,1.93,29.58,spindle_misalignment,warning
cnc,0.74,39.27,41.54,72.62,2.08,27.87,none,running
cnc,4.68,63.3,51.82,97.9,1.99,24.96,spindle_misalignment,fault
cnc,1.51,59.97,62.04,93.61,2.02,33.45,coolant_failure,warning
cnc,1.06,48.28,48.13,86.73,1.96,27.26,none,running
cnc,2.72,51.46,55.21,96.41,1.97,26.67,chatter,warning
cnc,1.05,48.99,47.58,85.91,1.87,27.1,none,running
cnc,2.03,103.03,63.36,93.26,2.07,34.59,cutting_overload,warning
cnc,2.32,51.97,48.1,96.67,2.14,29.7,chatter,warning
cnc,2.05,90.65,79.1,96.7,2.07,35,cutting_overload,fault
cnc,2.47,48.88,47.57,105.99,2.05,27.1,chatter,warning
cnc,0.79,44.55,37.21,70.01,2.02,25.9,none,running
cnc,4,55.12,59.08,91.97,2.23,26.58,spindle_misalignment,warning
cnc,0.5,30.46,32.07,55,2.02,44.57,coolant_failure,fault
cnc,1.66,54.38,64.31,86.31,2.1,37.68,coolant_failure,warning
cnc,1.35,45.55,39.24,55,1.93,31.85,cutting_overload,running
cnc,3.61,56.13,44.12,75.62,2.16,31.19,spindle_misalignment,warning
cnc,2.83,44.23,35.54,64.06,2.04,28.08,spindle_misalignment,warning
cnc,1.29,60.53,64.57,93.95,2.02,42.87,coolant_failure,fault
cnc,1.49,43.78,53.3,72.71,1.95,34.29,coolant_failure,warning
cnc,3.29,60.85,59.34,110,1.97,28.13,chatter,warning
cnc,2.71,51.99,45.42,85.89,2.04,26.92,chatter,warning
cnc,1.69,66.67,52.66,73.91,2.15,30.83,cutting_overload,running
cnc,3.33,45.5,48.15,68.87,1.99,26.49,spindle_misalignment,warning
cnc,1.81,57.85,67.36,91,2.08,44.4,coolant_failure,fault
cnc,1.9,90.25,54.44,80.56,1.82,34.55,cutting_overload,warning
cnc,2.08,57.63,51.11,106.13,2.01,28.79,chatter,warning
cnc,1.49,53.13,60.21,76.36,2.22,38.69,coolant_failure,warning
cnc,1.03,54.6,48.49,91.21,1.88,26.47,none,running
cnc,1.86,83.81,70.71,97.77,1.89,33.72,cutting_overload,fault
cnc,1.05,58.88,56.82,86.9,2.31,42.65,coolant_failure,fault
cnc,2.81,59.02,48.09,105.99,1.98,26.05,chatter,warning
cnc,3.42,53.58,50.89,82.77,1.98,27.18,spindle_misalignment,warning
cnc,2.31,94.97,65.02,83.12,1.98,31.92,cutting_overload,warning
cnc,5.02,58.82,60.92,101.69,1.97,31.18,spindle_misalignment,fault
cnc,1.26,47.42,60.78,78.11,1.94,35.73,coolant_failure,warning
cnc,0.79,36.68,32.19,55,2.05,35.02,none,warning
cnc,2.29,61.06,58.13,110,1.89,27.67,chatter,warning
cnc,1.37,47.41,54.76,74.24,1.93,39.81,coolant_failure,warning
cnc,0.91,34.26,33.87,56.87,1.94,36.65,coolant_failure,warning
cnc,3.17,48.47,48.08,102.65,1.97,27.25,chatter,warning
cnc,2.5,48.17,50.18,100.38,2.23,29.96,chatter,warning
cnc,1.65,84.07,53.46,74.63,1.95,31.95,cutting_overload,running
cnc,0.71,42.98,35.64,70.11,1.98,26.3,none,running
cnc,4.1,58.14,55.09,90.48,2.22,31.9,spindle_misalignment,warning
cnc,2.6,50.45,48.63,86.83,2.1,30.4,chatter,warning
cnc,2.22,48.92,44.45,80.03,1.9,27.37,chatter,warning
cnc,0.38,20.17,20,55,1.94,25.96,none,running
cnc,1.92,81.65,52.85,77.67,1.81,31.41,cutting_overload,running
cnc,1.78,24.04,29.15,55,1.76,27.85,spindle_misalignment,running
cnc,1.4,86.07,63.98,79.73,2.05,36.05,cutting_overload,warning
cnc,5.35,58,61.8,98.59,1.99,24.3,spindle_misalignment,fault
cnc,1,52.18,47.78,92.15,1.92,25.93,none,warning
cnc,4.7,69.65,58.36,90.07,2.23,30.6,spindle_misalignment,fault
cnc,2.36,57.14,54.57,110,2.11,29.63,chatter,warning
cnc,0.83,50.69,41.85,78.67,1.97,26.91,none,running
cnc,3.11,60.95,51.79,99.06,2.08,28.06,chatter,warning
cnc,1.24,43.87,47.83,71.87,1.95,40.92,coolant_failure,fault
cnc,1.2,66.78,62.33,80.2,1.95,34.36,cutting_overload,warning
cnc,2.23,31.39,26.3,55,2.02,27.1,spindle_misalignment,warning
cnc,0.39,21.79,20.17,55,1.91,25.73,none,running
cnc,2.33,34,29.86,55,1.86,27.59,spindle_misalignment,warning
cnc,1.08,47.31,50.24,84.82,2.17,26.93,none,running
cnc,1.6,34.44,34.59,69.36,2.14,29.82,chatter,running
cnc,0.99,52.67,46.5,82.27,2.15,27.48,none,running
cnc,0.75,41.8,38.55,70.63,2,27.57,none,running
cnc,1.02,43.23,53.16,67.18,2.17,43.43,coolant_failure,fault
cnc,1.8,98.49,80.65,88.86,1.88,31.31,cutting_overload,fault
cnc,4.31,41.64,45.77,76.41,2,29.27,spindle_misalignment,warning
cnc,0.88,52.11,45.31,83.03,2.23,26.76,none,running
cnc,4.86,62.18,60.17,94.57,1.89,28.11,spindle_misalignment,fault
cnc,0.96,46.52,50.46,69.64,1.93,35.98,coolant_failure,warning
cnc,1.76,50.89,46.93,93.3,1.79,27,chatter,warning
cnc,1.37,54.2,51.21,77.47,2.12,43.94,coolant_failure,fault
cnc,2.58,52.51,54.41,103.38,1.96,24.84,chatter,warning
cnc,2.77,48.26,48.79,93.41,2.1,28.72,chatter,warning
cnc,3.01,58.18,56.3,96.18,1.92,27.95,chatter,warning
cnc,1.79,103.18,80.81,101.22,2.01,36.36,cutting_overload,fault
cnc,0.64,29.93,28.89,55.56,1.84,28.29,none,running
cnc,0.74,48.82,38.53,55,2.11,30.93,cutting_overload,running
cnc,1.97,27.52,27.71,55,2.05,30.94,spindle_misalignment,running
cnc,1.14,45.57,49.67,84.19,2.11,29.42,none,running
cnc,0.87,47.95,41.79,78.58,2.17,29.01,none,running
cnc,1.24,49.94,56.05,81.71,2.1,36.52,coolant_failure,warning
cnc,2.05,101.5,73.56,103.89,1.93,30.78,cutting_overload,fault
cnc,2.67,63.16,61,109.87,2.02,27.75,chatter,warning
cnc,2.27,49.85,43.64,84.31,1.94,27.46,chatter,warning
cnc,4.11,52.62,57.65,89.96,2.17,31.07,spindle_misalignment,warning
cnc,4.1,62.14,50.98,90.95,2.2,29.1,spindle_misalignment,warning
cnc,5.28,65.15,53.12,91.15,2.03,25.61,spindle_misalignment,fault
cnc,0.88,47.99,40.46,76.88,1.94,28.27,none,running
cnc,2.87,44.83,48.17,94.15,1.96,28.89,chatter,warning
cnc,0.8,30.16,31.6,55,1.93,34.32,coolant_failure,warning
cnc,1.71,64.99,65,88.31,2.25,38.45,coolant_failure,warning
cnc,1.78,38.06,40.33,74.55,1.94,30.22,chatter,running
cnc,2.15,85.29,70.92,88.04,2.03,34.12,cutting_overload,fault
cnc,0.88,42.22,38.62,73.67,2.14,24.5,none,running
cnc,3.91,58.65,48.34,80.2,2.02,28.76,spindle_misalignment,warning
cnc,0.58,31.53,27.18,55,2.06,28.62,none,running
cnc,0.77,42.38,39.87,78.81,1.97,27.04,none,running
cnc,2.2,80.92,65.07,84.75,2.18,31.36,cutting_overload,warning
cnc,1.24,34.84,41.59,63.12,2.01,43.06,coolant_failure,fault
cnc,2.15,45.8,47.85,94.01,2.22,29.16,chatter,warning
cnc,3.28,47.74,42.15,71.12,1.89,31.35,spindle_misalignment,warning
cnc,1.94,28.17,27.48,55,1.8,31.43,spindle_misalignment,running
cnc,2.26,56.13,44.08,88.41,2.25,29.12,chatter,warning
cnc,0.73,31.08,29.13,57,2.14,27.83,none,running
cnc,1.08,49.01,45.73,89.09,1.97,27.17,none,running
cnc,1.13,60.94,58.88,87.55,2.14,35.76,coolant_failure,warning
cnc,1.04,48.5,45.42,85.49,2.01,26.65,none,running
cnc,0.8,37.42,36.58,71.15,2.21,27.02,none,running
cnc,1.34,71.52,62.59,73.83,2.21,34.86,cutting_overload,warning
cnc,1.21,59.08,60.68,94.55,2.04,37.87,coolant_failure,warning
cnc,2.32,57.5,51.96,90.66,2.06,30.59,chatter,warning
cnc,3.91,49.68,46.07,79.33,1.96,27.55,spindle_misalignment,warning
cnc,3.21,46.77,50.72,88.05,2.14,28.59,chatter,warning
cnc,2.22,51.56,53.85,94.66,1.93,25.4,chatter,warning
cnc,2.27,39.71,40.49,86.19,2.12,28.48,chatter,warning
cnc,1.57,93.75,75.73,102.11,2.28,34.41,cutting_overload,fault
cnc,3.7,65.87,55.57,90.19,2.23,27.03,spindle_misalignment,warning
cnc,1.69,70.02,58.75,71.5,2.1,36.58,cutting_overload,warning
cnc,3.41,61.52,54.85,110,2.3,26.6,chatter,warning
cnc,1.57,33.52,23.28,55,1.9,31.61,spindle_misalignment,running
cnc,0.97,52.65,50.13,61.03,1.98,35.56,cutting_overload,warning
cnc,0.79,40.38,36.53,70.96,1.82,27.49,none,running
cnc,1.97,58.95,53.13,93.13,2.03,28.68,chatter,warning
cnc,2.86,58.5,51.77,94.74,2.23,26.59,chatter,warning
cnc,2.29,63.44,55.47,100.05,1.79,26.78,chatter,warning
cnc,2.4,89.53,70.89,94.13,2.11,36.36,cutting_overload,fault
cnc,2.08,89.24,61.19,83.39,2.1,34.4,cutting_overload,warning
cnc,1.13,44.71,42.85,55,1.97,31.1,cutting_overload,running
cnc,1.03,46.8,44.01,82.29,1.94,26.1,none,running
cnc,2.64,54.27,46.51,101.76,2.04,26.77,chatter,warning
cnc,2.22,61.76,59.31,97.73,1.98,37.21,coolant_failure,warning
cnc,0.95,45.66,45.81,88.61,1.76,27.94,none,running
cnc,2.82,47.94,45.83,86.14,2,27.96,chatter,warning
cnc,2.31,86.28,61.08,82.85,2.1,36.22,cutting_overload,warning
cnc,3.66,42.97,40.01,73.36,1.78,29.47,spindle_misalignment,warning
cnc,3.83,52.44,51.35,90.9,1.95,29.81,spindle_misalignment,warning
cnc,0.9,47.76,49.39,75.71,1.89,41.24,coolant_failure,fault
cnc,3.43,50.17,54.69,110,2.07,28.43,chatter,warning
cnc,3.67,60.67,51.71,98.33,2.14,27.16,spindle_misalignment,warning
cnc,0.7,40.52,40.15,73.63,2.08,27.38,none,running
cnc,2.13,87.49,67.45,82.16,1.86,32.47,cutting_overload,warning
cnc,1.08,48.96,57.07,80.99,2.01,42.57,coolant_failure,fault
cnc,0.78,43.84,39.4,70.72,1.9,25.79,none,running
cnc,4.23,46.21,46.91,79.89,1.94,30.07,spindle_misalignment,warning
cnc,1.9,108.47,72.39,96.37,2.18,32.7,cutting_overload,fault
cnc,1.59,60.41,59.76,84.96,2.05,38.86,coolant_failure,warning
cnc,2.23,83.39,68.42,100.54,2.19,32.65,cutting_overload,warning
cnc,1.35,52.86,55.62,86.01,2.06,34.65,coolant_failure,warning
cnc,3.83,60.32,55.82,91.79,1.96,28.91,spindle_misalignment,warning
cnc,0.63,31.97,33.74,59.64,2.1,26.61,none,running
cnc,1.87,81.54,56.24,82.84,2.02,34.99,cutting_overload,warning
cnc,2.91,55.9,47.78,109.6,1.88,27.4,chatter,warning
cnc,1.77,90.09,68.68,86.53,2.03,37.89,cutting_overload,warning
cnc,0.78,45.57,37.58,72.64,1.95,26.54,none,running
cnc,0.97,48.34,45.88,84.74,1.96,29.6,none,running
cnc,0.93,46.34,44.75,88.58,1.99,26.73,none,running
cnc,5.1,73.41,53.17,94.31,1.91,24.89,spindle_misalignment,fault
cnc,1.07,69.52,46.67,57.26,2.02,29.18,cutting_overload,running
cnc,0.57,29.37,28.13,55,2.08,25.39,none,running
cnc,2.93,58.61,41.2,79.56,2.14,25.93,spindle_misalignment,warning
cnc,1.89,53.82,45.4,89.29,2.05,29.01,chatter,running
cnc,1.82,62.61,65.24,97.77,1.87,43.39,coolant_failure,fault
cnc,2.06,97.45,64.18,94.36,2.21,37.81,cutting_overload,warning
cnc,1.42,100.94,68.25,85.7,2.24,31.85,cutting_overload,warning
cnc,1.41,59.57,70.48,85.43,1.95,37.26,coolant_failure,fault
cnc,0.82,35.66,39.69,55,2.18,36.67,coolant_failure,warning
cnc,0.9,41.13,42.01,74.85,1.89,27.28,none,running
cnc,1.33,90.55,79.57,99.85,1.86,36.34,cutting_overload,fault
cnc,4.9,55.08,55.85,98.33,2.02,27.46,spindle_misalignment,fault
cnc,2.4,35.95,35.32,61.8,2.26,28.45,spindle_misalignment,warning
cnc,1.22,51.3,60.67,84.42,1.9,40.57,coolant_failure,fault
cnc,2.99,55.53,57.73,102.71,1.97,30.2,chatter,warning
cnc,0.86,24.79,25.08,55,2.15,46.44,coolant_failure,fault
cnc,4.08,65.94,49.95,89.62,2.04,30.34,spindle_misalignment,warning
cnc,0.88,49.39,30.89,55,1.97,32.8,cutting_overload,running
cnc,3.95,61.69,59.26,85.48,2.12,29.48,spindle_misalignment,warning
cnc,1.98,84.13,66.91,96.11,1.81,36.11,cutting_overload,warning
cnc,1.43,68.04,50.25,60.67,2.15,33.19,cutting_overload,running
cnc,1.27,59.45,40.51,60.02,2.02,32.02,cutting_overload,running
cnc,0.89,46.81,48.08,83.93,1.99,26.02,none,running
cnc,3.25,59.26,54.41,110,2.14,26.25,chatter,warning
cnc,1.11,52.54,55.06,76.56,2.05,34.14,coolant_failure,warning
cnc,3.41,57.5,46.64,75.16,2.05,27.45,spindle_misalignment,warning
cnc,2.58,56.92,43.64,82.58,2.04,26.51,chatter,warning
cnc,4.11,58.06,44.96,84.46,1.99,25.67,spindle_misalignment,warning
cnc,0.7,40.71,38.65,73.88,2,26.48,none,running
cnc,4.96,60.85,55.02,92.59,2.17,26.65,spindle_misalignment,fault
cnc,1.27,54.84,54.39,83.03,1.94,45.27,coolant_failure,fault
cnc,4.19,67.6,64,86.76,2,27.88,spindle_misalignment,warning
cnc,1.38,54,59.66,87.22,2.01,38.32,coolant_failure,warning
cnc,2.25,60.38,48.82,99.06,2.14,26.2,chatter,warning
cnc,2.92,52.12,51.68,106.54,1.79,28.89,chatter,warning
cnc,2.34,76.59,70.41,94.51,1.87,30.75,cutting_overload,fault
cnc,2.51,34.98,31.96,55,2.05,29.19,spindle_misalignment,warning
cnc,2.86,60.29,52.77,91.15,2.08,29.61,chatter,warning
cnc,2.75,44.3,31.72,57.85,2.19,27,spindle_misalignment,warning
cnc,3.99,63.23,65.49,99.06,1.99,31.42,spindle_misalignment,warning
cnc,2.3,35.08,29.82,55,2.07,27.53,spindle_misalignment,warning
cnc,4.48,52.13,58.58,90.68,2.06,28.98,spindle_misalignment,warning
cnc,1.59,48.19,50.34,78.49,1.93,38.9,coolant_failure,warning
cnc,0.62,44.66,32,55,1.75,34.4,cutting_overload,warning
cnc,0.72,24.05,30.13,55,1.95,37.31,coolant_failure,warning
cnc,4.4,55.99,46.73,76.7,1.98,27.23,spindle_misalignment,warning
cnc,3.87,56.36,52.63,75.23,2.18,28.49,spindle_misalignment,warning
cnc,1.46,71.12,53.61,79.96,2.18,30.4,cutting_overload,running
cnc,2,49.32,45.4,96.25,2.02,28.27,chatter,warning
cnc,1,40.75,54.43,70.93,2.12,38.28,coolant_failure,warning
cnc,4.31,60.17,47.18,90.53,2.13,27.71,spindle_misalignment,warning
cnc,1.53,84.66,59,81.41,2.07,33.22,cutting_overload,warning
cnc,1.03,35.7,30.54,55,2.17,32.14,cutting_overload,running
cnc,1.56,56.15,52.72,76.93,1.79,35.27,coolant_failure,warning
cnc,1.31,77.03,61.38,73.88,1.96,33.83,cutting_overload,warning
cnc,2.58,46.31,46.67,100.09,2.16,26.37,chatter,warning
cnc,4.72,48.65,52.4,84.98,2.11,30.86,spindle_misalignment,fault
cnc,1.67,35.96,33.01,59.41,1.95,28.67,chatter,running
cnc,0.98,52.97,33.07,55,2.08,34.44,cutting_overload,warning
cnc,0.72,26.27,27.79,55,1.85,34.36,coolant_failure,warning
cnc,5.16,51.79,50.17,97.84,1.97,28.34,spindle_misalignment,fault
cnc,3.72,58.73,53.62,100.59,2.16,27.57,chatter,warning
cnc,0.43,30.34,27.17,55,2.08,26.64,none,running
cnc,1.6,63.12,54.32,76.83,1.85,30.77,cutting_overload,running
cnc,1.74,91.68,58.96,85.31,1.89,29.06,cutting_overload,warning
cnc,1.22,49.49,58.68,76.92,1.92,34.07,coolant_failure,warning
cnc,2.53,108.84,78.74,102.94,2.05,33.76,cutting_overload,fault
cnc,1.54,62.63,55.31,89.32,1.83,41.48,coolant_failure,fault
cnc,3.53,64.78,59.29,100.58,2,26.54,chatter,warning
cnc,2.31,74.93,68.04,84.95,2.02,36.78,cutting_overload,warning
cnc,0.73,23.4,27.14,55,2.11,36.61,coolant_failure,warning
cnc,1.7,64.12,49.1,60.84,1.94,33.87,cutting_overload,running
cnc,2.52,44.66,45.84,100.35,2.09,27.57,chatter,warning
cnc,0.89,49.19,56.18,81.74,1.95,44.21,coolant_failure,fault
cnc,1.41,53.46,47.84,74.39,2.18,36.63,coolant_failure,warning
cnc,3.84,49.8,48.77,75.46,1.81,26.54,spindle_misalignment,warning
cnc,3.1,47.89,38.88,59.51,1.96,29.5,spindle_misalignment,warning
cnc,0.93,50.45,48.25,68.6,2,39.17,coolant_failure,warning
cnc,2.08,39.72,29.06,55,2.24,29.05,spindle_misalignment,warning
cnc,3.58,47.95,46.85,74.08,2.06,26.32,spindle_misalignment,warning
cnc,0.62,27.98,36.03,55,1.84,35.9,coolant_failure,warning
cnc,2.77,39.26,36.97,58.16,2.09,26.05,none,warning
cnc,0.74,30,29.55,55,1.91,37.81,coolant_failure,warning
cnc,1.12,48.79,35.62,55,2.23,30.32,cutting_overload,running
cnc,2.75,40.2,36.93,57.33,2.21,31.22,spindle_misalignment,warning
cnc,3.21,57.2,57.46,110,1.87,28.65,chatter,warning
cnc,0.4,21.37,20,55,2.13,24.75,none,running
cnc,1.34,83.2,68.19,100.19,1.95,29.1,cutting_overload,warning
cnc,0.99,58.36,67.03,93.48,1.95,44.74,coolant_failure,fault
cnc,3.11,57.88,54.12,100.05,1.97,28.12,chatter,warning
cnc,0.82,45.15,41.13,77.7,1.81,28.19,none,running
cnc,1.76,63.44,54.38,76.45,2.23,33.91,cutting_overload,running
cnc,4.38,52,50.36,78.22,2.13,31.75,spindle_misalignment,warning
cnc,1.92,59.44,59.17,92.48,2.15,32.13,coolant_failure,warning
cnc,3.3,32.93,39.57,65,2.06,26.02,spindle_misalignment,warning
cnc,3.98,66.15,49.73,85.4,2.04,28.27,spindle_misalignment,warning
cnc,1.06,52.83,44.93,87.02,1.99,27.99,none,running
cnc,1.96,95.26,67.41,85,2.09,31.69,cutting_overload,warning
cnc,0.84,41.65,42.2,81.33,2.05,26.14,none,running
cnc,3.88,59.19,48.81,82.87,1.88,28.45,spindle_misalignment,warning
cnc,3.47,70.48,54.49,82.61,1.94,28.85,spindle_misalignment,warning
cnc,2.36,45.82,43.07,87.74,2.05,28.76,chatter,warning
cnc,1.78,61.59,66.41,86.98,1.9,46.63,coolant_failure,fault
cnc,0.94,44.21,32.25,55,2,32.42,cutting_overload,running
cnc,2.56,89.81,69.33,91.14,1.99,34.07,cutting_overload,warning
cnc,1.07,79.11,51.92,78.82,1.96,32.23,cutting_overload,running
cnc,1.12,45.16,36.58,55,2.13,37.33,cutting_overload,warning
cnc,4.16,51.02,39.23,69.01,2.1,25.97,spindle_misalignment,warning
cnc,1.01,48.78,48.24,81.46,2,27.13,none,running
cnc,0.77,39.93,37.93,71.26,1.85,26.87,none,running
cnc,0.75,40.27,36.07,68.75,1.8,25.35,none,running
cnc,0.83,44.32,36.98,68.7,1.87,27.51,none,running
cnc,4.13,53.01,49.34,84.89,2.1,26.85,spindle_misalignment,warning
cnc,1.49,44.42,59.26,80.44,1.99,39.14,coolant_failure,warning
cnc,1.49,77.01,70.86,83.69,2.1,32.48,cutting_overload,fault
cnc,3.13,44.65,41.97,81.39,2.18,28.93,spindle_misalignment,warning
cnc,1.51,27.22,23.45,55,2.05,28.12,spindle_misalignment,running
cnc,2.54,63.06,52.19,96.93,1.98,26.75,chatter,warning
cnc,1,50.85,44.92,83.09,1.97,26.76,none,running
cnc,0.99,48.37,38.01,72.33,2.2,25.99,none,running
cnc,4.68,62.32,54.76,88.8,2.19,29.29,spindle_misalignment,fault
cnc,1.49,52.63,54.47,81.2,1.94,35.96,coolant_failure,warning
cnc,1.36,70.95,54.53,72.92,1.97,36.89,cutting_overload,warning
cnc,0.53,29.07,25.47,55,1.99,27.86,none,running
cnc,3.56,56.1,59.15,95.15,2.12,28.56,spindle_misalignment,warning
cnc,2.55,98.05,75.03,100.05,2.14,31.52,cutting_overload,fault
cnc,2.79,50.05,53.62,103.27,2.11,26.74,chatter,warning
cnc,1.96,94.46,67.81,89.18,1.78,30.17,cutting_overload,warning
cnc,1.4,58.03,58.73,85.68,1.98,37.52,coolant_failure,warning
cnc,2.01,36,34.69,55,2.25,27.65,spindle_misalignment,warning
cnc,2.99,51.27,54.4,94.75,1.9,28.17,chatter,warning
cnc,1.94,69.65,59.9,76.27,1.89,31.65,cutting_overload,warning
cnc,0.72,40.03,34.87,70.31,1.86,28.45,none,running
cnc,0.98,51.75,47.77,82.05,2.25,26.71,none,running
cnc,1.59,54.09,56.19,80.58,1.97,44.58,coolant_failure,fault
cnc,3.99,49.43,51.55,79.42,1.91,28.47,spindle_misalignment,warning
cnc,1.44,45.75,49.45,75.93,1.96,34.63,coolant_failure,warning
cnc,0.88,45.2,39.83,76.95,2.22,27.8,none,running
cnc,1.81,25.28,28.57,59.24,2.15,26.63,chatter,running
cnc,4.35,65.38,55.55,99.83,1.81,26.26,spindle_misalignment,warning
cnc,1.82,27.26,26.82,57.22,2.19,27.54,chatter,running
cnc,1.85,70.59,62.29,77.75,2.09,34.1,cutting_overload,warning
cnc,0.84,27.26,37.78,55,2.08,42.17,coolant_failure,fault
cnc,1.73,35.28,31.22,57.94,1.87,27.06,chatter,running
cnc,3.75,53.8,48.97,74.05,1.93,31.82,spindle_misalignment,warning
cnc,1.93,79.74,80.17,93.22,1.98,34.37,cutting_overload,fault
cnc,2.06,73.46,66.96,79.13,2.2,29.75,cutting_overload,warning
cnc,2.6,78.65,76.53,104.4,2.04,38.32,cutting_overload,fault
cnc,1.09,42.43,39.22,59.82,1.96,43.65,coolant_failure,fault
cnc,0.89,40.95,39.04,70.75,1.96,28.24,none,running
cnc,2.9,45.98,47.71,104.95,1.84,28.67,chatter,warning
cnc,0.88,42.03,42.55,78.22,2.12,26.35,none,running
cnc,2.94,51.09,40.89,90.25,1.76,30.17,chatter,warning
cnc,2.36,88.49,78.1,100.11,2,35.71,cutting_overload,fault
cnc,2.54,31.17,24.52,55,1.73,28.05,spindle_misalignment,warning
cnc,1.12,59.37,60.54,91.3,1.9,33.68,coolant_failure,warning
cnc,3.27,44.61,46.46,90.89,1.96,28.84,chatter,warning
cnc,1.27,63.93,61.41,87.81,2.14,44.14,coolant_failure,fault
cnc,1.27,34.91,27.01,58.42,1.96,26.89,chatter,running
cnc,3.76,65.47,53.8,94.54,2.03,28.22,spindle_misalignment,warning
cnc,2.15,54.48,54.42,96.93,1.95,28.47,chatter,warning
cnc,0.93,25.42,32.2,55,1.98,46.36,coolant_failure,fault
cnc,0.8,28.64,35.96,55,2.14,34.94,coolant_failure,warning
cnc,2.81,55.32,47.67,99.37,2.14,25.67,chatter,warning
cnc,0.83,45.38,41.03,73.04,1.98,27.99,none,running
cnc,1.78,77.99,71.66,84.13,1.91,31.06,cutting_overload,fault
cnc,1.13,49.46,47.83,72.03,1.83,42.58,coolant_failure,fault
cnc,1.39,51.54,54,84.79,1.93,34.66,coolant_failure,warning
cnc,0.82,47.51,41.83,78.89,1.89,27.03,none,running
cnc,1.95,45.54,46.59,88.59,1.96,27.37,chatter,running
cnc,0.95,42.74,39.88,75.35,2.11,27.13,none,running
cnc,1.25,30.06,25.65,55,1.93,28.7,chatter,running
cnc,2.09,39.21,40.44,61.91,1.77,27.55,spindle_misalignment,warning
cnc,1.07,62.98,42.31,62.43,1.85,34.33,cutting_overload,warning
cnc,2.98,65.76,54.5,110,1.89,26.33,none,warning
cnc,1.62,81.83,75.19,84.15,2.1,34.48,cutting_overload,fault
cnc,1.8,35.66,30.47,55,2.16,27.67,spindle_misalignment,running
cnc,0.88,44.19,43.27,79.09,2.18,25.44,none,running
cnc,0.97,47.66,42.6,55,1.93,37.17,cutting_overload,warning
cnc,1.54,25.86,29.19,55,1.85,27.72,spindle_misalignment,running
cnc,2.83,47.17,49.68,90.35,1.88,28.33,chatter,warning
cnc,2.29,78.78,60.47,80.76,1.9,37.05,cutting_overload,warning
cnc,3.51,58.15,50.02,110,1.97,26.82,chatter,warning
cnc,1.03,47.43,42.55,85.35,1.97,28.15,none,running
cnc,2.22,78.02,64.15,91.37,1.94,36.05,cutting_overload,warning
cnc,1.01,54.61,55.55,84.18,2,43.88,coolant_failure,fault
cnc,3.18,51.65,62.37,90.72,2.14,27.46,spindle_misalignment,warning
cnc,1.61,104.74,69.76,90.43,2.07,35.27,cutting_overload,warning
cnc,3.68,65.63,49.25,87.44,2.06,27.01,spindle_misalignment,warning
cnc,0.87,40.39,38.85,66.02,2.11,27.86,none,running
cnc,3.49,50.61,57.45,80.11,2.1,27.69,spindle_misalignment,warning
cnc,2.27,48.34,48.71,103.61,2.04,25.73,chatter,warning
cnc,2.11,95.96,55.43,80.61,1.9,31.45,cutting_overload,warning
cnc,2.47,85.92,77.83,101.89,2.02,32.14,cutting_overload,fault
cnc,1.84,82.73,50.36,72.11,2.03,34.89,cutting_overload,warning
cnc,1.38,54.75,58.72,85.7,1.93,36.68,coolant_failure,warning
cnc,1.73,83.69,59.36,73.36,2.02,33.18,cutting_overload,warning
cnc,1.08,50.45,46.5,87.89,2.16,26.37,none,running
cnc,0.9,50.92,49.16,86.06,2.03,25.38,none,running
cnc,0.98,30.71,31.64,55,1.92,41.54,coolant_failure,fault
cnc,4.09,54.29,53.39,79.46,2.18,28.46,spindle_misalignment,warning
cnc,0.69,23.97,24.75,55,2.17,39.38,coolant_failure,warning
cnc,2.97,47.14,45.18,82.93,2.09,26.25,spindle_misalignment,warning
cnc,0.71,49.06,43.01,78.51,1.91,26.88,none,running
cnc,2.13,80.86,68.59,85.84,1.96,32.88,cutting_overload,warning
cnc,4.02,60.53,55.4,91.92,2.16,27.3,spindle_misalignment,warning
cnc,1.66,83.14,50.81,83.01,1.97,38.04,cutting_overload,warning
cnc,2.08,50.18,46.29,96.8,2.1,28.08,chatter,warning
cnc,1.7,94.35,61.71,94.46,2.06,29.31,cutting_overload,warning
cnc,1.47,62.02,59.91,93.77,1.85,37.48,coolant_failure,warning
cnc,3.48,65.52,54.67,107.93,2.29,28.14,chatter,warning
cnc,2.34,57.69,50.96,95.76,1.96,29.4,spindle_misalignment,warning
cnc,1.76,97.64,66.84,92.38,2.06,32.16,cutting_overload,warning
cnc,1.51,50.52,57.66,90,2.07,38.39,coolant_failure,warning
cnc,0.77,48.96,35.99,55,1.87,30.18,cutting_overload,running
cnc,1.01,51.45,41.35,55,1.86,31.12,cutting_overload,running
cnc,3.14,58.55,49.38,106.42,1.91,26.75,chatter,warning
cnc,3.59,62.11,60.8,88.07,1.98,26.27,spindle_misalignment,warning
cnc,1.99,38.18,32.6,64.7,1.92,26.88,none,running
cnc,2.44,60.38,53.79,93.84,2.02,28.11,chatter,warning
cnc,0.88,48.39,43.78,84.03,1.96,25.77,none,running
cnc,1.9,38.1,39.03,78.43,1.95,26.68,chatter,running
cnc,0.85,38.93,42.91,58.8,2.12,36.14,coolant_failure,warning
cnc,1,36.19,40.03,59.78,1.95,37.17,coolant_failure,warning
cnc,1.9,40.37,34.63,66.23,2.26,27.8,chatter,running
cnc,0.95,47.92,39.21,84.81,2.02,26.5,none,running
cnc,0.47,20.07,20,55,2,24.95,none,running
cnc,1.85,86.45,69.27,98.96,2.09,35.15,cutting_overload,warning
cnc,0.93,42.65,38.43,55,2.15,33.73,cutting_overload,running
cnc,0.84,40.63,41.76,72.86,1.79,26.01,none,running
cnc,1.91,90.92,57.2,83.96,2.15,32.36,cutting_overload,warning
cnc,2.52,60.52,53.64,106.52,2.23,30.19,chatter,warning
cnc,0.51,25.97,24.19,55,1.83,27.14,none,running
cnc,2.17,47.01,51.65,103.17,2.03,28.45,chatter,warning
cnc,0.89,42.25,41.19,74.48,1.94,26.24,none,running
cnc,2.77,53.07,54.04,108.31,2.11,28.84,chatter,warning
cnc,1.32,56.12,49.25,79.71,1.97,43.25,coolant_failure,fault
cnc,1.57,35.2,28.58,62.64,2.28,29.33,chatter,running
cnc,2.01,96.42,58.51,88.8,1.93,30.76,cutting_overload,warning
cnc,1.8,95.78,71.27,89.68,2.02,36.83,cutting_overload,fault
cnc,0.95,44.44,36.7,55,1.91,35.84,cutting_overload,warning
cnc,0.79,39.3,38.89,71.87,2.14,27.19,none,running
cnc,2.49,55.37,51.06,76.12,1.8,27.88,spindle_misalignment,warning
cnc,4.31,48.86,41.81,79.18,1.95,28.63,spindle_misalignment,warning
cnc,1.15,62.18,57.34,87.82,1.97,40.22,coolant_failure,fault
cnc,1.83,69.69,67.13,85.43,1.86,31.82,cutting_overload,warning
cnc,1.76,52.7,55.51,80.57,2.2,41.08,coolant_failure,fault
cnc,1.07,50.36,61.02,78.14,1.78,37.91,coolant_failure,warning
cnc,0.91,49.77,44.14,78.46,2.03,28.35,none,running
cnc,1.14,47.99,38.5,55,1.71,33.05,cutting_overload,running
cnc,0.74,46.97,40.19,77.66,2.03,28.35,none,running
cnc,2.36,52.81,54.79,97,1.81,30.47,chatter,warning
cnc,0.9,49.73,46.92,85.62,2.04,27.63,none,running
cnc,1.46,48.07,56.81,72.53,1.94,35.14,coolant_failure,warning
cnc,1.84,32.21,27.46,55,2,29.46,spindle_misalignment,running
cnc,1.9,101.94,74.87,90.23,1.96,29.05,cutting_overload,fault
cnc,1,50.83,45.11,84.53,2.12,26.75,none,running
cnc,0.82,34.88,39.9,55,1.9,44.47,coolant_failure,fault
cnc,1.1,36.88,40.34,55,2.04,34.76,coolant_failure,warning
cnc,1.13,49.81,46.53,87.05,2.07,25.53,none,running
cnc,1.05,51.67,44.74,81.7,2.29,26.67,none,running
cnc,2.99,51.04,46.78,103.51,2.12,28.99,chatter,warning
cnc,1.57,55.16,46.86,58.2,1.92,32.88,cutting_overload,running
cnc,1.23,56.73,64.81,82.7,2.05,38.41,coolant_failure,warning
cnc,1.25,47.02,51.84,73.99,2.08,37.94,coolant_failure,warning
cnc,1.31,57.43,57.05,85.07,1.82,40.73,coolant_failure,fault
cnc,0.74,43.96,42.04,75.28,1.95,26.7,none,running
cnc,1.16,54.07,45.32,90.72,1.76,28.25,none,running
cnc,1.67,84.16,57.35,75,2.04,34.21,cutting_overload,warning
cnc,1.14,56.18,61.7,87.27,1.83,39.95,coolant_failure,warning
cnc,1.95,41.55,46.51,83.76,1.95,28.25,chatter,running
cnc,0.85,46.71,40.66,78.58,1.97,27.06,none,running
cnc,2.61,50.67,54.42,102.39,1.83,29.54,chatter,warning
cnc,2.36,44.53,43.7,76.19,1.96,27.15,chatter,warning
cnc,1.66,33.22,29.21,55,2.16,28.17,spindle_misalignment,running
cnc,0.8,30.7,34.13,55,2.01,39.39,coolant_failure,warning
cnc,0.96,43.98,43.74,83.17,2.12,27.17,none,running
cnc,4.66,60.67,58.88,97.37,1.96,27.75,spindle_misalignment,fault
cnc,1.15,57.38,64.26,84.94,2.11,39.39,coolant_failure,warning
cnc,1.42,49.63,52.73,80.39,2.06,41.27,coolant_failure,fault
cnc,0.71,43.43,36.27,72.86,2.22,28.47,none,running
cnc,1.03,58.44,43.13,55,2.03,29.78,cutting_overload,running
cnc,1.21,59.76,61.55,87.66,2.05,45.8,coolant_failure,fault
cnc,0.82,34.4,35.12,55,1.99,43.28,coolant_failure,fault
cnc,1.26,35.97,31.9,62.69,2,27.07,chatter,running
cnc,3.43,55.94,48.23,89.36,2,25.31,spindle_misalignment,warning
cnc,0.65,52.44,28.66,55,2.08,35.48,cutting_overload,warning
cnc,4.41,56.07,58.92,87.45,2.13,24.85,spindle_misalignment,warning
cnc,3.81,66.67,58.08,90.09,1.97,27.76,spindle_misalignment,warning
cnc,2.51,104.12,79.64,90.47,2.07,36.49,cutting_overload,fault
cnc,1.85,68.51,56.04,72.76,2.1,35.63,cutting_overload,warning
cnc,3.18,49.17,51.55,96.94,1.98,29.5,chatter,warning
cnc,2.11,28.82,26.29,55,2.06,27.54,spindle_misalignment,warning
cnc,2.55,54.13,49.1,101.76,1.83,29.3,chatter,warning
cnc,1.35,48.36,49.16,72.51,2.05,40.04,coolant_failure,fault
cnc,1.04,46.12,31.57,55,1.94,38.26,cutting_overload,warning
cnc,2.32,87.86,63.72,75.46,2.05,30.9,cutting_overload,warning
cnc,3.42,56.45,47.71,87.4,1.79,30.72,spindle_misalignment,warning
cnc,5.11,67.13,59.13,94.05,1.98,28.41,spindle_misalignment,fault
cnc,3.37,60.56,46.97,99.03,2.21,30.45,chatter,warning
cnc,1.51,97.74,71.27,87.34,1.92,34.08,cutting_overload,fault
cnc,3.93,48.88,46.4,73.07,2.13,26.51,spindle_misalignment,warning
cnc,3.1,47.51,45.29,75.6,2.26,31.23,spindle_misalignment,warning
cnc,0.88,45.29,42.84,81.58,2,24.91,none,running
cnc,0.78,45.59,41.41,78.15,1.93,27.98,none,running
cnc,1.02,49.64,49.01,85.24,1.86,27.71,none,running
cnc,1.83,25.48,27.75,55,1.91,29.08,spindle_misalignment,running
cnc,0.97,45.86,45.45,82.75,2.16,27.42,none,running
cnc,2.87,46.6,37.06,66.77,1.99,28.31,spindle_misalignment,warning
cnc,2.37,56.6,55.56,107.92,1.96,27.74,chatter,warning
cnc,2.37,91.09,69.42,80.47,1.9,33.79,cutting_overload,warning
cnc,0.9,43.77,42.41,71.81,2.26,27.47,none,running
cnc,1.45,75.69,59.29,71.19,2.09,35.95,cutting_overload,warning
cnc,3.2,57.38,57.16,84.22,1.94,29.44,spindle_misalignment,warning
cnc,1.43,88.06,58.5,82.26,1.77,30.96,cutting_overload,warning
cnc,2.02,49.3,49.68,102.26,2.08,27.27,chatter,warning
cnc,1.06,34.78,38.56,55.85,1.9,38.18,coolant_failure,warning
cnc,1.29,62.7,67.55,87.84,2.18,35.66,coolant_failure,warning
cnc,0.94,48.34,43.17,73.77,1.83,27.05,none,running
cnc,1.74,113.17,79.64,97.3,1.9,29.67,cutting_overload,fault
cnc,0.92,51.13,45.64,82.6,1.99,26.5,none,running
cnc,0.52,29.69,27.85,55,1.96,27.88,none,running
cnc,2.62,53.01,51.07,110,1.99,27.6,cutting_overload,warning
cnc,1.18,69.5,55.6,76.76,2.16,30.9,cutting_overload,running
cnc,1.54,57.12,61.91,86.05,2.05,44.2,coolant_failure,fault
cnc,1.34,60.61,64.52,86.8,1.95,39.24,coolant_failure,warning
cnc,0.63,40.18,32.27,55,1.85,35.68,cutting_overload,warning
cnc,3.28,53.13,50.12,84.78,2.13,26.59,spindle_misalignment,warning
cnc,0.73,22.65,27.73,55,2.05,33.76,coolant_failure,running
cnc,2.82,49.49,48.91,92.7,2.01,27.98,chatter,warning
cnc,1.71,65.49,58.17,91.77,2.23,37.52,coolant_failure,warning
cnc,2.52,108.96,68.37,91.8,2.15,37.87,cutting_overload,warning
cnc,2.68,57.75,62.11,109.37,1.77,28.31,chatter,warning
cnc,1.01,56.43,47.55,58.01,2.05,31.72,cutting_overload,running
cnc,2.53,88.27,75.94,89.44,1.92,29.76,cutting_overload,fault
cnc,2.56,50.49,45.7,82,2.04,28.87,spindle_misalignment,warning
cnc,4.2,58.05,56.82,89.73,1.91,28.38,spindle_misalignment,warning
cnc,1.93,58,55.97,87.14,2.26,35.89,coolant_failure,warning
cnc,0.69,27.39,32.46,55,1.97,41.72,coolant_failure,fault
cnc,3.71,52.56,55.9,86.84,1.89,27.55,spindle_misalignment,warning
cnc,1.77,85.68,63.25,90.21,2.14,32.05,cutting_overload,warning
cnc,0.78,41,37.84,68.88,2.05,27.38,none,running
cnc,2.45,46.13,55.29,102.9,1.88,26.09,chatter,warning
cnc,3.09,56.51,52.92,93.48,1.91,26.52,chatter,warning
cnc,1.86,34.92,29.63,58.13,2.03,26.26,chatter,running
cnc,3.27,64.88,51.19,80.71,1.91,28.72,spindle_misalignment,warning
cnc,0.86,42.63,47.24,72.48,1.87,39.64,coolant_failure,warning
cnc,0.61,28.85,27.36,55,1.97,39.47,coolant_failure,warning
cnc,2.66,100.81,68.49,91.38,1.94,31.08,cutting_overload,warning
cnc,1.45,36.26,33.57,66.08,2.07,25.25,chatter,running
cnc,0.92,46.34,41.76,77.88,2.02,26.6,none,running
cnc,1.35,39.13,40.95,58.89,2.03,43.51,coolant_failure,fault
cnc,1.6,87.54,71.32,91.78,1.93,34.13,cutting_overload,fault
cnc,0.5,24.91,24.13,55,1.87,26.5,none,running
cnc,1.32,67.86,62.22,95.48,2,45.28,coolant_failure,fault
cnc,2.39,83.22,76.2,90.8,2.26,33.84,cutting_overload,fault
cnc,5.49,74.71,58.2,97.69,2.16,27.19,spindle_misalignment,fault
cnc,1.08,52.42,61.93,83.94,2.02,36.01,coolant_failure,warning
cnc,0.44,24.52,25.3,55,2.12,25.16,none,running
cnc,0.9,48.35,42.6,77.64,1.88,28.82,none,running
cnc,4.24,58.62,57,88.96,2.17,26.1,spindle_misalignment,warning
cnc,1.53,61.06,41.14,56.35,1.99,35.04,cutting_overload,warning
cnc,1.19,61.97,62.66,91.42,1.97,43.34,coolant_failure,fault
cnc,1.06,42.31,47.54,83.09,1.88,26.92,none,running
cnc,2.8,51.14,48.99,106.03,2.05,29.77,chatter,warning
cnc,1.62,47.25,54.75,73.49,1.87,38.66,coolant_failure,warning
cnc,2.42,93.25,75.2,86.36,1.97,37.04,cutting_overload,fault
cnc,1.84,73.52,60.88,79.07,2.26,30.88,cutting_overload,warning
cnc,2.75,63.11,55.56,104.96,1.8,27.11,chatter,warning
cnc,2.8,48.59,52.26,90.2,1.99,26.88,chatter,warning
cnc,1.04,44.22,51.43,73.97,2.07,39.69,coolant_failure,warning
cnc,0.76,37.94,37.66,71.59,2.05,27.92,none,running
cnc,2.21,51.43,43.24,94.04,1.93,30.18,chatter,warning
cnc,0.84,37.8,36.79,67.35,1.99,27.04,none,running
cnc,2.6,43.67,44.71,94.71,2.26,28.78,chatter,warning
cnc,4.33,62.58,57.38,88.85,2.14,29.45,spindle_misalignment,warning
cnc,3.55,60.35,55.37,92.59,1.9,26.19,spindle_misalignment,warning
cnc,0.84,45.14,41.04,78.62,1.96,27.57,none,running
cnc,0.7,21.23,24.21,55,1.89,34.69,coolant_failure,warning
cnc,2.61,53.96,60.54,106.74,1.94,30.83,chatter,warning
cnc,0.79,39.67,34.96,70.9,2.06,28.16,none,running
cnc,0.85,37.44,37.78,68.74,2.01,27.99,none,running
cnc,2.97,46.11,56.22,106.73,2.01,27.88,chatter,warning
cnc,2.83,58.39,48.59,88.9,1.88,27.22,spindle_misalignment,warning
cnc,2.03,67.06,61.13,91.33,2.02,39.01,coolant_failure,warning
cnc,2.38,59.56,49.29,94.25,2.19,26.02,chatter,warning
cnc,1.65,32.98,27.4,61.21,1.88,26.5,chatter,running
cnc,1.09,49.05,46.98,84.22,1.86,26.86,none,running
cnc,2.73,53.01,49.77,94.23,1.91,28.91,chatter,warning
cnc,2.81,39.44,43.68,89.81,2.16,27.47,chatter,warning
cnc,1.79,37.32,36.1,69.9,2.16,25.32,chatter,running
cnc,4.87,51.43,47.12,84.18,1.95,30.98,spindle_misalignment,fault
cnc,1.03,53.28,52.16,79.13,2.09,35.85,coolant_failure,warning
cnc,1.75,90.98,56.89,78.64,2.11,37.23,cutting_overload,warning
cnc,2.35,54.51,52.05,92.47,2.13,29.45,coolant_failure,warning
cnc,1.01,52.82,46.13,87.88,1.75,25.66,none,running
cnc,4.35,57.14,52.77,88.63,1.83,30.2,spindle_misalignment,warning
cnc,1.47,49.62,61.17,75.92,2.19,40,coolant_failure,warning
cnc,2.13,76.14,66.89,77.68,1.99,29.01,cutting_overload,warning
cnc,0.89,45.28,41.05,77.13,2,26.9,none,running
cnc,1.58,53.69,44.44,57.13,2.1,34.83,cutting_overload,warning
cnc,4.81,62.88,53.8,93.77,1.88,26.59,spindle_misalignment,fault
cnc,2.17,47.36,52.65,89.06,1.88,29.06,chatter,warning
cnc,0.89,49.85,47.11,71.66,1.97,38.49,coolant_failure,warning
cnc,1.3,71.17,59,70.98,2.1,34.93,cutting_overload,warning
cnc,0.88,26.51,26.57,55,2.1,40.05,coolant_failure,fault
cnc,0.61,48.53,30.07,55,1.84,34,cutting_overload,running
cnc,1.52,55.56,40.11,60.06,1.95,34.28,cutting_overload,warning
cnc,0.93,48.32,47.74,86.56,2.14,24.59,none,running
cnc,3.48,63.69,55.77,91.82,1.88,25.98,spindle_misalignment,warning
cnc,1.27,57.04,70.93,92.82,2.06,35.37,coolant_failure,fault
cnc,1.02,44.04,47.48,82.37,2.09,27.27,none,running
cnc,1.06,51.01,47.49,81.26,1.95,29.26,none,running
cnc,1.8,50.6,44.07,88.08,2.12,27.86,chatter,running
cnc,1.35,73.61,63.27,70.89,1.94,35.92,cutting_overload,warning
cnc,2.97,47.24,45.21,92.93,1.83,26.27,chatter,warning
cnc,1.5,76.63,58.73,70.91,2.04,31.11,cutting_overload,warning
cnc,0.7,44.84,39.88,77.11,2.05,25.42,none,running
cnc,2.17,85.65,64.48,79.25,2.01,30.84,cutting_overload,warning
cnc,0.84,39.53,38.1,65.78,2.02,27.95,none,running
cnc,2.09,84.06,56.41,81.03,2.07,34.83,cutting_overload,warning
cnc,2.15,46.56,45.82,83.33,2,28.86,chatter,warning
cnc,1.74,48.81,59.67,85.09,1.82,45.15,coolant_failure,fault
cnc,0.95,25.3,30.74,55,1.81,39.39,coolant_failure,warning
cnc,1.39,59.61,57.99,83.01,2.04,36.68,coolant_failure,warning
cnc,2.09,44.39,43.12,89.84,2.03,28.4,chatter,warning
cnc,1.35,44.44,52.22,70.04,2.13,42.98,coolant_failure,fault
cnc,4.61,54.38,50.84,89.67,1.79,28.47,spindle_misalignment,fault
cnc,1.23,54.7,45.26,61.84,2,31.78,cutting_overload,running
cnc,1.49,45.94,46.56,76.22,2.04,42.65,coolant_failure,fault
cnc,1.65,47.26,57.05,82.82,2.06,39.84,coolant_failure,warning
cnc,0.92,49.21,47.79,86.47,2.12,27.96,none,running
cnc,1.86,25.05,22.9,55,2.17,30.45,chatter,running
cnc,3.27,56.77,60.01,110,1.91,28.68,chatter,warning
cnc,1.09,25.77,21.07,55,2.02,26.05,chatter,running
cnc,1.95,105.82,79.87,98.86,2.01,33.79,cutting_overload,fault
cnc,1.47,97.04,73.93,86.09,2.22,34.22,cutting_overload,fault
cnc,1.55,59.05,66.19,92.42,2.12,34.94,coolant_failure,warning
cnc,1.66,57.21,59.35,86.5,2.04,33.31,coolant_failure,warning
cnc,0.94,44.28,36.67,72.77,2.06,25.48,none,running
cnc,2.49,57.55,54.99,95.89,2.14,30.42,chatter,warning
cnc,1.02,45.15,45.68,83.97,1.87,28.49,none,running
cnc,0.72,46.75,40.43,71.61,2.05,26,none,running
cnc,4.33,53.67,56.22,89.01,2.18,27.4,spindle_misalignment,warning
cnc,0.75,24.59,25.42,55,2.09,40,coolant_failure,warning
cnc,2.99,56.18,46.65,71.26,1.92,26.66,spindle_misalignment,warning
cnc,2.48,64.34,55.9,101.36,2.02,27.53,chatter,warning
cnc,2.23,53.01,51.63,95.69,1.88,28.53,chatter,warning
cnc,3.6,59.52,55.95,87.25,2.31,29.96,spindle_misalignment,warning
cnc,1.66,55.6,65.25,87.14,2.17,34.14,coolant_failure,warning
cnc,1.08,35.81,38.69,60.78,1.86,34.16,coolant_failure,warning
cnc,1.79,93.49,79.86,98.13,2.13,28.71,cutting_overload,fault
cnc,3.7,63.55,52.95,89.94,1.87,25.85,spindle_misalignment,warning
cnc,0.72,37.89,37.81,72.18,1.89,27.03,none,running
cnc,0.79,46.69,43.88,75.52,1.88,25.9,none,running
cnc,0.71,37.79,37.09,64.53,2,26.95,none,running
cnc,1.03,55.25,45.87,85.91,2.15,27.42,none,running
cnc,3.04,45.5,51.23,78.26,2.14,28.88,spindle_misalignment,warning
cnc,5.01,56.84,53.73,92.87,2.25,27.72,spindle_misalignment,fault
cnc,0.56,30.45,25.32,55,2.02,27.69,none,running
cnc,2.17,40.41,44.89,84.11,2.19,26.92,chatter,warning
cnc,0.65,26.54,33.82,55,1.99,35.99,coolant_failure,warning
cnc,0.89,32.22,30.28,55,1.95,40.19,spindle_misalignment,fault
cnc,3.11,48.61,44.31,78.24,2.16,28.61,spindle_misalignment,warning
cnc,2.13,77.23,65.99,83.97,1.91,35,cutting_overload,warning
cnc,3.01,59.1,52.19,110,2.21,28.6,chatter,warning
cnc,1.35,54.74,49.35,74.67,1.97,36.56,coolant_failure,warning
cnc,2.93,60.67,49.68,110,2.18,29.03,chatter,warning
cnc,2.09,48.14,49.22,104.06,2.15,27.13,chatter,warning
cnc,4.24,64.64,60.16,98.88,2.16,29.82,spindle_misalignment,warning
cnc,2.8,36.55,35.96,58.37,1.88,29.63,spindle_misalignment,warning
cnc,3.82,45.28,48.85,80.39,2.03,25.41,spindle_misalignment,warning
cnc,0.98,45.46,45.03,79.02,2.2,25.78,none,running
cnc,4.03,49.77,54.67,83.05,2.14,25.38,spindle_misalignment,warning
cnc,1.62,80.12,73.98,97.65,2.14,31.65,cutting_overload,fault
cnc,4.22,51.13,55.1,84.61,2.21,30.89,spindle_misalignment,warning
cnc,3.33,62.08,55.36,104.02,2.1,26.33,chatter,warning
cnc,1.37,53.58,49.4,78.39,1.93,42.63,coolant_failure,fault
cnc,2.54,45.61,49.75,76.82,2.06,27.45,spindle_misalignment,warning
cnc,0.6,25.19,27.76,55,1.85,37.56,coolant_failure,warning
cnc,1.84,52.32,38.28,88.75,1.97,28.72,chatter,running
cnc,0.9,40.13,39.96,80.22,2.05,28.02,none,running
cnc,1.17,55.41,56.39,87.31,2.02,38.64,coolant_failure,warning
cnc,2.3,91.86,71.48,88.35,2.2,36.97,cutting_overload,fault
cnc,1.52,20.48,24.34,55,1.92,26.68,chatter,running
cnc,0.87,34.4,32.73,55,1.8,43.06,coolant_failure,fault
cnc,0.87,46.28,33.85,55,2.04,31.23,cutting_overload,running
cnc,2.16,53.7,48.55,99.81,2.12,28.69,chatter,warning
cnc,2.05,93.21,70.93,87.66,1.99,34.3,cutting_overload,fault
cnc,1.64,63.23,58.57,71.84,2.12,35.35,cutting_overload,warning
cnc,1.15,54.85,55.73,75.47,2.07,35.6,coolant_failure,warning
cnc,4.97,62.49,51.74,91.12,1.98,30.47,spindle_misalignment,fault
cnc,3.68,52.32,51.35,83.06,1.87,30.06,spindle_misalignment,warning
cnc,1.96,88.22,53.09,78.08,2,30.88,cutting_overload,warning
cnc,1.28,44.56,59.93,82.9,2.13,37.29,coolant_failure,warning
cnc,0.74,40.33,40.78,75.07,2.19,26.15,none,running
cnc,3.16,45.49,44.21,74.68,2.12,29.62,spindle_misalignment,warning
cnc,1.12,50.8,46.01,88.03,2.03,26.73,none,running
cnc,2.63,52.68,43.84,88.01,1.96,28.68,chatter,warning
cnc,4.64,51.68,54.44,87.78,2.12,27.92,spindle_misalignment,fault
cnc,4.5,60.08,51.95,99.04,2.12,29.82,spindle_misalignment,warning
cnc,0.57,24.78,28.04,55,1.93,43.89,coolant_failure,fault
cnc,2.01,98.1,84.22,99.67,2.27,33.12,cutting_overload,fault
cnc,2.93,30.98,33.06,55,1.99,30.24,spindle_misalignment,warning
cnc,2.33,34.14,36.79,58.21,1.81,26.98,spindle_misalignment,warning
cnc,2.9,62.4,59.8,108.61,1.97,26.22,chatter,warning
cnc,1.89,29.44,29.23,55,2.09,29.2,chatter,running
cnc,1.09,50.37,40.95,55,1.99,29.56,cutting_overload,running
cnc,0.74,38.94,35.92,58.53,2.27,34.13,coolant_failure,warning
cnc,2.11,80.49,68.06,80.47,2.06,32.59,cutting_overload,warning
cnc,1.73,44.7,39.79,79.11,1.8,28.42,chatter,running
cnc,2.83,44.38,31.2,56.95,2.06,28.42,spindle_misalignment,warning
cnc,1.55,72.32,68.34,93.77,2.16,29.66,cutting_overload,warning
cnc,0.83,47.46,47.92,70.92,1.97,34.07,coolant_failure,warning
cnc,3.78,58.21,59.31,96.38,2.02,28.7,spindle_misalignment,warning
cnc,1.03,44.31,44.43,63.98,2.01,39.49,coolant_failure,warning
cnc,0.62,31.01,31.08,55,2.1,27.52,none,running
cnc,1.89,89.6,67.92,81.79,1.98,33.82,cutting_overload,warning
cnc,0.45,29.45,24.66,55,2.09,27.2,none,running
cnc,0.57,28.47,32.92,55,1.87,44.73,coolant_failure,fault
cnc,2.68,47,53.76,109.84,1.86,30.01,chatter,warning
cnc,0.87,38.98,37.24,74.8,1.9,28.05,none,running
cnc,0.91,39.59,39.42,70.56,1.95,29,none,running
cnc,1.52,91.43,55.15,81.69,1.94,37.35,cutting_overload,warning
cnc,5.03,56.36,55.24,92.1,1.87,26.54,spindle_misalignment,fault
cnc,1.19,61.87,57.64,88.21,2.06,43.14,spindle_misalignment,fault
cnc,2.38,47.77,44.57,82.03,2.07,25.88,chatter,warning
cnc,3.93,48.77,46.86,71.85,2.12,28.79,spindle_misalignment,warning
cnc,0.5,24.07,27.41,55,1.88,45.63,coolant_failure,fault
cnc,3.13,49.69,41.51,93.33,2.05,26,chatter,warning
cnc,1.47,50.25,50.61,78.94,1.96,42.04,coolant_failure,fault
cnc,1.04,52.9,50.45,88.55,2.08,27.21,none,running
cnc,0.64,35.22,35.29,69.16,2.12,26.72,none,running
cnc,0.86,49.19,39.93,55,2.11,34.48,cutting_overload,warning
cnc,4.21,54.99,48.72,97.87,1.86,28.62,spindle_misalignment,warning
cnc,2.39,95.18,77.89,97.64,2.13,31.53,cutting_overload,fault
cnc,2.19,88.79,75.09,99.99,2.18,33.24,cutting_overload,fault
cnc,1.22,47.31,55.82,75.11,2.14,36.89,coolant_failure,warning
cnc,3.77,57.56,56.83,83.99,2.01,25.33,spindle_misalignment,warning
cnc,1.55,62.37,58.28,96.17,2.04,36,coolant_failure,warning
cnc,1.61,74.01,49.58,75.56,2.01,33.73,cutting_overload,running
cnc,1.93,33.24,34.59,56.43,2.23,26.54,chatter,running
cnc,3.86,69.08,56.32,110,1.95,28.78,chatter,warning
cnc,1.67,94.85,72.51,96.97,2.05,29.67,cutting_overload,fault
cnc,2.01,84.07,57.63,82.75,2.13,36.33,cutting_overload,warning
cnc,1.41,45.79,48.45,74.81,1.83,41.84,coolant_failure,fault
cnc,0.41,27.42,26.92,55,2.06,41.7,coolant_failure,fault
cnc,3.01,49.88,49.09,95.97,2.14,26.25,chatter,warning
cnc,2.57,84.26,73.78,101.39,2.24,35.86,cutting_overload,fault
cnc,3.37,54.91,48.25,84.83,1.9,29.93,spindle_misalignment,warning
cnc,1.34,49.36,47.7,80.3,2.07,43.1,coolant_failure,fault
cnc,5.36,63.49,56.04,101.73,2.22,29.59,spindle_misalignment,fault
cnc,0.88,44.02,40.74,79.23,2.13,26.13,none,running
cnc,0.8,47.62,41.09,77.58,2.03,27.14,none,running
cnc,1.92,81.6,56.69,75.03,1.85,36.63,cutting_overload,warning
cnc,4.16,64.37,58.07,88.75,2.06,29.58,spindle_misalignment,warning
cnc,1.14,58.6,45.12,61.47,1.99,33.14,cutting_overload,running
cnc,1.44,62.3,42.42,56.95,1.79,29.74,cutting_overload,running
cnc,3.62,61.66,44.61,81.09,2.03,29.13,spindle_misalignment,warning
cnc,1.05,47.28,46.44,56.56,1.99,33.29,cutting_overload,running
cnc,2.66,49.98,49.05,92.21,1.9,26.02,chatter,warning
cnc,0.98,51.99,44.35,93.18,2.05,27.04,none,warning
cnc,3.71,68.21,55.63,87.41,2.01,28.37,spindle_misalignment,warning
cnc,2.8,53.18,51.14,73.34,2.1,29.6,spindle_misalignment,warning
cnc,2.38,48.62,43.98,88.3,1.87,27.33,chatter,warning
cnc,0.82,41.62,39.46,71.24,2.06,26.06,none,running
cnc,1.24,36.27,28.01,67.44,1.91,25.46,chatter,running
cnc,1.76,85.16,64.69,76.82,2.05,29.49,cutting_overload,warning
cnc,2.45,31.71,28.78,55,2.05,31.18,spindle_misalignment,warning
cnc,0.93,52.49,45.32,86.11,2.07,27.37,none,running
cnc,1.16,47.69,54.93,76.18,1.93,40.32,coolant_failure,fault
cnc,2.09,26.07,31.35,55,2.15,26.8,spindle_misalignment,warning
cnc,1.9,35.73,36.13,63.85,2.29,27.52,chatter,running
cnc,1.96,74.57,68.8,84.56,2.08,34.78,cutting_overload,warning
cnc,3.37,67.53,62.36,94.43,2.19,25.04,spindle_misalignment,warning
cnc,2.71,52.63,48.24,88.32,2.15,28.39,chatter,warning
cnc,0.8,39.29,36.2,70.78,2.22,26.06,none,running
cnc,2.14,89.93,58.99,78.24,2.33,31.43,cutting_overload,warning
cnc,1.02,46.74,43.62,83.23,2.12,27.26,none,running
cnc,4.47,69.42,56.78,100.83,2.01,28.87,spindle_misalignment,warning
cnc,2.97,56.58,51.98,74.07,1.77,27.26,spindle_misalignment,warning
cnc,1.27,58.73,63.3,85.95,2.11,43.66,coolant_failure,fault
cnc,1.54,42.38,34.2,69.65,1.83,28,chatter,running
cnc,2.64,52.69,47.83,110,2.1,28.96,chatter,warning
cnc,1.1,46.75,56.1,78.39,2,34.41,coolant_failure,warning
cnc,1.52,57.53,61.42,76.13,1.99,41.74,coolant_failure,fault
cnc,1.62,80.98,63.17,84.44,2.07,34.3,cutting_overload,warning
cnc,2.69,50.76,49.12,92.18,1.82,29.86,chatter,warning
cnc,1.93,51.9,42.53,80.15,1.85,28.49,chatter,running
cnc,3.59,60.77,60.32,103.77,2.08,25.61,chatter,warning
cnc,1.23,43.92,53.95,73.56,1.86,43.66,coolant_failure,fault
cnc,3.61,49.88,45.59,77.56,1.89,25.6,spindle_misalignment,warning
cnc,4.29,54.22,54.52,79.82,1.98,29.64,spindle_misalignment,warning
cnc,1.49,73.91,60.22,71.58,1.89,31.95,cutting_overload,warning
cnc,3.19,63.49,53.75,108.17,2.1,29.62,chatter,warning
cnc,2.01,46.27,41.61,76.65,2.03,31.36,chatter,warning
cnc,2.17,100.52,76.69,92.17,2.08,33.15,cutting_overload,fault
cnc,1.44,59.8,50.78,64.13,2.17,34.99,cutting_overload,warning
cnc,0.48,27.38,29.3,55,1.95,38.6,coolant_failure,warning
cnc,2.28,43.75,50.12,106.32,2.08,27.03,chatter,warning
cnc,1.73,53.95,57.46,88.26,1.9,41.91,coolant_failure,fault
cnc,4.71,61.89,58.65,95.69,1.89,28.84,spindle_misalignment,fault
cnc,1.32,61.09,43.65,63.16,1.82,37.53,cutting_overload,warning
cnc,2.75,93.48,66.48,97.89,2.15,32.75,cutting_overload,warning
cnc,1.01,52.43,68.7,90.91,2,39.85,coolant_failure,warning
cnc,2.86,44.52,49.82,84.88,2.02,26.25,chatter,warning
cnc,3.29,53.5,56.48,110,2.08,27.57,chatter,warning
cnc,1.26,43.91,33.08,55,2.19,32.84,cutting_overload,running
cnc,1.68,44.79,49.97,74.28,2.06,37.74,coolant_failure,warning
cnc,1.71,60.03,58.72,87.61,1.99,36.35,coolant_failure,warning
cnc,0.83,55.52,37.08,55,2.02,32.07,cutting_overload,running
cnc,2.75,47.93,50.54,82.76,1.99,28.95,chatter,warning
cnc,2.94,45.94,47.14,80.79,1.85,26.82,chatter,warning
cnc,2.86,48.16,50.87,82.26,2.27,30.05,spindle_misalignment,warning
cnc,1.66,57.44,57.96,98.75,2.08,43.22,coolant_failure,fault
cnc,1.52,59.05,59.32,89.02,1.97,33.69,coolant_failure,warning
cnc,1.76,56.07,65.97,81.63,2.19,40.73,chatter,fault
cnc,1.24,61.09,52.18,86.57,2.22,35.88,coolant_failure,warning
cnc,1.56,50.02,53.72,81.6,2.1,33.36,coolant_failure,running
cnc,0.83,41.08,38.22,72.08,1.96,26.96,none,running
cnc,2.52,37.62,33.84,55,1.86,28.02,spindle_misalignment,warning
cnc,2.14,45.43,41.1,86.56,2.19,30.27,chatter,warning
cnc,0.98,51.89,46.14,94.87,2.02,27.18,none,warning
cnc,0.94,39.34,38.35,74.58,2.3,25.01,none,running
cnc,1.78,62.94,72.18,90.32,1.84,34.94,coolant_failure,fault
cnc,3.22,65.74,56.62,89.37,1.79,26.49,spindle_misalignment,warning
cnc,1.46,61.27,65.88,92.37,1.9,43.03,coolant_failure,fault
cnc,4.76,59.73,55.97,99.61,1.89,26.84,spindle_misalignment,fault
cnc,1.71,84.01,64.1,82.21,1.82,34.2,cutting_overload,warning
cnc,0.9,38.96,39.88,73.16,1.74,26.21,none,running
cnc,2.18,51.44,45.66,86.85,2.03,29.67,chatter,warning
cnc,3.09,71.39,63.06,93.21,2.1,29.04,spindle_misalignment,warning
cnc,3.91,52.18,50.1,76.95,2.22,31.64,spindle_misalignment,warning
cnc,1.05,56.73,49.19,93.49,1.93,27.23,none,warning
cnc,1.79,32.33,31.88,61.93,2.04,26.43,chatter,running
cnc,1.63,78.42,66.68,96.03,2.15,35.54,cutting_overload,warning
cnc,1.29,77.91,62.49,73.3,2.09,32.54,cutting_overload,warning
cnc,1.6,59.86,58.14,83.04,1.89,39,coolant_failure,warning
cnc,2.05,47.67,48.6,89.21,1.94,30.17,chatter,warning
cnc,0.83,26.83,29.1,55,2.12,37.71,coolant_failure,warning
cnc,2.15,93.21,59.36,82.66,1.96,35.43,cutting_overload,warning
cnc,1.33,44.29,57.14,73.1,2.14,38.28,chatter,warning
cnc,0.91,37.63,41.85,71.09,2.01,26.5,none,running
cnc,3.03,47.23,60.03,105.45,1.91,28.82,chatter,warning
cnc,1.29,48.28,55.15,73.13,2.21,37.44,coolant_failure,warning
cnc,2.17,47.35,41.9,93.09,2.1,26.02,chatter,warning
cnc,4.03,59.42,56.12,93.2,1.79,27.29,spindle_misalignment,warning
cnc,1.98,71.49,63.34,81.56,1.91,31.69,cutting_overload,warning
cnc,0.62,28.09,32.69,55,2.01,36,coolant_failure,warning
cnc,4.03,58.58,44.71,77.2,1.92,30.01,spindle_misalignment,warning
cnc,2.83,59.66,54.29,110,2.21,28.69,chatter,warning
cnc,5.28,69.83,51.19,91.04,1.89,27.16,spindle_misalignment,fault
cnc,2.5,51.45,47.97,99.49,1.92,29.16,chatter,warning
cnc,1.1,54.33,55.67,86.23,2.1,32.73,coolant_failure,running
cnc,2.44,33.32,31.2,58.96,1.88,26.59,spindle_misalignment,warning
cnc,2.08,86.66,62.23,74.83,2.23,30.44,cutting_overload,warning
cnc,3.73,58.67,55.52,86,2.05,28.55,spindle_misalignment,warning
cnc,1.64,52.53,54.51,84.22,2.22,39.94,coolant_failure,warning
cnc,1.32,92.79,53.94,79.26,1.76,37.65,cutting_overload,warning
cnc,2.06,49.33,51.19,103.61,2.04,30.47,chatter,warning
cnc,0.91,44.99,40.92,77.7,1.98,26.21,none,running
cnc,2.1,78.67,64.9,95.13,2.05,34.77,cutting_overload,warning
cnc,0.85,49.14,42.2,77.23,2.15,28.41,none,running
cnc,0.98,48.27,45.35,83.03,1.81,28.99,none,running
cnc,3.2,52.25,50.22,93.49,2.18,32.52,spindle_misalignment,warning
cnc,0.77,38.45,37.48,71.94,1.88,26.49,none,running
cnc,2.51,83.1,64.68,99.88,2.23,35.86,cutting_overload,warning
cnc,0.85,48.87,41.41,59.12,2.04,33.73,cutting_overload,running
cnc,4.17,49.54,44.71,85.73,1.98,31.08,spindle_misalignment,warning
cnc,4.21,52.22,52.75,82.59,1.89,30.45,spindle_misalignment,warning
cnc,0.95,53.31,46.34,83.07,2.04,26.57,none,running
cnc,1.33,70.63,58.44,74.29,1.9,33.65,cutting_overload,warning
cnc,1.57,56.25,55.82,90.48,1.99,39.16,coolant_failure,warning
cnc,0.83,42.68,38.69,73.54,1.85,26.9,none,running
cnc,2.93,61.6,49.97,110,1.76,27.53,chatter,warning
cnc,2.71,32.8,32.98,55,2.06,29.12,spindle_misalignment,warning
cnc,4.21,50.22,56.97,92.66,2.1,28.8,spindle_misalignment,warning
cnc,1.55,88.67,69.75,97.56,1.79,35.85,cutting_overload,warning
cnc,5.01,54.09,57.7,90.26,2.01,29.05,spindle_misalignment,fault
cnc,2.36,27.85,32.65,55,1.94,26.38,none,warning
cnc,0.74,41.7,38.19,66.8,2.04,28.16,none,running
cnc,1.42,80.58,59.37,75.71,1.89,35.38,cutting_overload,warning
cnc,2.12,88.19,63.79,85.14,2.17,31.86,cutting_overload,warning
cnc,3.67,55.12,53.27,91.3,1.99,28.2,spindle_misalignment,warning
cnc,1.19,70.75,56.1,72.27,2.08,32.03,cutting_overload,running
cnc,0.68,41.78,42.6,75.1,1.9,26.55,none,running
cnc,1.63,49.89,47.54,57.89,2.18,36.7,cutting_overload,warning
cnc,1.45,66.86,47.2,59.65,1.99,32.57,cutting_overload,running
cnc,0.75,42.33,38.97,74.22,2.16,27.32,none,running
cnc,3.74,69.1,51.76,89.35,2.09,30.28,spindle_misalignment,warning
cnc,1.13,33.37,25.22,55,2.23,27.71,chatter,running
cnc,1.73,55.55,62.84,96.31,2,44.57,coolant_failure,fault
cnc,2.54,95.13,71.5,96.81,2.15,34.93,cutting_overload,fault
cnc,3.01,63.16,54.46,103.24,2.02,27.24,chatter,warning
cnc,2.04,86.77,60.33,74.36,2.02,35.9,cutting_overload,warning
cnc,3.85,56.14,51.39,85.65,2.03,31.26,spindle_misalignment,warning
cnc,2.07,66.47,64.55,75.37,2.16,30.66,cutting_overload,warning
cnc,3.56,49.99,47.76,85.99,2.08,29.14,spindle_misalignment,warning
cnc,1.77,51.93,44.39,87.08,1.96,29.76,chatter,running
cnc,0.93,42.11,40.35,74.64,2.01,26.7,none,running
cnc,3,53.21,45.9,76.62,2.23,28.89,spindle_misalignment,warning
cnc,1.64,24.11,22.99,55,2.07,31.05,spindle_misalignment,running
cnc,1.02,38.27,32.99,55,1.86,30.27,cutting_overload,running
cnc,4.23,57.04,44.92,82.69,2.18,30.31,spindle_misalignment,warning
cnc,4.35,48.79,52.03,82.08,1.82,29.17,spindle_misalignment,warning
cnc,3.51,49.94,58.67,99.43,2.07,29.35,chatter,warning
cnc,1.38,75.35,55.58,85.62,2.13,34.28,cutting_overload,warning
cnc,0.7,26.18,26.46,55,1.93,34.71,coolant_failure,warning
cnc,3.53,71,60.58,89.79,2.16,28.04,spindle_misalignment,warning
cnc,2.67,57.18,57.79,110,2.07,29.91,chatter,warning
cnc,2.24,43.78,39.39,80.49,2.05,27.54,chatter,warning
cnc,0.82,42.63,36.23,73.23,2.14,26.9,none,running
cnc,2.16,101,57.81,89.05,2.13,35.73,cutting_overload,warning
cnc,0.89,43.04,40.17,77.29,2.03,28.67,none,running
cnc,1.14,36.94,42.82,55.83,2.16,38.05,coolant_failure,warning
cnc,3.16,53.73,47.38,81.73,2.07,26.73,spindle_misalignment,warning
cnc,0.99,51.89,45.59,82.05,2.23,27.78,none,running
cnc,1.39,59.09,58.61,75.16,2.04,30.68,cutting_overload,warning
cnc,3.29,51.01,48.24,78.74,2.19,29.36,spindle_misalignment,warning
cnc,1.37,56.18,70.32,88.76,1.93,37.16,coolant_failure,fault
cnc,1.21,28.07,26.97,55,2.03,27.71,chatter,running
cnc,2.41,51.87,51.99,106.58,1.92,27.15,chatter,warning
cnc,2.95,64.05,51.39,110,2.14,28.42,chatter,warning
cnc,1.09,46.03,35.55,55,1.89,32.46,cutting_overload,running
cnc,0.72,27.16,28.05,55,1.92,27.46,none,running
cnc,0.92,42.84,44.17,78.14,2.07,25.78,none,running
cnc,1.89,64.06,62.36,77.81,1.83,37.43,cutting_overload,warning
cnc,2.67,47.79,53.06,96,2.1,25.27,chatter,warning
cnc,3.94,57.15,58.63,93.76,1.96,30.42,spindle_misalignment,warning
cnc,2.82,48.07,47.29,91.39,1.96,26.88,chatter,warning
cnc,1.28,62.93,61.4,87.43,1.82,37.61,coolant_failure,warning
cnc,3.97,50.82,55.54,82.95,1.84,27.75,spindle_misalignment,warning
cnc,4.76,58.11,54.19,87.1,2.01,30.34,spindle_misalignment,fault
cnc,1.22,46.89,49.75,73.72,2.19,42.37,coolant_failure,fault
cnc,2.16,96.3,74.54,91.36,2.17,31.59,cutting_overload,fault
cnc,1.51,61.03,63.85,93.14,2.06,33.73,coolant_failure,warning
cnc,1.32,55.61,38.49,55,2.07,36.91,cutting_overload,warning
cnc,0.8,44.75,42.21,73.69,2.01,27.43,none,running
cnc,2.16,78.05,60.67,81.76,2.06,38.05,cutting_overload,warning
cnc,2.33,59.27,55.37,108.46,2,29.71,chatter,warning
cnc,2.6,85.05,66.35,95.64,1.93,34.63,cutting_overload,warning
cnc,0.69,33.86,27.72,55,1.88,29.16,none,running
cnc,1.74,67.88,57.16,74.52,2.01,33.78,cutting_overload,running
cnc,2.23,107.13,70.37,100.51,2.16,33.37,cutting_overload,fault
cnc,2.29,33.22,29.3,55,1.88,28.25,spindle_misalignment,warning
cnc,4.85,68.11,50.87,97.92,2.01,28.05,spindle_misalignment,fault
cnc,1.31,52.51,66.45,85.28,2.07,36.29,coolant_failure,warning
cnc,3.12,61.28,54.74,105.29,2.12,28.62,chatter,warning
cnc,4.6,51.54,57.3,88.01,2.03,25.52,spindle_misalignment,fault
cnc,2.1,92.54,66.66,79.73,1.89,34.73,cutting_overload,warning
cnc,1.02,45.52,54.33,77.5,2.01,45.21,coolant_failure,fault
cnc,2.26,29.39,26.84,55,1.98,26.81,spindle_misalignment,warning
cnc,2.49,105.43,70.14,101.28,2.02,30.98,cutting_overload,fault
cnc,0.98,50.02,45.28,86.25,2.05,27.8,none,running
cnc,2.92,46.14,53.1,73.76,2.08,30.76,spindle_misalignment,warning
cnc,1.26,65.53,60.08,95.5,2.18,41.09,coolant_failure,fault
cnc,2.63,46.22,46.49,88.39,2.04,26.88,chatter,warning
cnc,4.13,50.56,49.51,85.59,1.91,29.17,spindle_misalignment,warning
cnc,3.66,53.93,53.83,85.84,1.92,27.48,chatter,warning
cnc,1.28,42.21,49.67,74.6,1.94,38.43,coolant_failure,warning
cnc,2.31,69.32,52.02,109.62,1.89,29.4,chatter,warning
cnc,2,56.11,71.21,90.96,2.15,39.68,coolant_failure,fault
cnc,1.02,45.99,54.42,73.02,1.86,43.13,coolant_failure,fault
cnc,1.59,94.51,77.57,102.48,2,29.56,cutting_overload,fault
cnc,1.27,56.05,58.29,85.14,1.79,40.2,coolant_failure,fault
cnc,1.01,48.41,46.17,81.41,1.99,27.6,none,running
cnc,0.78,41.11,40.48,75.65,1.97,25.42,none,running
cnc,3.04,54.48,46,79.19,2.09,27.54,spindle_misalignment,warning
cnc,5.62,62.43,61.99,101.27,2.08,28.46,spindle_misalignment,fault
cnc,0.78,47.26,40.18,79.04,1.87,27.58,none,running
cnc,2.48,50.93,50.53,103.48,1.99,27,chatter,warning
cnc,2.11,39.03,35.67,65.99,1.95,30.18,spindle_misalignment,warning
cnc,4.26,52.84,56.56,87.75,2.17,25.27,spindle_misalignment,warning
cnc,1.43,89.64,64.11,79.36,2.04,31.81,cutting_overload,warning
cnc,1.76,52.04,52.03,81.97,2.09,38.63,coolant_failure,warning
cnc,1.74,50.24,45.28,90.6,1.98,25.61,chatter,running
cnc,2.64,47.11,54.03,110,1.85,28.19,chatter,warning
cnc,1.44,61.78,59.02,72.57,1.9,35.02,cutting_overload,warning
cnc,1.72,87.04,60.41,84.88,1.94,36.37,cutting_overload,warning
cnc,4.38,62.05,47,86.51,1.96,30.27,spindle_misalignment,warning
cnc,2.79,57.83,50.62,92.63,1.88,29.48,chatter,warning
cnc,3.51,61.68,54.11,98.46,2.07,27.4,spindle_misalignment,warning
cnc,2.26,82.47,75.07,95,2.12,32.01,cutting_overload,fault
cnc,1.75,35.63,29.55,59.27,1.97,27.84,chatter,running
cnc,4.78,64.47,53.84,96.72,1.95,30.92,spindle_misalignment,fault
cnc,1.45,38.36,29.7,60.23,2.02,26.3,chatter,running
cnc,0.85,39.6,38.91,67.52,2.15,28.59,none,running
cnc,1.53,78.35,59.67,80.21,2.11,31.37,cutting_overload,warning
cnc,0.98,45.15,46.1,55,1.94,32.66,cutting_overload,running
cnc,1.51,57.14,68.73,89.16,2.22,43.83,coolant_failure,fault
cnc,1.09,51.36,59.45,77.31,1.77,38.97,coolant_failure,warning
cnc,2.45,78.89,66.26,95.77,2.23,33.24,cutting_overload,warning
cnc,1.68,31.79,27.31,60.65,2.01,28.38,none,running
cnc,3.96,52.21,53.02,95,1.99,27.41,spindle_misalignment,warning
cnc,2.08,93.17,61.6,83.5,1.89,36.6,cutting_overload,warning
cnc,1.31,56.85,56.58,86.24,2.21,36.59,coolant_failure,warning
cnc,2.91,45.94,53.99,93.28,2.03,29.09,chatter,warning
cnc,1.06,51.94,56.85,74.71,1.83,37.93,coolant_failure,warning
cnc,3.47,53.39,43.86,86.15,1.98,29.53,spindle_misalignment,warning
cnc,0.71,30.44,32.7,58.6,2,26.91,none,running
cnc,2.06,106.6,75.52,89,2.04,32.22,cutting_overload,fault
cnc,3.23,53.55,50.75,99.79,1.92,31.26,spindle_misalignment,warning
cnc,2.48,54.14,59.43,99.74,1.97,27.2,chatter,warning
cnc,1.67,58.95,52.26,64.88,2.28,37.02,cutting_overload,warning
cnc,1.15,20.19,23.8,55,2,26.52,chatter,running
cnc,2.77,50.76,50.56,91.12,2.1,26.78,chatter,warning
cnc,1.09,48.06,53.07,71.28,2.2,38.92,coolant_failure,warning
cnc,3.23,49.61,54.7,92.9,2,26.44,chatter,warning
cnc,0.95,47.03,43.31,89.82,1.86,27.15,none,running
cnc,3.73,61.42,49.97,90.01,2.15,31.46,spindle_misalignment,warning
cnc,3.38,52.11,42.61,77.79,1.95,26.47,spindle_misalignment,warning
cnc,1.52,99.08,69.35,95.42,1.93,37.17,cutting_overload,warning
cnc,1.16,51.68,48.86,89.98,1.9,27.4,none,running
cnc,2.05,85.43,66.65,83.03,1.88,37.55,spindle_misalignment,warning
cnc,0.62,31.72,30.03,55.18,1.97,26.9,none,running
cnc,0.97,53.55,48.66,90.82,1.96,27.52,none,running
cnc,2.54,51.01,48.04,92.08,1.91,29.75,chatter,warning
cnc,1.8,43.53,40.98,87.01,2.22,30.44,chatter,running
cnc,0.88,36.88,36.88,73.83,1.8,27.4,none,running
cnc,1.54,105.66,69.5,98.3,1.97,33.52,cutting_overload,warning
cnc,1.1,45.25,52.02,77.33,1.94,35.15,coolant_failure,warning
cnc,0.9,49.41,47.6,88.66,2.03,26.68,none,running
cnc,1.61,86.86,65.9,80.08,2.03,30.06,cutting_overload,warning
cnc,1.03,67.65,45.51,67.47,1.79,35.78,cutting_overload,warning
cnc,4.84,62.14,57.98,106.21,2.1,29.45,spindle_misalignment,fault
cnc,0.94,43.11,40.62,71.8,2.02,28.13,none,running
cnc,0.99,48.6,43.23,85.95,1.96,27.51,none,running
cnc,0.49,27.49,27.96,55,2.15,37.69,coolant_failure,warning
cnc,1.29,60.09,52.53,62.05,2.12,35.38,cutting_overload,warning
cnc,0.9,57.42,48.66,93.62,1.89,27.64,none,warning
cnc,1.16,51.1,58.13,80.82,1.97,41.42,coolant_failure,fault
cnc,0.82,40.7,44.25,59.58,2.24,43.74,coolant_failure,fault
cnc,0.98,51.27,47.76,88.37,2.06,28.56,none,running
cnc,1.27,46.5,57.14,72.53,2.1,35.71,coolant_failure,warning
cnc,0.73,37.12,43.85,59.58,2.15,36.92,coolant_failure,warning
cnc,1.97,47.35,45.5,86.4,2.03,29.55,cutting_overload,running
cnc,1.89,101.99,74.85,90.22,2.1,34.7,cutting_overload,fault
cnc,2.12,57.97,46.27,90.97,1.94,29.76,chatter,warning
cnc,2.59,60.72,53.94,107.36,2.08,28.83,chatter,warning
cnc,1.57,29.91,27.38,55.1,2,25.98,chatter,running
cnc,0.85,41.79,39.87,74.95,2.06,25.02,none,running
cnc,0.93,45.95,43.32,82.43,1.99,25.71,none,running
cnc,3.4,54.95,47.91,83.94,2.18,28.92,spindle_misalignment,warning
cnc,0.73,40.06,38.9,67.24,1.92,27.87,none,running
cnc,2.19,47.41,52.7,96.22,2.13,30.44,chatter,warning
cnc,1.34,62.2,59.84,74.93,1.97,32.37,cutting_overload,warning
cnc,2.27,82.25,58.41,76.29,2.01,35.81,cutting_overload,warning
cnc,1.8,82.26,69.48,87.23,1.96,33.5,cutting_overload,warning
cnc,1.54,33.62,26.3,55,1.87,29.27,chatter,running
cnc,2.62,48.9,47.63,91.24,2.1,29.46,chatter,warning
cnc,3.5,64.59,63.93,97.17,1.98,28.6,spindle_misalignment,warning
cnc,3.2,57.94,49.82,85.49,2.02,29.74,spindle_misalignment,warning
cnc,0.83,44.12,38.77,73.08,2.16,27.68,none,running
cnc,0.72,31.8,33.5,55,2.02,46.1,coolant_failure,fault
cnc,1.21,83.55,52.86,76.53,1.93,30.68,cutting_overload,running
cnc,1.95,90.08,60.62,78.26,2.22,34.45,cutting_overload,warning
cnc,2.7,60.46,55.31,98.88,2.23,30.03,chatter,warning
cnc,4.36,71.8,48.27,97.44,1.86,27.88,spindle_misalignment,warning
cnc,0.37,19.44,20.39,55,1.94,27.75,none,running
cnc,0.7,39.64,37.21,67.54,1.99,25.68,none,running
cnc,0.97,52.51,55.72,86.56,1.83,40.06,coolant_failure,fault
cnc,4.81,52.31,50.17,91.52,1.99,28.7,spindle_misalignment,fault
cnc,2.77,42.19,39.1,68.13,2.23,29.58,spindle_misalignment,warning
cnc,2.71,54.06,48.57,94.07,1.71,27.24,cutting_overload,warning
cnc,2.01,77.04,60.41,74.49,2.19,34.64,cutting_overload,warning
cnc,1.1,75.97,62.88,71.66,2.15,31.46,cutting_overload,warning
cnc,2.2,24.04,23.92,55,1.97,27.28,spindle_misalignment,warning
cnc,1.55,52.86,53.13,83.15,1.93,36.01,coolant_failure,warning
cnc,0.97,39.28,38.96,74.7,2.07,24.99,none,running
cnc,4.11,55.97,52.23,82.18,2.04,27.04,spindle_misalignment,warning
cnc,3.55,51.31,58.71,88.2,1.96,28.1,spindle_misalignment,warning
cnc,2.73,66.08,51.69,100.75,2.09,29.63,chatter,warning
cnc,0.97,46.7,37.48,55,2.07,32.13,cutting_overload,running
cnc,0.98,42.81,54.94,76.05,2.12,34.81,coolant_failure,warning
cnc,1.74,43.25,60.64,84.35,2.18,41.06,coolant_failure,fault
cnc,0.74,42.05,37.02,70.42,2.23,27.29,none,running
cnc,0.98,29.16,34.67,55,2.15,43.3,coolant_failure,fault
cnc,0.55,27.2,23.76,55,2.06,28.06,none,running
cnc,1.58,68.18,57.33,75.67,1.81,36.22,cutting_overload,warning
cnc,0.83,45.13,42.02,81.2,1.97,25.43,none,running
cnc,0.91,48.15,47.2,81.32,1.93,26.5,none,running
cnc,0.86,40.09,32.94,55,1.97,31.95,cutting_overload,running
cnc,2.08,72.41,51.29,76.49,2.04,31.55,cutting_overload,warning
cnc,1.03,43.11,41.8,81.22,1.96,26.6,none,running
cnc,1.13,51.7,53.92,89.29,2.12,36.45,coolant_failure,warning
cnc,0.93,42.51,39.07,55,2.2,35.01,cutting_overload,warning
cnc,0.47,20.99,20.91,55,1.82,28.53,none,running
cnc,2.02,76.77,62.39,91.53,2.2,32.46,cutting_overload,warning
cnc,0.89,37.25,34.2,55,2.09,31.99,cutting_overload,running
cnc,1,50.76,48.74,89.73,2,25.34,none,running
cnc,1.56,22.8,21.91,55,2.14,26.34,chatter,running
cnc,1.16,54.95,54.64,85.59,1.95,45.47,coolant_failure,fault
cnc,1.77,82.68,65.13,79.51,1.95,35.64,cutting_overload,warning
cnc,0.82,53.95,50.18,88.3,2.14,26.8,none,running
cnc,3.33,42.73,49.43,72.57,1.95,28.75,spindle_misalignment,warning
cnc,1.36,84.58,80.09,94.04,2.09,31.99,cutting_overload,fault
cnc,2.99,32.31,32.04,55,1.88,26.2,spindle_misalignment,warning
cnc,2.1,80.82,57.45,79.52,2.17,29.66,cutting_overload,warning
cnc,1.46,51.63,55.71,81.94,1.98,37.42,coolant_failure,warning
cnc,2.45,49.77,47.7,105.25,2.08,26.94,chatter,warning
cnc,1.82,73.18,69.36,87.58,2.07,36.55,cutting_overload,warning
cnc,0.46,22.57,20.07,55,2.13,26.33,none,running
cnc,1.12,65.21,58.54,75.05,1.92,30,cutting_overload,warning
cnc,1.45,44.6,49.93,72.21,1.95,43.74,coolant_failure,fault
cnc,0.97,52.68,44.85,86.03,1.97,27.2,none,running
cnc,0.95,52.15,43.84,86.34,1.88,24.75,none,running
cnc,4.52,49.55,51.48,82.83,2.04,30.6,none,fault
cnc,1.64,63.87,61.8,81.32,1.96,31.23,cutting_overload,warning
cnc,0.68,42.18,38.07,68.48,2.15,26.21,none,running
cnc,2.64,61.44,52.27,102.32,2.14,27.39,chatter,warning
cnc,1.35,49.01,60.77,80.77,2.17,38.64,coolant_failure,warning
cnc,0.75,38.84,39.13,55.97,1.9,41.58,coolant_failure,fault
cnc,2.45,36.81,26.41,55,2.02,25.66,spindle_misalignment,warning
cnc,0.84,42.97,38.72,69.89,2.14,28.78,none,running
cnc,1.17,78.27,54.32,74.15,1.97,33.53,spindle_misalignment,running
cnc,2.05,37.87,30.72,62.05,2.11,28.89,chatter,warning
cnc,0.89,49.91,46.58,80.63,2.03,27.48,none,running
cnc,1.46,62.35,70.59,103.34,2.07,35.29,coolant_failure,fault
cnc,3.15,56.84,47.82,78.58,1.89,29.02,spindle_misalignment,warning
cnc,3.66,68.57,50.98,98.46,2.04,27.94,spindle_misalignment,warning
cnc,2.88,49.16,50.4,107.21,2.11,30.75,chatter,warning
cnc,1.7,91.52,77.28,86.92,2.07,33.43,cutting_overload,fault
cnc,3.6,52.94,57.25,96.34,1.98,27.58,spindle_misalignment,warning
cnc,3.49,36.05,34.47,55.99,2.14,29.27,spindle_misalignment,warning
cnc,2.16,54.92,46.99,107.48,2.1,24.44,chatter,warning
cnc,2.13,28.12,28.23,55,2.04,29.78,spindle_misalignment,warning
cnc,1.92,78.67,57.57,81.09,2.15,32.97,cutting_overload,running
cnc,0.74,26.76,30.54,55,1.85,35.49,coolant_failure,warning
cnc,1.4,49.32,50.15,76.23,2.04,35.53,coolant_failure,warning
cnc,1.41,92.56,68.2,82.95,2.19,33.04,cutting_overload,warning
cnc,1.8,54,51.62,79.31,1.98,34.75,coolant_failure,warning
cnc,2.16,40.72,41.35,77.14,1.82,30.61,chatter,warning
cnc,0.95,57.19,45.75,93.99,1.95,27.12,none,warning
cnc,1.52,55.3,62.36,77.53,1.97,41.21,coolant_failure,fault
cnc,1.28,57.86,62.44,93.69,2.14,43.09,coolant_failure,fault
cnc,2.41,49,44.56,80.66,1.92,27.16,chatter,warning
cnc,1.43,47.97,62.07,80.38,1.89,38.35,coolant_failure,warning
cnc,1.14,49.38,46.12,94.36,2.22,27.16,none,warning
cnc,0.52,26.46,27.22,55,1.97,42.53,coolant_failure,fault
cnc,5.35,71.5,59.18,103.34,1.94,26.06,spindle_misalignment,fault
cnc,0.45,26.01,23.95,55,1.95,27.45,none,running
cnc,1.56,56.27,61.44,80.8,1.99,46.31,coolant_failure,fault
cnc,1.57,28.98,31.56,56.9,1.96,26.62,chatter,running
cnc,2.19,34.3,28.45,55,2.09,25.03,spindle_misalignment,warning
cnc,0.85,43.86,40.48,79.59,2,25.83,none,running
cnc,2.21,100.88,70.98,89.55,2.11,30.97,cutting_overload,fault
cnc,1.81,69.67,55.33,70.94,1.94,32.72,cutting_overload,running
cnc,0.48,28.31,25.79,55,2.01,26.16,none,running
cnc,1.28,56.03,57.29,82.48,2.06,35.11,coolant_failure,warning
cnc,5.56,59.38,57.22,94.05,2,30.11,spindle_misalignment,fault
cnc,0.75,39.22,36.28,65.15,1.73,26.35,none,running
cnc,3.83,48.96,53.25,89.84,2.04,25.56,spindle_misalignment,warning
cnc,1.01,47.32,57.21,75.86,1.97,44.57,coolant_failure,fault
cnc,1.76,55.7,57.24,84.56,2.08,43.78,coolant_failure,fault
cnc,1.99,54.4,52.86,101.8,2.05,29.76,chatter,warning
cnc,1.84,78.23,56.78,80.3,1.97,34.65,cutting_overload,warning
cnc,0.98,41.25,29.24,55,1.95,35.11,cutting_overload,warning
cnc,1.14,50.53,54.6,73.19,2.09,40.96,coolant_failure,fault
cnc,1.25,43.59,36.28,55,1.82,29.33,cutting_overload,running
cnc,2.74,48.57,41.68,88.07,1.9,26.61,chatter,warning
cnc,3.22,42.54,50.25,75.35,1.9,32.29,spindle_misalignment,warning
cnc,0.88,39.11,36.88,69.97,2.21,26.1,none,running
cnc,0.85,35.68,38.2,72.02,1.93,26.02,none,running
cnc,1.48,83.66,69.39,96.5,2.08,35.9,cutting_overload,warning
cnc,1.08,51.84,41.4,55,2.1,29.97,cutting_overload,running
cnc,1.35,44.12,52.19,81.29,2.08,37.73,coolant_failure,warning
cnc,0.79,56.28,47.3,83.65,1.89,29.12,none,running
cnc,1.03,52.49,65.07,99.52,1.91,38.28,coolant_failure,warning
cnc,1,47.67,40.68,73.87,2.25,24.37,none,running
cnc,1.78,52.57,67.11,86.79,2.04,39.71,coolant_failure,warning
cnc,1.32,36.75,38.03,58.62,1.99,43.27,coolant_failure,fault
cnc,1.52,55.81,64.73,88.35,2.12,36.12,coolant_failure,warning
cnc,2.54,41.95,30.31,58.65,2.11,27.68,spindle_misalignment,warning
cnc,0.98,49.96,48.63,87.79,2.21,27.14,none,running
cnc,0.93,44.79,42.79,75.61,1.85,27.3,none,running
cnc,1.05,45.8,42.27,80.85,1.77,26.39,none,running
cnc,1.31,56.38,61.31,86.1,1.86,43.12,coolant_failure,fault
cnc,0.81,39.79,38.48,67.96,1.93,25.78,none,running
cnc,3.8,63.6,51,92.31,1.9,30.07,spindle_misalignment,warning
cnc,1.02,49.38,42.79,80.72,2.08,26.79,none,running
cnc,2.62,40.05,35.4,56.55,1.93,31.71,spindle_misalignment,warning
cnc,0.92,52.13,46.31,83.92,2.1,27.1,none,running
cnc,0.63,40.39,35.4,66.81,2.16,26.27,none,running
cnc,0.94,47.16,42.53,55,1.99,33.2,cutting_overload,running
cnc,1.83,81.96,54.89,82.52,1.92,33.46,cutting_overload,running
cnc,3.02,55.74,49.04,110,1.82,28.61,chatter,warning
cnc,2.05,82.78,62.55,80.03,2.11,32.07,cutting_overload,warning
cnc,0.66,28.3,26.68,55,2.03,26.96,none,running
cnc,2.59,104.39,78.98,91.24,2.19,28.51,coolant_failure,fault
cnc,1.38,48.46,50.65,72.54,2.1,39.8,coolant_failure,warning
cnc,1.43,25.93,26.71,55,2.23,29.43,chatter,running
cnc,1.46,75.09,59.45,79.34,1.93,35.04,cutting_overload,warning
cnc,3.71,68.92,66.19,91.16,2.1,32.46,spindle_misalignment,warning
cnc,1.68,51.62,49.31,76.24,2.21,40,coolant_failure,warning
cnc,0.45,23.97,21.79,55,2.09,26.28,none,running
cnc,0.71,35.82,40.59,61.07,1.95,43.08,coolant_failure,fault
cnc,0.82,49.21,44.65,79.77,1.78,26.97,none,running
cnc,1.39,54.24,54.18,86.43,2.17,45.95,coolant_failure,fault
cnc,2.09,88.87,64.47,87.18,1.92,33.62,cutting_overload,warning
cnc,1.84,57.59,42.5,99.01,1.78,27.67,chatter,warning
cnc,0.81,41.31,44.59,78.25,1.87,25.7,none,running
cnc,3.33,66.18,55.85,110,2.06,25.83,chatter,warning
cnc,2.17,76.73,64.29,84.1,1.95,30.26,cutting_overload,warning
cnc,0.63,27.8,27.59,55,1.92,26.59,none,running
cnc,3.29,50.8,46.72,71.6,1.89,29.53,spindle_misalignment,warning
cnc,4.49,56.08,49.32,88.22,2.23,27.63,spindle_misalignment,warning
cnc,0.61,29.87,31.9,55,2.02,42.83,coolant_failure,fault
cnc,1.64,77.94,71.91,85.9,1.89,33.73,cutting_overload,fault
cnc,2.07,51.53,50.13,103.21,2.08,28.87,chatter,warning
cnc,4.31,53.14,50.51,91.07,2.18,25.46,spindle_misalignment,warning
cnc,1.14,58.99,58.48,84.18,2.1,43.68,coolant_failure,fault
cnc,3.13,43.68,50.29,95.62,2.05,27.64,chatter,warning
cnc,0.82,22.46,30.05,55,2.24,45.51,coolant_failure,fault
cnc,1.05,26.33,37.15,55,1.98,32.29,coolant_failure,running
cnc,1.08,41.33,45.12,72.53,2.1,38.19,chatter,warning
cnc,2.54,61.71,53.32,105.49,2.08,27.85,chatter,warning
cnc,3.16,41.2,43.99,72.67,2.19,28.09,spindle_misalignment,warning
cnc,0.75,33.07,35.02,55.47,2.07,42.23,coolant_failure,fault
cnc,1.71,29.54,26.57,55,1.84,30.91,spindle_misalignment,running
cnc,0.6,32.42,31.18,59.14,2.07,28.56,none,running
cnc,1.32,49.12,56.69,84.3,1.93,36.47,coolant_failure,warning
cnc,1.55,57.11,54.87,59.74,2.1,32.93,cutting_overload,running
cnc,2.55,52.09,48.47,81.68,1.9,26.66,chatter,warning
cnc,1.55,66.16,70.76,94.87,2.04,44.36,coolant_failure,fault
cnc,1.67,67.89,47.49,58.33,1.85,34.38,cutting_overload,warning
cnc,2.28,76,61.33,78.56,1.96,31.77,cutting_overload,warning
cnc,1.1,54.44,48.52,88.92,2.08,27.8,none,running
cnc,1,49.84,60.26,82.3,2.1,44.84,coolant_failure,fault
cnc,0.96,50.26,47.95,77.36,1.89,41.41,coolant_failure,fault
cnc,4.17,50.39,44.11,78.7,1.94,27.07,spindle_misalignment,warning
cnc,1.64,52.07,50.85,76.76,2.04,41.11,coolant_failure,fault
cnc,1.48,79.54,81.84,102.22,2.12,33.65,cutting_overload,fault
cnc,2.67,54.2,49.65,89.52,2.04,29.21,chatter,warning
cnc,2.78,52.55,49.71,76.44,2.02,28.82,spindle_misalignment,warning
cnc,2.15,39.04,40.5,80.82,1.79,28.16,chatter,warning
cnc,2.01,40.6,34.33,69.64,2.19,28.19,chatter,warning
cnc,1,51.73,61.21,87.58,2.13,35.32,coolant_failure,warning
cnc,2.31,65.55,57.78,107.11,2.19,27.15,chatter,warning
cnc,1.68,78.99,61.32,74.8,2.17,32.58,cutting_overload,warning
cnc,3.29,62.97,55.79,84.18,2.08,30.44,spindle_misalignment,warning
cnc,1.23,76.81,51.22,74.76,1.9,35.37,cutting_overload,warning
cnc,1.55,31.81,24.5,55,2.07,26.76,chatter,running
cnc,1.73,60.76,62.91,97.07,2.11,42.96,coolant_failure,fault
cnc,0.86,33.85,31.09,55,1.79,33.39,coolant_failure,running
cnc,2.51,48.23,47.91,79.78,2.13,28.24,chatter,warning
cnc,1.37,72.49,61.39,89.69,1.9,30.07,cutting_overload,warning
cnc,0.93,38.04,42.87,59.63,1.87,45.43,coolant_failure,fault
cnc,3.03,53.12,47.45,75.35,1.94,28.93,spindle_misalignment,warning
cnc,4.22,53.27,50.21,82.94,2.16,26.77,spindle_misalignment,warning
cnc,2.27,91.94,57.51,86.67,2.05,29.97,cutting_overload,warning
cnc,0.78,40.57,40.42,75.14,1.83,27.04,none,running
cnc,2.19,34.59,34.64,56.33,1.88,29.25,spindle_misalignment,warning
cnc,2.41,56.78,47.98,90.73,2.14,27.8,chatter,warning
cnc,0.56,29.61,26.22,55,1.99,28.3,none,running
cnc,0.91,28.29,34.92,55,1.86,43.36,coolant_failure,fault
cnc,3.6,62.59,63.84,101.64,1.94,28.96,spindle_misalignment,warning
cnc,1.03,36.96,41.88,60.62,2.21,38.93,coolant_failure,warning
cnc,3.28,56.65,57.52,88.16,2.05,28.69,spindle_misalignment,warning
cnc,0.88,47.76,52.8,73.52,1.93,44.18,coolant_failure,fault
cnc,1.48,28.57,33.53,60.96,1.84,28.74,chatter,running
cnc,1.31,55.05,60.26,94.66,1.99,37.95,coolant_failure,warning
cnc,1.13,51.34,53.04,92.53,1.85,27.21,none,warning
cnc,0.35,23.81,23.65,55,2.27,26.83,none,running
cnc,2.35,91.36,66.95,90.67,2.13,34.75,cutting_overload,warning
cnc,2.67,48.09,45.13,92.75,2.13,26.69,chatter,warning
cnc,3.39,59.62,56.94,109.19,2.07,26.44,chatter,warning
cnc,1.37,51.26,57.59,76.16,1.99,33.97,coolant_failure,running
cnc,1.82,54.97,62.73,91.18,1.97,35.56,coolant_failure,warning
cnc,3.69,68.19,54.18,93.25,2.19,26.97,spindle_misalignment,warning
cnc,1.51,77.69,61.26,83.05,2.01,34.8,cutting_overload,warning
cnc,1,46.77,45.34,78.46,1.89,26.99,none,running
cnc,3.61,57.57,44.64,81.6,2.12,27.58,spindle_misalignment,warning
cnc,1.69,73.63,67.4,84.41,2.1,32.4,cutting_overload,warning
cnc,1.3,74.52,61.16,82.16,1.96,31.77,cutting_overload,warning
cnc,1.47,78.34,67.29,81.79,1.97,32.08,cutting_overload,warning
cnc,0.87,44.43,37.98,75.38,1.95,27.6,none,running
cnc,1.02,50.22,65.92,87.98,2.08,37.46,coolant_failure,warning
cnc,0.86,45.03,42.45,76.37,2.31,27.89,none,running
cnc,5.48,59.77,64.96,97.55,1.88,27.52,spindle_misalignment,fault
cnc,2.58,31.69,34.33,55.28,2.05,31.82,spindle_misalignment,warning
cnc,0.92,46.46,39.86,56.13,1.94,33.89,cutting_overload,running
cnc,1.28,73.02,55.79,80.5,2.02,36.61,cutting_overload,warning
cnc,0.82,45.23,37.63,71.56,2.05,26.74,none,running
cnc,1.06,47.33,40.67,82.74,1.8,29.2,none,running
cnc,1.79,61.55,68.12,90.13,2.06,37.96,coolant_failure,warning
cnc,2.69,111.51,71.4,104.04,2.03,36.14,cutting_overload,fault
cnc,1.09,55.15,56.63,89,2.05,34.01,coolant_failure,warning
cnc,2.21,47.61,52.06,99.18,2.02,29.18,chatter,warning
cnc,3.29,64.55,52.83,88.84,2.19,26.97,spindle_misalignment,warning
cnc,0.66,34.54,35.7,55.23,1.99,43.84,coolant_failure,fault
cnc,1.16,36.2,42.66,58.48,1.99,38.94,coolant_failure,warning
cnc,2.62,50.52,44.06,72.58,2.05,26.17,spindle_misalignment,warning
cnc,0.74,44.93,43.07,72.85,1.76,25,none,running
cnc,1.71,68.46,46.19,62.02,1.92,35.69,cutting_overload,warning
cnc,1.09,73.74,43.62,65.17,1.98,33.45,cutting_overload,running
cnc,2.38,64.04,49.52,90.96,1.97,27.94,chatter,warning
cnc,2.86,53.95,41.45,72.55,2.05,29.66,spindle_misalignment,warning
cnc,2.94,61.85,52.53,101.86,2.04,28.17,chatter,warning
cnc,1.79,41.09,44.75,83.38,1.98,28.57,chatter,running
cnc,1.91,59.69,64.88,90.77,1.74,42.94,coolant_failure,fault
cnc,1.16,59.49,43.62,55,2.15,33.96,cutting_overload,running
cnc,0.42,24.72,24.86,55,1.85,26.53,none,running
cnc,2.97,54.06,56.36,109.04,2.11,30.01,chatter,warning
cnc,2.22,53.59,46.32,91.91,1.93,28.29,chatter,warning
cnc,4.11,54.62,58.6,90.62,1.95,30.25,spindle_misalignment,warning
cnc,4.62,54.34,48.67,92.1,1.89,27.66,spindle_misalignment,fault
cnc,1.33,53.65,60.47,97.36,2.1,38.87,coolant_failure,warning
cnc,1.93,42.99,44.87,87.06,1.91,29.76,chatter,running
cnc,1.85,103.29,77.19,89.62,1.94,32.8,cutting_overload,fault
cnc,2.09,47.54,40.63,78.93,2.27,28.92,chatter,warning
cnc,0.87,45.67,36.83,74.92,1.85,25.81,none,running
cnc,1.07,55.16,44,86.51,2.08,28.92,none,running
cnc,1.66,86.06,64.09,90.71,2.06,32.07,cutting_overload,warning
cnc,2.81,51.72,38.92,69.1,1.97,30.39,spindle_misalignment,warning
cnc,1.88,77.81,66.38,85.21,1.74,37.11,cutting_overload,warning
cnc,2.13,82.4,67.1,90.43,1.79,32.8,cutting_overload,warning
cnc,2.25,61.03,54.74,90.15,2.14,29.16,chatter,warning
cnc,2.08,28.87,28.86,55,1.89,30.23,spindle_misalignment,warning
cnc,0.7,34.46,31.49,57.43,2.12,27.56,none,running
cnc,0.48,23.46,20.71,55,1.98,26.17,none,running
cnc,2.35,87.28,71.77,96.7,2.12,34.12,cutting_overload,fault
cnc,3.35,50.72,47.71,86.17,2.02,29.81,spindle_misalignment,warning
cnc,3.82,48.72,48.83,78.07,2.03,26.47,spindle_misalignment,warning
cnc,4.33,66.21,51.29,79.87,1.96,28.88,spindle_misalignment,warning
cnc,0.96,52.96,49.17,87.62,1.96,25.13,none,running
cnc,1.55,79.72,59.07,89.07,2.01,35.09,cutting_overload,warning
cnc,5.35,56.89,56.94,96.69,2.26,25.4,spindle_misalignment,fault
cnc,1.94,55.05,48.38,85.8,1.93,30.83,chatter,running
cnc,1.78,103.16,78.5,93.9,2.13,33.53,cutting_overload,fault
cnc,1.74,54.78,64.16,89.57,2.02,40.22,coolant_failure,fault
cnc,3.46,52.52,46.27,81.88,1.93,31.4,spindle_misalignment,warning
cnc,2.4,102.89,72.5,103.01,1.85,34.26,cutting_overload,fault
cnc,2.74,51.56,52.26,83.11,2.17,29.68,spindle_misalignment,warning
cnc,5.21,58.45,55.57,90.92,2.2,28.06,spindle_misalignment,fault
cnc,1,54.82,47.23,89.62,1.88,26.87,none,running
cnc,2.66,50.11,50.56,89.37,2.04,28.6,cutting_overload,warning
cnc,1.06,49.55,51.09,96.99,1.97,26.93,none,warning
cnc,2.29,47.89,49.17,91.33,2.03,27.06,chatter,warning
cnc,0.98,52.15,46.46,84.91,1.89,26.15,none,running
cnc,2.18,50.54,47.15,90.12,2.13,26.74,chatter,warning
cnc,1.02,44.69,44.47,75.51,2.05,26.19,none,running
cnc,1.75,80.16,63.59,89.51,1.92,30.83,cutting_overload,warning
cnc,2.01,49.71,40.55,80.85,2.01,28.85,chatter,warning
cnc,2.03,49.79,43.45,89.07,1.94,27.57,chatter,warning
cnc,1.55,46.91,55.09,76.12,2.19,34.61,coolant_failure,warning
cnc,3.68,52.03,47.3,71.48,1.9,27.66,spindle_misalignment,warning
cnc,1.41,78.41,55.58,85.48,2.1,32.17,cutting_overload,running
cnc,3.9,65.19,59.52,85.94,1.97,28.09,spindle_misalignment,warning
cnc,0.87,48.86,45.15,83.82,1.93,26.9,none,running
cnc,0.57,23.92,23.73,55,1.95,25.54,none,running
cnc,0.99,45.23,43.6,79.87,1.87,26.46,none,running
cnc,0.97,51.66,50.41,88.71,2.22,28.63,none,running
cnc,4.67,67.31,65.19,101.62,1.91,29.64,spindle_misalignment,fault
cnc,1.17,50.07,45.19,81.19,1.95,26.93,none,running
cnc,0.76,38.6,35.81,69.75,2,27.64,none,running
cnc,3.83,54.28,41.81,74.99,2.05,28.7,spindle_misalignment,warning
cnc,1.19,58.07,72.05,90.14,2.11,37.07,coolant_failure,fault
cnc,2.55,45.55,36.44,64.62,1.81,25.11,spindle_misalignment,warning
cnc,0.81,42.25,39.17,75.45,1.89,27.07,none,running
cnc,1.78,38.4,34.93,64.41,1.9,31.63,chatter,running
cnc,0.84,47.5,42.65,86.53,1.93,26.03,none,running
cnc,3.02,42.44,40.42,80.77,1.94,28.84,chatter,warning
cnc,2.13,42.82,39.79,93.74,1.96,26.53,chatter,warning
cnc,1.32,29.19,28.97,55,2.13,27.41,chatter,running
cnc,1.1,35.43,37.83,59.32,2.1,37.66,coolant_failure,warning
cnc,4.31,58.62,53.22,78.84,1.81,28.25,spindle_misalignment,warning
cnc,2.67,52.1,43.78,77.35,1.92,28.11,spindle_misalignment,warning
cnc,2.26,78.55,65.64,92.53,1.76,36.65,cutting_overload,warning
cnc,1.04,48.06,44.5,88.48,2.01,25.61,none,running
cnc,1.98,72.18,57.38,78.15,1.97,35.03,cutting_overload,warning
cnc,2.23,76.86,78.16,87.12,2.19,31.68,cutting_overload,fault
cnc,1.55,51.05,58.08,80.2,1.98,39,coolant_failure,warning
cnc,1.85,85.59,62.72,91.72,2.02,31.58,chatter,warning
cnc,2.61,52.6,46.33,71.52,2.13,29.54,spindle_misalignment,warning
cnc,0.89,40.32,37.89,68.37,1.89,25.98,none,running
cnc,3.99,47.19,55.03,85.81,2.02,30.71,spindle_misalignment,warning
cnc,0.92,52.74,46.9,92.44,1.93,26.64,none,warning
cnc,5.09,69.56,52.45,98.38,2.27,30.71,spindle_misalignment,fault
cnc,0.95,64.81,48.19,55.31,2.09,33.39,cutting_overload,running
cnc,1.14,54.43,47.61,82.31,1.95,28.04,none,running
cnc,0.37,22.43,22.23,55,1.94,28.34,none,running
cnc,0.95,51.27,59.53,81.53,2,40.94,coolant_failure,fault
cnc,0.58,26.48,27.43,55,2.15,45.41,coolant_failure,fault
cnc,2.35,60.47,52.04,97.72,1.93,26.81,chatter,warning
cnc,2.06,43.68,45.49,93.79,1.82,29.64,chatter,warning
cnc,3.17,59.88,60.47,99.91,2,28.14,chatter,warning
cnc,0.78,30.94,34.05,55,1.96,44.34,coolant_failure,fault
cnc,0.99,57.39,50.7,93.9,2.16,25.87,none,warning
cnc,2.36,32.21,28.35,55,1.97,30.94,spindle_misalignment,warning
cnc,0.87,29.94,32.62,55,2.07,43.41,coolant_failure,fault
cnc,1.57,29.47,25.62,55,2.06,24.45,spindle_misalignment,running
cnc,1.78,61.67,61.84,91.91,1.88,39.07,coolant_failure,warning
cnc,0.78,47.26,45.32,81.15,1.97,27.08,none,running
cnc,0.52,26.62,26.33,55,1.99,27.19,none,running
cnc,1,66.72,52.1,60.9,2.14,34.87,spindle_misalignment,warning
cnc,5.55,60.05,60.41,89.14,1.94,26.44,spindle_misalignment,fault
cnc,0.72,46.02,37.18,76.32,2.08,25.2,none,running
cnc,1.49,65.25,52.31,77.5,1.99,37.42,cutting_overload,warning
cnc,4.4,63.15,54.14,84.57,1.88,30.16,spindle_misalignment,warning
cnc,0.87,38.86,37.73,71.65,1.85,28.45,none,running
cnc,1.23,32.85,35.77,68.97,2.2,29.14,chatter,running
cnc,0.98,46.98,42.59,79.05,1.94,26.8,none,running
cnc,1.58,43.02,41.45,89.87,1.84,27.41,chatter,running
cnc,1.43,44.68,38.81,55,2.16,35.79,cutting_overload,warning
cnc,0.62,47.25,32.09,55,2.01,35.77,cutting_overload,warning
cnc,1.52,63.38,64.24,85.78,2.12,39.96,coolant_failure,warning
cnc,1.99,67.5,54.49,75.88,2.11,33.31,cutting_overload,running
cnc,1.09,58.38,54.11,87.85,2.22,44.74,coolant_failure,fault
cnc,0.78,40.85,38.96,72.44,2.15,27.49,none,running
cnc,3.31,61.75,54.68,104.22,2.08,29.09,chatter,warning
cnc,4.43,60.02,54.21,90.66,2.13,28.34,spindle_misalignment,warning
cnc,0.93,44.61,46.71,83.53,1.94,27.55,none,running
cnc,4.2,63.05,57.49,97.75,2.08,27.86,spindle_misalignment,warning
cnc,3.81,56.08,57.96,95.01,2.05,26.5,spindle_misalignment,warning
cnc,1.71,34.54,29.23,65.3,1.88,28.31,chatter,running
cnc,1.2,90.21,56.71,77.68,1.96,34.01,cutting_overload,warning
cnc,1.03,48.73,46.4,84.61,2.08,25.94,none,running
cnc,0.95,52.43,51.76,78.03,1.95,43.9,coolant_failure,fault
cnc,0.55,32.93,33.86,55,1.94,38.16,coolant_failure,warning
cnc,1.53,54.98,64.98,79.29,1.89,39.97,coolant_failure,warning
cnc,1.99,46.29,47.78,84.85,2,28.4,chatter,running
cnc,3.83,61.66,58.72,93.13,2.17,28.75,spindle_misalignment,warning
cnc,3.25,53.04,49.82,89.19,1.84,28.52,spindle_misalignment,warning
cnc,4.82,53.6,50.34,81.05,1.91,29.62,spindle_misalignment,fault
cnc,2.63,65.37,57.16,103.56,1.93,28.59,chatter,warning
cnc,3.67,60.32,53.7,110,2.16,30.21,chatter,warning
cnc,3.58,61.46,56.93,104.31,2.22,28.96,chatter,warning
cnc,1.97,54.36,48.27,90.9,1.85,27.51,chatter,running
cnc,5.26,64.04,60.52,95.26,2.05,30.94,spindle_misalignment,fault
cnc,0.46,23.45,20,55,2,26.7,none,running
cnc,1.14,25.37,24.9,55,1.88,29.06,chatter,running
cnc,1.68,76.4,71.36,83.78,2.22,33.18,cutting_overload,fault
cnc,2.07,71.9,57.29,76.81,1.96,32.65,cutting_overload,warning
cnc,3.33,33.27,39.79,62.2,1.91,30.45,spindle_misalignment,warning
cnc,3.02,36.53,36.41,65.17,2.24,31.82,spindle_misalignment,warning
cnc,0.98,48.76,44.05,82.41,2.1,26.74,none,running
cnc,1.98,46.33,49.37,91.98,2.01,26.33,chatter,running
cnc,0.9,46.23,47.07,88.22,1.91,26.79,none,running
cnc,1.59,51.51,49.07,75.87,1.94,40.85,coolant_failure,fault
cnc,0.97,45.7,42.48,76.46,2.12,26.39,none,running
cnc,3.88,38.89,47.06,70.41,1.91,25.35,spindle_misalignment,warning
cnc,1.29,25.57,25.17,55,2.02,27.95,chatter,running
cnc,0.41,21.05,20.43,55,2.16,26.59,none,running
cnc,0.73,43.29,39.23,78.11,2.17,27.96,none,running
cnc,0.86,33.58,39.13,56.24,2.1,39.83,coolant_failure,warning
cnc,2.45,43.09,44.39,67.37,1.89,30.62,spindle_misalignment,warning
cnc,2.79,46.39,57.36,100.33,2.06,25.54,chatter,warning
cnc,0.7,41.97,37.43,68.81,1.99,28.05,none,running
cnc,0.92,44.41,42.42,70.84,2.05,27.48,none,running
cnc,4.51,64.47,56.14,91,2.04,28.86,spindle_misalignment,fault
cnc,2.45,52.8,50.09,104.7,2.24,27.52,chatter,warning
cnc,1.57,61.56,61.43,85.75,1.9,44.73,coolant_failure,fault
cnc,1.46,97.52,60.42,89.34,2.02,36.61,cutting_overload,warning
cnc,1.95,75.06,59.62,86.29,1.82,34.27,cutting_overload,warning
cnc,2.16,100.12,74.53,93.39,1.96,35.14,cutting_overload,fault
cnc,2.6,86.27,63.13,92.25,2.14,31.63,cutting_overload,warning
cnc,0.91,24.38,23.12,55,2.16,28.08,chatter,running
cnc,2.83,49.62,50.42,105,2,29.61,chatter,warning
cnc,0.94,46.49,44.34,75.91,2.13,25.73,none,running
cnc,3.09,34.67,39.95,64.89,1.95,25.48,spindle_misalignment,warning
cnc,0.78,28.8,31.1,55,1.9,38.74,coolant_failure,warning
cnc,4,46.88,45.39,77.28,2.19,29.72,spindle_misalignment,warning
cnc,2.09,73.62,61.47,84.73,1.77,31.74,cutting_overload,warning
cnc,1.45,73.05,59.1,75.86,2.05,33.27,cutting_overload,warning
cnc,4.11,60.21,55.45,90.86,2.14,27.88,spindle_misalignment,warning
cnc,0.41,25.19,28.41,55,2.01,39.55,coolant_failure,warning
cnc,2.78,47.81,37.32,65.51,1.87,24.68,spindle_misalignment,warning
cnc,1.07,50.05,47.32,89.99,1.93,28.86,none,running
cnc,0.6,25.49,29.34,55,2.03,42.11,coolant_failure,fault
cnc,1.83,90.92,70.92,91.9,2.11,32.02,cutting_overload,fault
cnc,1.15,30.61,32.69,55,2.19,39.59,coolant_failure,warning
cnc,1.77,29.71,36.59,71.12,2.05,29.22,chatter,running
cnc,1.11,56.45,40.45,61.16,1.88,32.39,cutting_overload,running
cnc,1.72,48.78,64.03,79.81,1.96,45.49,coolant_failure,fault
cnc,2.43,61.38,51.14,97.53,1.97,27.65,chatter,warning
cnc,1.04,46.59,46.31,82.4,2.04,28.61,none,running
cnc,3.41,48.48,43.38,76.14,1.87,27.15,spindle_misalignment,warning
cnc,0.9,40.48,39.53,73.99,2.04,25.58,none,running
cnc,3.7,62.8,49.2,90.72,1.92,30.07,spindle_misalignment,warning
cnc,2.03,55.64,68.27,96.15,2.12,40.52,coolant_failure,fault
cnc,1.72,63.13,61.02,97.47,2.04,38.44,coolant_failure,warning
cnc,1.13,34.68,37.74,57.22,2.09,40.6,coolant_failure,fault
cnc,0.58,27.53,27.22,55,2.11,33.47,coolant_failure,running
cnc,1.25,43.01,39.49,55,1.84,32.31,cutting_overload,running
cnc,3.04,54.32,51.07,81.34,2.22,26.55,spindle_misalignment,warning
cnc,0.88,47.93,45.21,74.82,1.9,27.54,none,running
cnc,0.86,41.79,41.39,76.16,2.03,27.69,none,running
cnc,2.95,53.71,58.09,104.2,1.97,26.55,chatter,warning
cnc,1.85,86.26,71.14,88.95,2.01,30.5,cutting_overload,fault
cnc,1.02,48.82,51.67,87.77,2.01,25.79,none,running
cnc,4.85,65.24,58.89,97.53,1.99,30.8,spindle_misalignment,fault
cnc,0.69,36.21,37.55,72.18,1.81,27.55,none,running
cnc,4.49,58.48,60.79,92.88,2.12,29.4,spindle_misalignment,warning
cnc,4.38,62.23,58.59,102.48,1.91,29.91,spindle_misalignment,warning
cnc,1.17,58.4,67.44,95.71,2.17,37.17,coolant_failure,warning
cnc,2.57,51.11,50.89,81.06,2.18,25.94,chatter,warning
cnc,2.49,33.56,30.03,55,2.01,27.66,spindle_misalignment,warning
cnc,0.81,49.08,42.43,78.52,1.82,27.2,none,running
cnc,1.57,31.21,24.64,55,1.93,28.9,chatter,running
cnc,0.95,43.1,43.18,73.68,1.89,27.46,none,running
cnc,1.19,33.18,30.86,61.97,1.95,28.31,chatter,running
cnc,1.63,22.81,27.64,55,1.96,28.06,chatter,running
cnc,2.93,52.57,49.27,100.55,1.97,29.97,chatter,warning
cnc,2.38,42.33,43.32,84.56,2.12,29.67,chatter,warning
cnc,2.68,54.54,47,98.46,2.06,26.39,chatter,warning
cnc,0.84,47.78,43.38,79.48,1.88,25.75,none,running
cnc,3.55,58.06,55.92,88.18,2,30.22,spindle_misalignment,warning
cnc,0.9,49.64,49.23,87.34,1.78,25.9,none,running
cnc,2.32,54.19,54.19,102.04,1.99,30.68,chatter,warning
cnc,0.99,41.83,42.12,80.19,2.04,27.55,none,running
cnc,1.06,46.98,46.78,85.31,1.79,26.75,none,running
cnc,1.67,54.27,58.05,82.13,2.01,35.93,coolant_failure,warning
cnc,0.91,56.87,50.82,93.28,2.15,28.01,none,warning
cnc,1.66,28.28,20.63,55,2.06,28.46,spindle_misalignment,running
cnc,1.15,42.45,36.37,55,2.12,38.68,cutting_overload,warning
cnc,3.62,64.06,58.43,99.08,2.11,28.6,spindle_misalignment,warning
cnc,3.99,42.17,42.86,75.58,2,27.94,spindle_misalignment,warning
cnc,1.88,90.78,54.32,72.58,1.91,30.31,cutting_overload,warning
cnc,1.04,70.85,55.02,76.18,2.08,34.88,cutting_overload,warning
cnc,1.38,99.57,64.25,91.4,2.05,31.23,cutting_overload,warning
cnc,3.29,53.35,59.6,85.45,1.89,29.88,spindle_misalignment,warning
cnc,1.98,60.42,52.72,104.05,2.01,28.46,spindle_misalignment,warning
cnc,2.53,54.07,42.76,76.89,1.96,28.19,chatter,warning
cnc,1.09,48.97,48.94,85.91,2.02,26.98,none,running
cnc,1.48,53.46,53.46,82.33,2.12,35.27,coolant_failure,warning
cnc,2.07,54.67,43.44,95.69,2.27,26.84,chatter,warning
cnc,1.4,59.69,52.07,65.46,2.04,35.47,cutting_overload,warning
cnc,4.13,61.67,50.98,92.52,2.13,30.37,spindle_misalignment,warning
cnc,3.67,57.59,46.98,90.1,1.97,30.01,spindle_misalignment,warning
cnc,1.92,31.1,31.21,55,2.06,27.36,spindle_misalignment,running
cnc,2.04,51.63,43.61,91.39,1.82,25.59,chatter,warning
cnc,1.09,46.81,58.08,77.62,2.14,37.93,coolant_failure,warning
cnc,2.39,110.04,71.09,98.01,1.91,34.63,cutting_overload,fault
cnc,0.92,48.15,46.03,87.35,2.12,26.4,none,running
cnc,2.88,50.39,45.6,97.23,1.79,28.4,chatter,warning
cnc,1.31,55.91,47.47,55,2.03,36.8,cutting_overload,warning
cnc,1.31,24.7,30.55,55,1.92,27.93,chatter,running
cnc,1.52,79.06,74.4,90.38,2.2,31.43,cutting_overload,fault
cnc,1.3,48.61,41.57,55,1.93,34.39,cutting_overload,warning
cnc,1.1,23.77,23.16,55,2.06,26.71,chatter,running
cnc,2.52,50.62,45.53,83.03,1.96,28.72,chatter,warning
cnc,3.21,64.62,53.99,110,1.76,27.5,chatter,warning
cnc,2.06,91.69,71.21,87.61,2.23,33.56,cutting_overload,fault
cnc,0.49,27.4,24.11,55,2.08,26.63,none,running
cnc,0.85,44.25,39.2,72.25,2.05,25.02,none,running
cnc,4.64,56.38,56.12,83.93,1.84,28.03,spindle_misalignment,fault
cnc,2.28,53.95,46.37,97.57,2.13,27.02,chatter,warning
cnc,1.38,57.24,72.66,93.23,1.96,41,coolant_failure,fault
cnc,1.11,46.72,43.99,84.08,2,27.15,none,running
cnc,0.92,44.55,40.22,83.58,2.08,29.01,none,running
cnc,0.91,40.8,39.49,73.4,2.02,26.94,none,running
cnc,4.65,53,56.28,89.61,1.91,29.7,spindle_misalignment,fault
cnc,0.81,41.3,41.68,70.43,1.94,27.55,none,running
cnc,1.09,55.08,59.9,79.23,1.99,36.59,coolant_failure,warning
cnc,1.44,62.42,73.36,93.97,1.78,41.34,coolant_failure,fault
cnc,4.18,52.62,45.93,74.39,1.99,28.59,spindle_misalignment,warning
cnc,0.9,48.9,40.91,76.58,1.78,26.21,none,running
cnc,2.38,53.72,42.21,100.32,1.82,28.13,chatter,warning
cnc,2.13,83.74,77.77,97.86,1.95,32.17,cutting_overload,fault
cnc,5.48,67.2,61.24,95.61,2.1,27.86,spindle_misalignment,fault
cnc,1.32,44.04,44.24,70.64,1.88,36.96,coolant_failure,warning
cnc,1.86,43.71,45.04,84.07,1.84,29.06,chatter,running
cnc,0.92,47.54,38.91,73.37,2.01,28.14,none,running
cnc,2.13,104.01,72,85.91,2.19,32.33,cutting_overload,fault
cnc,0.75,42.16,37.61,66.87,1.9,26.34,none,running
cnc,2.78,42.36,49.49,91.33,2.06,28.21,chatter,warning
cnc,4.59,57.59,62.94,93.08,1.87,28.01,spindle_misalignment,fault
cnc,0.95,47.58,41.64,55,1.93,32.93,cutting_overload,running
cnc,0.79,52.29,50.89,73.49,1.93,35.95,coolant_failure,warning
cnc,5.44,73.16,54.71,93.66,1.91,29.62,spindle_misalignment,fault
cnc,2.39,75.23,61.67,84.33,2.02,35.97,cutting_overload,warning
cnc,1.17,53.65,51.41,88.39,2.13,28.11,none,running
cnc,0.85,38.38,39.45,68.39,1.97,27.97,none,running
cnc,2.71,55.44,46.82,90.84,1.95,28.22,chatter,warning
cnc,2.85,45.68,54.38,94.53,1.92,29.37,chatter,warning
cnc,1.33,76.81,58.5,87.7,2.21,30.66,cutting_overload,warning
cnc,1.89,30.53,29.97,58.52,1.86,27.31,chatter,running
cnc,1.5,49.33,61.01,80.06,1.94,40.77,coolant_failure,fault
cnc,1.55,53.44,56.72,86.01,2.03,38.98,coolant_failure,warning
cnc,1.03,45.47,43.28,78.95,2.01,24.85,none,running
cnc,2.07,55.85,58.39,110,2.02,26.74,chatter,warning
cnc,2.24,67.04,55.32,85.44,2.05,37.83,cutting_overload,warning
cnc,4.4,57.01,51.51,86.63,2.16,26.15,spindle_misalignment,warning
cnc,0.9,48.54,44.08,80.47,1.94,27.39,none,running
cnc,2.4,85.59,57.76,78.92,2.09,31.92,cutting_overload,warning
cnc,2.69,44.29,50.12,77.65,1.97,30.55,spindle_misalignment,warning
cnc,2.31,42.97,48.06,90.72,2.04,26.61,chatter,warning
cnc,0.77,43.21,42.27,75.65,2.25,26.31,none,running
cnc,3.09,54.65,50.23,108.07,1.91,28.03,chatter,warning
cnc,0.85,41.8,40.22,71.18,2,27.1,none,running
cnc,1.53,22.57,28.26,55,2.1,29.63,chatter,running
cnc,4.19,52.46,54.49,83.62,1.87,28.45,spindle_misalignment,warning
cnc,2.82,54.76,53.56,110,1.83,30.34,chatter,warning
cnc,1.32,46.31,54.03,83.58,2.09,38.31,coolant_failure,warning
cnc,0.74,43.73,37.43,68.62,2.02,27.75,none,running
cnc,2.23,48.38,47.93,102.29,2.05,29.28,chatter,warning
cnc,3.46,65.91,47.72,91.62,2.12,27.59,spindle_misalignment,warning
cnc,3.29,53.27,54.73,98.84,1.89,30.89,spindle_misalignment,warning
cnc,3.05,51.88,41.68,72.35,1.88,25.72,spindle_misalignment,warning
cnc,1,49.29,46.25,85.19,1.96,25.4,none,running
cnc,2.73,50.77,57.51,102.18,1.81,25.36,chatter,warning
cnc,2.29,42.31,45.15,97.7,2.21,28.56,chatter,warning
cnc,4.58,64.45,51.23,93.72,2.3,26.92,spindle_misalignment,fault
cnc,4.32,58.47,59.6,92.16,2.15,26.71,spindle_misalignment,warning
cnc,3.94,63.36,53.71,89.61,1.91,29.66,spindle_misalignment,warning
cnc,2.94,52.62,53.38,110,2.12,27.92,chatter,warning
cnc,4.28,52.71,49.67,83.16,1.95,28.03,spindle_misalignment,warning
cnc,0.99,47.43,50.66,95.15,1.94,26.85,none,warning
cnc,2.13,36.84,34.9,55.53,1.95,28.93,none,warning
cnc,1.79,48.82,44.1,86.17,2.01,27.92,chatter,running
cnc,1.17,58.22,68.07,96.71,1.93,32.45,coolant_failure,warning
cnc,1.73,32.38,37.13,70.21,2.03,26.94,chatter,running
cnc,1.04,51.67,46.36,85.59,2.11,25.29,none,running
cnc,0.83,52.12,42.91,86.92,1.97,27.37,none,running
cnc,2.26,44.85,51.68,97.19,2.08,25.86,chatter,warning
cnc,0.93,50.34,43.51,81.85,2.09,26.47,none,running
cnc,3.23,46.43,44.12,81.33,2.2,25.61,spindle_misalignment,warning
cnc,3.2,54.65,47.18,79.54,2.05,27.24,spindle_misalignment,warning
cnc,1.8,88.23,58.9,76.77,2.01,31.94,cutting_overload,warning
cnc,2.71,37.19,29.49,55,1.98,27.46,spindle_misalignment,warning
cnc,3.76,55.7,58.68,98.91,1.99,25.64,spindle_misalignment,warning
cnc,1.45,44.67,47.84,75.8,2.04,42.88,coolant_failure,fault
cnc,0.7,41.38,37.02,69.02,1.89,24.71,none,running
cnc,0.85,56.09,37.48,55,2.12,33.86,cutting_overload,running
cnc,3.04,57.53,50.52,88.42,2.16,26.36,cutting_overload,warning
cnc,3.28,56.78,41.87,77.15,2.24,30.39,spindle_misalignment,warning
cnc,1.84,28.73,26.07,55,2.06,27.59,spindle_misalignment,running
cnc,2.42,50.88,46.97,89.85,2.01,26.98,chatter,warning
cnc,2.65,49.69,56.48,104.64,2.01,29.33,chatter,warning
cnc,4.77,61.71,48.48,87.25,1.89,29.18,spindle_misalignment,fault
cnc,2.02,74.27,63.47,87.22,2.02,32.42,cutting_overload,warning
cnc,1.19,48.32,62.89,81.33,1.97,43.82,chatter,fault
cnc,3.74,51.89,52.6,75.82,1.92,26.68,spindle_misalignment,warning
cnc,1.74,57.19,58.14,94.65,2.15,37.75,coolant_failure,warning
cnc,3.83,58.55,49.96,74.65,1.95,30.59,spindle_misalignment,warning
cnc,0.82,38.81,40.91,61.11,1.87,41.7,coolant_failure,fault
cnc,1.1,50.78,48.89,83.48,2.01,27.28,none,running
cnc,1.65,54.6,51.93,87.88,2.18,34.02,coolant_failure,warning
cnc,2.18,81.97,69.04,78.35,2.18,33.14,cutting_overload,warning
cnc,2.47,41.7,38.57,88.82,2.19,29.09,chatter,warning
cnc,0.91,41.85,41.99,75.9,1.93,28.3,none,running
cnc,2.67,51.23,53.18,100.4,2.07,28.54,chatter,warning
cnc,1.66,33.14,28.75,64.32,1.82,30.08,chatter,running
cnc,4.28,58.46,53.88,89.1,2.23,31.74,spindle_misalignment,warning
cnc,2.02,27.98,28.59,55,2.19,28.24,spindle_misalignment,warning
cnc,1.44,51.37,52.65,83.08,2.11,41.33,coolant_failure,fault
cnc,0.57,28.58,26.35,55,2.14,26.34,none,running
cnc,0.79,42.18,36.43,69.66,1.87,27.56,none,running
cnc,4.8,67.45,56.98,89.72,1.8,28.68,spindle_misalignment,fault
cnc,0.9,50.26,46.39,79.63,2.02,27.57,none,running
cnc,2.55,60.13,57.53,107.33,2.2,26.33,chatter,warning
cnc,2.11,57.42,52.53,86.43,2.12,26.46,chatter,warning
cnc,2.42,44.51,48.73,87.07,2.13,29.04,chatter,warning
cnc,1.14,47.88,50.25,68.36,2.1,34.44,coolant_failure,warning
cnc,1.76,96.43,72.2,84.97,1.83,37.25,cutting_overload,fault
cnc,1.7,94.88,61.48,86.29,2.09,35.01,cutting_overload,warning
cnc,1.91,83.02,69.33,98.55,2.08,35.52,cutting_overload,warning
cnc,1.15,59.7,68.84,86.11,2.09,38.75,coolant_failure,warning
cnc,3.22,56.73,52.73,96.54,2.1,29.27,chatter,warning
cnc,1,50.21,46.53,86.95,1.96,26.17,none,running
cnc,1.12,62.22,59.93,91.14,1.92,41.39,coolant_failure,fault
cnc,3.3,56.22,53.26,83.07,2,25.57,spindle_misalignment,warning
cnc,2.69,34.26,33.02,56.03,2.16,26.27,spindle_misalignment,warning
cnc,1.04,45.87,53.25,76.53,2.22,39.66,coolant_failure,warning
cnc,1.66,69.84,70.26,98.8,2.03,41.51,coolant_failure,fault
cnc,2.81,54.76,46.53,97.9,2.1,26.84,chatter,warning
cnc,3.89,68.55,54.07,97.95,2.15,31.49,spindle_misalignment,warning
cnc,2.45,43.62,49.89,78.83,2.16,28.15,chatter,warning
cnc,3.49,56.16,50.25,78.86,2.06,27.86,spindle_misalignment,warning
cnc,5.07,50.04,53.9,89.67,2.06,29.51,spindle_misalignment,fault
cnc,1.21,41.57,40.28,55,1.89,37.14,cutting_overload,warning
cnc,2.58,46.13,44.8,89.15,1.98,30.01,chatter,warning
cnc,0.95,50.09,45.79,87.28,2.15,24.93,none,running
cnc,1.54,53.55,61.81,84.63,2.06,38.33,coolant_failure,warning
cnc,1.4,80.82,65.74,82.32,1.96,33.89,cutting_overload,warning
cnc,2.45,50.29,44.04,92.22,1.98,30.76,chatter,warning
cnc,1.04,50.53,49.12,87.38,2.26,25.82,none,running
cnc,1.02,56.37,48.71,88.09,1.92,27.5,none,running
cnc,4.22,66.51,54.06,81.93,1.97,27.35,spindle_misalignment,warning
cnc,1.84,56.15,68.82,96.4,2.16,37.59,coolant_failure,warning
cnc,0.98,40.53,40.84,70.57,2.18,26.18,none,running
cnc,0.85,46.93,45.6,82.77,1.93,27.27,none,running
cnc,2.2,47.15,46.73,91.24,2.02,27.63,chatter,warning
cnc,2.81,41.22,43.16,85.17,1.94,25.8,chatter,warning
cnc,0.65,32.06,28.38,55,2.08,27.71,none,running
cnc,2.26,46.38,44.17,98.36,1.86,26.53,chatter,warning
cnc,0.86,39.91,41.57,57.6,1.98,39.75,coolant_failure,warning
cnc,2.32,35.98,34.54,60.87,2.01,27.37,spindle_misalignment,warning
cnc,1.98,88.06,75.03,86.6,2.11,30.59,cutting_overload,fault
cnc,1.02,53.03,45.66,83.43,2.29,25.62,none,running
cnc,2.24,79.26,55.6,81.08,2.17,34.88,cutting_overload,warning
cnc,3.25,46.63,42.25,81.16,2.22,27.46,spindle_misalignment,warning
cnc,3.81,59.21,51,88.57,2.04,29.66,spindle_misalignment,warning
cnc,1.06,32.84,28.24,55,1.86,31.48,cutting_overload,running
cnc,2.96,46.24,41.05,74,1.9,30.26,spindle_misalignment,warning
cnc,1.16,52.75,46.98,69.44,1.95,39.48,coolant_failure,warning
cnc,1.89,86.73,62.99,86.71,1.97,34.59,cutting_overload,warning
cnc,2.14,85.7,80.37,84.77,2.15,35,cutting_overload,fault
cnc,1.61,52.63,49.39,61.51,2.03,36.44,cutting_overload,warning
cnc,0.78,29.01,29.64,55,1.89,34.45,coolant_failure,warning
cnc,2.8,61.32,50.3,108.11,2.11,31.41,chatter,warning
cnc,2.03,59.48,63.17,91,1.91,42.7,coolant_failure,fault
cnc,4.05,72.1,60.81,87.38,2.04,27.5,spindle_misalignment,warning
cnc,0.94,50.25,48.33,93.82,1.79,28.68,none,warning
cnc,4.08,48.92,48.27,82.75,1.78,29.21,spindle_misalignment,warning
cnc,2.04,79.86,74.99,90.1,2.15,31.57,cutting_overload,fault
cnc,1.03,52.53,48.56,86.47,2.05,26.35,none,running
cnc,4.56,62.26,63.01,95.49,1.91,26.65,spindle_misalignment,fault
cnc,4.28,61.82,52.69,94.3,1.9,29.31,spindle_misalignment,warning
cnc,1.42,42.63,47.15,70.05,1.98,38.44,coolant_failure,warning
cnc,3.9,54.61,52.16,87.46,2.18,29.17,spindle_misalignment,warning
cnc,2.72,52.02,54.65,94.35,2.04,28.64,chatter,warning
cnc,2.8,54.78,46.73,88.74,1.96,28.42,spindle_misalignment,warning
cnc,3.62,65.69,50.17,93.81,2.06,29.56,spindle_misalignment,warning
cnc,1.16,54.18,59.58,95.42,2.21,42.95,coolant_failure,fault
cnc,2.44,62.92,51.72,89.78,1.95,28.61,chatter,warning
cnc,2.86,51.11,48.97,98.42,2.19,29.8,chatter,warning
cnc,1.6,93.34,76.36,97.22,1.78,31.1,cutting_overload,fault
cnc,1.17,44.93,57.99,86.7,1.92,37.68,coolant_failure,warning
cnc,1.94,109.67,82.4,103.47,2.12,33.38,cutting_overload,fault
cnc,1.55,66.82,65.58,82.3,2.15,34.22,cutting_overload,warning
cnc,0.85,47.98,41.33,80.62,1.82,27.83,none,running
cnc,0.98,55.81,55.97,83.16,1.93,36.45,coolant_failure,warning
cnc,2.62,40.76,34.94,61.11,2.22,29.94,spindle_misalignment,warning
cnc,2.49,53.7,42.99,85.13,1.89,27.43,chatter,warning
cnc,3.14,49.91,43.6,80.97,1.9,29.12,spindle_misalignment,warning
cnc,1.49,56.97,59,91.45,2.1,39.12,coolant_failure,warning
cnc,2.31,58.26,49.18,104.2,1.95,27.1,chatter,warning
cnc,4.88,62.1,66.14,95.14,2,25.32,spindle_misalignment,fault
cnc,0.85,44.3,41.42,77.82,2.1,26.72,none,running
cnc,0.82,49.41,42.11,83.66,1.82,27.06,none,running
cnc,0.99,43.88,44.66,81.68,2.02,28.23,none,running
cnc,4.1,60.38,58.81,80.17,1.97,30.99,spindle_misalignment,warning
cnc,1.35,51,67.64,86.59,2.02,33.52,coolant_failure,warning
cnc,3.34,52.22,55.81,88.03,2.19,29.97,cutting_overload,warning
cnc,3.75,65.57,50.9,93.03,1.96,26.23,spindle_misalignment,warning
cnc,4.53,55.85,57,100.4,2.08,29.5,spindle_misalignment,fault
cnc,1.65,38.3,36.16,73.41,1.9,25.77,chatter,running
cnc,0.91,49.49,46.2,81.06,1.91,26.45,none,running
cnc,1.12,57.6,48.64,87.09,2.31,25.73,none,running
cnc,1.66,28.7,31.34,58.23,2.17,26.92,chatter,running
cnc,1.58,41.89,55.86,75.1,1.97,43.37,coolant_failure,fault
cnc,1,50.23,46.53,87.23,2.07,27.29,none,running
cnc,1.83,60.18,70.13,92.73,1.86,37.19,coolant_failure,fault
cnc,3.15,56.84,52.07,96.85,1.97,28.57,chatter,warning
cnc,3.98,45.86,47.13,82.25,1.87,28.84,spindle_misalignment,warning
cnc,1.26,64.66,58.41,94.14,1.92,41.31,coolant_failure,fault
cnc,0.71,42.81,40.16,71.9,2.01,26.48,none,running
cnc,1.99,31.29,32.32,58.54,1.85,28.24,chatter,running
cnc,3.39,55.64,52.38,99.08,2.23,26.46,chatter,warning
cnc,1.8,101.46,72.98,92.05,1.9,37.98,cutting_overload,fault
cnc,2.66,52.04,55.63,106.31,2.13,28.3,chatter,warning
cnc,2.27,37.9,35.94,55,2.16,26.41,spindle_misalignment,warning
cnc,3.61,72.82,59.82,94.45,1.94,31.23,spindle_misalignment,warning
cnc,2.17,53.06,44.49,87.92,2,28.37,chatter,warning
cnc,3.44,56.27,56.39,86.93,1.93,25.6,spindle_misalignment,warning
cnc,0.91,36.78,38.97,58.96,2.04,38.56,coolant_failure,warning
cnc,1.25,29.18,28.27,55,2.15,26.01,chatter,running
cnc,1.43,55.01,59.63,72.89,2.06,39.72,coolant_failure,warning
cnc,3.01,53.83,53.54,105.19,1.92,25.38,chatter,warning
cnc,2.13,36.21,30.25,55,1.88,30,spindle_misalignment,warning
cnc,1.26,34.41,38.99,55,1.89,39.92,coolant_failure,warning
cnc,0.81,47.71,47.8,78.52,1.75,26.26,none,running
cnc,2.28,32.27,32.27,55,1.97,27.11,spindle_misalignment,warning
cnc,1.92,79.25,62.36,83.55,2.23,35.32,cutting_overload,warning
cnc,0.99,55.47,48.1,94.74,1.93,26.27,none,warning
cnc,1.74,79.67,63.67,81.98,1.8,32.36,cutting_overload,warning
cnc,1.74,66.64,69.46,98.24,2.07,39.34,coolant_failure,warning
cnc,0.35,22.64,20.92,55,2.03,26.15,none,running
cnc,1.33,57.68,61.29,89.76,1.87,33.92,spindle_misalignment,warning
cnc,2.28,38.32,30.75,55,1.88,31.49,spindle_misalignment,warning
cnc,1.12,52.44,64.5,86.05,1.95,35.13,coolant_failure,warning
cnc,1.52,51.27,54.26,77.8,1.97,38.81,coolant_failure,warning
cnc,1.34,50.59,53.79,71.84,1.96,37.53,coolant_failure,warning
cnc,3.47,53,40.23,77.8,2.18,26.57,spindle_misalignment,warning
cnc,2.17,90,76.3,97.13,1.79,32.66,cutting_overload,fault
cnc,0.82,40.72,38.98,68.88,1.98,25.53,none,running
cnc,0.83,45.99,45.19,82.15,2.21,27.7,none,running
cnc,2.76,54.4,52.19,110,1.93,28.46,chatter,warning
cnc,0.88,46.23,41.42,76.78,2.18,27.61,none,running
cnc,4.98,64.18,51.37,89.41,2.05,28.57,spindle_misalignment,fault
cnc,2.54,58.03,45.6,109.8,2.16,25.68,chatter,warning
cnc,1.99,101.97,75.69,100.43,1.97,33.76,cutting_overload,fault
cnc,1.06,51.94,43.06,82.56,2.11,26.87,none,running
cnc,1.68,40.5,41.12,83.44,2.26,29.27,chatter,running
cnc,1.11,49.66,45.96,86.44,2.1,26.98,none,running
cnc,3.94,50.36,48.38,81.94,2.16,29.63,spindle_misalignment,warning
cnc,1.12,46.85,45.42,86.29,1.98,29.49,none,running
cnc,1.82,43.41,45.87,78.62,2.12,28.26,chatter,running
cnc,0.79,28.35,34.08,55,2.11,37.63,coolant_failure,warning
cnc,3.26,41.11,33.26,63,2.02,27.14,spindle_misalignment,warning
cnc,4.52,55.47,49.85,88.31,1.88,30.64,spindle_misalignment,fault
cnc,0.79,40.02,36.96,73.5,1.88,24.87,none,running
cnc,3.17,53.48,50.69,105.91,2.03,26.32,chatter,warning
cnc,2.16,81.4,64.8,86.28,1.8,32.43,cutting_overload,warning
cnc,2.8,49.75,53.13,103.97,1.93,27.08,chatter,warning
cnc,3.29,52.14,47.89,81.68,2.18,28.72,spindle_misalignment,warning
cnc,1.73,53.28,69.85,96.45,2.02,37.7,coolant_failure,warning
cnc,2.78,41.31,37.23,64.65,1.98,27.81,spindle_misalignment,warning
cnc,4.81,63.89,52.76,90.3,1.77,25.69,spindle_misalignment,fault
cnc,3.03,46.26,52.42,102.13,2.02,29.3,chatter,warning
cnc,2.26,51.92,46.53,100.46,1.95,27.22,chatter,warning
cnc,0.83,45.15,40.25,76.99,1.86,26.62,none,running
cnc,2.72,43.89,47.8,80.51,2.11,28.01,coolant_failure,warning
cnc,1.32,40.53,54.98,77.2,2.06,44.17,coolant_failure,fault
cnc,1.54,106.24,76.09,100.66,1.89,31.52,cutting_overload,fault
cnc,1.56,33.03,33.67,58.09,2.17,28.98,chatter,running
cnc,0.96,52.49,45.98,55.57,1.95,38.02,cutting_overload,warning
cnc,1.83,49.53,43.78,82.08,2.14,28.6,chatter,running
cnc,4.09,46.1,46.54,85.69,1.98,31.36,spindle_misalignment,warning
cnc,1.73,58.58,66.36,87.16,1.97,40.19,coolant_failure,fault
cnc,3.09,44.41,35.9,59.72,1.83,28.83,spindle_misalignment,warning
cnc,0.69,31.05,25.98,55,1.97,24.73,none,running
cnc,2.23,85.09,57.93,79.43,1.99,35.29,cutting_overload,warning
cnc,1.58,75.71,62.28,87.81,1.9,33.92,cutting_overload,warning
cnc,0.71,48.64,43.2,78.11,2.08,26.23,none,running
cnc,2.13,25.91,27.12,55,1.94,29.86,spindle_misalignment,warning
cnc,0.83,42.23,45.77,76.85,2.02,26.04,none,running
cnc,1.85,82.59,72.83,93.89,1.97,33.84,cutting_overload,fault
cnc,2.8,49.13,50.19,110,1.96,27.84,chatter,warning
cnc,1.49,45.03,56.24,71.27,1.99,36.53,coolant_failure,warning
cnc,1.25,64.32,75.7,99.57,1.88,36.04,coolant_failure,fault
cnc,1.38,49.41,56.16,76.16,1.98,34.83,coolant_failure,warning
cnc,2.71,52.77,42.11,83.68,1.85,29.21,spindle_misalignment,warning
cnc,0.9,52.05,47.58,79.99,2.02,27.77,none,running
cnc,1.48,50.82,54.59,75.21,1.89,39.16,coolant_failure,warning
cnc,4.23,44.62,53.15,75.68,2.03,29.97,spindle_misalignment,warning
cnc,1.42,50.15,55.84,73.23,1.87,39.95,coolant_failure,warning
cnc,1.77,51.37,63,94.09,2.03,39.6,coolant_failure,warning
cnc,1.62,59.64,65.74,92.49,2.08,36.46,coolant_failure,warning
cnc,0.76,48.87,38.4,55,2.01,29.61,cutting_overload,running
cnc,2.81,64.26,53.54,110,1.88,28.97,chatter,warning
cnc,1,49.49,34.25,55,1.81,36.94,cutting_overload,warning
cnc,3.76,44.5,44.7,79.82,1.97,28.23,spindle_misalignment,warning
cnc,4.39,64.99,52.27,88.98,2.14,30.04,spindle_misalignment,warning
cnc,2.16,39.21,39.09,59.75,1.95,29.5,spindle_misalignment,warning
cnc,1.5,59.06,41.17,55,2.13,34.65,cutting_overload,warning
cnc,3.2,63.88,44.92,86.33,2.16,29.04,spindle_misalignment,warning
cnc,1.41,46.54,57.81,76.81,1.85,39.87,coolant_failure,warning
cnc,3.39,47.79,58.44,84.91,2.02,28.39,spindle_misalignment,warning
cnc,4.77,52.93,51.63,83.25,1.93,27.17,spindle_misalignment,fault
cnc,3.35,55.8,49.03,82.46,2.01,29.32,spindle_misalignment,warning
cnc,0.94,44.36,44.55,81.2,2,27.59,none,running
cnc,0.86,29.19,29.01,55,2.16,38.9,none,warning
cnc,1.29,27.42,22.58,55,2.2,26.68,chatter,running
cnc,3.07,56,45.6,87.93,2.03,28.98,spindle_misalignment,warning
cnc,2.47,47.94,40.28,85.04,1.96,29.59,chatter,warning
cnc,0.76,38.19,38.1,67.55,1.98,27.6,none,running
cnc,1.87,63.29,70.6,92.6,1.92,39.95,coolant_failure,fault
cnc,3.46,51.42,59.44,109.24,1.92,29.22,chatter,warning
cnc,5.22,66.92,65.77,95.84,1.78,26.97,spindle_misalignment,fault
cnc,0.94,51.77,39.68,55,1.98,28.44,cutting_overload,running
cnc,1.68,54.82,69.69,91.57,2.02,36.85,coolant_failure,warning
cnc,3.92,58.02,47.72,76.28,2.24,28.94,spindle_misalignment,warning
cnc,4.04,62.52,52.92,94.21,1.93,31.31,spindle_misalignment,warning
cnc,1.23,46.55,52.96,79.83,2.04,39.49,coolant_failure,warning
cnc,0.83,38.04,46.27,60.71,2,34.54,coolant_failure,warning
cnc,2.23,77.55,70.96,78.12,2.11,34.17,cutting_overload,fault
cnc,2.05,31.65,32.4,55,1.87,27.94,spindle_misalignment,warning
cnc,1.8,25.19,25.06,55,1.92,28.07,spindle_misalignment,running
cnc,1.4,78.36,60.21,75.35,2.33,29.13,cutting_overload,warning
cnc,2.16,41.31,43.18,92.24,2.24,27.15,chatter,warning
cnc,0.95,44.67,43.07,88.22,2.09,28.91,none,running
cnc,1.43,47.02,51.98,72.24,1.88,42.09,coolant_failure,fault
cnc,1.92,89.12,61.64,86.98,1.94,32.91,cutting_overload,warning
cnc,3.67,56.61,48.38,90.03,2.08,27.81,spindle_misalignment,warning
cnc,2.26,42.82,44.8,84.02,2.2,27.59,chatter,warning
cnc,0.43,30.01,24.75,55,1.99,26.59,none,running
cnc,4.12,75.94,61.08,96.75,2,29.02,spindle_misalignment,warning
cnc,4.73,53.75,51.38,85.86,1.89,28.09,spindle_misalignment,fault
cnc,2.81,68.63,52.7,110,2.12,28.68,chatter,warning
cnc,0.69,36.83,37.4,68.2,1.81,25.67,none,running
cnc,0.99,51.35,62.46,85.39,1.99,42.35,coolant_failure,fault
cnc,1.25,50.32,35.28,55,1.88,37.12,cutting_overload,warning
cnc,1.21,25.15,24.37,55,2.02,30.92,chatter,running
cnc,0.99,52.76,51.1,86.11,2.07,24.78,none,running
cnc,2.27,56.81,50.19,110,2.08,27.4,chatter,warning
cnc,1.34,48.82,44.75,55,2.22,30.14,cutting_overload,running
cnc,2.84,53.76,52.7,109.25,2.05,27.68,chatter,warning
cnc,0.81,38.39,42.97,55,1.96,41.22,coolant_failure,fault
cnc,3.87,58.47,53.54,84.39,2.03,25.76,spindle_misalignment,warning
cnc,4.05,55.33,58.41,87.5,1.87,26.7,spindle_misalignment,warning
cnc,1.07,46.16,47.55,77.45,1.88,43.05,coolant_failure,fault
cnc,3.38,45.78,36.99,63.93,2,24.46,spindle_misalignment,warning
cnc,2.01,33.6,32.54,55,1.97,27.79,spindle_misalignment,warning
cnc,1.61,52.26,57.55,76.27,1.99,37.25,coolant_failure,warning
cnc,1.43,59.15,40.82,59.29,2.11,33.4,cutting_overload,running
cnc,0.96,44.17,42.74,75.51,2.18,26.07,none,running
cnc,1.01,46.82,56.61,78.49,2.04,38.67,coolant_failure,warning
cnc,1.27,55.97,65.6,93.26,2.06,37.86,chatter,warning
cnc,1.17,50.57,49.05,92.37,2.06,27.76,none,warning
cnc,1.3,67.13,46.52,58.07,2.06,33.95,coolant_failure,running
cnc,0.73,33.91,33.92,55,2.03,41.56,coolant_failure,fault
cnc,1.99,52.53,59.49,89.65,2.27,42.72,coolant_failure,fault
cnc,1.18,56.33,66.73,95.73,1.93,34.42,coolant_failure,warning
cnc,1.44,35.93,30.83,59.67,1.95,29.09,chatter,running
cnc,0.8,50.76,47.3,79.37,1.93,27.75,none,running
cnc,2.57,31.01,32.11,55,1.86,25.26,spindle_misalignment,warning
cnc,1.64,42.44,51.61,79.96,2.15,41.73,coolant_failure,fault
cnc,2.14,40.89,36.39,58.39,2.13,24.56,spindle_misalignment,warning
cnc,1.08,55.8,51.39,88.44,2.02,28.3,none,running
cnc,1.39,53.57,71.79,99.31,1.87,41.78,coolant_failure,fault
cnc,4.26,60.64,61.44,92.13,2.01,30.34,spindle_misalignment,warning
cnc,2.77,59.69,47.52,104.19,2.18,28.84,chatter,warning
cnc,2.14,84.95,67.04,78.14,1.94,34.88,cutting_overload,warning
cnc,1.3,20.66,24.68,55,1.9,26.72,chatter,running
cnc,2.09,87.93,58.91,84.3,2.08,36.7,cutting_overload,warning
cnc,0.7,37.01,35.98,66.49,2.1,26.77,none,running
cnc,0.74,40.16,40.21,72.96,1.95,27.46,none,running
cnc,1.34,53.66,68.14,81.66,2.2,42.23,cutting_overload,fault
cnc,1.54,70.95,64.47,78.47,1.9,37.56,cutting_overload,warning
cnc,1.93,73.51,58.48,81.75,2.15,28.85,cutting_overload,warning
cnc,0.78,41.69,37.76,65.42,2.16,26.72,none,running
cnc,4.05,50.53,46.8,70.13,1.79,26.49,spindle_misalignment,warning
cnc,0.82,47.16,45.7,77.15,2.23,26.96,none,running
cnc,2.41,24.78,23.72,55,2.01,26.45,spindle_misalignment,warning
cnc,1.94,39.91,34.12,64.53,1.97,26.65,chatter,running
cnc,0.83,46.92,48.21,87.44,1.99,25.73,none,running
cnc,2.29,46.5,45.88,93.45,1.96,27.93,spindle_misalignment,warning
cnc,0.96,19.88,26.06,55,1.92,31.03,chatter,running
cnc,1.5,52.98,43.41,66.63,1.91,34.59,cutting_overload,warning
cnc,1.83,51.36,40.75,58.86,2.04,31.15,cutting_overload,running
cnc,2,78.46,51.76,78.69,1.83,35.54,cutting_overload,warning
cnc,0.93,47.55,46.55,88.44,2.1,27.77,none,running
cnc,1.39,46.11,46.07,70.53,1.86,42.38,coolant_failure,fault
cnc,2.48,60.89,53.67,110,2.09,26.48,chatter,warning
cnc,0.63,29.61,30.9,56.74,1.85,25.92,none,running
cnc,1.04,54.13,45.98,91.07,1.78,26.75,none,running
cnc,1.69,89.88,71.64,93.12,1.89,35.83,cutting_overload,fault
cnc,1.92,89.79,69.49,82.94,2.21,29.1,cutting_overload,warning
cnc,1.54,54.55,61.6,94.98,1.77,37.44,coolant_failure,warning
cnc,4.09,46,46.1,73.21,1.86,27.51,spindle_misalignment,warning
cnc,4.9,50.22,49.88,90.05,1.96,28.91,spindle_misalignment,fault
cnc,2.35,59.63,54.28,110,2.27,26.26,chatter,warning
cnc,1.25,48.99,57.78,77.59,2.06,41.87,coolant_failure,fault
cnc,2.04,95.04,59.79,87.66,1.92,35.64,cutting_overload,warning
cnc,1.43,62.32,64,89.3,1.88,37.91,coolant_failure,warning
cnc,0.41,22.46,21.81,55,2.14,27.41,none,running
cnc,3.97,50.21,48.83,80.79,1.96,28.46,spindle_misalignment,warning
cnc,3.4,56.26,60.27,105.04,1.93,25.25,chatter,warning
cnc,1.88,53.96,51.64,96.8,1.97,28.92,chatter,warning
cnc,0.88,46.55,45.56,85.39,1.92,27.54,none,running
cnc,1.05,54.46,45.56,88.72,1.95,27.8,none,running
cnc,1.81,78.78,63.62,92.4,2.03,30.76,cutting_overload,warning
cnc,0.95,47.61,36.4,55,2.03,35.74,cutting_overload,warning
cnc,4.07,43.02,52.42,80.67,2.09,30.09,spindle_misalignment,warning
cnc,0.85,39.33,33.96,67.12,1.78,27.37,none,running
cnc,4.45,58.02,59.09,94.28,2.08,27.05,spindle_misalignment,warning
cnc,0.63,33.69,33.59,59.91,2.03,26.59,none,running
cnc,2.42,70.41,59.6,110,2.17,27.54,spindle_misalignment,warning
cnc,0.76,37.95,39.47,68.56,2,26.55,none,running
cnc,1.69,85.7,63.83,78.58,2.08,31.48,cutting_overload,warning
cnc,0.99,55.94,53.94,89.62,2.27,27.95,none,running
cnc,2.96,57.11,46.92,77.82,1.83,30.34,spindle_misalignment,warning
cnc,1.96,79.55,61.96,81.49,2.11,30.45,cutting_overload,warning
cnc,3.11,39.68,43.22,73.42,1.88,26.74,spindle_misalignment,warning
cnc,3.05,59.48,60.97,105.22,2.15,27.68,chatter,warning
cnc,1.15,58.46,57.15,85.96,1.75,41.34,coolant_failure,fault
cnc,1.96,65.45,58.01,94.81,2.2,40.83,coolant_failure,fault
cnc,1,34.66,38.02,55,1.81,43.77,coolant_failure,fault
cnc,0.78,44.42,40.2,77.92,1.98,25.77,none,running
cnc,3.13,58.41,55.39,87.78,1.92,26.17,spindle_misalignment,warning
cnc,1.06,28.57,26.49,55,1.94,26.11,chatter,running
cnc,1.91,77.24,63.28,79.86,2.17,34.6,cutting_overload,warning
cnc,0.88,48.98,45.21,84.43,2.12,27.59,none,running
cnc,0.98,59.31,53.84,80.99,2.07,37.7,coolant_failure,warning
cnc,1.01,46.49,54.2,79.24,2.02,43.71,coolant_failure,fault
cnc,3.32,44.09,37.81,58.68,2.06,27.18,spindle_misalignment,warning
cnc,2.46,51.07,42.1,92.69,2.01,28.06,chatter,warning
cnc,1.65,85.97,61.53,85.18,1.86,32.07,cutting_overload,warning
cnc,2.44,56.58,53.42,109.37,2.07,28.62,chatter,warning
cnc,0.87,42.52,39.98,71.23,2.15,27.6,none,running
cnc,2.75,45.17,43.52,95.55,1.98,28.03,chatter,warning
cnc,1.22,36.49,37.94,55,2.02,38.97,coolant_failure,warning
cnc,1.32,64.05,68.25,94.87,2.06,39.47,coolant_failure,warning
cnc,0.87,32.96,43.12,56.58,2.06,34.02,coolant_failure,warning
cnc,5.28,52.54,50.67,87.71,1.84,27.01,spindle_misalignment,fault
cnc,2.16,43.58,51.48,82.09,1.97,26.63,chatter,warning
cnc,4.82,66.24,56.17,86.33,1.91,26.47,spindle_misalignment,fault
cnc,0.86,42.04,38.62,76.34,2.01,27.77,none,running
cnc,0.93,45.41,44.23,80.33,2.09,27.3,none,running
cnc,2.32,49.84,46.47,87.71,2.05,26.47,chatter,warning
cnc,0.87,41.63,39.49,71.66,2.06,27.77,none,running
cnc,1.8,44.74,46.26,87.06,1.93,28.5,chatter,running
cnc,0.86,47.12,46.55,83.34,1.91,28.44,none,running
cnc,1.49,45.74,56.26,79.13,2.07,37.54,coolant_failure,warning
cnc,0.56,28.93,26.93,55,2.1,37.25,coolant_failure,warning
cnc,2.21,61.05,44.54,105.72,2.02,25.88,chatter,warning
cnc,1.89,40.8,43.14,81.53,1.99,30.85,chatter,running
cnc,3.29,54.15,56.09,110,1.94,27.43,chatter,warning
cnc,3.29,54.65,51.94,109.04,1.87,25.05,chatter,warning
cnc,0.98,51.99,48.13,86.06,1.85,27.76,none,running
cnc,2.09,51.41,45.23,85.86,1.93,26.42,spindle_misalignment,warning
cnc,4.11,57.8,47.19,88.47,2.14,29.63,spindle_misalignment,warning
cnc,3.23,47.52,46.34,72.67,2.18,31.06,spindle_misalignment,warning
cnc,1.17,65.61,50.21,55,1.99,33.12,cutting_overload,running
cnc,3.37,60.08,57.9,100.81,2.01,30.08,chatter,warning
cnc,2.11,23.55,26.5,55,2.1,28.21,spindle_misalignment,warning
cnc,2.21,57.26,53.87,96.84,1.84,28.11,chatter,warning
cnc,1.32,92.02,76.13,96.68,1.84,34.93,cutting_overload,fault
cnc,1.07,46.8,50.55,72.3,2.18,36.22,coolant_failure,warning
cnc,0.96,54.13,44.22,80.43,2.15,27.13,none,running
cnc,2.45,48.65,48.16,95.35,1.85,28.47,chatter,warning
cnc,1.54,78.9,63.19,82.47,1.83,34.8,cutting_overload,warning
cnc,0.95,49.15,46.49,84.59,1.89,28.82,none,running
cnc,2.76,33.8,31.89,55,1.77,29.89,spindle_misalignment,warning
cnc,1.98,82.66,66.69,79.48,2.08,33.11,cutting_overload,warning
cnc,4.41,64.75,59.42,92.92,1.9,27.99,spindle_misalignment,warning
cnc,0.81,44.81,40.69,74.29,1.89,26.2,none,running
cnc,4.3,58.72,54.86,89.84,2.08,25.86,spindle_misalignment,warning
cnc,1.38,108.5,76.44,92.83,2.12,31.1,cutting_overload,fault
cnc,4.05,56.34,54.73,102.42,1.96,28.64,spindle_misalignment,warning
cnc,2.07,53.48,63.39,83.21,1.93,43.14,coolant_failure,fault
cnc,0.71,37.25,44.71,55.82,1.86,34.37,coolant_failure,warning
cnc,1.74,90.54,59.51,77.49,1.98,30.36,cutting_overload,warning
cnc,2.68,102.6,74.2,96.33,1.93,29.89,cutting_overload,fault
cnc,1.61,78.58,59.49,77.17,1.87,30.04,cutting_overload,warning
cnc,2.65,55.24,48.32,85.61,1.78,29.85,spindle_misalignment,warning
cnc,5.39,73.27,64.89,97.71,2,28.87,spindle_misalignment,fault
cnc,0.91,45.07,42.54,80.38,1.92,27.85,none,running
cnc,0.81,44.84,47.06,77.85,1.96,26.89,none,running
cnc,2.45,80.96,69.67,93.64,2.03,31.43,cutting_overload,warning
cnc,2.12,79.13,68.14,79.15,1.93,31.71,cutting_overload,warning
cnc,1.53,44.49,46.91,70.19,1.91,39.53,coolant_failure,warning
cnc,1.03,47.59,47.24,73.79,1.89,41.32,coolant_failure,fault
cnc,0.86,33.52,28.22,55,2.2,35.09,cutting_overload,warning
cnc,3.32,54.29,63.38,110,1.95,26.78,chatter,warning
cnc,2.17,51.95,51.45,94.84,2.09,26.18,chatter,warning
cnc,3.05,53.55,47.81,79.97,1.86,29.55,spindle_misalignment,warning
cnc,0.79,56,35.99,55,1.94,37.36,cutting_overload,warning
cnc,0.48,28.03,27.61,55,1.98,37.46,coolant_failure,warning
cnc,1.84,101.98,80.67,95.42,2.02,33.34,cutting_overload,fault
cnc,3.2,51.42,49.01,84.34,1.92,24.67,spindle_misalignment,warning
cnc,1.88,63.71,52.35,100.22,1.96,25.24,chatter,warning
cnc,2.15,35.06,38.74,60.82,2.03,26.41,spindle_misalignment,warning
cnc,3.97,57.53,45.43,74.64,2.02,31.25,spindle_misalignment,warning
cnc,2.35,82.85,66.9,96.99,2.05,34.79,cutting_overload,warning
cnc,3.19,49.7,54.69,90.13,2.25,32,spindle_misalignment,warning
cnc,0.86,38.19,37.95,69.73,2.08,28.69,none,running
cnc,2.12,82.06,55.31,82.22,1.92,31.31,cutting_overload,warning
cnc,3.71,50.2,47.85,81.47,1.81,31.47,spindle_misalignment,warning
cnc,1.79,56.03,58.94,93.11,2.02,35.25,coolant_failure,warning
cnc,1.76,94.99,67.36,86.21,1.97,31.73,cutting_overload,warning
cnc,0.89,45.91,35.24,55,2.19,31.74,cutting_overload,running
cnc,0.63,23.17,24.55,55,1.97,34.72,coolant_failure,warning
cnc,0.69,32.65,29.63,56.58,2.05,28.74,none,running
cnc,1.47,27.96,20.84,55,2.02,26.29,spindle_misalignment,running
cnc,4.36,54.9,55.87,91.59,2.06,30.94,spindle_misalignment,warning
cnc,3.23,68.68,49.85,92.24,1.85,28.61,spindle_misalignment,warning
cnc,4.5,61.31,50.69,87.85,2.17,26.03,spindle_misalignment,warning
cnc,0.92,54.21,48.24,86.6,2.18,26.25,none,running
cnc,4.27,67.26,56.69,92.18,1.95,29.65,spindle_misalignment,warning
cnc,3.91,62.68,55.53,92.47,1.83,28.65,spindle_misalignment,warning
cnc,1.89,29.99,25.36,55,2.05,28.14,spindle_misalignment,running
cnc,2.96,61.07,53.87,84.14,1.82,28.62,spindle_misalignment,warning
cnc,2.21,39.13,32.15,55.49,2.12,27.34,spindle_misalignment,warning
cnc,1.45,27.92,22.37,55,2.16,29.21,chatter,running
cnc,2.28,75.91,70.47,84.09,2.1,33.22,cutting_overload,fault
cnc,1.18,48.79,50.78,76.29,1.81,42.36,coolant_failure,fault
cnc,1.94,45.98,49.93,82.8,2.08,42.22,coolant_failure,fault
cnc,1.55,73.67,53.12,74.1,2.08,31.05,cutting_overload,running
cnc,1.08,53.38,48.1,90.87,1.83,27.01,none,running
cnc,2.91,39.32,34.52,58.44,1.85,25.92,spindle_misalignment,warning
cnc,1.32,88.87,68.31,95.1,1.95,32.26,chatter,warning
cnc,1.52,23.23,26.1,55,1.97,30.21,chatter,running
cnc,1,50.4,50.73,61.86,2.11,34.61,cutting_overload,warning
cnc,2.01,62.96,51.83,85.47,1.87,35.87,cutting_overload,warning
cnc,1.08,48.65,44.24,78.71,2,27.48,none,running
cnc,2.04,22,22.26,55,2.09,28.95,spindle_misalignment,warning
cnc,2.5,46.66,42.31,93.37,1.79,27.68,chatter,warning
cnc,3.71,55.53,52.21,84.27,1.91,29.17,spindle_misalignment,warning
cnc,0.84,42.14,40.62,71.67,2.06,25.67,none,running
cnc,3.68,59.05,59.12,97.18,1.96,27.44,spindle_misalignment,warning
cnc,2.07,91.23,75.95,80.69,2,32.4,cutting_overload,fault
cnc,0.41,21.25,20,55,1.95,26.19,none,running
cnc,1.21,56.29,47.3,85.04,2.04,26.73,none,running
cnc,3.71,51.95,53.11,85.97,2.05,28.76,spindle_misalignment,warning
cnc,2.93,56.92,53.11,99.8,2.17,26.1,chatter,warning
cnc,1.3,31.57,22.91,55,2.04,29,chatter,running
cnc,1.17,73.33,48.79,69.45,2.23,35.63,cutting_overload,warning
cnc,0.7,37.21,37.17,67.62,1.89,27.2,none,running
cnc,0.67,49.72,34.1,55,2.17,33.65,cutting_overload,running
cnc,1.07,51.51,47.57,58.58,1.9,35.68,cutting_overload,warning
cnc,1.91,80.99,60.13,87.21,1.97,37.29,cutting_overload,warning
cnc,0.9,47.03,40.72,75.66,1.88,27.44,none,running
cnc,0.85,44.22,40.35,78.28,1.89,27.6,none,running
cnc,1.41,72.46,58.52,73.33,1.85,31.64,cutting_overload,warning
cnc,1.61,58.37,60.96,88.51,2.12,35.94,none,warning
cnc,0.59,30.35,26.77,55,1.94,26.97,none,running
cnc,2.14,78.28,56.87,73.58,1.94,36.4,cutting_overload,warning
cnc,1.34,56.81,60.52,88.61,2.08,38,coolant_failure,warning
cnc,2.83,39.62,41.6,71.28,2.12,27.79,spindle_misalignment,warning
cnc,5.14,67.17,56.43,100.66,1.98,26.36,spindle_misalignment,fault
cnc,0.85,42.4,38.87,75.07,1.83,27.88,none,running
cnc,3.54,47.27,44.15,75.76,1.95,29.62,spindle_misalignment,warning
cnc,2.06,26.52,27.29,55,2.09,27.58,spindle_misalignment,warning
cnc,0.85,40.21,37.87,75.91,1.81,28.41,none,running
cnc,0.59,30.66,29.93,57.59,1.91,25.52,none,running
cnc,0.82,48.41,41.85,70.55,1.98,29.21,none,running
cnc,2,88.14,65.62,80.09,2.02,34.86,cutting_overload,warning
cnc,1.08,49.91,48.97,89.85,1.93,26.35,none,running
cnc,2.52,52.73,53.34,110,1.89,30.08,chatter,warning
cnc,1.63,51.61,53.26,80.5,2.04,42.57,coolant_failure,fault
cnc,5.18,67.26,54.85,95.49,2,27.87,spindle_misalignment,fault
cnc,0.69,39.74,40.26,75.27,2.03,27.31,none,running
cnc,2.24,58.56,49.91,98.31,2.18,26.97,chatter,warning
cnc,1.96,63.76,57.82,77.75,2.14,35.66,cutting_overload,warning
cnc,2.23,44.34,39.2,90.21,1.81,28.87,chatter,warning
cnc,2.95,48.75,54.47,107.08,2.12,27.01,chatter,warning
cnc,2.53,42.73,49.65,78.58,1.93,31.54,spindle_misalignment,warning
cnc,1.46,25.23,27.89,55,2.08,28.3,spindle_misalignment,running
cnc,2.67,58.3,48.71,99.58,2,28.67,chatter,warning
cnc,0.87,37.57,36.32,68.3,1.78,25.56,none,running
cnc,1.95,94.83,66.93,83.25,2.01,30.76,cutting_overload,warning
cnc,1.2,49.33,49.37,88.13,1.99,27.58,none,running
cnc,4.12,56.02,59.01,103.2,1.86,26.63,spindle_misalignment,warning
cnc,0.5,23.68,24.27,55,2.08,27.01,none,running
cnc,3.59,53.66,43.81,79.1,2.05,25.85,spindle_misalignment,warning
cnc,1.59,100.64,73.47,90.83,2.16,33.67,cutting_overload,fault
cnc,1.25,34.84,41.96,59.39,2.21,36.79,coolant_failure,warning
cnc,3.2,44.8,49.14,84.72,2.11,26.68,spindle_misalignment,warning
cnc,1.82,60.73,74.16,96.33,1.95,38.3,coolant_failure,fault
cnc,1.69,25.68,23.44,55,1.89,28.23,spindle_misalignment,running
cnc,2.37,103.07,76.96,91.51,1.81,34.9,cutting_overload,fault
cnc,1.69,69.24,50.63,73.79,1.87,33.81,cutting_overload,running
cnc,4.34,50.76,46.64,90.69,1.84,27.52,spindle_misalignment,warning
cnc,1.7,35.62,31.32,57.33,2.05,30.26,chatter,running
cnc,1.79,78.74,63.51,73.9,1.99,34.19,cutting_overload,warning
cnc,3.18,51.52,53.04,107.8,1.87,29.33,chatter,warning
cnc,1.55,85.89,60.95,77.6,1.86,31.65,cutting_overload,warning
cnc,0.89,36.17,37.09,55.12,2.14,38.93,coolant_failure,warning
cnc,2.59,38.61,34.05,56.67,2.12,30.61,spindle_misalignment,warning
cnc,1.84,80.03,68.1,76.17,1.88,31.82,cutting_overload,warning
cnc,0.8,37.8,36.13,69.76,2.06,29.11,none,running
cnc,4.68,61.19,54.44,94.7,2.24,28.28,spindle_misalignment,fault
cnc,2.91,49.18,59.72,100.01,1.82,29.49,chatter,warning
cnc,1.7,84.17,75.12,84.3,1.92,32.29,cutting_overload,fault
cnc,2.23,31.42,25.84,55,1.85,29.66,none,warning
cnc,2.58,34.22,37.19,63,2.11,27.18,spindle_misalignment,warning
cnc,0.87,39.68,39.9,55.54,2.26,46.06,coolant_failure,fault
cnc,1.04,53.81,35.59,55,2.13,34.82,cutting_overload,warning
cnc,1.81,22.44,26.12,55,2.11,25.19,spindle_misalignment,running
cnc,1.82,94.64,73.84,85.43,1.86,36.4,cutting_overload,fault
cnc,1.12,53,58.82,80.36,2.07,41.01,coolant_failure,fault
cnc,2.71,51.21,47.66,110,2,28.24,chatter,warning
cnc,1.23,84.59,56.18,75.37,2.05,33.3,cutting_overload,running
cnc,1.25,50.93,55.05,78.99,1.89,39.25,coolant_failure,warning
cnc,1.74,61.91,65.88,85.94,2.01,36.69,coolant_failure,warning
cnc,2.45,45.21,41.53,91.54,1.86,28.52,chatter,warning
cnc,1.09,55.85,48.87,85.6,2.07,28.63,none,running
cnc,0.75,38.93,38.08,70.74,2,27.4,none,running
cnc,2.37,26.81,27.89,55,2.08,30.43,spindle_misalignment,warning
cnc,1.4,43.88,45.95,74.96,1.9,39.93,coolant_failure,warning
cnc,3.45,59.16,51.62,78.8,1.87,28.7,spindle_misalignment,warning
cnc,3.08,47.95,47.79,74.34,2.07,30.35,spindle_misalignment,warning
cnc,0.82,40.38,37.79,69.62,1.9,26.6,none,running
cnc,4.83,55.21,52.63,90.91,2.14,27.46,spindle_misalignment,fault
cnc,0.79,39.58,38.02,65.79,1.93,26.91,none,running
cnc,1.74,88.38,73.12,90.51,2.06,37.69,cutting_overload,fault
cnc,3.95,46.4,52.22,78.19,1.9,30.77,spindle_misalignment,warning
cnc,2.5,32.98,31.69,55,2.22,30.12,spindle_misalignment,warning
cnc,0.63,31.36,36.81,55,2.03,42.15,coolant_failure,fault
cnc,0.96,44.23,42.83,87.26,2,28.74,none,running
cnc,3.01,48.08,47.26,78.49,2.03,29.16,spindle_misalignment,warning
cnc,2,28.64,31.09,55,1.96,26.21,spindle_misalignment,running
cnc,1.18,44.89,47.49,74.76,2.14,42.46,coolant_failure,fault
cnc,2.94,48.45,43.97,77.3,1.91,26.93,spindle_misalignment,warning
cnc,2.65,47.09,41.67,87.44,2.31,29.42,chatter,warning
cnc,1.52,39.91,31.38,67.81,1.93,26.48,chatter,running
cnc,4.22,57.41,57.23,80.3,1.91,29.8,spindle_misalignment,warning
cnc,2.41,81.48,68.46,91.5,2.01,35.35,cutting_overload,warning
cnc,2.58,53.35,55.42,110,2.08,27.06,chatter,warning
cnc,1.77,38.45,34.05,63.69,2.15,27.45,chatter,running
cnc,2.35,78.45,69.49,84.75,2.13,34,cutting_overload,warning
cnc,3.3,69,58.74,105.42,2.15,27.59,chatter,warning
cnc,1.05,49.53,47.69,85.27,2.06,27.55,none,running
cnc,3.25,57.48,47.64,85.2,2.01,27.38,spindle_misalignment,warning
cnc,0.83,47.25,47.63,86.48,2.25,27.53,none,running
cnc,0.63,34.98,30.21,55.69,2.11,27.18,none,running
cnc,4.34,54.17,55.48,82.95,1.83,26.91,spindle_misalignment,warning
cnc,1.37,31.41,30.13,66.51,2.11,27.43,chatter,running
cnc,1.71,75.08,63.71,78.22,2.04,35.83,cutting_overload,warning
cnc,0.96,50.06,46.08,85.08,2.02,26.19,none,running
cnc,2.26,63.86,52.85,101.37,1.93,26.11,chatter,warning
cnc,3.74,53.67,50.69,85.53,2.09,31.66,spindle_misalignment,warning
cnc,1.06,52.17,38.71,55,1.95,32.98,cutting_overload,running
cnc,1.24,59.85,57.95,88.57,2.21,40.34,coolant_failure,fault
cnc,1.77,58.91,63.9,96.94,2.22,38.32,coolant_failure,warning
cnc,2.59,52.57,53.84,99.58,2.18,26.16,chatter,warning
cnc,1.54,55.4,71.71,97.26,2.12,34.55,coolant_failure,fault
cnc,1.9,65.37,62.92,90.87,2.01,40.79,coolant_failure,fault
cnc,1.1,44.12,56.83,71.43,1.91,32.33,coolant_failure,running
cnc,1.97,50.73,44.96,92.23,2.01,26.8,chatter,warning
cnc,1.29,82.17,55.61,72.08,1.98,32.47,cutting_overload,running
cnc,2.67,41.65,32.02,58.18,1.95,28.04,spindle_misalignment,warning
cnc,1.64,52.18,59.82,85.4,2.08,37.44,coolant_failure,warning
cnc,3.62,64.33,61.67,107.28,2.06,29.29,chatter,warning
cnc,1.42,74.28,54.31,82.17,2.13,30.33,cutting_overload,running
cnc,1.97,58.15,45.99,94.01,2.11,30,chatter,warning
cnc,0.96,45.89,46,90.69,2.21,26.54,none,running
cnc,1.16,22.65,23.94,55,2.23,27.89,chatter,running
cnc,1.31,55.93,62.15,93.43,2.07,41.5,coolant_failure,fault
cnc,1.08,51.82,42.37,83.42,2.14,26.2,none,running
cnc,0.82,42.07,38.01,67.21,2.07,26.63,none,running
cnc,1.72,39.73,32.43,65.79,2.01,30.94,chatter,running
cnc,0.86,43.12,39.33,76.4,2.2,26.94,none,running
cnc,2.26,52.59,42.67,99.6,2.18,27.1,chatter,warning
cnc,1.51,60.26,64.65,99.24,2.16,42.94,coolant_failure,fault
cnc,2.17,63.57,62.16,98,1.89,41.31,coolant_failure,fault
cnc,2.53,103.46,75.56,89.96,2.22,33.88,cutting_overload,fault
cnc,2.03,53.94,63.51,89.08,2.05,34.39,coolant_failure,warning
cnc,2.36,57.11,54.38,110,2.08,27.58,chatter,warning
cnc,0.73,38.65,38.16,65.01,1.92,26.95,none,running
cnc,0.85,41.3,37.28,68.35,2.13,28.61,none,running
cnc,2.67,80.85,73.48,95.52,2,31.47,cutting_overload,fault
cnc,0.97,44.87,42.83,77.31,2.22,27.43,none,running
cnc,3.81,55.05,51.16,84.24,2.04,28.23,spindle_misalignment,warning
cnc,0.89,52.06,46.65,89.12,2.04,29,none,running
cnc,0.44,24.78,29.65,55,1.83,42.97,coolant_failure,fault
cnc,2.37,49.67,43.16,87.53,2.08,30,chatter,warning
cnc,3.18,46.95,50.16,105.22,2.17,26.24,chatter,warning
cnc,1.91,20.87,22.68,55,2.07,29.6,spindle_misalignment,running
cnc,1.03,53.03,47.53,89.39,2.13,27.34,none,running
cnc,2.59,53.52,54.85,104.48,2.05,30.97,chatter,warning
cnc,3.34,53.92,42.25,80.18,2.01,28.43,spindle_misalignment,warning
cnc,3.44,52.9,49.97,105.19,1.83,25.87,chatter,warning
cnc,1.49,85.31,66.83,96.63,2.24,30.27,cutting_overload,warning
cnc,2.2,40.93,47.17,91.93,2.19,27.97,chatter,warning
cnc,1.75,68.9,68.19,93.96,1.81,36.92,coolant_failure,warning
cnc,1.31,74.28,53.11,81.02,2.2,31.07,cutting_overload,running
cnc,4.2,62.7,53.7,92.86,2.05,25.91,spindle_misalignment,warning
cnc,0.94,51.73,45.66,84.32,1.86,26.07,none,running
cnc,0.64,24.96,31.38,55,2.05,37.87,coolant_failure,warning
cnc,0.88,41.11,39.46,70.1,2.14,26.49,none,running
cnc,0.82,40.46,38.2,72.87,1.97,26.85,none,running
cnc,1.04,50.04,48.84,88.13,1.91,28.57,none,running
cnc,0.91,50.26,46.13,78.06,2.07,26.71,none,running
cnc,0.82,46.15,32.7,55,2.18,36.09,cutting_overload,warning
cnc,1.03,56.41,46.84,88.37,2.07,27.55,none,running
cnc,3.02,32.84,36.66,55,1.78,29.5,spindle_misalignment,warning
cnc,0.79,36.91,39.16,70.58,1.92,27.93,none,running
cnc,4.67,68.31,62.71,90.24,2,26.33,spindle_misalignment,fault
cnc,2.95,60.02,47.85,104.35,1.79,27.79,chatter,warning
cnc,1.03,44.45,49.98,86.67,2.11,27.82,none,running
cnc,4.65,53.34,52.04,82.49,2.11,26.63,spindle_misalignment,fault
cnc,1.12,58.74,41.99,57,2.21,34.95,cutting_overload,warning
cnc,0.87,44.83,44.29,78.33,2.02,27.16,none,running
cnc,0.96,43.11,46.71,82.22,1.84,27.69,none,running
cnc,2.48,38.73,30.96,55,2.12,26.24,spindle_misalignment,warning
cnc,3.24,50.54,49.51,92.96,1.98,28.16,cutting_overload,warning
cnc,1.58,94.71,67.62,82.83,1.87,30.67,cutting_overload,warning
cnc,2.67,48.68,49.42,83.7,2.22,27.8,chatter,warning
cnc,0.81,41.61,39.91,74.06,1.98,25.56,none,running
cnc,2.41,39.92,38.8,60.22,2.1,28.51,spindle_misalignment,warning
cnc,1.99,27,22.81,55,2.12,29.88,spindle_misalignment,running
cnc,1.37,55.57,59.46,76.29,2.13,40.93,coolant_failure,fault
cnc,1.27,58.7,62.49,95.72,1.87,39.41,coolant_failure,warning
cnc,1.71,54.61,61.27,78.93,1.93,40.18,coolant_failure,fault
cnc,1,53.2,38.44,55,2.14,30.04,cutting_overload,running
cnc,0.68,23.59,25.67,55,2.22,33.64,coolant_failure,running
cnc,3.75,61.66,45.99,76.87,2.14,30.38,spindle_misalignment,warning
cnc,1.16,54.97,60.98,90.83,2.2,40,coolant_failure,warning
cnc,1.29,49.79,54.32,89.45,1.91,42.57,coolant_failure,fault
cnc,1.3,73.31,53.95,78.19,2.05,30.77,cutting_overload,running
cnc,1.91,30.38,31.37,57.11,2.04,27.01,chatter,running
cnc,2.93,64.42,47.1,99.04,2.12,27.41,chatter,warning
cnc,0.89,48.87,50.64,71.84,2.2,40.86,coolant_failure,fault
cnc,3.83,59.96,46.18,74.35,2.05,27.85,spindle_misalignment,warning
cnc,0.9,34.93,42.29,55.48,1.83,38.9,coolant_failure,warning
cnc,1.72,67.59,53.13,76.32,1.8,28.25,cutting_overload,running
cnc,3.49,50.93,60.81,92.03,1.79,25.8,spindle_misalignment,warning
cnc,1.12,28.79,30.74,55,2.16,27.58,chatter,running
cnc,1.39,73.46,62.36,77.1,2.02,33.38,cutting_overload,warning
cnc,2.06,60.36,69.64,97.7,1.85,35.64,coolant_failure,warning
cnc,1.75,53.89,55.4,75.7,2,35,coolant_failure,warning
cnc,4.55,62.25,58.54,90.8,1.99,28.13,spindle_misalignment,fault
cnc,2.15,50.91,48.36,102.78,2.06,29.68,chatter,warning
cnc,4.37,53.59,50.75,90.85,2.08,28.85,spindle_misalignment,warning
cnc,2.44,54.06,64.22,109.32,1.92,26.45,chatter,warning
cnc,4.07,53.75,49.48,89.91,1.93,26.58,spindle_misalignment,warning
cnc,1.25,55.96,71.58,89.91,2.07,33.44,coolant_failure,fault
cnc,2.18,58.8,57.68,99.45,2.04,27.56,cutting_overload,warning
cnc,3.5,48.7,45.5,82.06,2.04,29.64,spindle_misalignment,warning
cnc,2.36,46.03,43.88,81.1,2.05,27.59,chatter,warning
cnc,0.88,42.33,39.14,55,2.13,36,cutting_overload,warning
cnc,0.8,49.17,42.22,78.54,1.86,26.66,none,running
cnc,3.37,57.88,52.06,94.39,1.79,26.37,spindle_misalignment,warning
cnc,0.76,35.37,28.67,55,2.08,31.84,cutting_overload,running
cnc,0.86,42.03,35.38,67.84,1.91,24.79,none,running
cnc,2.88,46.19,48.1,88.34,2.02,31.01,chatter,warning
cnc,0.9,27.67,35.63,55,1.9,44.94,coolant_failure,fault
cnc,1.89,26.4,24.1,55,1.87,28.54,spindle_misalignment,running
cnc,0.67,25.23,24.36,55,2.06,42.46,coolant_failure,fault
cnc,4.19,61.88,56.98,80.85,1.93,26.96,spindle_misalignment,warning
cnc,0.81,58.45,38.79,55,1.88,37.31,cutting_overload,warning
cnc,1.7,86.09,64.5,78.04,2.29,31.14,cutting_overload,warning
cnc,3.74,44.85,49.93,75.52,2.16,29.6,spindle_misalignment,warning
cnc,1.21,45.18,38.03,55,1.89,29.82,cutting_overload,running
cnc,1.11,24.88,21.58,55,1.96,28.73,cutting_overload,running
cnc,2.44,32.01,31.17,58.2,2.02,32.26,spindle_misalignment,warning
cnc,3.24,62.88,52.73,103.4,2.22,29.36,chatter,warning
cnc,4.97,65.4,53.76,92.63,1.93,28.12,spindle_misalignment,fault
cnc,3.81,55.55,50.89,84.59,1.95,27.22,spindle_misalignment,warning
cnc,1.78,96.82,60.86,82.81,2.23,32.66,cutting_overload,warning
cnc,0.97,45.48,53.35,71.75,2.03,41.87,coolant_failure,fault
cnc,3.36,35.05,36.85,63.11,1.83,28.25,spindle_misalignment,warning
cnc,4.01,62.83,51.81,79.75,1.83,27.79,spindle_misalignment,warning
cnc,1.38,47.74,47.52,76,2.06,36.57,coolant_failure,warning
cnc,1.27,55.54,73.26,99.02,2.04,35.32,coolant_failure,fault
cnc,0.44,22.71,21.29,55,2.17,26.49,none,running
cnc,1.69,28.59,29.36,55,2.06,28.63,spindle_misalignment,running
cnc,0.96,50.31,52.23,93.49,1.99,26.44,none,warning
cnc,1.88,55.62,44.39,85.07,1.99,27.87,chatter,running
cnc,2.37,45.04,42.43,98.66,2.01,30.28,chatter,warning
cnc,2.17,80.24,68.28,83.39,2.07,35.69,cutting_overload,warning
cnc,1.38,29.07,23.98,55,2,26.98,chatter,running
cnc,1.4,58.59,39.46,55.5,2,29.43,cutting_overload,running
cnc,1.03,49.51,47.72,84.26,1.95,27.69,none,running
cnc,2.48,35.49,32.45,55,2.13,24.9,spindle_misalignment,warning
cnc,0.86,40.65,34.99,67.37,2.08,27.23,none,running
cnc,3.54,52.82,44.37,74.28,2.1,30.05,spindle_misalignment,warning
cnc,0.59,29.6,28.64,55,2,27.91,none,running
cnc,2.57,53.6,54.26,109.93,1.97,28.04,chatter,warning
cnc,0.67,34.76,40.37,58.94,1.99,36.94,coolant_failure,warning
cnc,2.45,101.02,72.26,99.54,1.89,35.49,cutting_overload,fault
cnc,3.1,55.55,48.84,110,2.19,25.57,chatter,warning
cnc,1.92,23.98,27.12,55,2,29.79,spindle_misalignment,running
cnc,0.75,42.83,39.75,73.32,1.99,26.53,none,running
cnc,0.77,53.82,45.91,83.72,2.02,28.49,none,running
cnc,1.43,50.8,58.54,77.7,1.88,40.76,coolant_failure,fault
cnc,4.51,54.93,50.62,86.47,1.99,28.66,spindle_misalignment,fault
cnc,1.02,51.87,44.27,88.43,2.07,27.06,none,running
cnc,0.6,31.39,36.89,55,1.83,36.03,coolant_failure,warning
cnc,1.13,42.54,38.55,55,2.27,32.31,cutting_overload,running
cnc,2.01,92.42,68.32,85.77,2.16,32.37,cutting_overload,warning
cnc,1,52.25,49.04,84.6,2.13,27.56,none,running
cnc,1.28,48.33,55.01,71.61,2.13,33.06,coolant_failure,running
cnc,1.05,21.84,24.08,55,1.88,29.51,chatter,running
cnc,2.02,31.39,35.03,57.82,1.87,26.41,spindle_misalignment,warning
cnc,2.03,32.24,26.31,55,1.85,29.81,spindle_misalignment,warning
cnc,4.08,48.83,48.45,77.44,1.97,31.93,spindle_misalignment,warning
cnc,0.74,40.34,42.18,75.74,2.12,26.9,none,running
cnc,2.58,59.02,50.57,86.54,2.26,27.15,spindle_misalignment,warning
cnc,4.09,52.07,46.9,73.35,1.88,29.01,spindle_misalignment,warning
cnc,1.97,81.4,63.57,75.07,2.16,31.13,cutting_overload,warning
cnc,1.69,89.82,66.02,92.23,2.1,31.36,cutting_overload,warning
cnc,1.36,56.87,61.59,92.18,2.09,34.63,coolant_failure,warning
cnc,1.13,49.02,53.56,80.5,1.96,36.61,coolant_failure,warning
cnc,0.61,27.66,30.92,55,2.24,39.68,coolant_failure,warning
cnc,2.45,44.61,47.11,89.81,1.93,29.27,chatter,warning
cnc,1.24,51.22,43.95,68.64,2.08,41.47,coolant_failure,fault
cnc,0.99,50.36,51.9,75,2.22,42.21,coolant_failure,fault
cnc,1.02,50.09,42.47,77.81,2.03,27.95,none,running
cnc,1.08,25.82,23.36,55,1.86,30.92,chatter,running
cnc,1.05,57.98,56.15,84.32,2.19,44.6,coolant_failure,fault
cnc,2.99,45.74,38.98,67.8,2.02,28.3,spindle_misalignment,warning
cnc,2.06,61.33,50.81,77.08,1.96,32.48,cutting_overload,warning
cnc,0.69,39.89,34.05,72.49,2.05,25.53,none,running
cnc,0.87,41.96,37.8,57.89,2.1,44.24,coolant_failure,fault
cnc,0.82,47.93,42.87,78.34,2.08,26.22,none,running
cnc,3.27,49.21,55.21,110,2.2,28.79,chatter,warning
cnc,1.09,48.48,41.98,80.7,2.31,25.61,none,running
cnc,2.17,94.96,76.47,102.38,2.28,35.71,spindle_misalignment,fault
cnc,1.63,30.47,27.25,55,2.15,29.01,chatter,running
cnc,0.93,44.82,46.35,84.73,1.95,24.59,none,running
cnc,1.29,52.87,52.06,81.41,2.09,37.74,coolant_failure,warning
cnc,0.98,35.67,35.78,55,1.98,33.37,coolant_failure,running
cnc,1.28,71.9,64.49,78.35,1.89,34.97,cutting_overload,warning
cnc,0.76,41.7,43.46,76.1,2,26.65,none,running
cnc,0.95,44.27,39.15,71.69,1.96,28,none,running
cnc,3.09,59.97,52.09,85.92,2.17,25.65,spindle_misalignment,warning
cnc,1.47,56.46,55.89,87.23,2.04,38.53,coolant_failure,warning
cnc,1,43.86,45.82,86.39,2.04,26.72,none,running
cnc,2.32,42,38.46,63.63,1.94,31.5,spindle_misalignment,warning
cnc,0.57,24.96,25.22,55,2.22,27.8,none,running
cnc,2.31,54.7,47.26,101.71,1.98,28.02,chatter,warning
cnc,1.65,56.17,54.37,82.78,2.22,42.56,coolant_failure,fault
cnc,0.87,45.79,40.1,77.31,2.11,27.42,none,running
cnc,3.04,37.45,40.5,62.65,2.13,28.95,spindle_misalignment,warning
cnc,1.14,48.59,44.92,87.39,2.02,28.91,none,running
cnc,4.46,51.64,54.75,89.81,2.04,29.73,spindle_misalignment,warning
cnc,2.66,51.29,45.06,75.05,2.03,28.66,spindle_misalignment,warning
cnc,1.62,77.51,73.47,83.87,2,30.11,cutting_overload,fault
cnc,4.23,61.09,58.38,80.63,1.97,25,spindle_misalignment,warning
cnc,4.09,57.02,53.82,95.49,1.92,28.27,spindle_misalignment,warning
cnc,4.23,52.12,59.57,86.09,2.15,30.61,spindle_misalignment,warning
cnc,3.37,63,53.83,96.91,1.87,29.25,spindle_misalignment,warning
cnc,5.1,53.95,49.91,84.07,2.1,27.42,spindle_misalignment,fault
cnc,0.98,26.55,24.04,55,2.12,28.14,chatter,running
cnc,1.29,38.81,44.46,59.65,2.05,44.81,coolant_failure,fault
cnc,1.26,71.15,65.99,81.82,1.93,33.57,cutting_overload,warning
cnc,4.08,56.5,48.11,82.21,2.07,29.93,spindle_misalignment,warning
cnc,1.69,30.78,24.13,55,1.97,27.52,coolant_failure,running
cnc,3.5,56.21,55.87,88.19,1.73,24.31,spindle_misalignment,warning
cnc,1.08,47.12,47.55,90.61,1.82,26.95,none,running
cnc,1.68,86.14,70.19,86.66,1.93,34.52,cutting_overload,fault
cnc,4.65,58.38,49.49,82.26,1.93,29.15,spindle_misalignment,fault
cnc,0.93,47.93,44.12,84.7,1.94,24.99,none,running
cnc,1.11,53.61,66.62,85.36,1.98,39.33,coolant_failure,warning
cnc,0.77,41.87,40.11,79.92,2.02,26.09,none,running
cnc,1.14,27.12,24.14,55,2.13,25.1,chatter,running
cnc,1.46,57.29,58.87,98.73,1.99,39.26,coolant_failure,warning
cnc,1.05,50.17,47.13,85.97,1.97,28.02,none,running
cnc,3.38,50.69,54.86,83.43,2,26.33,spindle_misalignment,warning
cnc,0.96,49.67,43.93,88.21,1.88,26.46,none,running
cnc,1.08,46.47,42.42,85.31,2.17,26.86,none,running
cnc,1.56,52.94,55.75,89.39,2.06,43.23,coolant_failure,fault
cnc,1.84,79.06,68.31,81.96,2.01,32.25,cutting_overload,warning
cnc,1.08,49.85,47.41,93.66,2.17,28.56,none,warning
cnc,2.74,45.95,40.36,81.52,1.96,26.58,chatter,warning
cnc,1.59,75.22,60.69,74.26,1.96,30.55,cutting_overload,warning
cnc,2.46,27.17,30.94,55,2.23,27.08,spindle_misalignment,warning
cnc,1.08,45.42,48.79,74.04,1.95,41.37,coolant_failure,fault
cnc,2.1,80.99,55.83,76.95,2.17,36.3,cutting_overload,warning
cnc,0.89,53.25,44.28,86.66,2.04,25.47,none,running
cnc,4.71,61.51,55.56,100.5,1.92,26.07,spindle_misalignment,fault
cnc,4.41,64.76,56.93,102.79,2.18,26.75,spindle_misalignment,warning
cnc,0.55,29.46,30.09,55,1.86,34.2,coolant_failure,warning
cnc,1.78,60.17,75.35,89.37,2.01,34.96,coolant_failure,fault
cnc,0.51,31.32,28.28,58.35,2.19,28.08,none,running
cnc,2.17,30.16,33.47,55,2.11,29.77,spindle_misalignment,warning
cnc,1.17,28.86,24.23,55,1.84,28.66,chatter,running
cnc,1.17,50.56,55.51,78.11,1.81,36.7,coolant_failure,warning
cnc,3.9,53.63,51.57,90.88,1.8,32.8,spindle_misalignment,warning
cnc,0.81,35.36,26.27,55,1.94,33.84,cutting_overload,running
cnc,5.64,59.72,58.48,104.05,2.04,29.48,spindle_misalignment,fault
cnc,1.95,45.44,50.41,92.74,1.91,24.9,chatter,warning
cnc,2.4,78.62,80.9,92.02,2,28.96,cutting_overload,fault
cnc,2.1,93.22,71.99,96.61,2.03,30.79,cutting_overload,fault
cnc,2.92,45.84,52.58,102.6,1.87,29.63,chatter,warning
cnc,2.29,30.27,27.04,55,2.1,30.38,spindle_misalignment,warning
cnc,2.25,91.11,74.58,96.27,1.87,29.36,cutting_overload,fault
cnc,0.78,39.57,34.82,67.51,1.94,28.14,none,running
cnc,0.82,43.88,37.2,69.3,1.95,28.84,none,running
cnc,1.02,44.25,54.76,78.96,1.81,38.86,coolant_failure,warning
cnc,3.94,40.7,43.3,73.18,2.05,26.19,spindle_misalignment,warning
cnc,1.07,23.73,28.91,55,2.16,30.49,chatter,running
cnc,0.85,41.51,40.77,76.86,2.18,28.06,none,running
cnc,0.83,23.34,25.49,55,1.87,36.98,coolant_failure,warning
cnc,1.7,61.93,60.3,89.34,2.14,37.5,coolant_failure,warning
cnc,1.59,25.02,26.85,55,1.93,28.76,spindle_misalignment,running
cnc,1.34,26.42,23.55,55,1.89,27.25,chatter,running
cnc,2.76,43.48,47.21,95.22,2.06,29.13,chatter,warning
cnc,2.14,30.25,32.43,55.19,1.91,27.8,chatter,warning
cnc,1.54,48.68,66.13,85.69,1.82,34.12,coolant_failure,warning
cnc,0.86,46.79,43.32,80.82,1.89,27.36,none,running
cnc,3.88,70.69,66.56,99.34,2.07,26.22,spindle_misalignment,warning
cnc,1.52,52.57,60.44,78.98,2.18,35.37,coolant_failure,warning
cnc,2.13,46.09,48.12,105.72,1.86,28.03,chatter,warning
cnc,2.69,59.62,59.68,110,2.16,24.91,chatter,warning
cnc,1.43,78.86,65.77,82.86,2.13,33.18,cutting_overload,warning
cnc,1.01,52.33,45.89,86.77,2.25,27.74,none,running
cnc,0.87,54.04,44.44,88.46,2.24,28.12,none,running
cnc,1.32,53.57,57.2,83.53,2.15,40.45,coolant_failure,fault
cnc,1.05,52.48,48.46,90.06,1.8,26.58,none,running
cnc,4.09,52.47,50.57,87.37,2.11,26.73,spindle_misalignment,warning
cnc,0.72,41.84,40.43,59.54,1.84,38.4,coolant_failure,warning
cnc,2.97,67.21,57.58,91.42,1.91,30.19,spindle_misalignment,warning
cnc,0.73,40.05,35.47,69.95,1.82,27.71,none,running
cnc,1.15,73.57,50.29,65.65,1.95,32.88,cutting_overload,running
cnc,1.06,49.1,46.88,90.61,2.15,25.93,none,running
cnc,0.83,41.39,35.9,69.97,2.09,25.5,none,running
cnc,3.51,47.12,53.1,92.93,1.84,30.76,chatter,warning
cnc,0.88,49.05,41.1,78.88,2.09,27.67,none,running
cnc,1.06,54.3,50.69,84.72,2.08,28.94,none,running
cnc,2.19,47.27,37.53,75.45,2.09,27.78,chatter,warning
cnc,0.94,55.06,48.19,83.2,1.87,25.79,none,running
cnc,0.78,44.5,40.33,74.19,1.93,28.14,none,running
cnc,4.12,46.14,51.19,75.42,2.07,28.08,spindle_misalignment,warning
cnc,1.01,50.35,47.88,91.09,1.93,26.53,none,running
cnc,1.23,74.16,57.15,78.82,2.02,31.37,cutting_overload,running
cnc,1.13,55.01,48.98,91.32,2.11,26.86,none,running
cnc,3.51,68.76,57.32,97.8,1.99,27.22,spindle_misalignment,warning
cnc,4.59,60.48,55.31,92.86,1.98,26,spindle_misalignment,fault
cnc,2.2,44.4,46.63,86.88,2.17,25.39,chatter,warning
cnc,1.8,51.78,65.74,89.36,1.88,45.51,coolant_failure,fault
cnc,1.02,51.55,45.95,90.45,2.09,26.29,none,running
cnc,3.54,57.78,49.55,73.58,1.87,27.91,spindle_misalignment,warning
cnc,3.09,66.38,56.81,101.06,2.32,27.97,chatter,warning
cnc,2.41,55.03,51.12,103.7,2.14,26.94,chatter,warning
cnc,0.79,43.2,42.36,77.06,1.87,27.58,none,running
cnc,2.26,93.59,70.67,84.67,1.88,32.76,cutting_overload,fault
cnc,2,44.49,52.92,97.43,1.96,26.21,chatter,warning
cnc,2.8,52.09,46.01,95.64,1.99,29.3,chatter,warning
cnc,1.02,53.92,49.69,88.6,1.88,28.19,none,running
cnc,3.93,65,52.36,86.86,1.98,28.69,spindle_misalignment,warning
cnc,0.8,55.21,44.74,88.42,1.92,26.57,none,running
cnc,0.88,42.01,42.37,74.29,1.85,25.7,none,running
cnc,0.48,24.06,21.03,55,2.06,25.91,none,running
cnc,2,26.37,22.89,55,2.01,28.32,spindle_misalignment,running
cnc,0.67,31.9,30.55,55,2.14,26.8,none,running
cnc,1.14,44.98,48.28,81.49,1.98,28.27,none,running
cnc,3.91,55.81,65.41,101.98,1.99,29.42,spindle_misalignment,warning
cnc,1.7,53.26,61.37,82.29,1.89,38.82,coolant_failure,warning
cnc,0.88,43.6,40.86,79.12,1.92,27.71,none,running
cnc,1.69,87.47,53.72,77.41,2,33.55,cutting_overload,warning
cnc,0.75,33.89,42.47,58.49,2.1,35.29,coolant_failure,warning
cnc,0.88,47.27,44.73,82.29,1.89,26.35,none,running
cnc,2.18,46.46,47.56,96.87,2.08,28.08,chatter,warning
cnc,3.41,67.95,54.79,96.53,2.22,28.65,spindle_misalignment,warning
cnc,1.17,51.53,58.89,83.78,1.91,39.61,coolant_failure,warning
cnc,1.83,64.53,52.81,70.25,2.02,34.73,cutting_overload,warning
cnc,2.09,33.7,27.74,55,1.97,27.71,spindle_misalignment,warning
cnc,2.36,100.09,73.66,91.56,1.92,30.93,cutting_overload,fault
cnc,1.86,45.1,50.56,89.4,1.93,26.7,chatter,running
cnc,0.56,27.6,23.22,55,2.1,27.81,none,running
cnc,3.7,54.95,59.05,85.23,2.11,30.51,spindle_misalignment,warning
cnc,1.08,56.16,50.46,79.43,2.17,41.37,coolant_failure,fault
cnc,2.99,54.42,54.15,104.11,2.12,26.55,chatter,warning
cnc,5.39,64.84,56.83,96.54,2.1,27.11,spindle_misalignment,fault
cnc,2.02,92.94,66.73,89.16,2.06,35.55,cutting_overload,warning
cnc,0.83,36.97,37.64,56.56,2.04,41.51,coolant_failure,fault
cnc,3.4,64.01,58.1,100.48,1.83,30.05,spindle_misalignment,warning
cnc,1.65,70.12,62.65,77.12,1.93,31.86,cutting_overload,warning
cnc,0.69,34.38,31.54,55,2.1,41.61,coolant_failure,fault
cnc,3.7,52.97,56.29,110,2.1,28.51,chatter,warning
cnc,2.06,65.19,56.61,72.98,1.92,34.84,cutting_overload,warning
cnc,2.31,48.76,42.03,97.23,1.79,25.96,chatter,warning
cnc,2.33,45.83,43.12,96.05,1.87,29.92,chatter,warning
cnc,2.86,53.34,52.59,95.15,2.06,28.63,chatter,warning
cnc,1.74,51.51,64.1,91.14,1.86,46.48,coolant_failure,fault
cnc,2.17,42.13,45.15,85.5,2.1,28.11,chatter,warning
cnc,4.17,51.73,47.52,76.35,1.98,28.87,spindle_misalignment,warning
cnc,2.78,60.53,55.97,100.65,1.96,27.46,chatter,warning
cnc,1.25,69.39,62.7,79.49,2.21,32.71,cutting_overload,warning
cnc,1.5,81.64,69.83,78.77,2.19,32.97,cutting_overload,warning
cnc,3.23,52.89,59.24,110,1.9,27.32,chatter,warning
cnc,1.59,60.02,58.2,83,1.96,34.59,coolant_failure,warning
cnc,1.06,53.06,61.86,81.77,2.18,39.23,coolant_failure,warning
cnc,1.68,62.07,68.87,97.4,1.91,43.52,coolant_failure,fault
cnc,3.81,50.53,42.51,76.07,2.15,27.02,spindle_misalignment,warning
cnc,1.82,55.42,70.7,97.28,1.92,45.56,coolant_failure,fault
cnc,1.9,79.29,60.39,90.36,1.93,33.71,cutting_overload,warning
cnc,2.28,65.27,55.41,110,2.22,30.64,chatter,warning
cnc,1.03,59.29,61.72,81.15,2.01,38.81,coolant_failure,warning
cnc,5.39,54.85,53.6,91.15,2.16,30.68,spindle_misalignment,fault
cnc,1.21,46.1,55.9,77.93,1.89,36.24,coolant_failure,warning
cnc,1.98,85.11,63.92,91.38,1.89,31.97,cutting_overload,warning
cnc,1.57,55.27,64.87,89.84,2.02,36.59,coolant_failure,warning
cnc,3.53,59.72,48.38,83.99,1.86,25.42,spindle_misalignment,warning
cnc,1.22,32.87,38.7,58.37,2.02,34.28,coolant_failure,warning
cnc,1.56,83.43,65.61,93.66,1.99,35.52,cutting_overload,warning
cnc,2.33,74.86,68.02,89.52,1.87,35.83,cutting_overload,warning
cnc,1.91,91.16,57.34,73.36,2.13,30.49,cutting_overload,warning
cnc,5.23,57.73,52.79,98,2.21,27.89,spindle_misalignment,fault
cnc,2.29,47.13,51.74,98.71,1.84,25.6,chatter,warning
cnc,1.76,37.04,37.97,72.32,2.1,27.75,chatter,running
cnc,3.49,52.36,55.31,83.17,2.2,28.06,spindle_misalignment,warning
cnc,4.03,62.71,47.41,85.67,2.2,30.95,spindle_misalignment,warning
cnc,2.42,94.05,64.33,90.46,1.94,36.96,cutting_overload,warning
cnc,2.31,25.4,25.32,55,2.06,28.35,spindle_misalignment,warning
cnc,1.51,43.32,34.38,71.43,1.95,26.99,cutting_overload,running
cnc,2.09,45.46,43.95,98.82,2.13,29.76,chatter,warning
cnc,1,28.54,23.9,55,2.02,29.66,chatter,running
cnc,1.64,92.32,69.29,83.1,2.1,34.23,cutting_overload,warning
cnc,3.09,45.75,44.53,88.82,1.82,29.72,chatter,warning
cnc,3.05,52.45,49.62,98.09,1.85,30.82,chatter,warning
cnc,1.2,41.55,49.47,72.56,2.17,39.34,coolant_failure,warning
cnc,4.47,49.95,57.55,80.86,2.14,28.01,spindle_misalignment,warning
cnc,1.73,29.56,21.68,55,2,28.31,spindle_misalignment,running
cnc,1.13,61.9,53.75,71.53,1.87,31.88,cutting_overload,running
cnc,4.19,45.26,46.02,76.24,2.09,28.63,spindle_misalignment,warning
cnc,1.93,78.24,58.41,74.45,1.89,31.35,cutting_overload,warning
cnc,0.95,23.95,26.47,55,1.89,34.35,coolant_failure,warning
cnc,4.17,56.5,48.41,81.16,1.83,27.86,chatter,warning
cnc,0.73,35.59,30.11,55,1.9,33.25,cutting_overload,running
cnc,5.1,57.08,51.98,91.88,2.21,29.99,spindle_misalignment,fault
cnc,1.59,51.95,60.73,77.03,2.09,39.59,coolant_failure,warning
cnc,1.61,89.14,74.44,95.94,2.04,34.59,cutting_overload,fault
cnc,2.52,42.12,37.71,57.1,2,27.37,spindle_misalignment,warning
cnc,1.54,77.02,66.13,78.41,2.01,33.47,cutting_overload,warning
cnc,1.56,55.51,69.91,89.88,1.98,40.59,coolant_failure,fault
cnc,2.7,52.79,55.79,110,2.13,29.65,chatter,warning
cnc,2.28,103.05,63.6,90.03,2.19,32.24,cutting_overload,warning
cnc,2.09,65.37,52.91,73.15,1.84,34.38,cutting_overload,warning
cnc,1.49,31.54,28.76,62.73,2.03,27.86,chatter,running
cnc,3.27,52.44,50.72,86.31,2.11,26.39,spindle_misalignment,warning
cnc,2.5,88.86,68.61,88.45,2.24,31.15,cutting_overload,warning
cnc,1.14,50.55,66.56,89,2.11,40.53,coolant_failure,fault
cnc,1.86,45.53,47.29,100.52,2.01,28.79,chatter,warning
cnc,2.7,48.89,46.61,94.94,2.24,27.69,chatter,warning
cnc,1.37,80.83,68.07,83.89,2.1,31.7,cutting_overload,warning
cnc,1.06,49.41,49.31,80.08,1.98,41.12,coolant_failure,fault
cnc,0.63,33.17,34.99,55,2.05,44.85,coolant_failure,fault
cnc,0.99,31.9,38.39,55.8,1.93,35.76,coolant_failure,warning
cnc,1.63,33.67,26.89,57.33,2.19,26.08,chatter,running
cnc,2.51,31.21,31.98,55,2.16,26.84,spindle_misalignment,warning
cnc,2.66,44.14,42.72,83.64,1.8,27.3,chatter,warning
cnc,4.09,60.42,60.66,99.97,2.19,31.13,spindle_misalignment,warning
cnc,2.83,44.09,42.74,82.47,1.85,25.39,chatter,warning
cnc,3.68,55.53,57.03,83.01,2.22,27.32,spindle_misalignment,warning
cnc,4.96,56.78,54.85,87.73,2.2,26.88,spindle_misalignment,fault
cnc,2.4,56.5,43.86,91.73,1.91,28.97,chatter,warning
cnc,1.88,91.42,75.98,98.92,2.1,33.68,cutting_overload,fault
cnc,1.72,31.27,33.72,72.87,1.99,28.88,chatter,running
cnc,1.06,22.67,23.12,55,2.11,27.32,none,running
cnc,1.78,72.72,64.85,85.51,2.1,32.36,cutting_overload,warning
cnc,1.41,62.21,61.75,92.22,2.07,46.17,coolant_failure,fault
cnc,2.85,58.04,47.51,93.48,2.23,29.02,chatter,warning
cnc,3.29,52.66,53.4,108.87,1.98,25.99,chatter,warning
cnc,0.65,32.25,35.85,55,2.11,41.03,coolant_failure,fault
cnc,4.89,68.96,50.39,91.3,1.82,31.7,spindle_misalignment,fault
cnc,2.66,67.26,58.52,100.92,1.86,26.41,chatter,warning
cnc,1.72,72.73,64.41,94.92,1.91,34.57,cutting_overload,warning
cnc,0.39,22.68,30.37,55,1.92,34.89,coolant_failure,warning
cnc,2.29,94.69,72.56,92.51,1.92,34.03,cutting_overload,fault
cnc,2.41,59.47,52.6,101.32,1.99,25.13,chatter,warning
cnc,2.14,36.86,33.92,58.14,2.1,25.34,spindle_misalignment,warning
cnc,3.31,65.74,60.97,109.66,1.87,30.91,chatter,warning
cnc,4.12,61.48,61.32,83.51,1.99,30.54,spindle_misalignment,warning
cnc,2.55,34.66,31.25,55,2.14,29.72,spindle_misalignment,warning
cnc,2.32,90.82,72.33,98.57,1.96,34.55,cutting_overload,fault
cnc,1.35,84.64,60.95,74.03,1.98,35.46,cutting_overload,warning
cnc,1.47,23.58,25.21,55,2.04,27.36,chatter,running
cnc,2.23,32.01,33.21,67.42,1.95,26.24,chatter,warning
cnc,1.26,72.27,54.75,74.33,1.94,32.27,cutting_overload,running
cnc,1.33,74.74,54.61,86.86,2.04,32.83,cutting_overload,running
cnc,3.99,57,43.1,80.06,2.26,28.92,spindle_misalignment,warning
cnc,1.79,40.74,47.5,94.92,2.12,27.35,chatter,warning
cnc,2.82,54.25,49.19,95.16,2.06,26.55,chatter,warning
cnc,1.54,47.74,57.5,78.47,2.14,40.95,coolant_failure,fault
cnc,1.8,55.95,62.53,91.5,1.87,40.83,coolant_failure,fault
cnc,2.49,35.47,27.59,55,2.05,25.64,spindle_misalignment,warning
cnc,2.9,50.88,51,103.5,1.92,26.61,chatter,warning
cnc,1,35.66,35.85,55,2.18,42.51,coolant_failure,fault
cnc,4.26,64.34,52.39,87.61,2.33,29.57,spindle_misalignment,warning
cnc,3.29,60.26,54.45,87.49,1.89,29.56,spindle_misalignment,warning
cnc,2.86,47.26,46.85,73.31,1.96,27.28,spindle_misalignment,warning
cnc,1.34,29.19,22.23,55,2.14,28.83,spindle_misalignment,running
cnc,1.7,87.01,79.64,97.64,1.8,34.11,cutting_overload,fault
cnc,2.12,49.18,58.07,107.9,2.03,27.39,chatter,warning
cnc,1.4,48.81,48.72,69.88,2.05,40.94,coolant_failure,fault
cnc,3.35,62.14,50.74,110,2.1,26.73,chatter,warning
cnc,4.02,59.59,52.57,78.27,2.01,30.42,spindle_misalignment,warning
cnc,1.91,42.07,42.77,82.22,2.02,29.52,chatter,running
cnc,2.23,54.25,51.86,98.48,2.02,30.94,chatter,warning
cnc,4.31,58.73,58.72,92.81,2,26.62,spindle_misalignment,warning
cnc,2.36,87.21,76.32,93.89,1.97,35.27,cutting_overload,fault
cnc,2.93,46.14,44.67,97.24,2.15,25.46,chatter,warning
cnc,2.11,98.79,75.69,102.34,2.16,36.72,cutting_overload,fault
cnc,1.61,56.33,62.43,96.99,2.22,33.65,coolant_failure,warning
cnc,1.6,99.26,72.5,88.25,1.97,36.12,cutting_overload,fault
cnc,1.23,31.14,24.3,55,1.95,28.39,chatter,running
cnc,1.44,55.41,54.03,76.45,1.92,37.35,coolant_failure,warning
cnc,3.45,61.81,52.23,110,2.06,28.95,chatter,warning
cnc,1.58,80.45,79.5,94.95,2.05,36.47,cutting_overload,fault
cnc,2.45,47.8,48.37,82.6,2,28.56,chatter,warning
cnc,2.89,52.08,44.9,89.01,1.88,28.23,chatter,warning
cnc,3.46,55.75,52,87.45,1.88,28.23,chatter,warning
cnc,4.01,50.72,43.94,75.44,1.86,25.75,spindle_misalignment,warning
cnc,4.95,64.06,54.52,87.74,2.01,25.11,spindle_misalignment,fault
cnc,1.79,57.95,56.84,82.47,1.95,43.08,coolant_failure,fault
cnc,3.3,56.13,51.49,85.1,2.12,31.52,spindle_misalignment,warning
cnc,2.03,58.31,53.29,96.56,2.14,27.7,chatter,warning
cnc,1.43,47.47,52.5,73.76,2.02,36.31,coolant_failure,warning
cnc,4.3,51.48,43.15,81.7,1.92,26.68,spindle_misalignment,warning
cnc,2.54,97.71,68.62,94.58,2.14,34.1,cutting_overload,warning
cnc,2.02,51.06,47.81,98.57,2,27.01,chatter,warning
cnc,1.63,51.46,48.65,80.4,2.1,42.82,coolant_failure,fault
cnc,1.24,54.23,58.64,87.01,1.94,42.2,coolant_failure,fault
cnc,0.94,48.56,45.61,87.49,2.03,26.36,none,running
cnc,1.73,40.7,36.28,72.44,2.04,30.51,chatter,running
cnc,1.19,54.68,63.31,90.48,2.01,44.35,coolant_failure,fault
cnc,0.83,35.57,37.97,55,1.95,43.7,coolant_failure,fault
cnc,4.3,40.82,42.5,69.8,2.09,27.47,spindle_misalignment,warning
cnc,1.98,36.63,36.89,70.77,2.1,28.23,chatter,running
cnc,1.87,56.3,62.97,83.39,2.24,45.45,coolant_failure,fault
cnc,4.75,51.63,56.91,94.69,2.07,25.63,spindle_misalignment,fault
cnc,4.42,68.03,53.61,94.15,2.05,27.13,spindle_misalignment,warning
cnc,4.1,57.89,44.05,76.98,1.98,27.96,spindle_misalignment,warning
cnc,3.33,46.8,49.03,87.2,1.99,28.8,spindle_misalignment,warning
cnc,1.84,30.75,26.12,55,1.94,26.91,spindle_misalignment,running
cnc,4.3,64.7,58.22,87.69,1.99,28.94,spindle_misalignment,warning
cnc,4.2,61.3,65.22,91.77,2.22,27.75,spindle_misalignment,warning