machine_type,vibration_mm_s,spindle_current_percent,spindle_temperature_C,acoustic_dba,lubrication_pressure_bar,coolant_temperature_C,active_failure,status
cnc,0.62,38.56,34.2,68.9,2.13,27.89,none,running
cnc,5.67,78.96,50.65,89.37,2.19,25.66,tool_breakage,fault
cnc,1.39,31.37,34.78,63.95,2.17,27.74,spindle_bearing_failure,running
cnc,0.66,39.99,35.61,70.37,2.25,27.16,none,running
cnc,1.63,52.19,44.29,88.01,2,27.6,tool_wear,running
cnc,0.5,26.68,23.15,55,2.06,27.68,none,running
cnc,0.94,44.92,41.18,78.45,2.11,27.69,none,running
cnc,3.25,50.57,59.26,90.54,2.11,26.39,spindle_bearing_failure,warning
cnc,0.9,47.93,41.12,83.06,2.18,27.07,none,running
cnc,3.37,45.62,52.47,84.53,1.84,26.31,spindle_bearing_failure,warning
cnc,4.79,59.14,74.73,100.08,1.95,26.81,spindle_bearing_failure,fault
cnc,2.42,31.19,36.16,65.22,1.98,25.41,spindle_bearing_failure,warning
cnc,1.66,45.3,44.47,75.11,2.01,26,spindle_bearing_failure,running
cnc,0.76,40.84,38.16,68.46,2.03,26.42,none,running
cnc,0.73,44.08,41.66,82.2,2.07,25.87,none,running
cnc,0.85,41.18,41.3,82.88,2.18,25.75,none,running
cnc,3.53,56.75,60.94,95.42,2.17,27.2,spindle_bearing_failure,warning
cnc,2.63,49.78,56.46,88.88,2.24,27.19,spindle_bearing_failure,warning
cnc,0.73,32.59,31.04,59.39,1.98,26.94,none,running
cnc,2.8,53.5,58.31,90.49,1.92,25.83,spindle_bearing_failure,warning
cnc,0.89,48.22,44.66,86.28,2.17,25.89,none,running
cnc,1.96,41.22,50.44,80.61,1.97,27.29,none,running
cnc,2.72,49.99,58.54,80.94,2.04,27.51,spindle_bearing_failure,warning
cnc,0.89,44.65,41.54,79.69,2.11,26.48,none,running
cnc,0.38,20.24,21.12,55,2.11,26.13,none,running
cnc,0.85,48.2,44.62,83.94,2.14,24.12,none,running
cnc,1.83,28.64,37.23,55,2.15,25.81,spindle_bearing_failure,running
cnc,3.82,54.28,62.96,98.56,2.27,25.84,tool_wear,warning
cnc,1.8,28.93,32.23,57.71,2.01,25.55,spindle_bearing_failure,running
cnc,0.79,41.5,42.37,81.35,2.23,25.9,none,running
cnc,2.55,51.06,54.77,79.61,1.84,27.48,spindle_bearing_failure,warning
cnc,1.65,29.78,32.97,56.61,2.18,25.49,spindle_bearing_failure,running
cnc,2.39,55.25,71.66,98.67,2.18,26.42,spindle_bearing_failure,fault
cnc,3.76,40.75,60.36,96.23,2.02,24.12,spindle_bearing_failure,warning
cnc,0.91,42.85,41.36,81.63,2.16,26.59,none,running
cnc,3.38,44.41,47.7,87.33,2.02,25.19,spindle_bearing_failure,warning
cnc,3.99,40.49,51.66,91.11,2.12,25.42,spindle_bearing_failure,warning
cnc,1.05,26.33,25.57,55,2.4,27.12,spindle_bearing_failure,running
cnc,0.71,40.76,39.53,73.12,2,26.84,none,running
cnc,2.72,56.84,56.93,103.92,1.96,26.23,spindle_bearing_failure,warning
cnc,2.94,50.66,60.41,93.83,2.17,26.99,spindle_bearing_failure,warning
cnc,3.47,47.48,47.67,81.16,1.94,25.57,lubrication_failure,warning
cnc,0.59,37.58,33.76,64.03,1.95,25.83,none,running
cnc,2.3,53.28,61.12,93.47,1.98,25.11,spindle_bearing_failure,warning
cnc,1.21,31.53,29.5,55,1.96,26.42,spindle_bearing_failure,running
cnc,0.94,45.74,41.84,83.63,1.9,26.13,none,running
cnc,0.67,30.11,26.94,55,1.75,26.64,tool_wear,running
cnc,0.67,39.12,41.18,73.22,2.2,25.34,none,running
cnc,1.86,60.49,51.64,95.42,2.08,27.09,tool_wear,warning
cnc,4.88,48.05,69.86,102.36,2.11,26.97,spindle_bearing_failure,fault
cnc,0.81,40.5,38.56,71.37,2.24,27.34,none,running
cnc,1.57,36.55,38.87,63.42,2.14,25.58,spindle_bearing_failure,running
cnc,1.19,44.08,42.27,77.03,1.93,26.12,tool_wear,running
cnc,0.95,44.2,45.94,87.03,2.21,25.89,none,running
cnc,0.93,40.56,42.42,79.63,2.09,26.8,none,running
cnc,0.98,43.65,45.66,81.31,2.03,24.11,none,running
cnc,0.76,42.62,36.7,71.35,1.97,25.15,none,running
cnc,1.11,46.52,38.81,75.18,2.14,26.84,tool_wear,running
cnc,2.11,55.56,54.97,91.78,2.16,25.82,spindle_bearing_failure,warning
cnc,1.28,48,43.28,86.88,1.94,25.5,tool_wear,running
cnc,0.75,34.25,35.18,67.67,2.14,25.82,none,running
cnc,4.2,60.47,65.39,87.35,2.14,25.26,spindle_bearing_failure,warning
cnc,1.89,29.93,37.33,55,2.04,26.01,spindle_bearing_failure,running
cnc,1.12,33.87,31.46,56.38,2.12,25.76,tool_wear,running
cnc,0.42,18.44,20,55,2.11,25.5,none,running
cnc,1.55,48.68,39.88,78.23,2.22,24.45,tool_wear,running
cnc,1.21,55.23,48.2,90.45,2.04,23.67,tool_wear,running
cnc,1.26,60.79,53.16,92.09,1.94,26.76,tool_wear,warning
cnc,2.57,51.31,53.26,89.62,1.02,25.97,lubrication_failure,warning
cnc,1.1,39.61,34.3,58.96,1.9,25.85,tool_wear,running
cnc,1.41,26.31,31.34,55,1.25,26.91,lubrication_failure,running
cnc,1.35,23.39,26.91,55,1.9,26.72,spindle_bearing_failure,running
cnc,1.1,32.7,29.35,58.76,2.24,26.77,tool_wear,running
cnc,0.88,31.35,28.15,55,2.05,24.83,tool_wear,running
cnc,0.61,33.6,26.54,55,2,27.17,tool_wear,running
cnc,1.2,44.41,40.93,72.38,1.95,26.04,tool_wear,running
cnc,0.89,46.43,46.34,85.71,2.26,26.12,none,running
cnc,4.17,47.42,59.88,92.8,2.19,27.12,spindle_bearing_failure,warning
cnc,0.77,33.69,28.05,55,1.96,25.58,tool_wear,running
cnc,2.45,53.88,58.89,87.21,1.89,25.09,spindle_bearing_failure,warning
cnc,1.3,63.84,56.92,94.81,2.24,26.22,tool_wear,warning
cnc,0.7,27.08,23.49,55,2.01,26.12,tool_wear,running
cnc,1.63,48.93,59.57,82.87,1.2,25.49,lubrication_failure,warning
cnc,3.64,48.43,50.7,79.1,1.94,27.01,spindle_bearing_failure,warning
cnc,1.72,54.92,49.86,89.15,1.89,24.55,tool_wear,running
cnc,0.79,31.17,24.95,55,1.74,27.3,tool_wear,running
cnc,1.5,53.21,47.83,88.3,1.89,25.89,tool_wear,running
cnc,0.67,33.71,37.54,67.72,2.03,25.63,none,running
cnc,1.46,69.23,51.07,100.62,2.12,27.38,tool_wear,warning
cnc,0.7,37.4,39.38,67.48,2.13,24.9,none,running
cnc,1.71,68.36,54.42,89.79,1.99,26.16,tool_wear,running
cnc,2.33,53.23,54.11,96.18,2.13,27.17,spindle_bearing_failure,warning
cnc,3.07,52.81,59.35,83.59,0.67,25.92,lubrication_failure,fault
cnc,1.35,52.38,41.52,72.54,1.87,24.99,tool_wear,running
cnc,2.57,44.36,55.89,91.02,2.32,24.95,spindle_bearing_failure,warning
cnc,3.02,59.35,53.17,87.14,1.22,26.48,lubrication_failure,warning
cnc,1.14,55.81,38.72,75.42,2.25,27.04,tool_wear,running
cnc,1.01,47.5,46.19,92.28,2.23,25.07,none,warning
cnc,1.32,54.05,54.38,95.94,2.21,26.41,tool_wear,warning
cnc,1.91,55.44,49.24,85.71,2.22,25.96,tool_wear,running
cnc,0.87,41.31,43.66,84.34,2.07,26.06,none,running
cnc,2.94,40.5,56.31,82.61,2.08,25.72,spindle_bearing_failure,warning
cnc,0.74,34.37,36.77,67,2.34,25.89,none,running
cnc,0.78,44.71,43.01,77.77,2.2,26.85,none,running
cnc,1.57,61.58,47.85,94.94,2.24,25.93,tool_wear,warning
cnc,0.98,47.75,44.98,86.26,2.13,26.15,none,running
cnc,1.28,54.62,39.57,79.95,1.91,27.46,tool_wear,running
cnc,0.92,39.28,40.61,76.24,1.97,26.57,none,running
cnc,1.27,66.69,48.34,91.71,2.08,25.4,tool_wear,running
cnc,1.8,51.4,52.43,85.61,0.59,24.86,lubrication_failure,fault
cnc,1.48,61.17,53.88,96.08,1.9,27.49,tool_wear,warning
cnc,3.67,45.41,57.11,89.94,1.95,26,spindle_bearing_failure,warning
cnc,0.97,44.69,32.84,64.2,2.24,25.1,tool_wear,running
cnc,1.89,36.77,42.38,58.9,0.83,25.26,lubrication_failure,warning
cnc,1.48,34.92,37.71,58.27,0.77,24.14,lubrication_failure,fault
cnc,0.58,24.51,20.86,55,2.05,26.27,tool_wear,running
cnc,1.23,48.28,43.97,77.22,1.9,25.26,tool_wear,running
cnc,1.8,27.68,30.81,55,0.64,25.85,lubrication_failure,fault
cnc,2.51,49.18,64.97,87.98,2.1,26.47,spindle_bearing_failure,warning
cnc,0.84,38.86,35.66,67.53,2.17,27.17,none,running
cnc,0.7,38.47,37.51,79.36,2.11,25.56,none,running
cnc,1.22,43.84,44.3,78.61,2.14,24.15,tool_wear,running
cnc,1.22,21.14,26.7,55,2.17,25.59,spindle_bearing_failure,running
cnc,3.23,42.62,53.96,81.46,1.98,24.43,spindle_bearing_failure,warning
cnc,4.34,64.84,63.45,103.23,2.05,25.35,spindle_bearing_failure,warning
cnc,2.04,61.42,60.76,95.06,1.29,27.2,lubrication_failure,warning
cnc,3.06,53.49,69.77,90.08,1.99,26.51,spindle_bearing_failure,warning
cnc,3.27,45.87,60.16,84.29,0.66,25.34,tool_breakage,fault
cnc,3.39,40.08,61.47,75.92,0.88,26.49,lubrication_failure,warning
cnc,3.67,47.28,64.31,85.96,1.11,27.13,lubrication_failure,warning
cnc,3.02,56.21,59.81,82.65,2.37,25.86,spindle_bearing_failure,warning
cnc,1.74,52.06,48.22,89.16,2.11,26.96,tool_wear,running
cnc,3.23,48.34,46.94,78.66,2.14,28.03,spindle_bearing_failure,warning
cnc,0.74,47.75,42.66,84.17,2.22,25.05,none,running
cnc,1.71,33.2,38.3,56.02,0.85,25.25,lubrication_failure,warning
cnc,0.65,36.22,34.31,69.2,2.08,27.66,none,running
cnc,2.68,35.2,41.76,57.56,1.97,24.6,spindle_bearing_failure,warning
cnc,2.35,52.95,57.98,91.4,2.04,25.01,spindle_bearing_failure,warning
cnc,0.77,34.8,37.38,67.29,2.1,26.66,none,running
cnc,0.88,45.03,41.4,76.46,2.19,27.7,none,running
cnc,2.79,41.02,61.88,80.78,0.89,26.13,lubrication_failure,warning
cnc,1.91,36.7,56.83,78.13,2.13,26.15,spindle_bearing_failure,running
cnc,0.98,34.58,32.97,59.92,2.04,25.11,tool_wear,running
cnc,1.63,58.46,56.01,87.95,1.95,26.32,tool_wear,running
cnc,0.6,31.09,28.36,55,2.23,25.87,none,running
cnc,1.49,59.49,48.46,88.61,2.32,26.84,tool_wear,running
cnc,4.47,53.5,66.41,98.87,2.21,25.01,spindle_bearing_failure,warning
cnc,1.7,36.78,30.19,59.78,0.64,26.16,lubrication_failure,fault
cnc,1.06,52.31,39.56,80.22,2.01,25.88,tool_wear,running
cnc,0.65,40.15,35.27,65.99,1.99,24.63,none,running
cnc,0.7,40.43,36.82,69.11,2.05,25.78,none,running
cnc,1.2,63.92,47.53,91.91,2,25.52,tool_wear,running
cnc,2.16,59.12,56.88,81.89,2.11,24.63,spindle_bearing_failure,warning
cnc,1.26,39.36,33.28,60.28,1.98,24.26,tool_wear,running
cnc,1.17,51.7,46.05,94.15,2.35,25.35,tool_wear,warning
cnc,3.15,40.99,52.47,77.13,1.84,24.55,spindle_bearing_failure,warning
cnc,0.65,28.17,22.16,55,1.9,26.96,tool_wear,running
cnc,0.76,38.22,34.57,67.74,2.02,25.72,none,running
cnc,2.58,57.04,55.01,98.1,1.09,24.59,spindle_bearing_failure,warning
cnc,1.15,54.38,42.37,76.35,2.25,27.23,tool_wear,running
cnc,2.48,49.1,48.53,81.34,0.93,27.01,lubrication_failure,warning
cnc,1.02,48.46,45.83,86.47,2.07,26.17,tool_wear,running
cnc,1.74,40.43,53.63,74.92,1.12,25.53,lubrication_failure,warning
cnc,3.41,43.19,63.16,84.01,0.7,27.45,lubrication_failure,fault
cnc,0.54,21.81,23.12,55,2.25,26.12,none,running
cnc,1.71,31.17,33.08,55,0.86,26.06,lubrication_failure,warning
cnc,3.45,59.44,67.95,85.06,2.2,26.99,spindle_bearing_failure,warning
cnc,2.85,47,67.11,90.3,2.05,24.79,spindle_bearing_failure,warning
cnc,1.02,43.58,43.41,82.96,2.02,26.29,none,running
cnc,2.45,48.19,52.35,80.72,0.78,26.01,lubrication_failure,fault
cnc,3.67,50.8,53.29,95.44,0.82,24.99,lubrication_failure,warning
cnc,0.43,23.71,26.67,55,2.24,24.47,none,running
cnc,1.31,45.76,48.78,86.63,1.95,27.54,tool_wear,running
cnc,0.73,39.65,39.24,70.24,2.2,25.69,none,running
cnc,3.3,49.22,53.07,78.95,1.93,25.68,spindle_bearing_failure,warning
cnc,1.5,54.17,43.21,83,2.02,25.99,tool_wear,running
cnc,2.9,62.71,58.77,104.37,2.1,26.87,spindle_bearing_failure,warning
cnc,2.59,40.14,65.4,86.78,0.99,25.85,lubrication_failure,warning
cnc,0.61,35.79,36.34,72.89,2.1,25.8,none,running
cnc,2.58,46.85,55.82,87.69,1,25.6,lubrication_failure,warning
cnc,1.17,50.93,46.12,87.31,2.25,25.48,tool_wear,running
cnc,1.77,48.11,55.25,87.3,0.85,27.35,lubrication_failure,warning
cnc,0.49,29.51,26.65,55,2.17,23.9,none,running
cnc,4.15,53.32,60.23,104.81,1.92,24.81,tool_breakage,warning
cnc,0.48,23.41,26.03,55,2.16,24.93,none,running
cnc,0.48,24.66,21.51,55,2.11,25.83,none,running
cnc,3.65,56.84,70.23,102.79,2.12,24.68,spindle_bearing_failure,fault
cnc,2.98,46.68,58,84.97,1.86,25.67,spindle_bearing_failure,warning
cnc,1.04,53.04,43.85,87.56,1.98,27.22,tool_wear,running
cnc,0.76,48.4,43.47,86.46,2.06,25.77,none,running
cnc,1.09,47.24,49.39,81.87,2.09,24.79,tool_wear,running
cnc,3.79,49.26,66.02,90.91,1.94,25.89,spindle_bearing_failure,warning
cnc,0.61,30.86,23.1,55,2.12,24.7,tool_wear,running
cnc,3.99,50.44,62.71,88.49,2.1,24.6,spindle_bearing_failure,warning
cnc,1.14,55.23,38.17,75.71,2.18,27.32,tool_wear,running
cnc,3.83,40.37,44.98,81.4,1.89,25.83,spindle_bearing_failure,warning
cnc,0.93,44.03,41.44,81.95,2.13,25.69,none,running
cnc,0.87,39.77,42.98,72.38,1.95,27.48,none,running
cnc,2.81,40.44,50.45,85.31,1.04,25.28,lubrication_failure,warning
cnc,0.88,45.48,42.88,86.28,1.97,26.91,none,running
cnc,0.67,38.26,35.48,68.91,2.1,26.59,none,running
cnc,1.21,56.65,39.17,78.55,2.2,27.58,tool_wear,running
cnc,1.17,21.94,28.93,55,1.05,26.25,lubrication_failure,warning
cnc,2.64,54.77,51.76,82.59,1.97,26.54,spindle_bearing_failure,warning
cnc,1.46,30.71,42.67,62.63,0.8,27.27,lubrication_failure,warning
cnc,1.32,46.86,42.44,79.73,1.9,26.1,tool_wear,running
cnc,3.97,51.72,48.32,80.85,1.95,26.7,spindle_bearing_failure,warning
cnc,3.55,59.75,59.97,91.29,0.92,25.96,lubrication_failure,warning
cnc,3.41,57,64.74,91.3,1.28,25.51,lubrication_failure,warning
cnc,1.88,44.59,51.63,80.46,1.27,26.52,lubrication_failure,running
cnc,1.77,52.37,61.44,83.96,0.91,26.16,lubrication_failure,warning
cnc,3.78,55.58,60.42,108.65,1.1,25.69,lubrication_failure,warning
cnc,1.42,39.39,54.34,79.88,1.05,26.05,lubrication_failure,warning
cnc,0.71,30.04,23.51,55,2.09,24.2,tool_wear,running
cnc,0.87,38.45,37.5,80.72,2.03,26.48,none,running
cnc,0.65,42.05,44.21,83.94,2.01,27.18,none,running
cnc,3.33,51.61,69.88,91.42,1.29,25.94,lubrication_failure,warning
cnc,2.49,29.89,36.94,55,2.23,27.51,spindle_bearing_failure,warning
cnc,1.23,62.65,50.35,89.26,2.2,26.94,tool_wear,running
cnc,1.39,55.27,53.08,91.02,1.91,26.63,tool_wear,running
cnc,1.28,56.22,48.59,94.84,2.17,24.83,tool_wear,warning
cnc,0.79,51.28,44.27,83.74,2.17,26.26,none,running
cnc,2.14,44.91,50.32,78.24,2.03,24.89,spindle_bearing_failure,warning
cnc,1.27,66.06,51.05,91.56,2.33,24.14,tool_wear,running
cnc,2.92,43.48,56.98,80.38,0.85,26.34,tool_wear,warning
cnc,1.19,53.73,49.74,86.09,2.03,25.21,tool_wear,running
cnc,3.36,61.56,54.92,99.73,1.99,26.23,spindle_bearing_failure,warning
cnc,1.87,28.37,27.43,55,0.61,25.86,lubrication_failure,fault
cnc,0.75,41.58,40.49,80.75,2.05,25.99,none,running
cnc,2.73,48.06,64.57,85.11,2.28,27.31,spindle_bearing_failure,warning
cnc,0.9,45.24,41.57,80.95,2.17,27.25,none,running
cnc,0.94,43.48,41.87,82.95,2.09,25.56,none,running
cnc,2.53,45.26,57.14,84.54,2.01,25.44,spindle_bearing_failure,warning
cnc,1.44,39.7,39.44,61.25,2,27.3,spindle_bearing_failure,running
cnc,1.51,41.03,40.59,61.62,2.18,24.55,spindle_bearing_failure,running
cnc,1.79,56.45,49.21,88.94,1.96,24.7,tool_wear,running
cnc,3.87,46.59,56.42,79.36,2.12,24.45,spindle_bearing_failure,warning
cnc,0.88,47.02,45.63,82.65,2.04,24.73,none,running
cnc,1.44,58.83,46.98,83.35,2.09,26.24,tool_wear,running
cnc,1.02,36.93,29.18,55.04,1.79,25.51,tool_wear,running
cnc,2.32,26.53,31.02,55,2.18,27.34,spindle_bearing_failure,warning
cnc,2.56,39.87,58,72.6,0.76,27.24,lubrication_failure,fault
cnc,2.2,54.47,72.15,99.84,2.28,26.17,spindle_bearing_failure,fault
cnc,1.37,50.81,37.71,74.47,1.82,25.41,tool_wear,running
cnc,0.63,31.81,22.65,55,2.14,26.72,tool_wear,running
cnc,3.68,64.32,71.29,89.8,2.24,27.65,spindle_bearing_failure,fault
cnc,2.93,62.55,65.2,90.85,1.29,27.18,lubrication_failure,warning
cnc,1,44.28,43.77,74.66,2.15,25.81,tool_wear,running
cnc,1.08,46.23,44.6,77.05,2.12,26.48,tool_wear,running
cnc,1.37,57.55,56.24,89.62,2.1,26.19,tool_wear,running
cnc,2.46,47.05,48.65,71.59,0.73,26.07,lubrication_failure,fault
cnc,1.7,37.57,33.87,58.65,0.58,26.6,lubrication_failure,fault
cnc,1.72,50.99,52.02,82.74,0.71,25.89,lubrication_failure,fault
cnc,1.66,60.53,50.22,85.77,2.12,26.7,tool_wear,running
cnc,4.17,51.99,67.54,88.35,2.15,26.98,spindle_bearing_failure,warning
cnc,1.54,47.16,45.59,85.7,2.11,26.71,tool_wear,running
cnc,1.06,53.63,51.2,82.38,2.13,26.23,tool_wear,running
cnc,1.59,42.11,49.07,88.96,0.99,26.44,lubrication_failure,warning
cnc,0.84,49.79,46.32,85.34,1.92,25.82,none,running
cnc,4.41,51.18,57.14,96.9,1.89,27.82,spindle_bearing_failure,warning
cnc,1.54,26.81,26.32,55,1.09,27.71,lubrication_failure,warning
cnc,3.54,49.86,47.49,76.94,1.07,26.97,lubrication_failure,warning
cnc,1.22,54.85,55.11,97.3,1.97,25.41,tool_wear,warning
cnc,3.29,50.49,64.32,95.61,1.1,26.82,lubrication_failure,warning
cnc,0.85,30.04,28.59,55,2.31,26.01,tool_wear,running
cnc,0.76,40.31,38.18,77.86,2.09,25.86,none,running
cnc,0.67,44.04,37.03,71.78,1.89,27.12,none,running
cnc,1.32,65.93,46,92.33,1.83,26.81,tool_wear,warning
cnc,1.26,61.11,51.37,89.11,2.09,26.21,tool_wear,running
cnc,1.45,58.23,49.92,97.43,2.14,25.84,tool_wear,warning
cnc,2.6,57.09,67.35,84.57,1.26,24.85,lubrication_failure,warning
cnc,2.77,52.42,46.38,75.7,1.1,25.95,lubrication_failure,warning
cnc,1.69,43.12,50.86,75.14,0.94,25.18,lubrication_failure,warning
cnc,3.61,50.94,62.21,79.91,0.75,24.2,lubrication_failure,fault
cnc,3.43,53.38,62.16,98.67,0.9,26.53,lubrication_failure,warning
cnc,1.67,49.32,57,85.05,1.24,27.31,lubrication_failure,running
cnc,1.48,30.08,34.67,55,0.98,26.54,lubrication_failure,warning
cnc,1.05,34.77,31.55,55,1.03,24.88,lubrication_failure,warning
cnc,1.31,50.19,53.58,90.89,2.14,24.76,tool_wear,running
cnc,3.41,52.17,47.14,80.34,2.03,26.32,spindle_bearing_failure,warning
cnc,2.96,46.82,57.23,97.97,2.01,24.75,spindle_bearing_failure,warning
cnc,2.15,48.78,51.74,87.62,1.2,26.86,lubrication_failure,warning
cnc,3.73,62.52,70.34,89.71,1.2,25.83,lubrication_failure,fault
cnc,3.43,60.12,56.2,105.28,1.09,25.8,lubrication_failure,warning
cnc,0.92,44.89,46.27,90.97,1.95,27.14,none,running
cnc,1.49,52.62,50.52,81.6,2.1,26.13,tool_wear,running
cnc,1.05,51.62,43.35,77.54,1.87,25.84,tool_wear,running
cnc,0.84,36.16,28.77,55,2.07,26.17,tool_wear,running
cnc,1.02,50.93,46.6,81.2,2.23,26.14,tool_wear,running
cnc,1.69,54.1,51.9,93.38,2.25,25.24,tool_wear,warning
cnc,0.97,27.94,26.81,55,1.94,26.61,tool_wear,running
cnc,1.52,53.12,49.14,94.29,2.25,26.52,tool_wear,warning
cnc,0.98,35.54,31.42,55,2.18,26.29,tool_wear,running
cnc,2.28,40.34,58.25,76.16,1.23,25.57,lubrication_failure,warning
cnc,0.69,39.74,42.35,78.23,2.23,26.38,none,running
cnc,2,40.12,49.57,72.21,0.9,24.92,lubrication_failure,warning
cnc,0.77,45.63,43.41,84.76,2.18,26.68,none,running
cnc,1.9,63.41,55.09,88.71,2.18,26.63,tool_wear,running
cnc,2.26,40.33,63.77,84.97,1.34,25.14,lubrication_failure,warning
cnc,1.56,47.73,41.89,86.27,1.92,26.7,tool_wear,running
cnc,2.78,55.35,65.8,91.87,0.64,25.47,lubrication_failure,fault
cnc,0.75,42.47,40.29,77.07,2.15,23.99,none,running
cnc,1.78,30.68,33,55,1.96,26.8,spindle_bearing_failure,running
cnc,2.21,32.68,40.78,59.8,0.75,27.56,lubrication_failure,fault
cnc,1.33,58.34,48.26,83.12,2.2,25.3,tool_wear,running
cnc,1.55,63.81,53.45,95.38,2.15,25.11,tool_wear,warning
cnc,1.97,48.28,61.56,81.87,2.07,26.57,spindle_bearing_failure,warning
cnc,2.63,46.59,68.82,89.95,0.79,26.77,lubrication_failure,fault
cnc,1.39,43.52,42.34,72.44,1.94,26.42,tool_wear,running
cnc,0.8,36.25,39.94,69.49,2,25.46,none,running
cnc,0.69,36.84,35.63,67.04,2.04,25.14,none,running
cnc,1.28,54.55,47.76,93.43,1.83,24.46,tool_wear,warning
cnc,0.94,42.01,32.85,60.48,1.87,24.64,tool_wear,running
cnc,0.75,25.48,23.37,55,2.18,26.51,tool_wear,running
cnc,0.89,48.12,47.03,84.33,2.06,24.69,none,running
cnc,2.63,43.49,61.62,84.32,2.28,26.83,spindle_bearing_failure,warning
cnc,2.91,56.7,50.77,86.77,2,27.08,spindle_bearing_failure,warning
cnc,0.73,45.02,39.32,75.99,1.96,28.13,none,running
cnc,0.72,36.61,33.51,69.03,2.18,26.5,none,running
cnc,0.78,45.63,43.19,78.07,1.95,25.03,none,running
cnc,1.58,61.94,52.55,98.28,2.11,25.27,tool_wear,warning
cnc,1.06,47.16,40.1,71.8,1.85,27.4,tool_wear,running
cnc,1.21,51.44,50.87,86.82,2.02,26.38,tool_wear,running
cnc,2.39,43.22,54.2,72.71,0.79,25.99,lubrication_failure,fault
cnc,1.67,41.53,54.4,76.02,0.99,26.66,lubrication_failure,warning
cnc,3.09,52.71,77.05,102.46,2.16,25.45,spindle_bearing_failure,fault
cnc,1.46,52.54,40.59,72.3,2.1,24.89,tool_wear,running
cnc,1.67,59.6,45.09,85,1.91,24.76,lubrication_failure,running
cnc,0.75,35.41,37.4,75.44,1.99,27.01,none,running
cnc,0.76,40.45,39.29,75.83,1.96,25.64,none,running
cnc,1.13,66.42,51.33,99.53,2.34,26.33,tool_wear,warning
cnc,0.9,43.58,41.88,83.23,2.03,26.58,none,running
cnc,1.5,57.66,50,92.09,1.99,26.05,tool_wear,warning
cnc,0.93,44.66,44.19,84.07,1.96,25.91,none,running
cnc,0.37,18.56,20,55,2.09,25.59,none,running
cnc,2.1,34.05,35.69,55.47,1.29,25.84,lubrication_failure,warning
cnc,0.57,21.79,24.13,55,2.04,25.97,tool_breakage,running
cnc,0.85,35.94,30.99,56.56,2.26,25.89,tool_wear,running
cnc,0.57,36.01,35.64,71.33,2.21,26.11,none,running
cnc,3.17,37.36,46.39,74.27,0.91,26.02,lubrication_failure,warning
cnc,4.41,52.93,60.2,96.64,2.12,26.16,spindle_bearing_failure,warning
cnc,1.24,66.76,47.16,92.85,2,26.4,tool_wear,warning
cnc,2.57,43,59.58,75.92,1.41,26.75,lubrication_failure,warning
cnc,1.34,37.28,41.88,61.71,1.08,26.9,lubrication_failure,warning
cnc,1.13,48.58,42.19,78.14,2.23,25.78,tool_wear,running
cnc,1.32,30.2,37.03,55,0.94,27.67,lubrication_failure,warning
cnc,1.98,36.18,58.4,74.28,0.79,27.34,lubrication_failure,fault
cnc,0.76,43.5,43.15,79.71,2.13,26.87,none,running
cnc,0.85,33.39,36.13,70.7,2.13,25.48,none,running
cnc,1.68,48.93,53.55,80.55,1.96,25.25,spindle_bearing_failure,running
cnc,1.02,27.05,29.96,55,1.16,26.1,lubrication_failure,warning
cnc,1.45,66.2,55.15,104.17,2.22,27.01,tool_wear,warning
cnc,1.6,62.95,47.84,86.68,2.04,25.07,tool_wear,running
cnc,2.57,33.52,35.37,57.51,0.66,26.56,lubrication_failure,fault
cnc,0.94,39.61,32.05,59.74,2.08,27.1,tool_wear,running
cnc,0.88,42.55,41.27,75.8,2.19,24.61,none,running
cnc,1.12,30.18,40.61,55.69,0.84,27.35,lubrication_failure,warning
cnc,0.86,45.47,42.02,77.63,2.09,27.42,none,running
cnc,1.2,51.86,41.45,71.81,1.99,25.44,tool_wear,running
cnc,2.11,57.58,60.03,99.66,0.8,25.95,lubrication_failure,warning
cnc,0.68,42.89,38.13,71.83,2.15,26.26,none,running
cnc,3.89,62.37,66.81,100.51,2.28,25.36,spindle_bearing_failure,warning
cnc,1.4,48.08,44.61,82.91,2,25.88,tool_wear,running
cnc,0.61,27.93,25.14,55,1.95,25.71,tool_wear,running
cnc,3.23,48.68,58.75,86.66,0.66,24.53,lubrication_failure,fault
cnc,0.45,20.34,21.8,55,1.96,27.79,none,running
cnc,2.88,42.62,44.77,76.55,1.97,25.23,spindle_bearing_failure,warning
cnc,2.94,43.03,48.38,84.25,1.11,26.02,lubrication_failure,warning
cnc,1.23,53.97,46.88,77.46,2.09,24.81,tool_wear,running
cnc,2.64,48.55,52.5,88.1,1.2,27.62,lubrication_failure,warning
cnc,3.06,49.06,52.7,84.52,1.99,26.62,spindle_bearing_failure,warning
cnc,1.39,59.63,49.75,93.41,2.08,26.04,tool_wear,warning
cnc,0.9,46.19,42.27,84.36,2.03,26.61,none,running
cnc,0.66,28.48,22.68,55,2.2,27.09,tool_wear,running
cnc,6.36,70.63,43.89,91.77,2.18,25.27,tool_breakage,fault
cnc,3.48,45.66,52.76,92.19,1.21,26.02,lubrication_failure,warning
cnc,6.75,94.52,49.41,99.39,2.34,25.27,tool_breakage,fault
cnc,0.7,37.91,36.4,68.5,1.94,25.94,none,running
cnc,1.53,20.25,28.36,55,1.95,25.4,spindle_bearing_failure,running
cnc,0.81,40.7,44.05,80.18,2.08,24.97,none,running
cnc,3.04,44.2,26.11,55,1.96,26.85,tool_breakage,warning
cnc,6.48,76.58,55.07,94.2,2.31,25.01,tool_breakage,fault
cnc,5.81,83.24,47.61,96.41,2.03,24.77,tool_breakage,fault
cnc,1.37,55.18,53.61,90.05,1.88,27.06,tool_wear,running
cnc,1.97,60.35,57.17,95.16,0.89,25.97,lubrication_failure,warning
cnc,2.49,48.95,45.8,81.91,1.92,26.03,spindle_bearing_failure,warning
cnc,3.12,45.16,56.3,87.33,1.87,26.39,spindle_bearing_failure,warning
cnc,2.25,40.8,48.76,63.97,1.33,27.04,lubrication_failure,warning
cnc,1.5,40.93,49.31,76.54,0.63,25.46,lubrication_failure,fault
cnc,4.77,62.16,71.35,95.89,2.14,24.5,spindle_bearing_failure,fault
cnc,1.4,40.97,55.96,76.12,0.9,24.82,lubrication_failure,warning
cnc,0.64,39.27,39.63,77.51,2.15,26.54,none,running
cnc,2.6,49.76,47.95,78.83,0.78,27.01,lubrication_failure,fault
cnc,0.98,47.5,47.66,84.74,2.23,25.89,none,running
cnc,1.67,67.47,52.7,90.3,2.18,26.58,tool_wear,running
cnc,2.21,41.37,57.38,81.9,2.22,26.31,spindle_bearing_failure,warning
cnc,1.08,40.66,30.47,56.89,1.88,26.35,tool_wear,running
cnc,0.72,39.41,39.76,68.76,2.01,26.51,none,running
cnc,1.19,43.37,44.77,77.24,2.03,25.55,tool_wear,running
cnc,3.71,57.23,58.19,86.04,1.23,24.73,lubrication_failure,warning
cnc,2.64,62.79,78.66,92.53,0.74,26.1,lubrication_failure,fault
cnc,1.32,31.9,37.02,55.12,1.2,26.63,tool_wear,running
cnc,4.13,59.94,45.86,80.23,2.14,27.01,tool_breakage,warning
cnc,0.42,25.16,22.99,55,2.08,26.19,none,running
cnc,3.03,50.36,30.4,58.21,2.09,25.64,tool_breakage,warning
cnc,1.52,55.13,62.2,87.81,0.88,26.9,lubrication_failure,warning
cnc,2.54,46.74,46.33,76.77,1.19,27.52,lubrication_failure,warning
cnc,1.44,61.28,47.36,85.09,1.95,25.17,tool_wear,running
cnc,0.81,41.41,41.65,77.61,2.12,27.48,none,running
cnc,2.1,23.68,28.45,55,1.94,26.38,spindle_bearing_failure,warning
cnc,1.39,44.13,42.37,74.12,2.15,25.58,tool_wear,running
cnc,1.16,32.01,31.85,55,1.93,27.35,spindle_bearing_failure,running
cnc,1.68,62.71,50.74,92.25,2.15,26.26,none,warning
cnc,3.29,43.38,48.77,80.16,2.09,27.39,spindle_bearing_failure,warning
cnc,2.08,62.84,72.69,97.36,1.29,26.04,lubrication_failure,fault
cnc,0.61,34.88,33.4,64.57,2.24,26.09,none,running
cnc,2.4,50.43,56.33,91.08,0.99,25.1,lubrication_failure,warning
cnc,2.97,49.5,56.8,80.02,0.61,26.99,lubrication_failure,fault
cnc,7.45,88.31,50.5,102.85,2.04,26.17,tool_breakage,fault
cnc,0.75,44.2,43.09,82.71,2.28,26.96,none,running
cnc,0.78,45.48,34,56.87,1.99,26.9,tool_breakage,running
cnc,0.9,40.27,31.99,59.79,2.29,24.7,tool_wear,running
cnc,2.3,31.8,36.49,59.9,1.24,24.3,lubrication_failure,warning
cnc,0.86,47.41,42.1,81.35,1.99,24.23,none,running
cnc,1.22,55.55,51.06,91.72,2.07,25.77,tool_wear,running
cnc,3.2,46.67,29.5,56.98,2.05,27.31,tool_breakage,warning
cnc,1.51,25.09,24.12,55,1.11,24.97,lubrication_failure,warning
cnc,2.47,48.33,29.85,62.72,2.1,26.18,tool_breakage,warning
cnc,1.61,54.58,65.57,98.06,1.18,27.9,lubrication_failure,warning
cnc,3.09,40,52.58,78.99,2.05,24.78,none,warning
cnc,1.96,47.64,60.87,94.89,1.2,26.4,lubrication_failure,warning
cnc,0.7,34.81,29.84,55,2.15,27.33,tool_wear,running
cnc,1.57,51.9,51.18,88.09,2.07,27.45,tool_wear,running
cnc,1.23,31.69,34.08,57.51,0.99,27.22,lubrication_failure,warning
cnc,5.23,72.18,42.39,81.79,2.32,24.98,tool_breakage,fault
cnc,1.49,66.59,56.59,96.15,2.12,25.01,tool_wear,warning
cnc,0.52,32.63,25.07,55,1.88,27.28,tool_wear,running
cnc,2.75,41.83,57.16,89.42,0.71,26.3,lubrication_failure,fault
cnc,3.8,54.81,74.2,97.57,1.97,24.23,spindle_bearing_failure,fault
cnc,1.08,50.97,45.58,75,2.04,25.27,tool_wear,running
cnc,3.92,53.44,66.59,90.36,2.14,25.51,spindle_bearing_failure,warning
cnc,3.82,42.82,61.57,88.8,1.98,24.92,spindle_bearing_failure,warning
cnc,2.4,50.84,63.39,89.84,1.04,27.06,lubrication_failure,warning
cnc,0.66,30.46,25.78,55,2.17,26.85,tool_wear,running
cnc,0.82,43.71,41.58,77.52,2.05,26.36,none,running
cnc,3.79,54.27,66.66,104.5,2.29,24.26,spindle_bearing_failure,warning
cnc,6.32,77.29,52.14,94.77,2.22,27.48,tool_breakage,fault
cnc,4.75,86.13,60.54,100.39,2.12,26.48,tool_breakage,fault
cnc,3.26,40.13,55.6,75.37,2.24,25.69,spindle_bearing_failure,warning
cnc,2.34,52.1,59.93,97.73,1.04,26.14,lubrication_failure,warning
cnc,3.01,56.15,65.02,96.51,1.25,25.51,lubrication_failure,warning
cnc,1.2,46.32,45.59,87.68,2.34,25.61,tool_wear,running
cnc,1.59,53.22,49.29,85.28,1.96,28.26,tool_wear,running
cnc,0.85,37.31,31.76,65.48,2.01,26.56,tool_wear,running
cnc,2.49,56.69,59.82,89.99,1.28,24.75,lubrication_failure,warning
cnc,1.34,20.09,28.5,55,2.23,25.54,spindle_bearing_failure,running
cnc,2.23,63.62,67.68,90.88,2.01,24.83,spindle_bearing_failure,warning
cnc,1.78,55.5,45.49,87.3,2.25,25.29,tool_wear,running
cnc,1.24,49.78,44.37,75.35,2.2,25.54,tool_wear,running
cnc,1.41,22.38,26.72,55,2.3,26.49,spindle_bearing_failure,running
cnc,0.69,46.02,41.74,83.1,2.13,23.8,none,running
cnc,4.29,73.22,45.49,81.61,2.09,26.08,tool_breakage,warning
cnc,1.98,45.12,47.32,69.3,0.83,25.71,lubrication_failure,warning
cnc,7.52,79.58,53.81,97.51,2.24,25.54,tool_breakage,fault
cnc,1.55,53.51,46.54,76.95,2.03,26.84,tool_wear,running
cnc,1.4,50.92,55.74,94.16,2.13,26.83,tool_wear,warning
cnc,1.65,55.71,49.87,86.95,1.92,24.97,tool_wear,running
cnc,0.77,41.99,39.98,73.33,2.19,27.11,none,running
cnc,4.28,50.55,62.26,98.44,2.09,26.12,spindle_bearing_failure,warning
cnc,1.38,26.38,36.46,55.73,2.01,25.7,spindle_bearing_failure,running
cnc,1.81,45.28,56.56,91.26,1.24,25.77,lubrication_failure,running
cnc,2.66,61.13,65.01,99.74,2,26.04,spindle_bearing_failure,warning
cnc,1.5,26.72,36.12,55,1.03,27.01,lubrication_failure,warning
cnc,1.31,59.92,46.64,89.45,2.16,25.14,tool_wear,running
cnc,1,45.8,47.69,85.63,2.12,26.36,none,running
cnc,0.83,43.87,44.82,78.72,2.13,26.95,none,running
cnc,1.4,59.83,49.38,100.06,2.16,24.51,tool_wear,warning
cnc,1.49,21.01,29.61,55,1.95,26.47,spindle_bearing_failure,running
cnc,0.87,42.06,45.27,80.58,2.11,25.39,none,running
cnc,0.89,50.15,45.24,90.89,2.04,26.17,none,running
cnc,1.69,57.94,49.65,90.72,2.11,25.24,tool_wear,running
cnc,1.36,33.06,36.51,65.41,1.02,26.98,lubrication_failure,warning
cnc,2.78,57.98,59.54,90.43,1.37,24.58,lubrication_failure,warning
cnc,4.68,73.71,54.62,102.51,2.04,26.33,tool_breakage,fault
cnc,1.32,62.04,48.97,88.24,2.06,24.57,tool_wear,running
cnc,3.45,51.27,73.4,95.77,2.07,26.04,spindle_bearing_failure,fault
cnc,3.59,52.21,69.38,103.22,0.99,25.66,lubrication_failure,warning
cnc,1.29,54.63,51.49,88.67,1.91,25.1,tool_wear,running
cnc,4.48,75.58,51.89,94.68,2.04,26.18,tool_breakage,warning
cnc,1.92,27.84,31.37,55,1.17,27.82,lubrication_failure,warning
cnc,0.67,36.82,37.61,69.52,2.05,25.82,none,running
cnc,1.37,31.16,43,63.41,0.67,24.23,lubrication_failure,fault
cnc,0.85,49.02,43.99,88.24,2.3,25.51,none,running
cnc,1.46,29.6,26.59,55,2.17,26.72,spindle_bearing_failure,running
cnc,1.31,47.52,41.13,80.36,2.27,27.39,tool_wear,running
cnc,2.12,50.29,62.24,86.68,0.85,27.1,lubrication_failure,warning
cnc,2.54,31.63,37.15,62.84,1.09,26.09,lubrication_failure,warning
cnc,5.19,61.93,40.46,80.03,2.01,26.4,tool_breakage,fault
cnc,0.94,31.84,23.3,55,2.03,25.32,tool_wear,running
cnc,2.65,30.15,43.47,57.05,2.13,26.71,spindle_bearing_failure,warning
cnc,1.46,65.55,49.82,94.9,2.15,27.5,tool_wear,warning
cnc,3.47,34.57,24.53,55,2.17,26.69,none,warning
cnc,2.22,46.1,62.26,89.74,2.12,26.88,spindle_bearing_failure,warning
cnc,2.84,61.22,53.78,96.36,0.96,25.42,lubrication_failure,warning
cnc,1.63,44.94,66.88,84.98,0.87,25.34,lubrication_failure,warning
cnc,3.13,33.72,23.56,55,2.07,25.48,tool_breakage,warning
cnc,2.52,38.33,51.32,77.79,2.26,25.33,spindle_bearing_failure,warning
cnc,1.24,49.51,43.35,82.12,2.1,25.93,tool_wear,running
cnc,1.62,55.8,56.4,91.27,2.06,24.73,tool_wear,running
cnc,2.14,50.82,57.56,85.71,1.06,26.61,lubrication_failure,warning
cnc,3.73,83.49,43.99,97.89,2.18,26.4,tool_breakage,warning
cnc,3,62.86,74.62,96.41,0.75,26.48,lubrication_failure,fault
cnc,1.62,61.16,46.3,90.44,2.13,26.02,tool_wear,running
cnc,3.03,52.23,60.01,76.44,0.85,27.6,lubrication_failure,warning
cnc,1.4,29,37.59,55,0.88,25.14,lubrication_failure,warning
cnc,1.24,44.3,40.51,72.24,2.16,26.17,tool_wear,running
cnc,0.7,38.24,38.61,70.6,2.01,24.14,none,running
cnc,7.02,84.51,50.97,100.59,2.02,26.69,tool_breakage,fault
cnc,1.19,50.11,47.02,81.85,2.13,24.47,tool_wear,running
cnc,0.55,29.73,28.71,58.39,2.08,26.61,none,running
cnc,0.85,45.51,48.32,85.07,2.26,27.65,none,running
cnc,3.09,57.95,66.47,91.26,2.06,24.55,spindle_bearing_failure,warning
cnc,0.89,47.15,44.94,85.77,1.92,26.29,none,running
cnc,4.14,87.97,51.88,91.46,2.07,25.13,tool_breakage,warning
cnc,0.64,34.55,36.23,62.19,2.2,27.69,none,running
cnc,2.92,50.66,67.35,102.79,1.98,25.14,spindle_bearing_failure,warning
cnc,2.62,54.32,46.36,80.29,2.22,25.72,spindle_bearing_failure,warning
cnc,2.19,48.08,64.2,98.07,1.97,26.27,spindle_bearing_failure,warning
cnc,2.8,45.24,49.13,91.28,2.06,25.69,tool_wear,warning
cnc,7.66,89.1,49.21,102.45,2.12,25.19,tool_breakage,fault
cnc,3.66,45.56,64.6,83.71,1.18,24.71,lubrication_failure,warning
cnc,5.14,69,45.02,88.92,2.12,27.03,tool_breakage,fault
cnc,1.59,61.45,49.41,90.7,1.96,24.17,tool_wear,running
cnc,2.29,28.42,37.08,68.37,0.67,26.46,lubrication_failure,fault
cnc,0.74,47.19,42,79.4,1.94,27.67,none,running
cnc,7.18,77.42,52.77,98.94,2.14,25.22,tool_breakage,fault
cnc,3.78,73.01,41.47,80.37,1.92,26.19,tool_breakage,warning
cnc,1.59,61.74,47.65,87.97,2.03,24.86,tool_wear,running
cnc,3.26,55.03,64.5,96.93,2.21,26.65,spindle_bearing_failure,warning
cnc,1.04,44.58,44.39,80.89,2.05,27.16,tool_wear,running
cnc,0.77,24.96,23.96,55,2,25.99,tool_wear,running
cnc,1.35,51.98,39.95,73.41,2.19,25.99,tool_wear,running
cnc,1.69,56.96,47.66,93.16,2.19,25.08,tool_wear,warning
cnc,1.18,47.39,47.29,80.84,2.1,26.02,tool_wear,running
cnc,0.84,46.15,41.67,80.93,2.02,24.5,none,running
cnc,1.62,62.02,49.43,95.27,1.94,25.91,tool_wear,warning
cnc,1.11,43.7,37.86,74.99,2.27,26.88,tool_wear,running
cnc,2.14,66.12,65.98,108.09,2.28,24.04,spindle_bearing_failure,warning
cnc,0.75,41.11,38.92,70.64,2.02,25.79,none,running
cnc,3.41,61.44,34.18,70.97,2.02,25.99,tool_breakage,warning
cnc,0.87,44.34,43.9,86,2.16,25.48,none,running
cnc,1.05,51.95,37.96,71.53,2.28,25.93,tool_wear,running
cnc,2.99,49.12,68.16,103.63,1.35,25.31,lubrication_failure,warning
cnc,0.75,47.22,46.19,82.37,1.99,25.27,none,running
cnc,5.66,69.68,50.78,90.46,2.15,24.95,tool_breakage,fault
cnc,2.68,41.39,59.35,89.64,1.01,26.64,lubrication_failure,warning
cnc,1.76,58.89,43.79,97.16,2.18,26.66,tool_wear,warning
cnc,2.4,52.4,69.8,89.15,2.11,25.13,spindle_bearing_failure,warning
cnc,3.48,54.69,31.95,60.01,2.18,25.87,tool_breakage,warning
cnc,0.65,27.54,22.97,55,1.98,25.76,tool_wear,running
cnc,2.67,40.94,46.57,79.68,1.17,26.53,lubrication_failure,warning
cnc,0.87,43.87,47.73,85.38,2.23,24.82,none,running
cnc,0.87,44.93,44.44,79.23,1.9,27.2,none,running
cnc,0.7,40.53,39.35,70.44,2.02,26.59,none,running
cnc,3.82,60.75,57.68,101.59,2.11,24.77,spindle_bearing_failure,warning
cnc,2.18,53.62,66.15,91.53,1.31,25.66,lubrication_failure,warning
cnc,0.89,43.96,42.11,78.25,1.92,25.64,none,running
cnc,6.15,75.96,50.38,91.59,2.25,26.91,tool_breakage,fault
cnc,0.48,31.07,23.21,55,2.02,24.01,tool_wear,running
cnc,1.65,34.61,40.74,55,2.18,27.24,lubrication_failure,running
cnc,1.45,50.33,46.11,80.18,1.83,25.39,tool_wear,running
cnc,0.43,20.57,20,55,2.1,25.5,none,running
cnc,1.42,63.79,57.57,96.2,1.97,26.13,tool_wear,warning
cnc,2.86,44.06,22.73,55,2.09,28.17,tool_breakage,warning
cnc,4.15,59.01,69.28,99.95,1.94,25.55,spindle_bearing_failure,warning
cnc,1.18,53.59,49.92,94.75,1.98,26.36,tool_wear,warning
cnc,2.54,64.33,77.28,88.32,0.84,26.26,lubrication_failure,fault
cnc,7.71,92.69,54.71,102.77,2.14,25.69,tool_breakage,fault
cnc,2.13,51.91,52.28,85.78,1.98,24.72,spindle_bearing_failure,warning
cnc,5.61,77.14,40.81,82.31,1.94,25.13,tool_wear,fault
cnc,1.81,69.56,48.52,93.32,2.07,24.89,tool_wear,warning
cnc,4.06,59.1,60.1,93.46,1.98,25.27,spindle_bearing_failure,warning
cnc,1.56,53.11,47.94,82.42,1.88,26.68,tool_wear,running
cnc,0.93,42.77,30.98,63.53,1.98,27.07,tool_wear,running
cnc,0.71,34.42,35.83,67.56,2.1,25.37,none,running
cnc,2.1,30.47,35.92,59.87,0.93,25.02,lubrication_failure,warning
cnc,2.66,41.69,57.67,87.72,2.13,26.92,spindle_bearing_failure,warning
cnc,2.7,46.87,55.43,97.13,2.06,26.99,spindle_bearing_failure,warning
cnc,2.73,52.75,71.87,92.23,0.95,25.19,lubrication_failure,fault
cnc,5.07,70.22,42.92,86.4,1.92,26.63,tool_breakage,fault
cnc,1.43,50.47,51.18,86.06,2.05,26.74,tool_wear,running
cnc,0.64,36.99,33.96,68.64,2.18,24.93,none,running
cnc,0.85,45.24,40.89,82.9,2.11,24.56,none,running
cnc,2.03,27.21,34.15,55,1.86,26.02,spindle_bearing_failure,warning
cnc,0.4,25.28,24.16,55,2.09,25.45,none,running
cnc,3.2,40.46,55.59,85.64,1.92,25.66,spindle_bearing_failure,warning
cnc,0.55,32,27.81,55,2.34,26.61,none,running
cnc,0.62,36.15,38.31,72.33,2.2,25.59,none,running
cnc,2.53,45.22,45.79,76.62,2.11,25.53,spindle_bearing_failure,warning
cnc,2.11,41.95,22.49,55,2.24,27.61,tool_breakage,warning
cnc,3.83,60.25,34.3,71.98,2.21,26.67,tool_breakage,warning
cnc,1.78,30.7,29.37,55,0.72,25.44,lubrication_failure,fault
cnc,1.23,46.97,45.89,79.81,1.97,27.13,tool_wear,running
cnc,3.25,38.94,29.9,57.71,1.95,26.08,tool_breakage,warning
cnc,3.72,47.32,57.46,97.67,1.98,24.23,spindle_bearing_failure,warning
cnc,1.22,55.69,58.89,96.33,2.09,24.6,tool_wear,warning
cnc,1.51,63.84,54.03,98.32,2.02,25.93,tool_wear,warning
cnc,0.95,27.79,24.56,55,2.29,26.3,spindle_bearing_failure,running
cnc,4.47,52.17,31.97,61.78,1.9,25.94,tool_breakage,warning
cnc,1.9,59.9,51.52,96.75,2.05,26.75,tool_wear,warning
cnc,4.67,68.4,40.84,81.44,2.2,24.35,tool_breakage,fault
cnc,4.62,78.09,49.89,101.72,2.06,27.1,tool_breakage,fault
cnc,1.52,30.14,37.27,59.84,0.75,26.67,lubrication_failure,fault
cnc,5.86,86.23,52,99.84,2.05,24.26,tool_breakage,fault
cnc,1.51,55.1,47.14,95.04,1.85,25.31,tool_wear,warning
cnc,4.9,59.27,40.19,79.74,2.14,26.6,tool_breakage,fault
cnc,0.79,37.13,36.51,70.79,2,24.95,none,running
cnc,1.81,28.27,29.68,55,0.76,27.6,lubrication_failure,fault
cnc,1.24,50.94,44.34,81.14,2,26.36,tool_wear,running
cnc,0.96,40.51,42.25,86.1,1.99,26.46,none,running
cnc,0.94,37.65,29.94,55,1.86,26.43,tool_wear,running
cnc,5.7,82.66,49.73,94.86,1.97,25.54,tool_breakage,fault
cnc,3.44,56.14,60.26,95.39,1.98,25.17,lubrication_failure,warning
cnc,0.78,36.01,37.41,74.48,2.12,24.94,none,running
cnc,3.63,42.09,51.72,75.48,1.79,25.17,spindle_bearing_failure,warning
cnc,3.51,43.08,25.9,55,1.9,25.74,tool_breakage,warning
cnc,0.58,24.86,24.05,55,1.94,26.01,none,running
cnc,0.55,27.49,29.12,55,2.21,25.52,none,running
cnc,3.57,47.33,53.72,81.32,2.25,25.47,spindle_bearing_failure,warning
cnc,0.8,50.87,44.51,90.94,2.29,25.78,none,running
cnc,4.82,67.28,43.09,86,2.03,24.97,tool_breakage,fault
cnc,1.28,52.1,39.06,75.51,2.06,26.62,tool_wear,running
cnc,4.29,56.13,56.59,92.72,2.1,24.99,spindle_bearing_failure,warning
cnc,2.14,39.83,55.27,82.88,2.01,26.76,spindle_bearing_failure,warning
cnc,1.73,57.02,46.57,84.01,1.41,25.5,lubrication_failure,running
cnc,4.07,59.04,58.5,100.54,1.76,26.94,spindle_bearing_failure,warning
cnc,3.43,63.04,56.93,101.82,2.22,24.49,spindle_bearing_failure,warning
cnc,0.69,42.39,40.43,77.99,2.18,25.32,none,running
cnc,3.43,58.09,33.74,64.47,1.92,25.25,tool_breakage,warning
cnc,0.94,45.79,45.71,91.24,2.23,26.56,none,running
cnc,0.82,46.03,41.05,86.2,2.3,25.09,none,running
cnc,1.47,54.79,45.21,87.05,2.11,26.07,tool_wear,running
cnc,2.36,55.05,58.3,88.21,1.13,25.81,lubrication_failure,warning
cnc,0.99,28.35,31.19,55,1.98,26.75,spindle_bearing_failure,running
cnc,0.85,38.92,28.42,55,2.03,24.36,spindle_bearing_failure,running
cnc,1.91,37.23,39.16,55,1.41,26.37,lubrication_failure,running
cnc,0.87,36.93,40.77,75.17,2.2,26.3,none,running
cnc,1.74,24.16,31.03,55,2.21,25.84,spindle_bearing_failure,running
cnc,3.13,61.86,56.87,90.84,1.92,25.6,spindle_bearing_failure,warning
cnc,0.85,44.29,42.03,76.78,2.13,26.18,none,running
cnc,2.11,39.88,57.78,85.99,2.11,24.51,spindle_bearing_failure,warning
cnc,0.63,40.27,36.27,71.41,1.93,26.57,none,running
cnc,0.72,36.43,37.46,74.25,2.33,25.03,none,running
cnc,1.02,37.48,31.27,55,2.09,26.16,tool_wear,running
cnc,0.79,41.79,39.32,75,2.15,25.86,none,running
cnc,1.84,29.77,35.77,55,1.9,25.76,spindle_bearing_failure,running
cnc,1.34,46.29,44.46,82.32,2.1,27.1,tool_wear,running
cnc,2.61,59.3,65.76,96.92,0.97,25.86,lubrication_failure,warning
cnc,3.44,64.18,43.71,78.52,2.43,25.65,tool_breakage,warning
cnc,1.27,31.71,29.97,55.93,1.17,26.05,lubrication_failure,warning
cnc,0.81,41.08,41.26,81.98,1.93,26.4,none,running
cnc,0.83,45.84,47,87.77,2.06,25.74,none,running
cnc,0.38,22.42,20,55,2.19,28,none,running
cnc,1.41,54.46,43.32,81.11,2.28,27.62,tool_wear,running
cnc,1.43,51.52,38.98,76.97,2.06,26.89,tool_wear,running
cnc,1.82,42.96,50.29,82.46,2.28,26.2,spindle_bearing_failure,running
cnc,1.77,50.13,54.15,92.35,0.77,25.53,lubrication_failure,fault
cnc,0.72,40.04,39.97,74.46,2.04,23.9,none,running
cnc,1.7,36.02,43.04,55.74,1.21,26.36,lubrication_failure,running
cnc,2.6,48.43,28.41,56.63,1.98,26.64,tool_breakage,warning
cnc,2.19,48.26,55.56,75.43,2.17,26.23,spindle_bearing_failure,warning
cnc,1.2,58.19,42.46,82.97,2.21,26.58,tool_wear,running
cnc,1.5,57.61,54.44,94.02,2.14,25.07,tool_wear,warning
cnc,3.2,54.06,57.97,85.77,2.32,25.88,spindle_bearing_failure,warning
cnc,4.59,52.72,28.65,63.47,2.06,26.09,tool_breakage,fault
cnc,1.48,48,43.18,75.19,1.89,25.56,tool_wear,running
cnc,1.03,47.72,46.66,87.33,2.07,26.05,none,running
cnc,2.81,50.6,27.94,56.09,2,25.82,tool_breakage,warning
cnc,1.17,45.02,45.98,87.49,2,24.95,tool_wear,running
cnc,1.69,63.33,46.94,85.8,2.1,26.34,tool_wear,running
cnc,0.79,36.58,34.77,67.27,2.01,26.31,none,running
cnc,3.45,52.22,53.63,83.28,2.15,25.72,spindle_bearing_failure,warning
cnc,1.67,66.75,54.33,97.98,2.08,27.36,tool_wear,warning
cnc,2.61,53.47,55.42,81.56,2.24,27.16,spindle_bearing_failure,warning
cnc,3.56,50.07,64.53,94.26,2.28,25.16,spindle_bearing_failure,warning
cnc,1.9,44.32,53.57,78.42,1.07,25.93,lubrication_failure,warning
cnc,3.08,50.68,63.86,95.74,0.72,27.31,lubrication_failure,fault
cnc,1.38,24.09,26.53,55,1.03,26.03,lubrication_failure,warning
cnc,0.94,51.4,49.1,86.18,2.16,27.43,none,running
cnc,3.55,52.79,52.41,92.88,1.96,25.99,spindle_bearing_failure,warning
cnc,1.65,52.97,53.38,85.56,2.1,25.41,tool_wear,running
cnc,0.94,44.23,47.11,85.66,2.21,25.41,none,running
cnc,0.57,25.51,23.64,55,2.03,25.6,tool_wear,running
cnc,0.89,44.96,44.97,84.86,2.11,26.68,none,running
cnc,1.15,22.71,24.84,55,0.87,25.9,lubrication_failure,warning
cnc,1.46,52.28,47.95,84.97,2.13,28.18,tool_wear,running
cnc,1.27,51.71,44.23,80.29,2.09,24.46,tool_wear,running
cnc,6.07,69.26,46.56,89.84,2.1,25.11,tool_breakage,fault
cnc,3.16,55.91,53.63,83.23,2.15,26.46,spindle_bearing_failure,warning
cnc,0.92,47.56,46.78,88.92,2.16,25.78,none,running
cnc,6.37,78.3,46.58,98.13,2.28,26.94,tool_breakage,fault
cnc,2.84,40.88,48.92,76.03,1.87,26.06,spindle_bearing_failure,warning
cnc,2.14,35.08,33.18,55,1.99,25.97,spindle_bearing_failure,warning
cnc,6.86,80.68,55.14,99.81,2.02,24.36,tool_breakage,fault
cnc,4.74,88.44,50.19,94.02,1.94,24.33,tool_breakage,fault
cnc,4.42,66.99,40.85,78.73,2.1,24.72,tool_breakage,warning
cnc,1.31,25,34.97,57.46,1.17,23.96,lubrication_failure,warning
cnc,1.85,70.33,50.58,95.06,1.96,25.46,tool_wear,warning
cnc,1.64,49.78,50.26,89.9,2.01,26.51,tool_wear,running
cnc,1.06,60.81,48.38,83.31,2.14,25.73,tool_wear,running
cnc,0.59,27.92,29.54,55,2.28,26.59,none,running
cnc,1.57,24.67,28.98,55,0.94,25.5,lubrication_failure,warning
cnc,0.54,24.06,26.18,55,2.07,26.18,none,running
cnc,4.73,82.38,55.04,109.51,2.07,26.64,tool_breakage,fault
cnc,3.52,56.76,71.15,89.61,2.13,27.36,spindle_bearing_failure,fault
cnc,1.19,45.48,40.14,72.62,2.13,24.9,tool_wear,running
cnc,3.16,42.58,52.5,81.19,1.04,24.2,lubrication_failure,warning
cnc,1.07,23.83,31.09,55,2.1,25.27,spindle_bearing_failure,running
cnc,2.71,52.99,50.3,84.39,2.27,24.74,spindle_bearing_failure,warning
cnc,0.83,39.44,39.49,76.58,2.03,26.36,none,running
cnc,1.13,60.76,48.41,91.43,2.13,27.71,tool_wear,running
cnc,3.41,56.42,72.27,96.83,1.91,26.38,spindle_bearing_failure,fault
cnc,0.81,41.16,41.28,71.04,2.09,26.78,none,running
cnc,2.49,49.02,27.41,60.56,2.26,25.45,tool_breakage,warning
cnc,2.84,40.6,45.88,77.2,1.86,25.42,spindle_bearing_failure,warning
cnc,2.47,43.33,48.93,83.74,2.11,26.55,spindle_bearing_failure,warning
cnc,5.02,86.16,54.45,101.3,2.26,28.23,tool_breakage,fault
cnc,0.72,29.41,27.69,55,1.95,24.5,tool_wear,running
cnc,1.86,48.94,51.35,94.63,1.8,26.86,tool_wear,warning
cnc,1.98,42.84,43.52,77.48,1.97,26.4,spindle_bearing_failure,running
cnc,0.55,28.17,29.13,55,1.96,25.76,none,running
cnc,3.52,70.56,64,97.24,1.18,25.51,lubrication_failure,warning
cnc,0.98,31.19,28.32,57.11,1.99,27.39,tool_wear,running
cnc,2.04,36.73,40.86,62.95,1.3,26.39,lubrication_failure,warning
cnc,1.73,57.74,53.67,92.54,2.05,27.18,tool_wear,warning
cnc,4.57,50.18,32.41,66.57,2.17,27.47,tool_breakage,fault
cnc,1.18,38.92,39.21,64.35,1.41,26.83,lubrication_failure,running
cnc,0.74,34.7,33.68,67.08,2.15,27.38,none,running
cnc,1.83,54.51,51.59,94.46,2.12,26.58,tool_wear,warning
cnc,7.01,84.55,46.8,100.1,2.24,24.34,tool_breakage,fault
cnc,7.83,80.25,52.25,110,2.03,26.44,tool_breakage,fault
cnc,5.17,64.37,39.58,79.85,2.19,24.71,spindle_bearing_failure,fault
cnc,3.61,48.28,68.25,82.24,0.79,27.32,lubrication_failure,fault
cnc,1.12,25.96,28.11,55,1,26.91,lubrication_failure,warning
cnc,2.33,49.72,53.05,80.23,0.82,24.07,lubrication_failure,warning
cnc,3.37,46.04,55.8,85.32,1.46,24.92,lubrication_failure,warning
cnc,3.06,51.81,54.45,92.24,0.9,24.27,lubrication_failure,warning
cnc,0.78,38.39,36.19,68.55,2.16,25.43,none,running
cnc,3.69,47.22,26.37,55.23,1.97,25.98,tool_breakage,warning
cnc,0.77,46.9,45.27,84.73,2.15,25.87,none,running
cnc,3.45,53.8,53.85,85.56,1.96,25.21,spindle_bearing_failure,warning
cnc,2.67,56.56,60.54,89.29,0.71,26.23,lubrication_failure,fault
cnc,2.05,31.05,38.01,57.88,1.02,27.58,lubrication_failure,warning
cnc,2.16,39.43,21.28,55,2.29,26.77,tool_breakage,warning
cnc,1.49,50.18,44.12,83.91,2.16,24.77,tool_wear,running
cnc,2.02,29.47,35.04,58.45,2.26,23.49,spindle_bearing_failure,warning
cnc,2.96,52.18,35.45,66.9,2.22,25.36,tool_breakage,warning
cnc,1.21,48.47,40.56,81.02,1.84,25.79,tool_wear,running
cnc,0.67,37.14,40.89,72.82,2.01,27.6,none,running
cnc,2.26,43,44.36,76.08,1.99,25,spindle_bearing_failure,warning
cnc,7.52,83.42,52.73,106.53,2.16,26.44,none,fault
cnc,1.44,41.23,48.14,74.6,1.09,24.97,lubrication_failure,warning
cnc,2.96,47.88,52.45,81.64,1.36,26.88,lubrication_failure,warning
cnc,0.69,34.68,35.14,71.35,2.28,24.48,none,running
cnc,2.86,67.01,56.71,104.21,2.28,25.1,spindle_bearing_failure,warning
cnc,1.72,60.76,54.81,100.74,2.23,25.88,tool_wear,warning
cnc,0.88,51.34,44.77,82.38,2.05,27.44,none,running
cnc,2.57,38.38,21.81,55,2.2,25.76,tool_breakage,warning
cnc,0.59,24.17,21.71,55,2.27,24.81,tool_wear,running
cnc,3.88,44.31,59.36,77.68,2,24.55,spindle_bearing_failure,warning
cnc,5.44,57.51,43.69,78.85,2.2,26.09,tool_breakage,fault
cnc,2.52,48.89,68.77,94.11,2.15,24.9,spindle_bearing_failure,warning
cnc,1.32,58.81,45.17,93.17,2.14,25.77,tool_wear,warning
cnc,2.35,63.88,70.16,99.05,1.99,26.52,spindle_bearing_failure,fault
cnc,2.15,37,21.55,55,1.89,24.09,tool_breakage,warning
cnc,1.16,52.98,43.8,82.55,2.05,26.57,tool_wear,running
cnc,2.07,40.95,62.23,78.59,1.91,26.61,spindle_bearing_failure,warning
cnc,0.76,36.4,38.04,73.71,2.22,27.51,none,running
cnc,3.47,45.65,47.23,83.83,1.03,27.76,lubrication_failure,warning
cnc,1.8,40.47,59.73,81.25,2.12,27.25,spindle_bearing_failure,warning
cnc,1.02,38.29,34.51,59.86,1.95,26.58,tool_wear,running
cnc,2.88,41.55,62.39,79.24,1.88,24.6,spindle_bearing_failure,warning
cnc,0.91,44.02,40.61,85.98,2.28,24.01,none,running
cnc,0.93,46.11,46.43,86.59,2.14,27.09,none,running
cnc,3.23,50.65,57.37,88.11,1.12,24.91,lubrication_failure,warning
cnc,1.76,22.78,26.46,55,1.9,26.92,spindle_bearing_failure,running
cnc,0.83,40.1,40.59,71.61,2.21,26.04,none,running
cnc,1.12,51.6,51.47,94.54,2.05,25.74,tool_wear,warning
cnc,1.45,26.31,31.82,55,2.11,26.74,spindle_bearing_failure,running
cnc,1.08,50.18,45.96,88.86,1.84,27.62,none,running
cnc,5.7,83.46,48.31,90.89,2.19,24.91,tool_breakage,fault
cnc,1,45.09,46.11,88.25,2.1,27.44,none,running
cnc,3.73,46.91,56.48,86.12,2.23,27.33,spindle_bearing_failure,warning
cnc,1.16,45.42,43.1,76.66,2.03,25.97,lubrication_failure,running
cnc,0.79,29.44,31.79,55,2.17,26.52,tool_wear,running
cnc,1.4,53.33,53.15,94.89,2.31,26.83,tool_wear,warning
cnc,1.45,61.07,50.99,95.76,2,24.85,tool_wear,warning
cnc,0.67,36.4,37.17,66.7,2.14,27.1,none,running
cnc,1.38,26.83,31.59,55,1.05,24.87,lubrication_failure,warning
cnc,0.98,29.18,30.6,55,1.27,26.59,lubrication_failure,running
cnc,0.91,40.22,39.57,77.29,2.28,24.18,none,running
cnc,1.17,48.79,47.23,87.6,2.06,26.93,tool_wear,running
cnc,1.38,20.96,26.66,55,2.2,26.44,spindle_bearing_failure,running
cnc,0.92,43.67,45.33,85.83,2.07,26.66,none,running
cnc,0.78,43.31,44.87,84.75,2,25.93,none,running
cnc,1.43,65.92,53.01,97.89,2.09,27.17,tool_wear,warning
cnc,1.14,27.28,26.06,55,0.91,26.31,lubrication_failure,warning
cnc,0.81,41.53,42.15,75.04,2.01,25.35,none,running
cnc,3.78,47.76,61.74,95.46,1.93,27.33,spindle_bearing_failure,warning
cnc,0.7,48.51,44.49,84.38,2.14,26.09,none,running
cnc,0.93,47.43,46.34,88.55,2.12,26.54,none,running
cnc,0.76,48.65,42.59,88.78,2.17,25.56,none,running
cnc,4.53,49.91,69.22,106.25,2.03,25.04,spindle_bearing_failure,fault
cnc,2.63,37,45.28,74.29,2.19,26.08,spindle_bearing_failure,warning
cnc,0.68,38.15,33.71,60.42,2.01,25.72,tool_wear,running
cnc,2.62,45.01,29.67,55,2.06,25.63,tool_breakage,warning
cnc,0.72,38.11,34.49,70.06,2.37,27.03,none,running
cnc,1.65,40.04,45.92,60.46,0.9,24.66,lubrication_failure,warning
cnc,5.59,88.39,46.95,94.99,2.18,27.08,tool_breakage,fault
cnc,4.31,70.53,39.41,86.94,2.09,24.32,tool_breakage,warning
cnc,1.2,52.42,56.41,96.17,2.21,26.58,tool_wear,warning
cnc,0.47,27.49,25.87,55,1.88,26.32,none,running
cnc,0.81,46.15,47.64,93.8,2.13,25.57,none,warning
cnc,1.34,55.6,45.09,77.09,2.12,27.31,tool_wear,running
cnc,0.96,48.21,44.45,84.26,2.33,28.38,none,running
cnc,0.9,49.21,44.84,85.98,2.15,26.59,none,running
cnc,6.24,74.87,48.96,93,2.13,25.61,tool_breakage,fault
cnc,5.92,73.03,50.04,89.62,2.21,26.04,tool_breakage,fault
cnc,1.47,60.4,56.27,98.26,1.92,25.94,tool_wear,warning
cnc,1.52,61.66,49.59,92.15,2.19,27.78,tool_wear,warning
cnc,0.97,37.56,28.08,55,2.23,25.99,tool_wear,running
cnc,1.09,35.38,32.36,58.14,1.8,25.55,tool_wear,running
cnc,4.75,81.65,56.45,103.15,2.06,24.62,tool_breakage,fault
cnc,1.05,51.28,44.03,79.96,2.07,24.03,tool_wear,running
cnc,0.75,47.03,48.2,85.64,2.15,26.82,none,running
cnc,1.57,66.95,47.92,94.18,2.15,26.75,tool_wear,warning
cnc,6.27,83.54,52.2,105.25,2.05,26.23,tool_breakage,fault
cnc,0.83,43.65,44.34,80.9,1.88,25.8,none,running
cnc,3.72,71.14,42.57,78.42,1.99,27.07,tool_breakage,warning
cnc,4.53,86.49,53.63,102.91,2.04,26.5,tool_breakage,fault
cnc,0.77,45.83,45.6,87.64,2,25.01,none,running
cnc,0.95,25.83,27.76,55,2.03,26.08,spindle_bearing_failure,running
cnc,3.79,58.49,64.39,96.13,2.12,27.85,spindle_bearing_failure,warning
cnc,0.57,25.63,25.56,55,2.28,26.16,none,running
cnc,3.92,46.2,26.86,55,1.95,26.29,tool_breakage,warning
cnc,0.71,40.41,36.45,74.58,2.19,27.03,none,running
cnc,0.92,43.53,44.04,81.9,1.99,25.39,none,running
cnc,3.94,70.73,44.86,79.88,2.34,24.8,tool_breakage,warning
cnc,3.81,58.85,52.81,100.48,1.01,25.1,lubrication_failure,warning
cnc,4.77,82.24,49.65,99.11,2.17,27.14,tool_breakage,fault
cnc,0.81,37.52,34.23,66.53,1.97,26.64,none,running
cnc,3.89,70.21,69.67,105.2,2.1,26.11,spindle_bearing_failure,warning
cnc,0.8,42.58,39.63,81.4,2.25,26.49,none,running
cnc,5.17,84.1,56.12,104.47,2.23,24.92,tool_breakage,fault
cnc,0.57,29.9,31.37,57.33,2.02,25.15,none,running
cnc,1.3,49.77,41.59,72.62,1.88,25.06,tool_wear,running
cnc,2.99,37.4,50.21,77.15,1.89,26.63,lubrication_failure,warning
cnc,2.13,40.18,44.01,75.81,1.99,25.99,spindle_bearing_failure,warning
cnc,0.9,43.37,40.41,76.52,2.03,26.3,none,running
cnc,3.25,42.22,61.64,92.84,0.87,25.95,lubrication_failure,warning
cnc,1.23,62.33,47.2,91.59,1.93,26.97,tool_wear,running
cnc,2.67,41.33,27.13,55,1.99,26.56,tool_breakage,warning
cnc,5.21,78.96,42.49,77.34,2.04,25.55,tool_breakage,fault
cnc,0.91,44.94,42.44,83.43,2.21,24.28,none,running
cnc,2.74,49.93,59.24,89.56,0.77,27.34,lubrication_failure,fault
cnc,0.82,39.37,40.4,74.03,2.02,25.34,none,running
cnc,2.73,48.28,63.45,81.61,0.74,24.56,lubrication_failure,fault
cnc,3.92,42.16,49.7,86.31,2.28,25.59,spindle_bearing_failure,warning
cnc,5.33,90.15,49.8,95.23,2.24,25.5,tool_breakage,fault
cnc,5.42,95.62,53.21,99.61,2.32,25.19,tool_breakage,fault
cnc,2.18,49.87,53.34,88.7,0.92,27.48,lubrication_failure,warning
cnc,0.78,38.53,38.24,75.7,2.13,26.77,none,running
cnc,1.58,63.09,51.84,99.98,1.9,26.71,tool_wear,warning
cnc,1.47,67.4,54.2,90.84,2.18,25.53,tool_wear,running
cnc,4,47,28.61,57.22,2.27,25.08,tool_breakage,warning
cnc,2.34,47.88,66.7,97.1,0.85,27.37,lubrication_failure,warning
cnc,4.83,91.87,53.51,102.89,2.38,25.27,tool_breakage,fault
cnc,1.71,26.82,34.14,59.64,2.03,27.62,spindle_bearing_failure,running
cnc,1.46,37.72,37.89,64.46,2.03,25.67,spindle_bearing_failure,running
cnc,1.16,25.57,32.37,55,1.86,27.76,spindle_bearing_failure,running
cnc,3.01,38.55,52.6,82.8,0.96,24.98,lubrication_failure,warning
cnc,3.2,47.94,59.28,78.64,1.91,25.56,spindle_bearing_failure,warning
cnc,2.85,46.08,63.72,90.69,0.95,27.16,lubrication_failure,warning
cnc,6.88,84.16,53.7,102.95,2.01,25.55,tool_breakage,fault
cnc,0.98,46.68,43.08,86.51,1.96,25.99,none,running
cnc,3.66,64.05,62.81,98.09,1.22,26.05,lubrication_failure,warning
cnc,1.24,58.26,40.34,73.44,2.07,27.16,tool_wear,running
cnc,0.81,47.05,41.69,80.57,2.1,24.79,none,running
cnc,1.81,21.59,25.24,55,2.04,26.76,spindle_bearing_failure,running
cnc,0.76,28.54,24.3,55,1.91,27.03,tool_wear,running
cnc,4.87,81.31,47.43,90.12,2.04,27.49,tool_breakage,fault
cnc,3.28,47.93,68.25,94.8,1,24.01,lubrication_failure,warning
cnc,0.9,51.78,47.63,83.5,2.11,24.96,tool_wear,running
cnc,6.28,86.22,46.63,93.02,1.94,25.3,tool_breakage,fault
cnc,0.86,45.19,45.29,82.29,2.03,26.59,none,running
cnc,0.73,38.58,34.95,65.64,2.22,27.88,none,running
cnc,1.15,59.53,47.84,86.77,2.05,26.41,tool_wear,running
cnc,0.84,46.48,46.54,87.85,2.08,24.88,none,running
cnc,1.16,52.63,47.31,77.2,2.01,26.52,tool_wear,running
cnc,2.01,32.82,41.21,57.63,1.47,25.53,lubrication_failure,warning
cnc,3.5,68.57,71.85,99.24,0.86,24.74,lubrication_failure,fault
cnc,0.86,47.2,45.3,91.01,1.94,26.56,none,running
cnc,3.05,43.6,54.33,85.55,1.86,25.34,spindle_bearing_failure,warning
cnc,1.05,55.58,50.12,88.19,1.97,26.57,tool_wear,running
cnc,0.95,46.02,46.01,91.86,1.81,26.87,none,running
cnc,2.91,46.37,68.59,95.36,1.86,25.93,spindle_bearing_failure,warning
cnc,0.8,42.94,40.19,75,2.08,26.35,none,running
cnc,2.75,59.29,55.17,93.84,0.76,26.58,tool_breakage,fault
cnc,0.84,37.69,35.64,73.23,2.23,26.67,none,running
cnc,4.21,44.33,63.51,89.92,2.34,25.7,spindle_bearing_failure,warning
cnc,2.7,44.21,24.85,55,2.11,26.28,lubrication_failure,warning
cnc,2.03,28.11,27.6,55,2.3,27,spindle_bearing_failure,warning
cnc,1.15,52.95,41.94,76.64,1.92,24.73,tool_wear,running
cnc,1.91,57.99,59.21,86.48,1.07,25.92,lubrication_failure,warning
cnc,4.54,62.72,40.61,81.56,2.35,26.19,tool_breakage,fault
cnc,4.17,49.77,53.28,85.73,2.07,25.54,spindle_bearing_failure,warning
cnc,0.68,25.3,23.12,55,1.96,26.35,tool_wear,running
cnc,5.45,77.98,42.82,86.89,2.04,24.91,tool_breakage,fault
cnc,4.79,76.54,49.8,95.99,2.2,25.25,tool_breakage,fault
cnc,3.32,63.63,67.53,93.99,0.94,27.15,lubrication_failure,warning
cnc,1.5,22.39,32.1,55,0.98,25.64,lubrication_failure,warning
cnc,0.74,43.2,40.52,80.13,2.15,26.08,none,running
cnc,3.12,62.39,68.85,94.95,1.97,28.24,spindle_bearing_failure,warning
cnc,2.26,56.13,62.56,88.37,2.11,26.24,spindle_bearing_failure,warning
cnc,7.05,74.95,53.89,100.55,2.23,26.13,tool_breakage,fault
cnc,1.36,54.89,51.57,73.77,1.28,26.48,lubrication_failure,running
cnc,1.21,55.53,48.43,95.17,2.05,26.41,tool_wear,warning
cnc,5.03,78.26,46.31,86.02,2.09,26.13,tool_breakage,fault
cnc,5.55,82.71,52.12,104.49,2.1,25.73,tool_breakage,fault
cnc,5.91,70.27,40.83,89.48,2.11,25.81,tool_breakage,fault
cnc,1.44,53.86,43.04,87.47,2.03,25.74,tool_wear,running
cnc,0.69,38.01,34.87,66.43,2.26,25.07,none,running
cnc,1.78,33.4,43.3,60.99,1.4,25.82,lubrication_failure,running
cnc,1.03,43.47,44.65,78.66,1.99,25.57,tool_wear,running
cnc,1.26,63.03,51.11,92.51,2.14,26.5,tool_wear,warning
cnc,0.75,38.08,35.7,70.82,2.37,26.66,none,running
cnc,3.98,47.8,27.97,59.71,2.1,25.81,tool_breakage,warning
cnc,6.77,80.77,52.74,92,1.99,27.05,tool_breakage,fault
cnc,1.73,55.6,54.22,105.84,2.05,24.86,tool_wear,warning
cnc,1.61,44.05,46.38,83.23,2.16,27.59,tool_wear,running
cnc,1.26,52.63,47.76,90.44,2.03,25.82,tool_wear,running
cnc,0.7,36.09,34.18,64.04,2.06,28.15,none,running
cnc,0.87,45.72,45.61,90.88,2.17,26.26,none,running
cnc,2.38,43.64,51.71,84.46,0.94,26.93,lubrication_failure,warning
cnc,3.5,64.85,67.42,94.57,0.84,25.69,lubrication_failure,warning
cnc,0.73,36.22,36.41,65.9,2.27,23.81,none,running
cnc,3.55,48.11,62.31,85.22,1.96,25.41,spindle_bearing_failure,warning
cnc,1.48,27.67,29.36,55,2.09,25.41,spindle_bearing_failure,running
cnc,1.02,57.92,45.38,81.65,2.14,25.76,tool_wear,running
cnc,1.1,44.84,46.47,77.92,1.79,27.21,tool_wear,running
cnc,4.09,65.58,35.57,63.89,2.15,25.54,tool_breakage,warning
cnc,2.6,51.59,52.31,89.34,2.04,26.53,spindle_bearing_failure,warning
cnc,3.68,53.68,68.24,100.09,2.06,25.65,spindle_bearing_failure,warning
cnc,2.97,55.25,59.43,86.65,2.06,25.33,spindle_bearing_failure,warning
cnc,5.52,80.31,48.57,98.57,2.3,27.51,tool_breakage,fault
cnc,4.89,50.26,31.74,66.64,1.97,24.38,tool_breakage,fault
cnc,1.82,41.48,47.25,69.94,2.08,25.84,spindle_bearing_failure,running
cnc,2.93,55.11,62.26,95.08,2.05,27.08,spindle_bearing_failure,warning
cnc,0.82,42.57,44.94,78.53,2.32,26.69,none,running
cnc,1.98,46.55,48.08,80.18,1.32,26.7,lubrication_failure,running
cnc,0.83,43.67,37.64,77.95,2.27,25.87,none,running
cnc,0.84,42.72,40.03,72.7,1.96,25.84,none,running
cnc,2.04,37.78,48.47,64.35,0.72,26.8,lubrication_failure,fault
cnc,2.62,63.49,77.41,97.47,1.89,25.82,spindle_bearing_failure,fault
cnc,2.7,49.92,61.79,102.55,2.12,26.05,spindle_bearing_failure,warning
cnc,4.39,71.42,48.74,96.61,1.97,24.64,tool_breakage,warning
cnc,5.13,76.92,45.81,86.78,2.36,26.47,tool_breakage,fault
cnc,1.04,43.1,44.67,84.93,2.04,26.59,none,running
cnc,0.83,35.61,33.34,58.17,2.05,25.43,tool_wear,running
cnc,3.46,56.01,62.44,97.03,2.05,25.58,spindle_bearing_failure,warning
cnc,2.67,48.99,66.06,90.61,1.15,26.48,lubrication_failure,warning
cnc,2.86,45.21,55.55,85.88,2.14,26.5,spindle_bearing_failure,warning
cnc,1.18,46.09,44.7,77.34,2.15,27.15,tool_wear,running
cnc,0.99,57.6,44.39,84.11,1.99,26.18,tool_wear,running
cnc,0.94,44.47,40.84,79.31,2.13,26.27,none,running
cnc,2.35,48.66,57.83,97.65,2.19,26.05,spindle_bearing_failure,warning
cnc,2.26,59.27,63.95,93.43,1.14,26.91,lubrication_failure,warning
cnc,0.71,36.61,35.76,69.43,2.15,25.59,none,running
cnc,2.32,49.32,59.48,91.29,2.12,26.53,spindle_bearing_failure,warning
cnc,3.4,52.9,49.1,80.04,2.19,25.45,spindle_bearing_failure,warning
cnc,1.43,38.87,39.52,58.5,0.89,25.83,lubrication_failure,warning
cnc,0.83,40.36,41.62,76.01,2.15,25.44,none,running
cnc,0.89,39.11,39.92,76.84,2,25.16,none,running
cnc,1.4,48.02,43.63,94.03,2.24,27.63,tool_wear,warning
cnc,1.05,48.51,45.41,73.54,2.05,25.99,tool_wear,running
cnc,1.85,39.92,23.58,55,2.23,25.69,tool_breakage,running
cnc,6.23,88.77,53.62,107.34,2.1,25.08,tool_breakage,fault
cnc,3.46,59.28,60.66,101.72,2.23,26.26,spindle_bearing_failure,warning
cnc,1.08,52.03,42.49,73.41,2.09,25.98,tool_wear,running
cnc,3.1,39.45,48.41,74.25,0.82,27.52,lubrication_failure,warning
cnc,3.51,38.71,50.65,77.62,2.22,25.65,spindle_bearing_failure,warning
cnc,0.76,34.41,26.17,55,2.06,27.15,tool_wear,running
cnc,2.33,29.53,43.33,62.8,0.93,24.9,lubrication_failure,warning
cnc,0.71,36.27,37.03,71.78,2.01,26.04,none,running
cnc,2.91,47.2,58.93,89.06,1.93,25.76,spindle_bearing_failure,warning
cnc,4.56,57.36,63.52,98.73,1.93,25.51,spindle_bearing_failure,fault
cnc,1.62,20.26,31.1,55,2,27.11,spindle_bearing_failure,running
cnc,1.87,51.53,56.79,71.39,1.21,25.97,lubrication_failure,running
cnc,2.69,43.65,46.34,81.28,2.12,26.52,spindle_bearing_failure,warning
cnc,5.89,77,48.04,87.99,2.15,24.25,tool_breakage,fault
cnc,0.83,45.82,42.54,79.48,2.08,27.36,none,running
cnc,1.22,54.97,43.5,80.1,2.12,24.29,tool_wear,running
cnc,1.76,67.24,54.14,90.67,1.92,25.57,spindle_bearing_failure,running
cnc,4.44,88.77,50.69,96.39,2.16,25.1,tool_breakage,warning
cnc,1.29,59.09,40.02,79.08,2.16,27.73,tool_wear,running
cnc,1.24,49.59,43.32,76.04,2.41,25.65,tool_wear,running
cnc,0.73,33.82,30.98,55.05,1.97,25.15,tool_wear,running
cnc,1.55,67.67,48.61,88.44,1.94,25.48,tool_wear,running
cnc,6.68,81.81,50.66,102.83,1.96,27.11,tool_breakage,fault
cnc,3.35,41.33,28.99,55.48,2.02,26.07,tool_breakage,warning
cnc,0.6,42.51,37.65,70.3,2,26.26,none,running
cnc,2.03,38.79,23.12,55,2.04,24.64,tool_breakage,warning
cnc,0.75,43.4,42.08,80.85,2.04,26.56,none,running
cnc,0.76,36.5,36.35,67.45,1.98,27.32,none,running
cnc,1.35,56.43,46.86,84.79,2.23,25.88,tool_wear,running
cnc,5.62,77.85,51.55,107.56,2.05,25.43,tool_breakage,fault
cnc,3.09,47.45,44.84,75.5,2.13,26.36,spindle_bearing_failure,warning
cnc,1.63,61.84,47.82,95.84,2.07,25.62,tool_wear,warning
cnc,1.27,66.77,56.55,94.6,2.22,28.21,tool_wear,warning
cnc,1.78,24.03,31,55,2.05,26.26,tool_wear,running
cnc,2.16,53.56,60.38,85.32,2.06,27.39,spindle_bearing_failure,warning
cnc,1.45,55.11,49.02,94.63,1.88,26.66,tool_wear,warning
cnc,1.33,46.23,41.39,82.21,1.94,25.97,tool_wear,running
cnc,4.23,44.37,30.98,60.3,2.23,24.39,tool_breakage,warning
cnc,2.01,57.96,51.13,87.85,1.99,26.02,spindle_bearing_failure,warning
cnc,0.92,45.89,45.64,80.01,1.93,24.76,tool_wear,running
cnc,2.52,53.87,52.33,87.67,0.82,25.13,lubrication_failure,warning
cnc,3.23,45.87,52.82,80.64,1.14,26.4,lubrication_failure,warning
cnc,2.47,56.44,55.35,79.21,0.78,24.81,lubrication_failure,fault
cnc,6.09,84.4,55.25,101.72,2.11,25.55,tool_breakage,fault
cnc,2.96,51.57,70.28,94.96,2.24,25.4,spindle_bearing_failure,fault
cnc,4.87,61.38,34.07,68.29,2.2,27.56,tool_breakage,fault
cnc,1.44,47.98,41.13,85.9,2.12,27.54,tool_wear,running
cnc,1.24,49.03,42.56,77.37,2.27,25.12,tool_wear,running
cnc,3.37,65.44,74.03,99.25,2.21,26.49,spindle_bearing_failure,fault
cnc,3.37,51.54,70.07,99.92,1.28,25.64,lubrication_failure,fault
cnc,2.22,38.38,46.4,82.81,1.22,25.1,lubrication_failure,warning
cnc,7.3,84.1,52.3,99.92,2.21,26.84,tool_breakage,fault
cnc,3.67,53.84,65.9,100.52,2.01,28.24,spindle_bearing_failure,warning
cnc,4.65,84.81,52.47,94.59,2.09,26.72,tool_breakage,fault
cnc,0.37,20.71,23.09,55,1.99,24.01,none,running
cnc,1.65,62.55,48.78,91.16,2.21,25.55,tool_wear,running
cnc,5.12,62.92,44.17,86.04,2.09,26.13,tool_breakage,fault
cnc,3.63,45.33,49.39,78.28,2.05,24.59,spindle_bearing_failure,warning
cnc,0.76,39.4,40.89,78.17,2.14,25.56,none,running
cnc,1.35,58.52,49.53,97.62,1.79,26.41,tool_wear,warning
cnc,1.89,46.64,44.73,73.6,2.19,27.34,spindle_bearing_failure,running
cnc,3.31,60.54,63.23,101.29,1.87,24.52,none,warning
cnc,4.49,85.77,51.81,103.01,2.17,26.23,tool_breakage,warning
cnc,1.17,64.12,50.29,94.08,2.2,27.77,tool_wear,warning
cnc,3.97,43.54,52.11,91.56,2.11,26.44,spindle_bearing_failure,warning
cnc,1.49,45.98,41.72,74.39,2.06,26.01,tool_wear,running
cnc,2.77,40.02,23.8,55,2.12,27.17,tool_breakage,warning
cnc,0.9,29.26,31.78,55,1.05,26.01,lubrication_failure,warning
cnc,3.04,45.46,51.76,84.62,2.2,27.12,spindle_bearing_failure,warning
cnc,0.43,19.43,20,55,2.1,24.85,none,running
cnc,0.66,41.54,36.72,74.11,2.2,25.41,none,running
cnc,2.47,40.82,26.56,55,2.2,25.94,tool_breakage,warning
cnc,2.48,31.53,35.32,55,2.14,25.11,spindle_bearing_failure,warning
cnc,4.71,68.46,46.75,94.09,2.28,26.91,tool_breakage,fault
cnc,5.41,81.42,50.44,98.81,2.02,25.61,tool_breakage,fault
cnc,2.87,52.19,59.34,90.62,1.18,25.79,lubrication_failure,warning
cnc,1.54,69.78,52.7,99.2,2.07,26.64,tool_wear,warning
cnc,0.87,41.95,42.11,79.18,1.84,25.59,none,running
cnc,1.3,47.73,45.09,89.03,1.99,25.04,tool_wear,running
cnc,7.48,85.93,54,110,2.12,23.75,tool_breakage,fault
cnc,0.98,46.12,47.69,93.98,2.2,26.24,none,warning
cnc,3.76,48.53,64.82,97.64,0.94,27.08,lubrication_failure,warning
cnc,0.86,44.4,46.39,90.48,2.13,27.24,none,running
cnc,0.71,42.47,39.54,75.96,1.97,25.19,none,running
cnc,1.67,40.45,35.83,61.74,1.03,26.22,lubrication_failure,warning
cnc,2.34,53.08,59.08,94.39,1.24,26.99,lubrication_failure,warning
cnc,6.85,78.12,52.23,94.71,1.95,27.4,tool_breakage,fault
cnc,4.98,62.14,42.39,72.76,2.06,25.08,tool_breakage,fault
cnc,3.4,56.75,62.9,86.61,2.09,27.78,spindle_bearing_failure,warning
cnc,3.56,46.27,24.98,55,1.96,24.4,tool_breakage,warning
cnc,3.63,36.37,44.5,82.58,2.24,25.94,spindle_bearing_failure,warning
cnc,3.21,50.13,51.61,74.19,2.1,24.7,spindle_bearing_failure,warning
cnc,4.34,78.09,53.41,106.26,2.03,25.26,tool_breakage,warning
cnc,1.33,49.62,51.74,90.48,2.16,25.08,tool_wear,running
cnc,2.78,48.73,61.28,92.52,2.21,27.18,spindle_bearing_failure,warning
cnc,1.98,31.62,39.74,65.34,2.17,26.11,spindle_bearing_failure,running
cnc,2.21,39.35,54.8,80.13,2.03,25.18,spindle_bearing_failure,warning
cnc,0.75,35.4,37.6,70.85,2.06,25.58,none,running
cnc,3.85,54.7,30.8,64.58,2.18,25.44,tool_breakage,warning
cnc,2.29,50.81,58.46,99.65,1.4,25.27,lubrication_failure,warning
cnc,1.38,22.01,29.92,55,1.17,24.71,lubrication_failure,warning
cnc,5.9,65.25,46.53,90.93,2.04,27.1,tool_breakage,fault
cnc,1.5,28.17,36.96,55.05,0.78,25.5,lubrication_failure,fault
cnc,1.16,56.99,53.36,93.11,2.18,23.72,spindle_bearing_failure,warning
cnc,0.5,23,24.52,55,2.25,26.72,none,running
cnc,1.47,61.94,45.3,82.4,2.03,24.74,tool_wear,running
cnc,0.75,40.65,41.19,77.8,2.2,24.52,none,running
cnc,0.96,43.32,45.49,85.83,2.04,26.36,none,running
cnc,1.02,54.63,40.72,78.71,2.02,25.74,tool_wear,running
cnc,3.62,69.51,37.35,77.6,2.12,27.53,tool_breakage,warning
cnc,4.98,85.2,48.07,92.5,2.14,24.97,tool_breakage,fault
cnc,3.49,46.48,27.29,60.1,2.01,25.64,lubrication_failure,warning
cnc,0.44,22.73,23.07,55,1.98,26.94,none,running
cnc,3.64,58.69,32.6,69.76,2.27,26.86,tool_breakage,warning
cnc,3.32,45.25,47.28,80.46,1.8,27.18,spindle_bearing_failure,warning
cnc,1.53,70.75,56.37,93.45,1.79,26.8,tool_wear,warning
cnc,7.14,96.96,52.07,95.79,2.04,26.06,tool_breakage,fault
cnc,0.55,28.43,26.12,55,2.02,26.07,none,running
cnc,3.67,59.93,64.72,94,1.87,24.89,spindle_bearing_failure,warning
cnc,0.55,24.87,25.89,55,2.08,26.14,tool_wear,running
cnc,0.76,39.48,35.28,70.23,1.88,26.98,none,running
cnc,6.55,82.51,45.92,90.75,2.17,27.59,tool_breakage,fault
cnc,5.23,81.66,47.28,97.1,2.23,25.99,tool_breakage,fault
cnc,1.29,66.76,53.82,89.87,1.99,27.21,tool_wear,running
cnc,5.88,75.99,44.6,82.26,2,24.74,tool_breakage,fault
cnc,1.22,50.26,50.12,89.31,2.08,25.92,tool_wear,running
cnc,1.88,52.44,54.99,99.43,0.69,24.8,lubrication_failure,fault
cnc,3.66,44.33,30.78,60.01,1.98,25.71,tool_breakage,warning
cnc,1.91,52.74,60.87,88.32,1.13,24.01,lubrication_failure,warning
cnc,2.81,55.48,66.35,99.81,2.13,24.65,spindle_bearing_failure,warning
cnc,0.82,44.33,43.77,82.78,2,26.82,none,running
cnc,0.6,24.75,20,55,1.86,25.3,tool_wear,running
cnc,3.62,61.55,54.8,91.87,2.26,26.09,spindle_bearing_failure,warning
cnc,1.99,40.48,55.33,83.97,0.97,27.11,lubrication_failure,warning
cnc,1.52,51.49,41.69,79.26,1.86,25.28,tool_wear,running
cnc,0.77,36.04,23.64,55,2.18,26.62,tool_wear,running
cnc,0.93,38.17,32.55,60.68,2.11,26.15,tool_wear,running
cnc,3.67,64.53,41.4,84.56,2.01,25.22,tool_breakage,warning
cnc,2.74,63.52,78.7,102.35,0.93,28.26,lubrication_failure,fault
cnc,2.28,45.59,66.22,97.1,1.27,26.52,none,warning
cnc,2.74,58.32,57.99,86.32,1.94,27.19,spindle_bearing_failure,warning
cnc,1.4,61.09,44.51,86.1,2.19,27.25,tool_wear,running
cnc,1.24,51.68,50.51,85.76,2.07,23.57,tool_wear,running
cnc,5.04,88.87,51.57,108.55,2.01,27.97,tool_breakage,fault
cnc,1.07,48.67,44.26,79.09,2.09,26.13,tool_wear,running
cnc,3.45,48.51,28.38,58.24,2.26,27.47,tool_breakage,warning
cnc,3.22,45.58,24.29,55,1.88,25.17,tool_breakage,warning
cnc,0.79,40.69,39.07,75.59,2.06,25.13,none,running
cnc,1.68,67.61,56.87,97.38,2.2,24.53,tool_wear,warning
cnc,6.52,94.62,58.77,105.86,2.09,26.65,tool_breakage,fault
cnc,3.95,51.04,59.5,81.41,2.26,26.06,spindle_bearing_failure,warning
cnc,4.71,66.5,43.48,84.81,2.06,25.42,tool_breakage,fault
cnc,2.81,46.65,64.79,101.16,2.16,27.79,spindle_bearing_failure,warning
cnc,1.91,54.97,55.63,82.93,1.88,25.57,spindle_bearing_failure,running
cnc,0.95,43.76,45.94,83.43,2.05,25.75,none,running
cnc,0.62,39.69,37.86,78.48,2.37,24.76,none,running
cnc,1.27,49.17,46.82,85.34,2.24,26.47,tool_wear,running
cnc,4.43,57.11,59.13,97.14,2.02,25.87,spindle_bearing_failure,warning
cnc,2.75,43.54,49.32,81.24,1.23,26.55,lubrication_failure,warning
cnc,0.82,38.4,43.28,81.02,1.97,25.08,none,running
cnc,1.48,60.17,47.35,92.57,2.17,25.17,tool_wear,warning
cnc,3.28,61.32,67.64,84.9,0.88,26.07,lubrication_failure,warning
cnc,6.56,72.37,53.33,91.32,2.17,24.48,tool_breakage,fault
cnc,2.09,45.43,51.32,91.23,2.03,24.77,spindle_bearing_failure,warning
cnc,4.82,55.72,54.24,104.03,2.1,24.5,spindle_bearing_failure,fault
cnc,0.78,38.91,37.29,72.25,2.23,25.69,none,running
cnc,1.49,56.83,51.82,93.16,2.14,27.45,tool_wear,warning
cnc,1.59,52.85,57.53,87.98,1.13,25.33,lubrication_failure,warning
cnc,1.79,47.94,47.86,76.65,1.06,27.9,lubrication_failure,warning
cnc,1.68,35.55,47.2,71.49,1.75,24.68,tool_breakage,running
cnc,3.06,57.89,48.44,89.19,0.74,26.03,lubrication_failure,fault
cnc,3.64,51.28,59.54,99.38,2.18,27.67,spindle_bearing_failure,warning
cnc,0.78,41.98,43.14,80.73,2.34,25.78,none,running
cnc,3.06,37.26,56.29,83.94,2.2,26.83,spindle_bearing_failure,warning
cnc,3.65,50,29.36,59.25,2,24.95,tool_breakage,warning
cnc,0.54,33.05,29.26,55.53,2.09,25.87,none,running
cnc,4.2,46.21,70.27,96.41,2.03,24.48,spindle_bearing_failure,fault
cnc,0.73,41.7,37.95,73.27,1.86,24.41,none,running
cnc,2.22,61.81,63.7,81.87,0.91,25.52,lubrication_failure,warning
cnc,2.07,38.13,47.14,56.65,0.93,26.98,lubrication_failure,warning
cnc,3.64,51.38,66.16,104.18,2.18,26.67,spindle_bearing_failure,warning
cnc,3.2,39.16,60.48,84.86,1.9,24.79,spindle_bearing_failure,warning
cnc,3.15,48.73,51.08,73.91,2.21,26.87,spindle_bearing_failure,warning
cnc,2.53,44.74,57.88,86.2,2.06,26.12,spindle_bearing_failure,warning
cnc,4.28,63.81,67.74,100.32,1.95,26.81,spindle_bearing_failure,warning
cnc,1,47.14,36.92,62.28,2.21,25.79,tool_wear,running
cnc,4.11,76.46,49.3,92.33,2.23,25.43,tool_breakage,warning
cnc,0.9,43.2,39.76,76.1,2.06,25.38,none,running
cnc,0.71,36.91,37.47,74.83,2.15,26.45,none,running
cnc,2.3,28.73,33.06,55,2.07,26.4,spindle_bearing_failure,warning
cnc,2.07,45.09,56.56,79.71,1.96,25.74,spindle_bearing_failure,warning
cnc,0.75,34.11,34.92,69.4,2.11,24.53,none,running
cnc,1.27,22.08,24.41,55,1.93,25.86,spindle_bearing_failure,running
cnc,3.34,44.17,44.79,77,1.83,24.55,spindle_bearing_failure,warning
cnc,1.51,60.42,55.92,101.11,2.28,26.71,tool_wear,warning
cnc,1.12,55.89,43.89,82.78,2,26.77,tool_wear,running
cnc,4.43,73.76,44.82,81.91,1.97,26.07,tool_breakage,warning
cnc,2.98,44.99,45.36,80.5,2.27,25.6,spindle_bearing_failure,warning
cnc,1.53,51.49,50.12,98.88,2.03,27.09,tool_wear,warning
cnc,0.63,22.82,22.6,55,2.15,26.66,tool_wear,running
cnc,1.51,52.42,44.84,78.39,1.85,25.31,tool_wear,running
cnc,6.09,69.24,44.26,85.33,2.06,27.33,tool_breakage,fault
cnc,1.38,58.7,46.53,88.46,1.91,25.85,tool_wear,running
cnc,1.31,58.43,52.52,82.75,2.12,26.2,tool_wear,running
cnc,5.23,85.56,55.54,105.93,2.26,24.24,tool_breakage,fault
cnc,7.02,76.66,45.26,90.59,2.03,27.68,tool_breakage,fault
cnc,1.11,35.74,32.13,59.46,0.94,25.5,lubrication_failure,warning
cnc,1.27,56.01,43.13,78.92,1.98,27.29,tool_wear,running
cnc,1.34,59.65,44.38,83.6,1.99,25.02,tool_wear,running
cnc,4.33,54.66,68.69,94.22,2.23,25.29,spindle_bearing_failure,warning
cnc,4.12,81.77,55.02,92.37,2.1,25.6,tool_breakage,warning
cnc,2.39,52,52.05,72.83,2.08,25.25,spindle_bearing_failure,warning
cnc,1.06,43.44,38.33,73.68,2.08,24.06,tool_wear,running
cnc,0.93,38.72,42.56,81.07,2.04,25.1,none,running
cnc,1.68,68.75,53.46,94.6,2.09,25.4,tool_wear,warning
cnc,3.59,53.42,54.2,88.93,1.98,26.05,spindle_bearing_failure,warning
cnc,1.4,27.05,35.64,55,2.08,26.88,spindle_bearing_failure,running
cnc,0.87,40.08,40.98,79.06,2.2,23.91,none,running
cnc,1,21.81,27.52,55,0.96,26.27,lubrication_failure,warning
cnc,3.08,47.89,57.34,88.64,2.12,25.72,spindle_bearing_failure,warning
cnc,3.62,51.26,67.77,105.75,2.11,27.47,spindle_bearing_failure,warning
cnc,4.77,74.84,49.71,94.33,2.02,26.31,tool_breakage,fault
cnc,2.27,49.64,69.31,101.97,2.13,25.7,spindle_bearing_failure,warning
cnc,1.12,48.6,53.98,89.39,2,26.11,tool_wear,running
cnc,0.79,37.27,39.8,78.57,2.16,24.53,none,running
cnc,1.01,53.1,41.49,77.74,1.9,25.11,tool_wear,running
cnc,6.36,76.24,52.82,95.85,2.03,27.11,tool_breakage,fault
cnc,2.67,54.49,54.77,99.67,0.69,25.79,lubrication_failure,fault
cnc,0.92,43.15,46.98,89.16,2.14,25.4,none,running
cnc,3.17,45.81,61.79,94.41,1.85,27.46,spindle_bearing_failure,warning
cnc,2.45,40.56,23.9,55,2.01,25.26,tool_breakage,warning
cnc,2.03,41.41,36.4,66.24,2.18,24.6,spindle_bearing_failure,warning
cnc,1.15,46.46,40.51,78.5,2.09,25.14,tool_wear,running
cnc,2.72,49.94,53.73,88.78,0.92,25.04,lubrication_failure,warning
cnc,2.61,52.28,48.44,77.41,2.06,24.03,spindle_bearing_failure,warning
cnc,2.99,48.46,58.43,79.79,1.29,26.24,lubrication_failure,warning
cnc,4.94,79.31,47.13,100.15,2.33,27.36,tool_breakage,fault
cnc,4.13,76.86,45.36,84.77,1.91,26.9,tool_breakage,warning
cnc,0.44,29.77,27.35,55,2.38,25.8,none,running
cnc,0.72,30.62,27.97,55,2.25,25.94,tool_wear,running
cnc,2.7,63.74,59.84,101.03,2.2,26.69,spindle_bearing_failure,warning
cnc,5.48,84.45,47,95.52,2.04,26.73,tool_breakage,fault
cnc,2.13,44.08,47.44,62.43,0.71,26.26,lubrication_failure,fault
cnc,3.66,67.59,38.7,79.1,2.29,25.96,tool_breakage,warning
cnc,4.59,73.97,46.73,86.55,2.2,26.49,tool_breakage,fault
cnc,1.5,49.29,46.35,80.84,2.06,26.57,tool_wear,running
cnc,2.95,53.25,67.65,103.59,1.4,25.31,lubrication_failure,warning
cnc,1.39,36.82,49.77,80.83,1.07,24.56,lubrication_failure,warning
cnc,0.81,45.11,48.16,86.74,2.07,26.27,none,running
cnc,4.76,55.37,37.09,68.49,2.28,25.64,tool_breakage,fault
cnc,3.56,48.01,67.34,87.72,0.83,25.52,lubrication_failure,warning
cnc,1.15,50.33,47.96,89.52,2.1,24.55,tool_wear,running
cnc,0.93,46.36,44.78,87.73,2.05,26.52,none,running
cnc,0.88,38.97,32.88,55,1.88,27.71,tool_wear,running
cnc,2.08,39.41,44.48,75.91,2.18,25.36,spindle_bearing_failure,warning
cnc,2.76,47.21,72.37,90.32,0.87,26.1,lubrication_failure,fault
cnc,1.52,58.83,51.27,92.03,1.86,25.49,tool_wear,warning
cnc,1.23,62.75,56.25,98.5,1.93,26.86,tool_wear,warning
cnc,2.92,50.83,30.4,57.78,2.05,26,tool_breakage,warning
cnc,2.49,48.01,63.47,89.34,1.22,25.96,lubrication_failure,warning
cnc,1.28,51.86,40.32,76.65,2.12,25.55,tool_wear,running
cnc,3.81,63.71,40.5,80.29,2.06,24.68,tool_breakage,warning
cnc,4.91,84.98,53.23,101.77,1.82,25.09,tool_breakage,fault
cnc,1.73,51.37,44.79,92.32,2.29,25.58,tool_wear,warning
cnc,1.25,44.69,43.81,79.16,2.11,26.32,tool_wear,running
cnc,3.88,55.94,73.66,100.09,1.21,27.5,lubrication_failure,fault
cnc,0.97,36.4,31.16,59.57,2.31,25.02,tool_wear,running
cnc,2.83,49.42,62.9,92.89,0.74,25.7,lubrication_failure,fault
cnc,0.8,51.52,47.07,91.13,1.96,25.5,none,running
cnc,3.05,49.89,67.52,93.85,2.13,27.75,spindle_bearing_failure,warning
cnc,5.32,74.69,40.93,88.34,2.22,25.29,tool_breakage,fault
cnc,1.3,50.1,44.61,83.32,1.87,27.82,tool_wear,running
cnc,0.63,43.85,40.64,77.72,2.17,27.05,none,running
cnc,1.83,64.99,49.06,103.24,1.88,26.8,tool_wear,warning
cnc,0.94,41.31,38.99,77.06,2.02,25.16,none,running
cnc,1.35,65.03,51.98,87.27,2.04,26.02,tool_wear,running
cnc,1.66,50.32,59.94,84.79,1.11,26,lubrication_failure,warning
cnc,0.74,45.3,40.65,81.09,2.13,26.35,none,running
cnc,0.59,34.38,36.79,70.08,2.12,26.76,none,running
cnc,0.84,36.18,37.58,74.33,2.13,24.84,none,running
cnc,4.99,81,52.38,93.63,2.23,26.4,tool_breakage,fault
cnc,0.72,22.77,21.16,55,1.96,27.34,tool_wear,running
cnc,6.21,70.28,42.92,77.64,2.03,25.61,tool_breakage,fault
cnc,1.88,37.82,49.64,81.28,2.01,27.31,spindle_bearing_failure,running
cnc,4.37,54.97,29.57,55,2.31,26.05,tool_breakage,warning
cnc,6.24,65.18,46.19,82.87,2.14,27.26,tool_breakage,fault
cnc,0.9,41.75,42.15,78.13,2.03,25.72,none,running
cnc,1.26,59.26,46.09,91.17,2.04,26.59,tool_wear,running
cnc,2.11,59.57,71.76,96.73,1.07,28.15,lubrication_failure,fault
cnc,1.65,30.81,36.94,55,2.06,26.76,spindle_bearing_failure,running
cnc,1.75,31.26,31.81,55,0.89,26.13,lubrication_failure,warning
cnc,0.78,47.21,38.97,78.23,2.03,26.16,none,running
cnc,0.93,47.16,41.55,78.69,1.97,25.41,none,running
cnc,0.72,39.02,35.7,68.28,2.29,25.7,none,running
cnc,0.77,44.2,39.57,73.68,2.21,27.83,none,running
cnc,0.73,41.38,42.57,77.51,2.21,26.88,none,running
cnc,1.27,71.19,53.19,90.22,1.93,24.76,tool_wear,running
cnc,1.59,31.3,39.48,55,1.98,24.32,spindle_bearing_failure,running
cnc,0.83,41.06,30.84,55.2,1.76,26.68,tool_wear,running
cnc,1.14,53.59,43.86,79.26,2.18,26.25,tool_wear,running
cnc,1.81,57.72,50.45,85.13,1.09,25.79,lubrication_failure,warning
cnc,4.39,52.69,58.59,102.19,2.27,25.74,spindle_bearing_failure,warning
cnc,1.91,52.27,62.86,101.89,1.47,24.52,lubrication_failure,warning
cnc,6.04,84.72,45.21,99.31,1.99,26.29,tool_breakage,fault
cnc,2.9,46.45,48.1,78.96,1.9,25.58,spindle_bearing_failure,warning
cnc,1.28,42.82,41.77,75.3,2.18,24.87,tool_wear,running
cnc,0.76,43.78,40.93,77.94,2.02,26.72,none,running
cnc,3.25,42.16,69.27,89.92,1.13,28.12,lubrication_failure,warning
cnc,3.26,48.31,58.92,99.91,1.98,26.87,spindle_bearing_failure,warning
cnc,5.69,86.9,50.54,103.08,1.91,26.73,tool_breakage,fault
cnc,4.21,47.38,66.38,89.77,1.94,26.79,spindle_bearing_failure,warning
cnc,2.79,47.19,43.06,74.39,1.78,26.94,spindle_bearing_failure,warning
cnc,1,37.63,43.36,60.8,0.86,26.3,lubrication_failure,warning
cnc,2.27,26.97,38.11,56.71,2.2,25.88,spindle_bearing_failure,warning
cnc,3.91,62.94,66.94,95.02,2.17,26.02,spindle_bearing_failure,warning
cnc,0.91,51.7,47.6,87.19,1.97,25.02,none,running
cnc,2.75,57.41,58.21,97.42,1.97,25.08,spindle_bearing_failure,warning
cnc,1.41,55.82,55.57,98.19,2.02,24.98,tool_wear,warning
cnc,4.11,72.05,48.96,92.94,1.97,25.4,tool_breakage,warning
cnc,6.35,74.89,46.89,89.96,2.05,24.81,tool_breakage,fault
cnc,4.56,77.69,52.85,95.05,2.2,26.06,tool_breakage,fault
cnc,4.17,74.61,48.02,93.25,2.02,25.67,tool_breakage,warning
cnc,1.17,44.23,38.1,75.22,2.29,25.69,tool_wear,running
cnc,1.01,52.69,41.97,67.5,2.22,24.11,tool_wear,running
cnc,0.71,37.07,34.42,66.24,1.95,26.41,none,running
cnc,2.28,44.64,53.31,84.36,2.07,25.72,spindle_bearing_failure,warning
cnc,6.66,82.16,45.58,89.47,1.97,27.08,tool_breakage,fault
cnc,2.05,49.99,48.29,81.94,1.29,26.79,lubrication_failure,warning
cnc,2.48,54.96,69.02,93.92,1.96,25.2,spindle_bearing_failure,warning
cnc,1.52,52.89,46.49,85.22,1.95,25.21,tool_wear,running
cnc,0.69,38.97,38.17,73.07,2.26,25.55,none,running
cnc,0.85,30.96,25.78,55,2.24,27.82,tool_wear,running
cnc,0.98,45.06,48.27,75.75,2.1,25.74,tool_wear,running
cnc,4.03,57.08,54.4,95.85,2.1,27.21,spindle_bearing_failure,warning
cnc,3.62,48.34,28.97,55,2.13,26.59,tool_breakage,warning
cnc,4.73,74.9,49.01,97.86,2.1,27.19,tool_breakage,fault
cnc,4.12,47.55,56.31,94.48,2.07,26.5,spindle_bearing_failure,warning
cnc,3.21,53.16,70.33,102.41,0.97,26.93,lubrication_failure,fault
cnc,2.73,38.61,48.5,73.26,2.03,25.87,spindle_bearing_failure,warning
cnc,1.05,63.03,49.17,91.47,2.15,26.3,tool_wear,running
cnc,2.02,35.84,22.79,55,2.1,27.28,tool_breakage,warning
cnc,0.62,41.07,38.7,71.44,2.11,25.52,none,running
cnc,0.77,38.79,35.98,69.1,2.23,25.98,none,running
cnc,2.72,46.27,29.45,61.29,2.11,27.47,tool_breakage,warning
cnc,1.45,54.53,38.79,76.46,1.96,25.6,tool_wear,running
cnc,0.54,31.16,27.82,55,2.22,24.89,none,running
cnc,0.92,46.84,48.71,92.09,2.02,25.5,none,warning
cnc,5.48,85.13,52.77,90.91,1.95,23.88,tool_breakage,fault
cnc,5.26,75.44,48.25,94.73,2.21,25.26,tool_breakage,fault
cnc,5.53,78.17,45.08,81.97,2.2,25.64,tool_breakage,fault
cnc,2.58,45.56,29.81,55,2.14,25.64,tool_breakage,warning
cnc,5.41,75.19,51.4,93.3,2.1,26.12,tool_breakage,fault
cnc,1.49,63.7,49.2,95.41,2.13,26.82,tool_wear,warning
cnc,1.46,37.96,47.35,63.17,2,25.48,spindle_bearing_failure,running
cnc,2.43,56.79,66.41,95.88,2.24,26.22,spindle_bearing_failure,warning
cnc,0.67,41.81,38.02,73.31,2.18,26.85,none,running
cnc,2.71,48.54,61.73,90.29,1.96,25.22,spindle_bearing_failure,warning
cnc,1.86,54.1,54.76,88.09,2.1,27.24,tool_wear,running
cnc,4.36,68.87,45.71,90.3,1.91,27.07,tool_breakage,warning
cnc,0.57,24.72,24.88,55,1.95,25.86,none,running
cnc,0.51,29.22,25.13,55,2.05,26.13,none,running
cnc,5.29,84.95,57.64,110,2.18,24.62,tool_breakage,fault
cnc,3.26,48.89,58.61,75.11,2.01,26.05,spindle_bearing_failure,warning
cnc,2.75,42.31,56.53,85.03,1.3,25.83,lubrication_failure,warning
cnc,3.31,46.39,57.44,89.16,2.08,26.79,spindle_bearing_failure,warning
cnc,7.55,85.41,53.44,110,2.27,26.99,tool_breakage,fault
cnc,0.64,38.14,34.93,66.18,2.13,24.58,none,running
cnc,3.11,59.5,60.93,99.66,2.04,27.9,spindle_bearing_failure,warning
cnc,0.77,45.18,46.12,89.17,1.89,26.6,none,running
cnc,3.43,50.92,55.97,88.19,1.96,25.45,spindle_bearing_failure,warning
cnc,0.68,39.17,35.82,69.71,2.2,25.02,none,running
cnc,4.67,83.03,51.11,103.74,2.22,25.4,tool_breakage,fault
cnc,3.62,54,63.47,93.07,2.21,24.46,spindle_bearing_failure,warning
cnc,3.24,45.12,60.79,73.27,1.19,27.25,lubrication_failure,warning
cnc,0.78,35.89,40.69,77.38,1.98,25.95,none,running
cnc,6.33,68.2,44.98,87.29,2.11,25.62,tool_breakage,fault
cnc,3.6,43.18,64.11,97.22,1.86,23.85,spindle_bearing_failure,warning
cnc,1.75,29.22,46.45,63.32,0.73,26.97,lubrication_failure,fault
cnc,1.26,58.97,52.82,86.87,2.15,26.21,tool_wear,running
cnc,4.68,76.63,41.96,80.02,2.31,24.52,tool_breakage,fault
cnc,4.15,58.01,33.66,63.05,2.01,26.08,tool_breakage,warning
cnc,2.21,53.97,64.83,99.04,2.05,26.23,spindle_bearing_failure,warning
cnc,0.98,45.51,46.93,93,1.92,27.23,none,warning
cnc,2.01,36.23,35.16,55,2.01,25.82,spindle_bearing_failure,warning
cnc,1.06,62.7,47.18,82.15,2.19,25.27,tool_wear,running
cnc,1.92,49.41,51.74,77.36,1.9,26.71,spindle_bearing_failure,running
cnc,2.4,44,51.26,78.49,0.78,26.17,lubrication_failure,fault
cnc,1.31,49.02,37.23,70.04,2.22,24.63,tool_wear,running
cnc,0.72,35.2,38.35,68.7,1.91,25.32,none,running
cnc,0.93,37.1,31.43,55.15,2.18,26.99,tool_wear,running
cnc,0.94,21.81,28.68,55,0.78,25.16,lubrication_failure,fault
cnc,0.64,38.09,38.85,68.86,2.09,25.35,none,running
cnc,0.71,40.51,42.12,78.93,2.08,24.27,none,running
cnc,3.74,45.33,54.9,89.12,2.3,27.52,spindle_bearing_failure,warning
cnc,3.97,90.95,53.58,96.06,2.16,27.41,tool_breakage,warning
cnc,1.57,32.51,27.9,55,0.65,26.46,lubrication_failure,fault
cnc,1.2,42.71,47.17,77.61,2.07,25.82,tool_wear,running
cnc,2.95,42.99,66.22,82.79,1.06,26.51,lubrication_failure,warning
cnc,5.71,67.61,38.69,83.61,1.89,26.83,tool_breakage,fault
cnc,1.54,31.02,37.8,55,1.29,26.17,lubrication_failure,running
cnc,0.51,25.29,25.31,55,1.94,26.25,none,running
cnc,2.43,52.9,52.52,88.44,0.7,27.58,lubrication_failure,fault
cnc,5.7,72.01,47.03,95.26,2.29,25.62,tool_breakage,fault
cnc,2.94,53.82,51.04,85.7,1.13,25.69,lubrication_failure,warning
cnc,1.22,35.94,32.63,55,0.61,25.4,lubrication_failure,fault
cnc,1.82,57.7,51.16,95.96,1.89,25.56,tool_wear,warning
cnc,6.38,76.88,46.47,90.53,2.06,26.19,tool_breakage,fault
cnc,1.2,65.79,53.96,93.72,1.98,25.65,tool_wear,warning
cnc,1.32,55.75,51.83,92.71,2.18,26.96,tool_wear,warning
cnc,1.58,53.06,45.9,80.33,2.26,26.59,tool_wear,running
cnc,2.41,51.22,56.7,100.39,1.15,26.56,lubrication_failure,warning
cnc,0.82,39.71,38.9,82.54,2.22,25.62,none,running
cnc,0.92,44.6,45.41,85.71,2.16,25.64,none,running
cnc,4.61,87.53,51.89,95.94,2.08,26.5,tool_breakage,fault
cnc,0.48,29.34,27.21,55,2.18,26.14,none,running
cnc,3.01,45.88,65.32,97.14,1.06,26.73,lubrication_failure,warning
cnc,4.89,79.23,51.34,92.14,2.37,27.16,tool_breakage,fault
cnc,3.76,59.62,63.78,89.29,2.25,26.46,spindle_bearing_failure,warning
cnc,2.48,50.44,27.63,55,1.93,24.11,tool_breakage,warning
cnc,2.03,35.03,36,55,1.2,25.17,lubrication_failure,warning
cnc,3.71,58.36,55.43,99.68,0.89,25.27,lubrication_failure,warning
cnc,0.65,33.01,29.37,57.76,1.87,26.75,none,running
cnc,2.66,62.37,58.33,93.47,0.97,25.4,lubrication_failure,warning
cnc,1.61,48.56,54.39,79.18,1.07,27.15,lubrication_failure,warning
cnc,2.18,31.63,42.36,60.58,0.79,24.32,lubrication_failure,fault
cnc,6.19,86.55,48.07,87.49,2.11,26.26,tool_breakage,fault
cnc,0.77,40.8,35.13,70.44,2.25,25.33,none,running
cnc,3.62,45.36,72.25,96.38,0.65,24.49,lubrication_failure,fault
cnc,2.5,60.97,77.2,95.43,1.14,24.88,lubrication_failure,fault
cnc,0.92,44.19,43.91,86.73,1.93,27.32,none,running
cnc,3.68,50.4,50.02,78.81,2.1,24.48,spindle_bearing_failure,warning
cnc,3.32,49.36,30.02,55,2.06,25.82,tool_breakage,warning
cnc,1.32,65.86,44.55,89.63,2.16,26.9,tool_wear,running
cnc,0.87,43.21,43.82,84.27,2.23,26.41,none,running
cnc,6.43,82.1,51.77,100.58,1.92,25.52,tool_breakage,fault
cnc,5.51,81.34,42.88,81.68,2.2,26.46,tool_breakage,fault
cnc,3.77,54.51,61.98,86.07,0.73,28.14,lubrication_failure,fault
cnc,1.41,29.04,29.03,55,0.78,25.58,lubrication_failure,fault
cnc,6.27,86.04,45.31,98.45,2.17,27.25,tool_breakage,fault
cnc,4.48,51.89,32.95,69.5,2.12,24.77,tool_breakage,warning
cnc,3.1,41.18,50.63,83.52,2.04,25.22,spindle_bearing_failure,warning
cnc,2.68,33.05,32.49,55,2.24,27.83,spindle_bearing_failure,warning
cnc,4.87,67.27,46.08,86.18,2.1,24.18,tool_breakage,fault
cnc,0.76,45.23,42.72,81.99,1.97,26.73,none,running
cnc,3.35,46.85,54.62,88.47,2.1,26.7,spindle_bearing_failure,warning
cnc,1.26,56.54,50.29,91.29,2.19,25.19,tool_wear,running
cnc,2.32,42.71,57.6,76.07,1.33,26.88,lubrication_failure,warning
cnc,0.95,47.41,47.61,87.65,2.17,26.69,none,running
cnc,2.16,45.99,48.73,84.45,1.11,25.17,lubrication_failure,warning
cnc,1.24,50.46,48.26,95.96,2.27,26.2,tool_wear,warning
cnc,0.78,42.55,38.34,73.06,2.19,26.13,none,running
cnc,6.42,88.12,52,89.02,2.21,23.98,tool_breakage,fault
cnc,1.87,25.29,29.6,55,1.83,24.1,spindle_bearing_failure,running
cnc,2.26,58.24,64.31,99.64,0.91,26.13,lubrication_failure,warning
cnc,1.22,37.01,35.6,66.36,1.08,25.51,lubrication_failure,warning
cnc,2.37,51.39,59.15,85.03,1.23,25.57,lubrication_failure,warning
cnc,2.02,38.22,23.69,55,2.02,25.86,tool_breakage,warning
cnc,5.92,78.72,53.37,106.79,2.2,27.22,tool_wear,fault
cnc,6.71,90.65,55.04,96.71,2.01,26.24,none,fault
cnc,1.82,51.34,70.39,98.01,0.68,25.03,lubrication_failure,fault
cnc,6.87,92.47,52.23,92.36,2.11,24.86,tool_breakage,fault
cnc,6.12,71.26,49.48,87.07,2.24,25.6,tool_breakage,fault
cnc,0.76,39.61,40.45,76.93,2.13,23.83,none,running
cnc,3.55,54.98,62.69,101.54,2.1,27.03,spindle_bearing_failure,warning
cnc,3.47,49.36,68.95,107.69,1.9,27.06,spindle_bearing_failure,warning
cnc,1.96,22.26,26.37,55,2.19,25.24,spindle_bearing_failure,running
cnc,0.67,37.57,36.3,70.54,2.27,26.19,none,running
cnc,2.87,53.68,60.01,100.56,2.09,24.49,spindle_bearing_failure,warning
cnc,4.47,67.08,41.38,89.52,2.17,26,tool_breakage,warning
cnc,2.89,52.21,56.29,78.03,1.29,26.93,lubrication_failure,warning
cnc,1.33,54.21,48.34,93.44,1.75,26.99,tool_wear,warning
cnc,1.8,31.36,40.19,60.56,1.08,24.3,lubrication_failure,warning
cnc,2.25,61.86,67.81,98.67,1.24,24.53,lubrication_failure,warning
cnc,0.85,43.29,40.86,78.45,2.21,25.94,none,running
cnc,1.22,57.03,43.37,81.14,1.85,27.18,tool_wear,running
cnc,1.86,47.96,44.29,75.86,0.9,24.67,lubrication_failure,warning
cnc,6.93,74.48,48.14,90.48,2.04,24.83,tool_breakage,fault
cnc,0.84,45.64,44.19,83.1,2.14,24.7,none,running
cnc,1.66,31.51,38.13,55,1.13,26.79,lubrication_failure,warning
cnc,1.2,30.4,39.44,55,2.19,24.91,spindle_bearing_failure,running
cnc,3.55,48.07,57.21,89.8,2.08,25.22,spindle_bearing_failure,warning
cnc,0.85,37.94,40.59,77.61,2.11,26.11,none,running
cnc,1.25,52.59,44.38,79.39,1.94,24.62,tool_wear,running
cnc,2.17,49.96,53.63,86.64,2.08,25.22,spindle_bearing_failure,warning
cnc,1.2,23.78,23.83,55,0.7,26.88,lubrication_failure,fault
cnc,2.53,59.35,50.16,82.39,1.26,25.46,lubrication_failure,warning
cnc,1.02,25.61,27.9,55,2.1,27.18,spindle_bearing_failure,running
cnc,2.73,57.59,59.55,84.99,2.07,26.19,spindle_bearing_failure,warning
cnc,2.3,42.05,56.06,82.24,1.93,24.7,spindle_bearing_failure,warning
cnc,0.81,43.18,44.44,83.35,2.11,27.26,none,running
cnc,1.46,52.16,47.1,80.53,1.91,26.21,tool_wear,running
cnc,0.78,45.12,39.69,82.83,2.1,26.82,none,running
cnc,5.27,63.95,46.55,85.2,2.13,26.6,tool_breakage,fault
cnc,0.84,43.54,43.69,78.12,2.24,28.14,none,running
cnc,5.47,60.02,41.7,79.55,2.2,26.46,tool_breakage,fault
cnc,1.21,63.51,56.16,89.67,2.23,26.24,tool_wear,running
cnc,0.84,51.59,44.05,90.42,2.24,26.07,none,running
cnc,1.72,26.27,35.11,55,1.45,24.86,lubrication_failure,running
cnc,6.81,85.09,51.66,98.18,2.08,27.96,tool_breakage,fault
cnc,0.9,40.56,41.77,77.22,2.23,26.95,none,running
cnc,3.1,49.74,30.29,60.44,2.25,25.62,tool_breakage,warning
cnc,4,48.03,52.76,83.7,2.05,25.21,spindle_bearing_failure,warning
cnc,1.78,33.69,37.98,67.55,1.96,26.27,spindle_bearing_failure,running
cnc,1.43,23.39,22.42,55,2.31,26.12,spindle_bearing_failure,running
cnc,0.75,43.24,37.68,76.03,2.03,26.03,none,running
cnc,1.26,58.36,52.09,90.55,1.99,25.85,tool_wear,running
cnc,0.7,38.32,36.2,68.23,2.08,26.31,none,running
cnc,0.89,39.51,42.42,78.12,1.97,25.18,none,running
cnc,1.87,49.24,55.74,86.9,2.04,26.25,tool_wear,running
cnc,4.02,44.7,58.81,85.18,2.02,25.23,spindle_bearing_failure,warning
cnc,2.16,40.75,60.42,86.24,0.62,27.38,lubrication_failure,fault
cnc,5.92,78.3,48.69,97.82,2.08,26.32,tool_breakage,fault
cnc,3.08,48.95,50.36,82.47,1.06,27.71,lubrication_failure,warning
cnc,2.5,32.21,32.11,58.63,1.92,25.46,spindle_bearing_failure,warning
cnc,3.07,53.36,55.18,88.02,1.91,24.76,spindle_bearing_failure,warning
cnc,0.72,38.43,37.06,69.54,1.96,27.24,none,running
cnc,2.67,53.83,57.61,84.35,0.79,25.51,lubrication_failure,fault
cnc,1.27,58.34,44.39,83.7,2.02,26.91,tool_wear,running
cnc,3.41,52.96,62.58,89.59,1.96,25.76,spindle_bearing_failure,warning
cnc,1.86,46.57,49.06,78.7,0.96,24.64,lubrication_failure,warning
cnc,0.7,35.72,38.01,66.95,2.23,25.3,none,running
cnc,2.43,38.61,42.14,61.79,1.04,27.05,lubrication_failure,warning
cnc,4.95,82.77,43.43,88.81,2.05,26.9,tool_breakage,fault
cnc,2.54,43.93,54.97,81.2,0.88,25.79,lubrication_failure,warning
cnc,0.78,37.15,36.87,75.11,2.28,24.98,none,running
cnc,3.26,51.27,61.59,101.45,2.35,24.78,spindle_bearing_failure,warning
cnc,2.62,36.99,33.21,55.25,2.15,26.79,spindle_bearing_failure,warning
cnc,3.22,63.63,61.69,95.69,2.22,24.61,spindle_bearing_failure,warning
cnc,3.3,42.87,50.28,83.36,1.95,26.07,spindle_bearing_failure,warning
cnc,3.24,54,57,101.35,2.05,26.54,spindle_bearing_failure,warning
cnc,3.34,51.79,63.9,91.79,0.93,26.23,lubrication_failure,warning
cnc,1.48,42.01,40.79,80.28,2.23,27.34,tool_wear,running
cnc,1.32,52.98,53.86,103.46,2.23,25.47,tool_wear,warning
cnc,3.13,57.97,35.18,73.11,2,24.56,tool_breakage,warning
cnc,2.58,43.45,27.23,56,1.98,27.11,tool_breakage,warning
cnc,1.42,53.78,42.77,80.18,2.19,26.64,tool_wear,running
cnc,0.59,36.07,35,67.85,1.92,27.38,none,running
cnc,2.38,40.48,34.16,63.2,2.12,25.56,spindle_bearing_failure,warning
cnc,1.33,51.05,49.83,87.76,2.23,25.51,tool_wear,running
cnc,2.82,41.92,51.94,86.41,2.11,26.97,spindle_bearing_failure,warning
cnc,1.96,41.5,53.49,82.38,0.93,26.91,lubrication_failure,warning
cnc,0.93,47.3,46.96,87.83,2.22,25.95,none,running
cnc,6.61,80.4,46.07,83.8,2.18,26.01,tool_breakage,fault
cnc,3.11,51.07,64.99,94.67,0.71,25.15,lubrication_failure,fault
cnc,2.1,33.5,30.15,55,2.15,27.12,spindle_bearing_failure,warning
cnc,2.98,53.51,62.71,98.03,2.07,26.04,spindle_bearing_failure,warning
cnc,2.19,32.84,31,55,2.18,27.93,spindle_bearing_failure,warning
cnc,3.3,47.67,60.69,86.35,0.82,26.5,lubrication_failure,warning
cnc,2.65,51.92,51.75,75.84,0.8,24.97,lubrication_failure,warning
cnc,2.86,46.87,54.74,76.64,1.29,27.19,lubrication_failure,warning
cnc,2.77,51.22,68.97,96.74,1.97,25.13,spindle_bearing_failure,warning
cnc,0.7,46.15,45.42,79.67,2.12,24.68,none,running
cnc,2.6,50.03,50.21,81.89,1.18,27.03,lubrication_failure,warning
cnc,1.02,29.94,26.09,55,1.19,26.36,lubrication_failure,warning
cnc,1.35,34.85,38.62,55,1.31,27.45,lubrication_failure,running
cnc,1.56,53.36,56.31,97.97,2.05,26.02,tool_wear,warning
cnc,1.52,29.49,38.35,55,0.97,27.55,lubrication_failure,warning
cnc,1.03,55.64,47.61,81.78,1.87,26.46,lubrication_failure,running
cnc,1.1,39.42,30.9,58.81,2.03,24.84,tool_wear,running
cnc,2.24,47.1,45.76,74.85,2.29,24.93,spindle_bearing_failure,warning
cnc,3.21,43.32,63.28,83.14,1.91,24.05,spindle_bearing_failure,warning
cnc,2.68,53.24,29.14,56.05,1.98,25.37,tool_breakage,warning
cnc,2.47,50.36,55.82,107.05,2.08,27.07,spindle_bearing_failure,warning
cnc,4.02,51.83,54.57,84,2.1,24.12,spindle_bearing_failure,warning
cnc,0.62,24.91,22.74,55,2.09,26.48,tool_wear,running
cnc,2.23,50.06,53.18,91.65,1.92,25.77,spindle_bearing_failure,warning
cnc,0.6,31.85,26.22,55,2.16,25.32,tool_wear,running
cnc,1.58,30.32,31.05,55,1.25,25.32,lubrication_failure,running
cnc,1.49,65.04,50.06,97.06,2.08,26.73,tool_wear,warning
cnc,3.44,39.85,47.67,77.3,2.36,24.63,spindle_bearing_failure,warning
cnc,1.01,52,48.33,79.35,2.2,24.34,tool_wear,running
cnc,0.79,38.97,37.36,67.56,2.03,27.25,none,running
cnc,1.56,46.7,54.76,77.86,0.75,26.52,lubrication_failure,fault
cnc,1.36,58.9,44.39,86.83,2.08,25.83,tool_wear,running
cnc,3.17,54.32,50.61,88.02,0.73,26.81,lubrication_failure,fault
cnc,0.99,46.77,48.74,86.44,1.95,26.99,tool_wear,running
cnc,1.97,42.82,54.84,91.61,1.21,25.7,lubrication_failure,running
cnc,3.14,44.81,54.5,81.89,2.18,25.06,spindle_bearing_failure,warning
cnc,0.9,40,39.86,81.25,2.15,25.97,none,running
cnc,1.35,52.81,44.93,75.96,2.13,27.45,tool_wear,running
cnc,2.17,45.78,48.22,80.73,1.22,25.3,lubrication_failure,warning
cnc,0.34,22.86,21.59,55,1.99,25.62,none,running
cnc,5.24,66.26,42.94,85.7,1.96,24.44,tool_breakage,fault
cnc,4.8,75.54,45.76,89.32,1.97,24.87,tool_breakage,fault
cnc,1.33,28.34,30.48,55,2.01,25.55,spindle_bearing_failure,running
cnc,3.02,40.98,22.72,55,2.02,25.1,tool_breakage,warning
cnc,4.8,83.44,51.37,103.49,2.2,26.85,tool_breakage,fault
cnc,1.26,35.28,40.63,61.38,1.06,27.99,lubrication_failure,warning
cnc,3.82,46.04,55.24,91.23,2.25,25.47,spindle_bearing_failure,warning
cnc,2.31,39.66,34.7,65.57,0.96,25.34,lubrication_failure,warning
cnc,2.38,51.54,58.31,84.78,1.92,25.51,spindle_bearing_failure,warning
cnc,0.88,41.84,42.04,80.56,2,24.76,none,running
cnc,1.49,50.64,56.27,84.83,1.29,27.14,lubrication_failure,running
cnc,0.61,26.05,22.31,55,2.05,26.79,tool_wear,running
cnc,2.41,51.42,49.75,81.34,0.73,26.87,lubrication_failure,fault
cnc,2.89,47.75,53.65,88.72,0.94,27.95,lubrication_failure,warning
cnc,2.8,42.91,25.58,55,2.12,24.87,tool_breakage,warning
cnc,1.33,58.13,51.02,90.31,2.03,28.16,tool_wear,running
cnc,1.6,56.66,48.27,86.77,1.97,26.58,tool_wear,running
cnc,3.89,65.63,68.63,98.52,2.14,27.22,spindle_bearing_failure,warning
cnc,0.74,46.1,43.49,88.7,2.12,26.41,none,running
cnc,0.82,42.09,38.57,74.62,2,27.92,none,running
cnc,2.83,42.21,50.67,81.47,1.79,25.9,spindle_bearing_failure,warning
cnc,4.69,83.41,49.18,92.61,2,26.32,tool_breakage,fault
cnc,1.8,65.44,50.91,93.45,2.33,24.77,tool_wear,warning
cnc,2.18,37.57,46.73,74.42,1.97,25.56,spindle_bearing_failure,warning
cnc,7.63,96.25,59.45,105.01,2.12,24.54,tool_breakage,fault
cnc,1.22,66.27,47.53,89.66,2.32,27.5,tool_wear,running
cnc,3.23,37.02,27.34,55,2.19,27.79,tool_breakage,warning
cnc,3.45,48.3,63.38,92.35,2.09,24.43,spindle_bearing_failure,warning
cnc,3.02,52.91,58.93,102.59,2.01,24.18,spindle_bearing_failure,warning
cnc,0.84,33.01,33.07,64.86,2.04,26.15,tool_wear,running
cnc,1.26,66.64,55.37,92.48,1.99,27.09,tool_wear,warning
cnc,0.94,43.41,43.54,79.38,2.15,24.71,none,running
cnc,1.92,50.04,51.55,80.43,1.05,25.21,lubrication_failure,warning
cnc,2.99,52.43,54.09,91.14,0.97,26.56,lubrication_failure,warning
cnc,1.34,24.82,31.6,55,1.11,25.05,lubrication_failure,warning
cnc,0.96,42.01,47.08,87.2,2,27.38,none,running
cnc,1.49,25.04,34.14,55,0.96,26.38,lubrication_failure,warning
cnc,0.73,38.37,41,76.97,2.19,25,none,running
cnc,0.83,37.82,41.54,78.94,2.35,26.4,none,running
cnc,5.03,75.24,49.92,93.67,2.21,27.07,tool_breakage,fault
cnc,1.64,57.98,49.91,86.59,2.33,25.73,tool_wear,running
cnc,4.95,87.27,52.25,102.73,2.08,27.81,tool_breakage,fault
cnc,1.12,46.72,42.84,83.93,2.22,23.76,tool_wear,running
cnc,2.49,50.99,62.19,82.26,1.16,27.6,lubrication_failure,warning
cnc,2.16,35.19,40.6,62.96,2.16,26.21,spindle_bearing_failure,warning
cnc,4.23,56.03,32.74,66.91,2.1,24.81,tool_breakage,warning
cnc,0.74,39.85,39.98,73.85,2.29,25.99,none,running
cnc,3.69,64.92,46.27,82.33,2.21,26.17,tool_breakage,warning
cnc,2.9,44.96,62.19,87.18,1.15,25.9,lubrication_failure,warning
cnc,0.86,42.2,38.88,78.52,2.05,26.45,none,running
cnc,0.56,29.68,27.71,55,1.97,26.48,none,running
cnc,0.65,32.99,36.46,64.48,2.27,26.47,none,running
cnc,0.95,43.35,39.26,74.58,1.88,26.09,none,running
cnc,2.55,61.71,74.06,101.36,1.06,25.24,lubrication_failure,fault
cnc,4.02,41.77,57.95,78.8,2.2,25.89,spindle_bearing_failure,warning
cnc,2.27,37.01,22.95,55,2.19,27.26,tool_breakage,warning
cnc,0.94,47.15,42.08,75.51,1.98,24.7,tool_wear,running
cnc,1.91,36.3,32.25,60.22,0.83,27.4,lubrication_failure,warning
cnc,3.29,60.14,50.89,80.67,0.7,26.34,lubrication_failure,fault
cnc,4.63,47.05,58.06,101.45,2.1,26.43,spindle_bearing_failure,fault
cnc,5.82,80.83,46.19,88.18,2.27,26.2,tool_breakage,fault
cnc,1.17,55.49,47.92,86.45,2.21,26.85,tool_wear,running
cnc,0.86,44.68,40.25,77.37,2.21,27.1,none,running
cnc,1.4,45.47,42.59,73.09,1.92,25.62,tool_wear,running
cnc,0.92,47.22,48.93,92.28,2.19,26.1,none,warning
cnc,6.84,71.91,48.89,99.73,2.07,27.17,tool_breakage,fault
cnc,4.98,78.27,51.73,92.5,2.08,26.28,tool_breakage,fault
cnc,0.91,49,49.01,84.71,1.98,24.55,none,running
cnc,0.94,43.9,47.39,93.24,1.99,26.55,none,warning
cnc,1.22,65.95,53.67,95.67,2.02,24.68,tool_wear,warning
cnc,2.68,40.02,54.97,84.59,2.16,27.2,spindle_bearing_failure,warning
cnc,3.01,68.1,61.18,102.71,2.22,27.13,spindle_bearing_failure,warning
cnc,2.61,45.2,50.38,84.74,2.06,25.12,spindle_bearing_failure,warning
cnc,7.64,84.87,51.17,102.9,2.13,24.82,tool_breakage,fault
cnc,1.35,64.32,49.7,92.13,1.99,25.89,tool_wear,warning
cnc,0.62,39.02,30.34,55,2.02,24.9,tool_wear,running
cnc,3.62,51.2,49.92,80.94,2.05,25.5,spindle_bearing_failure,warning
cnc,0.43,21.37,21.16,55,2.12,27.67,none,running
cnc,3.86,52.93,69.81,104.62,2.11,26.17,spindle_bearing_failure,warning
cnc,2.9,43.51,26.61,55.32,2.21,24.05,tool_breakage,warning
cnc,4,74.55,44.1,94.77,2.08,25.59,tool_breakage,warning
cnc,0.89,45.08,43.29,79.1,2.09,27.25,none,running
cnc,0.85,50.28,47.66,89.04,2.18,25.06,none,running
cnc,1.6,31.44,34.59,55,2.01,25.95,spindle_bearing_failure,running
cnc,2.43,52.8,65.52,98.12,1.91,24.24,spindle_bearing_failure,warning
cnc,0.86,45.27,42.86,85.19,2.07,25.86,none,running
cnc,2.82,55.75,68.96,98.69,2.05,26.18,spindle_bearing_failure,warning
cnc,1.66,40.8,37.2,65.84,2.23,26.03,spindle_bearing_failure,running
cnc,0.82,39.87,44.08,86.91,1.97,24.93,none,running
cnc,1.52,36.09,33.79,55,1.02,25.76,lubrication_failure,warning
cnc,1.72,59.66,53.76,85.11,2.01,26.78,tool_wear,running
cnc,0.71,39.61,35.86,71.43,2.16,26.55,none,running
cnc,0.66,34.25,35.98,66.08,1.96,25.53,none,running
cnc,0.81,35.16,37.94,70.11,2.25,26.09,none,running
cnc,3.94,51.24,31.81,60.03,1.97,25.1,tool_breakage,warning
cnc,4.11,80.96,46.31,96.52,1.93,25.29,tool_breakage,warning
cnc,4.61,74.94,47.5,87.32,2.19,25.07,tool_breakage,fault
cnc,0.91,26.39,27.59,55,2.16,26.68,tool_wear,running
cnc,0.91,45.64,47.6,85.41,2.24,26.47,none,running
cnc,2.62,54.58,52.49,81.42,1.25,23.92,lubrication_failure,warning
cnc,4.61,63.28,34.98,66.11,1.95,25.92,tool_breakage,fault
cnc,2.9,49.46,57.69,83.91,2.15,25.28,spindle_bearing_failure,warning
cnc,4.11,54.11,67.34,103.26,2.18,24.89,spindle_bearing_failure,warning
cnc,4.89,84,50.35,92.24,2.22,27.32,tool_breakage,fault
cnc,5.03,91.2,53.89,102.45,2.04,26.17,spindle_bearing_failure,fault
cnc,6.38,89.61,53.69,97.86,1.95,26.92,tool_breakage,fault
cnc,4.16,98.68,57.01,104.66,2.16,24.64,tool_breakage,warning
cnc,0.47,24.69,23.7,55,2.11,26.83,none,running
cnc,2.29,47.59,54.07,73.13,1.38,25.53,lubrication_failure,warning
cnc,2.1,52.57,66.98,90.41,2.13,24.85,spindle_bearing_failure,warning
cnc,0.78,43.61,38.83,79.07,2.13,26.69,none,running
cnc,3.66,44.51,49.88,90.24,2.25,26.63,spindle_bearing_failure,warning
cnc,4.05,49.86,57.01,93.09,2.21,25.85,spindle_bearing_failure,warning
cnc,4.42,68.12,41.54,81.55,2.16,24.11,tool_breakage,warning
cnc,0.89,44.78,44.58,83.81,2.18,25.88,none,running
cnc,1.3,50.95,46.75,86.25,2.1,25.51,tool_wear,running
cnc,4.34,72.01,47.29,95.01,2.27,26.84,tool_breakage,warning
cnc,0.68,39.02,35.39,69.75,1.98,28.19,none,running
cnc,1.97,32.49,34.33,55,1.18,25.88,lubrication_failure,warning
cnc,1.64,53.98,47.35,89.03,2.03,25.72,tool_wear,running
cnc,1.35,31.46,31.52,55,2.03,27.45,spindle_bearing_failure,running
cnc,0.79,41.89,41.25,78.45,2.13,25.63,none,running
cnc,2.29,37.47,56.54,79.12,0.66,25.55,lubrication_failure,fault
cnc,1.71,34.46,30.85,55,0.89,26.8,lubrication_failure,warning
cnc,1.54,64.64,46.44,91.51,1.76,24.23,tool_wear,running
cnc,0.65,37.14,36.84,63.54,2.08,25.48,none,running
cnc,4.66,85.72,49.96,100.66,2.1,25.44,tool_breakage,fault
cnc,1.7,62.43,46.8,95.78,2.29,25.87,tool_wear,warning
cnc,1.32,22.99,30.81,55,1.34,25.72,lubrication_failure,running
cnc,3.03,51,53.31,74.63,0.83,25.91,lubrication_failure,warning
cnc,2.49,40.04,48.86,68.51,1.93,26.37,spindle_bearing_failure,warning
cnc,1.75,59.1,51.64,99.95,1.96,24.35,tool_wear,warning
cnc,5.56,69.71,48.95,91.16,2.08,25.48,tool_breakage,fault
cnc,0.95,47.25,44.86,80.99,1.95,27.37,none,running
cnc,2.06,58.21,57.1,110,1.27,25.82,lubrication_failure,warning
cnc,1.1,50.27,44.48,82.69,1.91,24.85,tool_wear,running
cnc,2.98,49.49,57.45,89.09,2.17,26.35,spindle_bearing_failure,warning
cnc,5.88,88.31,47.44,86.99,2.04,24.75,tool_breakage,fault
cnc,0.67,35.95,40.61,72.72,2.22,26.6,none,running
cnc,3.41,46.24,72.85,92.32,1.99,26.51,spindle_bearing_failure,fault
cnc,0.75,27.55,23.67,55,2.17,25.37,tool_wear,running
cnc,2.58,32.49,38.52,60.06,1.94,25.31,spindle_bearing_failure,warning
cnc,0.85,34.94,33.89,56.56,2.15,28.31,tool_wear,running
cnc,3.58,48.69,55.3,82.22,1.85,25.43,spindle_bearing_failure,warning
cnc,0.85,33.62,29.9,57.19,1.92,25.84,tool_wear,running
cnc,0.96,47.04,44.54,86.22,2.07,25.16,none,running
cnc,1.61,62.2,45.58,87.87,1.78,24.43,tool_wear,running
cnc,3.27,51.96,56.85,102.21,1.83,25.61,spindle_bearing_failure,warning
cnc,1.8,47.9,50.87,74.09,1.83,25.17,spindle_bearing_failure,running
cnc,6.03,80.5,51.6,103.41,1.98,25.97,tool_breakage,fault
cnc,0.68,39.91,37.45,75.62,2.01,27.36,none,running
cnc,1.22,26.91,29.05,56.07,2,25.3,spindle_bearing_failure,running
cnc,2.7,54.27,50.8,70.41,0.79,25.11,lubrication_failure,fault
cnc,0.82,44.45,44.14,87.69,2.11,25.2,none,running
cnc,2.02,37.33,55.2,73.99,1.93,26.22,spindle_bearing_failure,warning
cnc,3.37,60.68,62.41,93.51,0.94,25.99,lubrication_failure,warning
cnc,1.89,41.07,46.38,81.82,0.79,25.16,lubrication_failure,fault
cnc,2.38,31.16,40.27,62.35,1.25,26.17,lubrication_failure,warning
cnc,1.26,60.1,52.9,91.69,2.14,26.23,tool_wear,running
cnc,2.13,26.66,32,55,2.16,24.67,spindle_bearing_failure,warning
cnc,1.37,30,36.13,60.35,0.92,26.82,lubrication_failure,warning
cnc,0.83,27.18,27.48,55,2.04,25.42,tool_wear,running
cnc,3.91,44.2,67.47,102.5,1.77,25.03,spindle_bearing_failure,warning
cnc,2.06,33.99,40.1,60.96,0.73,24.89,lubrication_failure,fault
cnc,0.72,42.45,37.32,73.54,2.08,25.39,none,running
cnc,5.86,75.14,54.64,99.18,2.1,26.49,tool_breakage,fault
cnc,3.97,45.66,56.53,78.83,2.08,27.83,spindle_bearing_failure,warning
cnc,5.1,75.49,51.74,96.35,2.02,25.92,tool_breakage,fault
cnc,3.96,54.37,55.92,97.36,1.84,25.74,spindle_bearing_failure,warning
cnc,2.12,31.6,38.02,59.61,1.04,25.83,lubrication_failure,warning
cnc,2.78,63.32,73.44,105.61,1.88,26.86,spindle_bearing_failure,fault
cnc,3.16,51.43,52.8,88.55,1.97,27.39,spindle_bearing_failure,warning
cnc,2.07,38.46,22.59,55,2.07,26.85,tool_breakage,warning
cnc,0.66,35.16,34.5,67.23,1.95,26.32,none,running
cnc,1.62,49.85,46.67,84.19,1.97,24.7,tool_breakage,running
cnc,3.75,57.5,62.8,107.19,1.27,26.7,lubrication_failure,warning
cnc,0.79,47.28,45.55,81.95,2.12,27.55,none,running
cnc,3.26,45.17,56.29,82.19,1.22,25.3,lubrication_failure,warning
cnc,0.76,36.59,35.75,68.43,2.05,25.86,none,running
cnc,2.66,33.67,39.9,66.7,1.97,23.82,spindle_bearing_failure,warning
cnc,3.19,48.91,28.87,56.3,2.12,26.7,tool_breakage,warning
cnc,3.19,49.61,54.36,90.6,0.82,27.14,lubrication_failure,warning
cnc,4.62,80.9,52.65,104.76,2.09,26.76,tool_breakage,fault
cnc,1.19,44.56,39.99,74.16,2.02,25.07,tool_wear,running
cnc,0.44,18.11,20,55,2.21,26.08,none,running
cnc,0.79,37.83,39.33,73.39,2.07,24.57,none,running
cnc,2.74,43.83,28.86,57.72,2.14,26.17,tool_breakage,warning
cnc,4.56,81.61,48.67,91.61,1.88,25.63,tool_breakage,fault
cnc,1.94,32.88,37.08,55,1.22,26,lubrication_failure,running
cnc,0.71,41.88,36.13,68.52,2.07,26.91,none,running
cnc,1.33,49.62,41.71,79.24,1.93,26.01,tool_wear,running
cnc,2.08,28.31,41.47,55,0.86,27.78,lubrication_failure,warning
cnc,4.94,70.69,40.92,77.48,2.06,26.66,tool_breakage,fault
cnc,0.85,42.5,40.06,81.68,1.98,25.03,none,running
cnc,2.6,31.95,40.27,55,2.03,26.33,spindle_bearing_failure,warning
cnc,3.83,67.82,42.95,86.98,2.24,27.2,tool_breakage,warning
cnc,2.6,54.96,73.84,87.57,1.08,26.8,lubrication_failure,fault
cnc,0.76,27.92,28.95,55,2.02,24.79,lubrication_failure,running
cnc,3.63,43.7,47.22,89.18,1.93,24.68,tool_wear,warning
cnc,4.01,63.66,47.6,87.53,2.02,26.81,tool_breakage,warning
cnc,2.87,54.55,52.48,86.79,0.83,27.05,lubrication_failure,warning
cnc,0.67,43.4,41.63,75.69,2.04,26.92,none,running
cnc,4.09,49.47,69.8,96.58,2.3,25.89,spindle_bearing_failure,warning
cnc,1.15,47.6,47.51,81.11,1.99,26.82,tool_wear,running
cnc,2.11,35.78,40.57,63.73,2.04,26.43,spindle_bearing_failure,warning
cnc,0.88,44.8,42.46,87.97,2.03,26.44,none,running
cnc,3.97,46.53,61.95,102.62,2.25,25.95,spindle_bearing_failure,warning
cnc,2.34,31.91,39.38,55.38,2.17,25.46,spindle_bearing_failure,warning
cnc,5.25,78.47,48.14,96.19,2.28,25.08,tool_breakage,fault
cnc,3.21,59.54,68.92,93.1,2.31,26.17,spindle_bearing_failure,warning
cnc,3.29,40.04,23.55,55,2.23,26.81,tool_breakage,warning
cnc,3.26,43.31,25.24,55,2.07,26.38,tool_breakage,warning
cnc,5.91,80.83,52.79,96.73,2.26,25.68,tool_breakage,fault
cnc,1.46,52.41,45.26,83.71,2.02,26.1,tool_wear,running
cnc,3.5,63.51,44.58,85.67,1.94,26.18,tool_breakage,warning
cnc,3.26,53,74.55,93.92,2.23,26.21,spindle_bearing_failure,fault
cnc,2.33,46.38,55.96,91.9,1.82,25.54,spindle_bearing_failure,warning
cnc,1.57,23.87,31.1,55,2.16,24.71,spindle_bearing_failure,running
cnc,1.76,35.98,55.72,80.34,0.89,25.13,lubrication_failure,warning
cnc,1.36,38.61,48.71,76.39,1.09,26.78,lubrication_failure,warning
cnc,5.59,81.38,49.51,100.11,2.25,23.64,tool_breakage,fault
cnc,4.28,55.37,33.75,64.08,1.97,25.42,tool_breakage,warning
cnc,3.33,47.89,55.75,83.79,2.17,26.12,spindle_bearing_failure,warning
cnc,5.27,64.94,42.39,84.57,2.03,26.6,tool_breakage,fault
cnc,2.31,40.44,45.59,76.59,0.97,24.88,lubrication_failure,warning
cnc,2.64,61.49,65.51,95.42,1.26,26.85,tool_wear,warning
cnc,4.97,67.07,39.45,80.77,2.14,25.91,tool_breakage,fault
cnc,3.88,52.5,56.63,91.86,2.25,25.78,spindle_bearing_failure,warning
cnc,3.91,50.34,32.77,67,2.11,25.39,tool_breakage,warning
cnc,1.39,68.12,48.18,99.37,2.02,24.63,tool_wear,warning
cnc,1.58,33.13,39.9,57.32,2.26,24.48,spindle_bearing_failure,running
cnc,4.38,54.77,32.63,60.86,2.1,25.18,tool_breakage,warning
cnc,3.23,47.99,31.5,67.07,2.16,25.95,tool_breakage,warning
cnc,1.58,62.98,51.1,94.41,2.11,26.3,tool_wear,warning
cnc,3.35,43.17,64.31,87.03,2.23,26.25,spindle_bearing_failure,warning
cnc,2.69,43.24,58.98,82.55,2.17,24.72,spindle_bearing_failure,warning
cnc,4.46,60.06,41.66,77.86,1.9,26.14,tool_breakage,warning
cnc,2.25,31.61,36.86,55,2.08,27.49,spindle_bearing_failure,warning
cnc,1.12,49.48,38.9,79.02,2.05,25.55,tool_wear,running
cnc,2.25,44.88,54.9,83.5,2.08,26.35,spindle_bearing_failure,warning
cnc,0.44,22.47,20.92,55,2.21,26.38,none,running
cnc,3.28,48.89,55.24,100.26,2.2,26.58,spindle_bearing_failure,warning
cnc,0.76,36.2,38.25,74.95,2.02,26.54,none,running
cnc,0.95,28.22,25.72,55,2.14,26.8,tool_wear,running
cnc,0.96,29.54,26.51,55,1.35,27.2,lubrication_failure,running
cnc,3.2,53.97,33.88,68.67,2.06,25.64,tool_breakage,warning
cnc,0.63,25.34,24.04,55,2.09,26.74,tool_wear,running
cnc,1.32,58.6,55.89,92.86,2.02,25.8,tool_wear,warning
cnc,1.37,55.84,49.33,82.93,2.09,26.47,tool_wear,running
cnc,1.62,51.47,64.12,83.27,1.01,27.14,lubrication_failure,warning
cnc,0.96,23.17,28.04,55,2.02,26.22,spindle_bearing_failure,running
cnc,0.91,31.84,24.3,55,2.01,24.86,tool_wear,running
cnc,1.48,62.62,51.58,94.52,2.03,26.96,tool_wear,warning
cnc,0.89,46,43.83,88.37,2.09,25.2,none,running
cnc,1.57,24.83,34.22,55,2.32,26.84,spindle_bearing_failure,running
cnc,3.02,43.38,27.53,55,1.96,25.37,tool_breakage,warning
cnc,4.88,71.73,47.96,83.24,2.04,27.28,tool_breakage,fault
cnc,3.06,55.02,46.37,82.43,0.94,24.8,lubrication_failure,warning
cnc,4.38,55.96,60.59,92.66,2.23,25.38,spindle_bearing_failure,warning
cnc,4.26,49.25,30.54,65.33,2.07,25.99,tool_breakage,warning
cnc,0.86,48.25,46.29,86.04,1.92,26.69,none,running
cnc,3.1,56.34,61.19,97.52,1.02,24.98,lubrication_failure,warning
cnc,2.31,53.04,55.15,77.94,1.96,26.19,spindle_bearing_failure,warning
cnc,2.59,54.91,48.56,80.39,1.33,27.65,none,warning
cnc,2.69,46.18,26,55.34,2.26,26.65,tool_breakage,warning
cnc,0.85,44.67,42.12,84.02,2.11,26.81,none,running
cnc,3.72,55.56,59.77,94.63,1.19,26.35,lubrication_failure,warning
cnc,3.24,56.17,35.13,65.64,2.19,26.64,tool_breakage,warning
cnc,1.72,64.48,46.46,96.44,1.96,27.2,tool_wear,warning
cnc,0.68,44.9,43.4,78.19,2.12,25.65,none,running
cnc,0.8,41.99,37.67,75.13,2.34,23.84,none,running
cnc,0.35,21.86,21.19,55,1.99,26.15,none,running
cnc,2.8,58.6,70.15,102.95,2.24,26.31,spindle_bearing_failure,fault
cnc,4.2,47.04,58.87,101,2.27,26.82,spindle_bearing_failure,warning
cnc,2.4,61.09,62.43,93.96,2.14,24.55,spindle_bearing_failure,warning
cnc,4.77,82.02,48.82,96.17,2.16,25.52,tool_breakage,fault
cnc,0.99,42.7,48.77,83.43,2.1,26.35,none,running
cnc,1.03,55.41,43.94,78.01,2.05,25.45,tool_wear,running
cnc,2.2,59.45,64.27,95.02,1.11,25.65,lubrication_failure,warning
cnc,2.21,52.8,74.68,99.46,0.89,26.92,lubrication_failure,fault
cnc,3.25,54.52,35.02,64.62,2.06,25.24,tool_breakage,warning
cnc,3.38,68.14,39.98,83.14,2.23,25.86,tool_breakage,warning
cnc,4.42,55.42,73.15,93.79,2.05,27.43,spindle_bearing_failure,fault
cnc,2.56,41.18,60.74,79.12,2.17,25.16,spindle_bearing_failure,warning
cnc,6.35,79,48.78,95.12,2.23,25.6,tool_breakage,fault
cnc,0.78,39.87,38.08,71.89,2.12,25.45,none,running
cnc,0.62,33.54,35.92,64.72,1.85,25.75,none,running
cnc,1.91,43.61,47.21,77.81,2.02,26.75,spindle_bearing_failure,running
cnc,5.1,90.56,53.3,95.83,1.94,25.64,tool_breakage,fault
cnc,0.79,42.08,43.12,83.31,2.03,25.12,none,running
cnc,3.74,46.95,58,88.57,1.01,24.65,lubrication_failure,warning
cnc,3.03,42.5,24.29,55,2.2,25.44,tool_breakage,warning
cnc,5.93,78.49,52.47,100.56,2,25.85,tool_breakage,fault
cnc,0.63,36.34,35.22,64.95,2.27,26.82,none,running
cnc,0.87,48.74,46.52,92.84,2.07,25.48,none,warning
cnc,2.13,53.66,57.95,87.34,0.88,26.03,lubrication_failure,warning
cnc,2.05,52.22,51.38,76.41,1.91,26.79,spindle_bearing_failure,warning
cnc,2.72,65.25,64.58,103.59,2.05,24.93,spindle_bearing_failure,warning
cnc,3.61,38.81,50.32,80.38,2.09,25.85,spindle_bearing_failure,warning
cnc,4.74,76.31,49.43,100.75,1.99,25.59,tool_breakage,fault
cnc,1.72,21.09,27.29,55,1.08,25.47,lubrication_failure,warning
cnc,1.69,33.19,39.91,62.77,1.12,26.19,lubrication_failure,warning
cnc,0.87,49.34,49.28,86.75,2,25.69,none,running
cnc,0.76,27.27,24.89,55,2.15,25.38,tool_wear,running
cnc,0.74,38.84,38.17,73.52,1.98,26.65,none,running
cnc,1.6,65.11,47.15,88.02,2.09,25.29,tool_wear,running
cnc,0.86,44.97,42.67,82.76,1.89,26.5,none,running
cnc,0.7,36.48,35.35,65.31,2.17,26.16,none,running
cnc,2.33,51.77,69.51,89.99,1.41,25.63,lubrication_failure,warning
cnc,1.11,21.92,27.1,55,2.11,25.41,spindle_bearing_failure,running
cnc,6.35,86.84,52.48,94.85,2.11,26.26,tool_wear,fault
cnc,1.17,60.33,51.26,86.31,1.9,25.16,tool_wear,running
cnc,2.08,41.48,60.19,87.39,2.02,25.58,spindle_bearing_failure,warning
cnc,0.29,18.97,20,55,1.97,24.9,none,running
cnc,3.67,73.83,41.59,86.06,1.93,26.28,tool_breakage,warning
cnc,3.3,46.5,24.51,55,2.02,25,tool_breakage,warning
cnc,1.92,41.53,67.51,90.4,0.62,25.55,lubrication_failure,fault
cnc,2.23,51.29,53.5,75.95,1.26,27.43,lubrication_failure,warning
cnc,3.15,59.07,59.56,94.68,0.72,24.9,lubrication_failure,fault
cnc,0.89,44.5,45.16,79.4,2.32,26.9,none,running
cnc,4.45,75.33,43.81,90.39,2.1,27.32,tool_breakage,warning
cnc,5.67,64.16,42.59,81.93,1.99,24.17,tool_breakage,fault
cnc,5.57,65.64,46.81,84.33,2.21,24.36,tool_breakage,fault
cnc,2.82,42.83,49.96,74.14,2.02,27.38,spindle_bearing_failure,warning
cnc,4.78,67.46,45.68,85.86,2.09,23.88,tool_breakage,fault
cnc,3.84,72.74,45.51,87.03,2.1,27.06,tool_breakage,warning
cnc,4.69,65.87,38.67,80.77,2.27,27.24,tool_breakage,fault
cnc,0.75,39.02,39.08,72.82,2.25,26.65,none,running
cnc,6.17,67.93,45.21,88.12,2.23,24.71,tool_breakage,fault
cnc,1.67,36.75,39.97,56.95,0.94,26.42,lubrication_failure,warning
cnc,1.36,49.9,47.96,88.03,2.17,26.16,tool_wear,running
cnc,4.16,71.16,42.33,86.63,2.03,26.13,tool_breakage,warning
cnc,4.62,80.35,47.29,98.63,2.34,25.36,tool_breakage,fault
cnc,1.66,31.11,45.34,62.26,1.1,25.86,lubrication_failure,warning
cnc,1.59,56.3,49.71,89.81,1.9,24.76,tool_wear,running
cnc,3.59,51.56,53.15,81.08,1.98,25.99,spindle_bearing_failure,warning
cnc,3.72,51.1,56.78,84.52,2.03,26.56,spindle_bearing_failure,warning
cnc,1.88,39.17,53.25,76.46,0.77,25.24,lubrication_failure,fault
cnc,4.74,82.26,49.25,103.83,2.1,26.83,tool_breakage,fault
cnc,3.03,46.32,54.81,96.17,2.03,24.76,spindle_bearing_failure,warning
cnc,3.82,60.56,32.36,63.66,2.28,24.74,tool_breakage,warning
cnc,2.71,46.04,62.71,88.35,1.26,25.43,lubrication_failure,warning
cnc,3.33,49.14,56.33,94.54,1.02,24.77,lubrication_failure,warning
cnc,6.51,89.77,51.58,102.59,1.96,26.67,tool_breakage,fault
cnc,4.65,71.03,43.49,85.5,2.04,26.42,tool_breakage,fault
cnc,5.01,88.77,52.16,99.73,2.01,26.16,tool_breakage,fault
cnc,3.3,46.66,49.05,83.75,2.14,27.18,spindle_bearing_failure,warning
cnc,1.92,58.76,63.29,101.94,0.9,24.8,lubrication_failure,warning
cnc,1.33,36.28,46.15,63.02,0.87,25.61,lubrication_failure,warning
cnc,0.98,51.74,41.41,75.04,2.05,24.5,tool_wear,running
cnc,2.6,28.09,30.89,55,2.16,25.74,spindle_bearing_failure,warning
cnc,1.15,27.92,37.99,68.4,0.8,24.92,lubrication_failure,warning
cnc,2.71,53,66.28,98.94,1.91,26.1,spindle_bearing_failure,warning
cnc,3.64,58.16,51.26,100.21,2.08,26.82,spindle_bearing_failure,warning
cnc,5.45,61.07,44.12,77.86,2,25.95,tool_breakage,fault
cnc,2.15,51.83,48.22,83.94,1.85,24.93,spindle_bearing_failure,warning
cnc,0.69,34.5,37.7,69.49,1.95,27.37,none,running
cnc,3.5,42.83,27.18,55,1.97,26.3,tool_breakage,warning
cnc,0.8,39.96,38.48,75.73,2.09,26.24,none,running
cnc,0.69,39.61,37.37,64.2,1.96,25.04,none,running
cnc,0.51,30.06,29.99,56.03,2.03,24.99,none,running
cnc,2.32,50.39,67.27,101.03,1.26,26.21,lubrication_failure,warning
cnc,3.01,44.15,53.54,81.34,2.3,27.33,spindle_bearing_failure,warning
cnc,4.47,75.18,53.23,105.38,2.06,25.98,tool_breakage,warning
cnc,6.6,80.74,49.26,100.14,2.29,27.66,tool_breakage,fault
cnc,0.7,24.8,22.84,55,2.08,26.03,tool_wear,running
cnc,0.77,52.04,46.59,90.8,2.24,24.67,none,running
cnc,3.73,50.15,49.74,81.76,0.87,26.35,lubrication_failure,warning
cnc,1.9,51.22,58.38,94.94,0.63,27.17,lubrication_failure,fault
cnc,1.92,31.49,21.72,55,1.89,27.23,tool_breakage,running
cnc,0.75,43.51,42.45,81.42,2.14,25.57,none,running
cnc,3.65,50.71,72.35,97.83,0.86,25.02,lubrication_failure,fault
cnc,1.04,55.73,51.01,96.83,2.13,26.11,tool_wear,warning
cnc,2.73,48.1,47.66,73.83,0.96,25.19,lubrication_failure,warning
cnc,3.34,55.93,35.13,67.3,2.24,28.04,tool_breakage,warning
cnc,2.82,46.09,51.97,70.62,1.12,26.18,lubrication_failure,warning
cnc,0.81,36,39.9,66.65,1.97,25.12,none,running
cnc,1.4,54.23,45.46,86.96,2.16,25.31,tool_wear,running
cnc,0.92,42.02,43.91,76.36,2.17,26.39,none,running
cnc,1.38,61.89,50.2,96.51,2.03,27.47,tool_wear,warning
cnc,3.17,52.36,55.32,87.13,1.05,26.06,lubrication_failure,warning
cnc,7.48,78.91,47.43,102.74,2.17,26.31,tool_breakage,fault
cnc,2.42,50.55,62.96,91.49,2.03,25.81,spindle_bearing_failure,warning
cnc,5.08,55.85,71.69,101.41,2,26.85,spindle_bearing_failure,fault
cnc,3.34,47.28,56.64,91.3,0.82,25.35,lubrication_failure,warning
cnc,2.54,51.97,64.21,90.83,1.95,25.07,spindle_bearing_failure,warning
cnc,5.27,95.99,53.31,107.15,2.03,25.98,tool_breakage,fault
cnc,1.46,45.66,45.88,71.37,2.08,25.81,tool_wear,running
cnc,1.66,60.93,47.85,85.97,2.05,24.92,tool_wear,running
cnc,4.12,47.26,33.2,64.67,2.1,24.32,tool_breakage,warning
cnc,2.02,39.12,51.48,75.88,1.89,24.02,spindle_bearing_failure,warning
cnc,2.58,45.03,71.42,94.17,2.24,24.78,spindle_bearing_failure,fault
cnc,2.32,52.97,55.51,83.46,1.92,25.81,spindle_bearing_failure,warning
cnc,3,51.41,54.16,80.54,1.87,25.32,spindle_bearing_failure,warning
cnc,0.82,37.97,41.32,70.41,2.1,25.23,none,running
cnc,0.86,45.05,42.95,81.64,2.4,24.5,none,running
cnc,2.25,47.71,44.83,83.82,1.3,27.74,lubrication_failure,warning
cnc,3.41,43.08,54.32,93.39,1.93,25.34,spindle_bearing_failure,warning
cnc,5.5,68.25,40.21,82.01,1.94,26.08,tool_breakage,fault
cnc,3.23,62.57,33.8,66.11,2.07,25.53,tool_breakage,warning
cnc,1.18,44.84,37.26,73.31,1.93,26.3,tool_wear,running
cnc,0.93,42.73,42.61,81.92,2.17,25.96,none,running
cnc,5.34,76.45,38.83,81.34,2.01,26.6,tool_breakage,fault
cnc,0.75,44.63,38.29,75.95,2.08,25.81,none,running
cnc,1.34,56.35,50.02,95.89,2.05,24.37,tool_wear,warning
cnc,1.25,49.06,41.77,80.68,2.05,26.54,tool_wear,running
cnc,0.47,27.65,29.33,55,2.02,25.04,none,running
cnc,5.54,87.97,53.55,108.29,1.98,26.89,tool_breakage,fault
cnc,2.1,43.75,22.04,55,2.13,27.21,tool_breakage,warning
cnc,2.24,46.32,59.82,94.86,1.11,25.19,lubrication_failure,warning
cnc,0.69,35.97,34.64,68.28,2.15,26.83,none,running
cnc,5.38,67.89,45.32,89.02,1.94,24.81,tool_breakage,fault
cnc,2.86,28.78,44.34,60.08,1.82,26.27,spindle_bearing_failure,warning
cnc,4.53,67.91,38.55,80.14,1.92,24.77,tool_breakage,fault
cnc,1.57,28.21,28.6,55,0.91,25.47,lubrication_failure,warning
cnc,2.29,54.77,54.33,85.88,2.14,27.1,spindle_bearing_failure,warning
cnc,1.27,54.53,44.78,87.63,1.99,24.55,tool_wear,running
cnc,1.47,49,52.92,90.71,1.99,26.07,tool_wear,running
cnc,0.76,47.19,44.39,79.45,2.19,25.93,none,running
cnc,0.8,44.54,42.58,76.38,1.96,27,none,running
cnc,2.71,57.74,66.77,97.6,0.85,26.65,lubrication_failure,warning
cnc,0.79,44.15,42.64,76.19,1.98,25.66,none,running
cnc,7.33,92.6,58.16,102.16,2.29,25.13,tool_breakage,fault
cnc,2.92,52.13,62.38,87.28,1.94,25.11,spindle_bearing_failure,warning
cnc,1.21,49.29,47.28,93.63,2.13,24.88,tool_wear,warning
cnc,3.11,48.19,56.51,82.21,2.16,27.94,spindle_bearing_failure,warning
cnc,1.5,50.98,49.03,80.19,1.06,26.48,lubrication_failure,warning
cnc,6.66,77.96,44.6,84.38,2.09,24.11,tool_breakage,fault
cnc,2.14,65.2,69.08,89.8,0.69,26.23,lubrication_failure,fault
cnc,6.92,91.04,50.76,100.36,1.96,24.54,tool_breakage,fault
cnc,0.81,43.93,43.63,84.63,1.94,27.95,none,running
cnc,4.78,57.88,65.28,95.08,2.15,25.13,spindle_bearing_failure,fault
cnc,1.34,46.83,45.41,87.13,2.12,27.8,tool_wear,running
cnc,1.68,61.43,60.24,88.81,0.79,28,lubrication_failure,fault
cnc,1.08,39.33,30.87,56.3,2.12,25.91,tool_wear,running
cnc,2.99,37.88,54.68,82.68,0.87,24.61,lubrication_failure,warning
cnc,1.7,64.15,49.2,101.01,2.13,26.04,tool_wear,warning
cnc,3,53.26,74.11,91.21,1.18,26.21,lubrication_failure,fault
cnc,0.94,40.82,37.3,68.13,2.13,26.8,tool_wear,running
cnc,2.68,54.75,57.99,86.18,1.92,26.72,spindle_bearing_failure,warning
cnc,0.78,41.47,43.78,76.99,2.22,24.45,none,running
cnc,0.76,38.2,37.7,69.79,2.07,24.87,none,running
cnc,3.38,50.41,73.26,94.85,1.87,26.37,spindle_bearing_failure,fault
cnc,4.26,79.27,48.95,95.88,2.05,27.5,tool_breakage,warning
cnc,1.33,25.78,29.17,55,1.93,26.21,spindle_bearing_failure,running
cnc,1.62,25.02,34.68,55,2.18,24.15,spindle_bearing_failure,running
cnc,3.26,49.5,64.09,90,2.08,25.71,spindle_bearing_failure,warning
cnc,5.8,90.76,47.25,95.42,2.27,24.8,tool_breakage,fault
cnc,1.23,46.43,40.61,77.13,1.88,24.82,tool_wear,running
cnc,1.44,53.63,49.49,90.04,1.97,26.92,tool_wear,running
cnc,1.24,39.32,45.41,60.57,1.25,25.7,lubrication_failure,running
cnc,0.74,43.75,42.51,80.54,2.21,25.76,none,running
cnc,3.46,38.79,43.38,77.13,2.11,25.24,spindle_bearing_failure,warning
cnc,0.83,36.69,40.05,67.9,2.04,24.82,none,running
cnc,0.69,38.22,34.08,63.86,2,26.84,none,running
cnc,4.01,80.29,43.29,77.87,1.94,25.15,tool_breakage,warning
cnc,0.52,28.34,27.45,55,2.07,26,none,running
cnc,0.7,33.98,33.85,61.8,2.01,25.61,none,running
cnc,1.27,45.55,39.86,70.43,2.05,25.79,tool_wear,running
cnc,3.73,55.32,66.22,96.28,2.27,27.08,spindle_bearing_failure,warning
cnc,0.97,42.99,42.7,78.7,2.13,25.04,none,running
cnc,3.89,53.11,70.36,97.33,1.05,26.96,lubrication_failure,fault
cnc,0.72,39.81,36.37,69.1,1.87,26.06,none,running
cnc,0.64,25.92,21.16,55,2.11,25.19,tool_wear,running
cnc,1.7,25.52,27.04,55,2.2,25.41,spindle_bearing_failure,running
cnc,2.31,40.24,55.22,79.29,2,25.99,spindle_bearing_failure,warning
cnc,0.53,29.38,29.07,55.44,2.04,25.2,none,running
cnc,4.04,50.03,55.1,87.95,2.15,25.59,spindle_bearing_failure,warning
cnc,1.07,42.52,41.89,79.37,2.17,25.58,tool_wear,running
cnc,1.55,59.35,44.38,89.84,1.82,26.04,tool_wear,running
cnc,4.62,89.19,51.26,95.77,2.08,26.46,tool_breakage,fault
cnc,7,77.71,57.21,104.35,2.16,25.12,tool_breakage,fault
cnc,2.66,43.68,43.76,77.3,2.01,26.22,spindle_bearing_failure,warning
cnc,2.8,40.12,24.71,55,2.03,25.42,tool_breakage,warning
cnc,4.66,73.65,49.36,93.39,2.19,25.56,tool_breakage,fault
cnc,3.67,69.93,44.21,79.34,1.99,25.5,tool_breakage,warning
cnc,6.55,84.28,55.54,108.58,1.99,26.45,tool_breakage,fault
cnc,1.96,24.97,29.02,55,1.99,26.74,spindle_bearing_failure,running
cnc,1.91,63.66,57.93,95.12,1.19,26.07,lubrication_failure,warning
cnc,2.16,56.91,53.89,84.53,1.12,27.22,lubrication_failure,warning
cnc,3.19,48.15,57.48,82.97,1.37,26.06,lubrication_failure,warning
cnc,0.89,31.45,29.58,56.44,2.17,27.25,tool_wear,running
cnc,1.18,56.16,51.28,79.44,2.15,26.02,tool_wear,running
cnc,0.79,32.9,27.41,55,2.17,26.38,tool_wear,running
cnc,1.97,51.18,53.93,84.82,1.25,26.8,lubrication_failure,running
cnc,0.54,25.04,23.68,55,2.1,26.46,none,running
cnc,0.77,45.61,40.14,79.5,1.96,24.55,none,running
cnc,1.05,59.79,45.46,84.7,1.9,26.75,tool_wear,running
cnc,1.07,45.48,37.7,73.15,1.95,26.13,tool_wear,running
cnc,1.99,55.5,66.03,91.48,0.99,25,lubrication_failure,warning
cnc,3,56.88,50.84,94.46,2.21,25.4,spindle_bearing_failure,warning
cnc,0.86,43.49,45.5,83.74,2.06,27.28,none,running
cnc,0.35,24.64,22.39,55,2.25,26.09,none,running
cnc,4.52,57.11,56.74,101.22,2.26,26,spindle_bearing_failure,fault
cnc,3.69,47.55,74.97,96.22,1.36,26.45,lubrication_failure,fault
cnc,2.42,30.77,44.73,62.37,1.98,25.21,spindle_bearing_failure,warning
cnc,3.47,44.77,52.71,90.6,1.34,25.44,lubrication_failure,warning
cnc,0.74,38.69,42.03,71.98,1.98,25.53,none,running
cnc,2.19,43.84,52.29,85.15,0.7,25.51,lubrication_failure,fault
cnc,1.7,34.5,39.07,59.06,1.28,24.7,lubrication_failure,running
cnc,0.77,41.35,39.5,76.66,1.92,26.42,none,running
cnc,3.19,54.05,52.61,97.24,0.75,26.2,lubrication_failure,fault
cnc,1.84,70.69,56.43,95.65,2.14,25.5,tool_wear,warning
cnc,5.13,74.07,43.47,90.16,2.09,25.16,tool_breakage,fault
cnc,4.83,80.62,51.68,92.44,2.03,25.02,tool_breakage,fault
cnc,1.65,57.16,46.17,87.96,1.89,25.77,tool_wear,running
cnc,1.04,55.38,42.79,80.6,2.25,25.93,tool_wear,running
cnc,3.41,46.74,62.45,95.56,1.31,24.83,lubrication_failure,warning
cnc,2.27,37.82,39.17,63.61,0.84,26.93,lubrication_failure,warning
cnc,2.54,34.33,42.72,66.47,2.04,25.4,spindle_bearing_failure,warning
cnc,1.67,28.72,31.14,55,1.99,25.81,spindle_bearing_failure,running
cnc,6,92.72,50.65,97.61,2.1,26.29,tool_breakage,fault
cnc,3.17,50.53,56.24,84.38,0.68,26.97,lubrication_failure,fault
cnc,3.59,51.48,65.65,86.34,0.97,27.59,lubrication_failure,warning
cnc,0.73,37.79,30.66,59.54,2,25.34,tool_wear,running
cnc,0.6,31.81,27.16,55.23,2.27,26.37,none,running
cnc,1.66,57.01,53.98,92.87,2.22,26.25,tool_wear,warning
cnc,5.19,74.6,46.54,88.59,2.06,25.81,tool_breakage,fault
cnc,1.22,58.98,50.07,84.25,1.95,26.1,tool_wear,running
cnc,2.25,31.37,34.09,58.84,1.99,25.53,spindle_bearing_failure,warning
cnc,1.85,41.62,62.86,89.89,0.76,26.65,lubrication_failure,fault
cnc,1.49,59.31,58.65,99.59,2.05,25.36,tool_wear,warning
cnc,4.44,41.15,27.69,56.91,1.92,27.05,tool_breakage,warning
cnc,1.36,44.74,39.57,76.85,2,25.97,tool_wear,running
cnc,0.64,30.29,22.46,55,2.01,25.44,tool_wear,running
cnc,1.46,55.38,55.81,96.46,2.06,25.61,tool_wear,warning
cnc,1.18,51.23,48.53,91.26,1.88,26.34,tool_wear,running
cnc,4.08,46.86,30.73,55,2.01,25.96,tool_breakage,warning
cnc,2.05,40.67,39.52,59.48,0.66,26.09,lubrication_failure,fault
cnc,0.89,45.2,41.89,80.45,1.97,24.98,none,running
cnc,1.1,55.3,38.97,77.88,2,26.76,tool_wear,running
cnc,2.28,51.57,61.35,101.42,1.19,25.76,lubrication_failure,warning
cnc,0.66,41.76,37.36,75.86,1.91,26.04,none,running
cnc,0.8,45.29,45.66,82.41,2.13,26.48,none,running
cnc,2.92,56.91,35.63,67.4,2.24,24.74,tool_breakage,warning
cnc,3.01,56.85,58.3,85.66,2.18,25.72,lubrication_failure,warning
cnc,0.41,22.4,22.9,55,2.37,26.5,none,running
cnc,2.15,58.75,63.77,80.88,1.13,25.81,lubrication_failure,warning
cnc,3.83,57.66,54.08,93.08,0.87,26.07,lubrication_failure,warning
cnc,2.56,57.91,60.64,94.37,1.23,26.04,lubrication_failure,warning
cnc,6.36,91.89,57.08,102.06,1.98,26.42,tool_breakage,fault
cnc,3.31,54.47,68.57,104.83,1.31,27.51,lubrication_failure,warning
cnc,0.85,36.39,30.53,60.5,1.94,25.63,tool_wear,running
cnc,1.17,51.07,41.96,83.37,2.26,25.88,tool_wear,running
cnc,5.63,76.95,47.46,97.25,2.08,25.18,tool_breakage,fault
cnc,2.89,45.69,53.17,85.65,2.19,24.52,spindle_bearing_failure,warning
cnc,2.33,33.33,34.11,57.89,1.02,24.4,lubrication_failure,warning
cnc,1.5,51.04,50.24,86.67,2.08,24.64,tool_wear,running
cnc,5.23,64.14,41.06,78.35,2.16,25.74,tool_breakage,fault
cnc,1.24,25.4,26.45,55,2.08,26.66,spindle_bearing_failure,running
cnc,1.57,61.45,49.7,95.61,2.14,25.38,tool_wear,warning
cnc,3.3,58.08,54.32,87.19,0.74,26.9,lubrication_failure,fault
cnc,4.81,84.13,45.41,86.47,2.04,26.36,tool_breakage,fault
cnc,0.81,44,41.4,82.12,2,25.27,none,running
cnc,0.66,34.6,37.09,73.22,2.07,25.13,none,running
cnc,1,43.37,47.61,92.07,2.01,25.95,none,warning
cnc,7.02,80.38,49.43,89.06,2.32,25.74,tool_breakage,fault
cnc,1.4,51.59,37.61,77.54,2.01,25.58,tool_wear,running
cnc,1.01,46.19,39.48,77.86,2.15,25.59,tool_wear,running
cnc,4.88,87.55,48.5,92.04,2.29,27.49,tool_breakage,fault
cnc,4.19,68.47,57.7,91.65,0.73,27.65,lubrication_failure,fault
cnc,1.92,49.53,52.02,88.63,1.12,27.15,lubrication_failure,warning
cnc,1.32,54.15,40.3,76.07,1.92,26.22,tool_wear,running
cnc,0.68,31.32,27.34,55,2.14,27.67,tool_wear,running
cnc,7.5,94.59,53.72,98.65,1.91,24.6,tool_breakage,fault
cnc,1.29,68.4,52.59,102.61,1.98,26.77,tool_wear,warning
cnc,1.47,51.71,44.14,75.67,1.95,24.38,tool_wear,running
cnc,3.48,45.03,57.11,85.58,2.17,26.75,spindle_bearing_failure,warning
cnc,0.78,37.59,39.61,67.95,2.09,25.25,none,running
cnc,3.39,50.44,26.99,55,2.04,25.23,tool_breakage,warning
cnc,2.42,39.43,25.55,55,2.28,25.41,tool_breakage,warning
cnc,6.9,75.05,44.72,95.11,2.16,26.28,tool_wear,fault
cnc,5.05,97.07,54.02,100.36,2.21,25.97,tool_breakage,fault
cnc,0.85,44.02,40.64,75.9,2.02,27.34,none,running
cnc,1.73,54.41,49.91,98.77,2.04,27.06,tool_wear,warning
cnc,2.97,42.75,56.4,79.17,0.98,24.91,lubrication_failure,warning
cnc,1.02,22.08,29.21,55,0.88,26.17,lubrication_failure,warning
cnc,0.82,23.43,28.97,55,0.73,25.18,lubrication_failure,fault
cnc,2.41,36.49,54.62,74.15,1.95,27.55,spindle_bearing_failure,warning
cnc,1.59,37.93,33.23,61.82,2.04,25.4,spindle_bearing_failure,running
cnc,1.22,54.75,46.63,81.3,1.94,24.88,tool_wear,running
cnc,1.9,46.68,50.33,86.92,1.18,24.3,lubrication_failure,warning
cnc,1.49,53.72,39.57,77.79,2.04,24.55,tool_wear,running
cnc,1.74,33.1,32.41,55,1.06,24.51,lubrication_failure,warning
cnc,1.99,49.71,48.53,91.61,1.08,24.29,lubrication_failure,warning
cnc,3.28,43.95,29.44,55.07,2.05,27.29,tool_breakage,warning
cnc,6.01,75.27,40.22,77.6,2.25,27.15,tool_breakage,fault
cnc,2.36,52.56,47.31,75.07,1.96,27.37,spindle_bearing_failure,warning
cnc,3.37,51.88,67.91,96.59,1.01,27.68,lubrication_failure,warning
cnc,6.11,65.95,43.08,83.36,2.21,23.47,tool_breakage,fault
cnc,3.13,43.62,56.85,91.07,1.21,26.04,lubrication_failure,warning
cnc,0.59,27.46,20.77,55,1.92,27.69,tool_wear,running
cnc,3.29,51.97,69.67,100.08,1.18,25.07,lubrication_failure,warning
cnc,0.74,37.54,37.21,69.12,2,28,none,running
cnc,7.66,81.74,53.2,100.3,2.12,27.94,tool_breakage,fault
cnc,1.39,52.86,40.25,83.9,2.38,27.19,tool_wear,running
cnc,0.66,39.13,35.64,74.15,2.02,25.7,none,running
cnc,0.82,39.27,39.33,78.75,2.02,26.68,none,running
cnc,2.14,42.76,61.39,86.93,2.12,26.71,spindle_bearing_failure,warning
cnc,3.88,52.43,31.79,64.31,2.15,25.68,tool_breakage,warning
cnc,1.5,65.54,52.08,88.25,1.91,25.89,tool_wear,running
cnc,4,54.15,68.84,95.31,1.99,25.49,spindle_bearing_failure,warning
cnc,0.72,39.74,37.35,72.61,2.06,27.72,none,running
cnc,4.11,73.62,41.7,81.78,2.27,28.55,tool_breakage,warning
cnc,3,55.07,60.2,98.32,2.09,26.09,spindle_bearing_failure,warning
cnc,1.32,45.97,44.06,74.49,1.99,27.84,tool_wear,running
cnc,4.38,45.02,28.82,55.39,2.06,24.83,tool_breakage,warning
cnc,3.19,32.54,23.63,55,2.13,26.98,tool_breakage,warning
cnc,1.1,46.66,40.63,71.56,1.95,26.93,tool_wear,running
cnc,6.04,72.58,49.57,96.7,2.2,25.3,tool_breakage,fault
cnc,3.32,53.88,58.56,82.67,1.06,27.67,lubrication_failure,warning
cnc,1.58,25.76,29.03,55,1.89,26.56,spindle_bearing_failure,running
cnc,3.29,42.5,25.21,55,2.11,27.18,tool_breakage,warning
cnc,2.95,53.7,57.83,79.35,1.16,27.85,lubrication_failure,warning
cnc,5.72,80.3,48.91,100.99,2.16,24.67,tool_breakage,fault
cnc,0.76,41.65,37.81,76.3,2.1,27.37,none,running
cnc,0.54,25.92,25.56,55,2.14,24.93,none,running
cnc,0.72,43.51,39.9,71.85,2.26,27.35,none,running
cnc,2.83,44.78,56.12,81.24,0.79,25.17,lubrication_failure,fault
cnc,4.43,53.27,60.04,94.5,2.04,27.09,spindle_bearing_failure,warning
cnc,3.9,64.57,44.95,77.59,1.93,26.13,tool_breakage,warning
cnc,3.23,51.57,30.09,65.09,2.08,26.12,tool_breakage,warning
cnc,1.53,22.63,33.26,55,0.69,24.36,lubrication_failure,fault
cnc,0.93,45.1,41.52,78.53,2.28,28.28,none,running
cnc,2.23,36.23,48.43,83.34,1.2,26.03,lubrication_failure,warning
cnc,3.82,67.61,45.32,79.07,2.15,26.54,tool_breakage,warning
cnc,1.28,50.1,39.87,69.43,2.13,27.5,tool_wear,running
cnc,5.54,89.68,48.64,98.73,2.06,26.07,tool_breakage,fault
cnc,0.8,40.24,40.36,76.04,2.2,25.33,none,running
cnc,0.84,26.15,26.09,55,2.06,25.65,tool_wear,running
cnc,0.61,29.97,26.04,55,2.16,27.53,tool_wear,running
cnc,6.31,87.81,51.23,102.11,2.34,26.57,tool_breakage,fault
cnc,2.54,60.05,47.7,80.38,0.94,27.47,tool_wear,warning
cnc,0.83,41.33,41.32,79.47,2.06,26.79,none,running
cnc,1.27,51.46,51.91,93.5,2.16,26.35,tool_wear,warning
cnc,1.1,45.99,40.23,75.62,1.93,25.95,tool_wear,running
cnc,2.29,41.12,25.98,55,2.06,24.11,tool_breakage,warning
cnc,0.77,39.42,34.94,72.78,2.21,27.26,none,running
cnc,0.67,37.53,35.2,69.04,2.26,25.67,none,running
cnc,3.31,41.99,24.13,55,2.02,24.59,tool_breakage,warning
cnc,2.31,57.77,54.84,91.04,0.96,25.28,lubrication_failure,warning
cnc,2,62.06,67.23,91.67,0.82,25.98,lubrication_failure,warning
cnc,2.6,51.32,30.06,55,1.93,24.58,tool_breakage,warning
cnc,0.73,41.77,42.75,76.98,2.22,26.54,none,running
cnc,7,84.66,50.09,101.63,2.06,25.9,tool_breakage,fault
cnc,5.67,89.58,51.24,94.55,2.24,25.74,tool_breakage,fault
cnc,1.72,63.69,53.59,96.33,2.06,25.24,tool_wear,warning
cnc,1.89,40.91,48.09,81.97,1.22,23.88,lubrication_failure,running
cnc,1.03,41.97,43.52,83.74,2.11,25.95,none,running
cnc,5.28,71.63,43.39,83.48,2,25.34,tool_breakage,fault
cnc,1.01,35.82,33.16,59.99,1.96,25.68,tool_wear,running
cnc,3.61,47.78,31.57,55.41,1.97,25.8,tool_breakage,warning
cnc,2.36,41.92,52.47,73.36,1,24.4,lubrication_failure,warning
cnc,1.69,30.64,39.12,55,0.77,27.1,lubrication_failure,fault
cnc,0.81,39.77,41.81,72.56,2,25.39,none,running
cnc,1.47,58.65,54.67,90.38,2.05,25.51,tool_wear,running
cnc,1.29,24.95,28.27,55,1.19,26.79,lubrication_failure,warning
cnc,1.2,51.76,37.8,72.69,2.17,24.43,tool_wear,running
cnc,3.46,48.45,67.25,96.93,2.16,27.06,spindle_bearing_failure,warning
cnc,0.72,37.82,37.82,75.62,2.23,26.18,none,running
cnc,2.56,29.54,31.77,55,2.07,26.32,spindle_bearing_failure,warning
cnc,3.8,72.49,44.24,87.34,2.05,26.17,tool_breakage,warning
cnc,2.9,59.28,36.04,67.15,2.17,25.05,tool_breakage,warning
cnc,5.6,67.68,43.57,84.13,2.05,25.08,tool_breakage,fault
cnc,2.98,46.63,59.68,91.17,2.13,26.93,spindle_bearing_failure,warning
cnc,0.97,43.85,44.8,80.76,1.97,26.56,none,running
cnc,1.29,48.24,43.79,78.31,2.16,26.91,tool_wear,running
cnc,1.74,32.95,37.51,55,2.07,25.71,spindle_bearing_failure,running
cnc,2.34,53.14,51.54,92.72,1.35,24.9,lubrication_failure,warning
cnc,3.09,51.5,47.53,82.59,2.04,24.35,spindle_bearing_failure,warning
cnc,2.59,51.43,56.84,104.19,0.73,26.25,lubrication_failure,fault
cnc,1.4,43.18,37.42,77.44,2,26.73,tool_wear,running
cnc,6.92,74.87,55.01,102.27,2,27.19,tool_breakage,fault
cnc,1.34,46.72,44.92,85.52,2.07,25.98,tool_wear,running
cnc,3.15,35.46,57.17,76.07,1.89,26.79,spindle_bearing_failure,warning
cnc,0.88,47.13,43.81,82.79,2.08,25.02,none,running
cnc,0.87,45.35,44.99,88.59,2.11,26.26,none,running
cnc,2,55.22,63.08,103.24,0.8,27.05,lubrication_failure,warning
cnc,5.82,88.99,52.42,98.81,2.23,28.19,tool_breakage,fault
cnc,1.76,55.87,54.41,91.15,0.82,26.03,lubrication_failure,warning
cnc,3.33,44.29,58.75,80.37,0.63,27.7,lubrication_failure,fault
cnc,1.49,67.73,49.48,88.89,1.93,25.99,tool_wear,running
cnc,3.84,57.43,64.14,90.84,2.17,25.38,spindle_bearing_failure,warning
cnc,1.49,57.06,56,101.55,1.85,25.68,tool_wear,warning
cnc,1.11,46.7,46.57,80.2,2.29,26.29,tool_wear,running
cnc,1.58,27.98,25.33,55,0.93,25.34,lubrication_failure,warning
cnc,6.81,87.35,49.48,95.24,2.16,25.73,tool_breakage,fault
cnc,1.28,24.5,33.09,55,1.98,26.19,spindle_bearing_failure,running
cnc,0.7,40.2,36.07,75.44,2.26,27.42,none,running
cnc,4.94,80.37,42.84,89,1.95,25,tool_breakage,fault
cnc,2.47,46.91,46.67,76.59,0.92,25.96,lubrication_failure,warning
cnc,1.46,54.37,42.52,82.59,2.27,26.32,tool_wear,running
cnc,4.86,84.65,57.78,104.05,2.22,26.43,tool_breakage,fault
cnc,3.19,51.2,62.08,103.67,2.12,25.89,spindle_bearing_failure,warning
cnc,0.9,46.19,44.11,82.95,1.91,24.66,none,running
cnc,4.41,74.11,40.98,79.23,2.22,26.37,tool_breakage,warning
cnc,1.81,44.62,54.91,71.84,0.77,24.78,lubrication_failure,fault
cnc,1.77,54.75,46.14,93.3,1.99,28.06,tool_wear,warning
cnc,0.81,37.76,44.27,83.4,2.15,25.74,none,running
cnc,0.49,26.32,24.38,55,2.11,26.33,none,running
cnc,2.37,53.05,52.28,80.38,2.27,26.41,lubrication_failure,warning
cnc,1.69,61.2,56.82,90.89,2.06,26.66,tool_wear,running
cnc,3.75,52.42,65.45,96.4,2.14,26.26,spindle_bearing_failure,warning
cnc,0.75,36.08,37.8,73.22,2.01,26.18,none,running
cnc,2.13,42.72,47.63,75.84,2.18,27.44,spindle_bearing_failure,warning
cnc,1.53,45.25,43.76,80.37,1.96,26.87,tool_wear,running
cnc,1.71,35.8,35.87,59.01,0.88,25.82,lubrication_failure,warning
cnc,1.17,40.3,32.88,61.99,2.1,26.07,tool_wear,running
cnc,5.89,71.82,48.03,87.44,2.1,26.16,tool_breakage,fault
cnc,5.68,59.88,45.01,81.94,2.09,27.33,tool_breakage,fault
cnc,2.4,37.01,53.56,81.62,1.03,25.13,lubrication_failure,warning
cnc,1.61,58,51,97.2,2.15,26.83,tool_wear,warning
cnc,0.86,44.89,29.46,61.75,2.05,25.62,tool_wear,running
cnc,6.75,86.54,48.99,93.7,1.96,25.78,tool_breakage,fault
cnc,0.81,40.37,43.9,82.19,2.19,26.75,none,running
cnc,0.66,24.58,24.17,55,2.05,25.84,tool_wear,running
cnc,6.66,77.42,58.95,99.94,2.15,25.49,tool_breakage,fault
cnc,4.08,79.62,43.08,93.54,2.18,25.49,tool_breakage,warning
cnc,1.22,57.72,46.63,81.63,2,24.62,tool_wear,running
cnc,0.92,46.57,48.12,88.14,2.04,27.06,none,running
cnc,3.03,42.95,26.2,55,2.05,24.81,tool_breakage,warning
cnc,4.13,56.84,52.95,83.47,2.06,26.95,spindle_bearing_failure,warning
cnc,3.91,69.79,38.75,85.81,2.09,26.91,tool_breakage,warning
cnc,0.72,38.7,37,74.94,2.04,24.35,none,running
cnc,2.9,42.36,54.12,78.5,1.05,26.19,lubrication_failure,warning
cnc,1.98,43.63,40.17,62.51,1.31,25.6,lubrication_failure,running
cnc,2.51,55.53,65.4,105.96,0.93,26.49,lubrication_failure,warning
cnc,1.39,62.28,48.13,88.1,2.02,27.43,tool_wear,running
cnc,1.73,33.04,40.75,56.73,1.88,26.09,spindle_bearing_failure,running
cnc,3.16,47.49,60.46,109.79,1,25.38,lubrication_failure,warning
cnc,1.41,49.44,43.85,77.96,2.15,25.68,tool_wear,running
cnc,0.8,43.24,43.09,85.35,2.24,27.24,none,running
cnc,1.67,31.29,40.64,55.76,0.57,26.17,lubrication_failure,fault
cnc,3.41,38.49,53.39,75.78,2.15,26.06,spindle_bearing_failure,warning
cnc,2.66,50.85,69.33,82.13,1.09,25.66,lubrication_failure,warning
cnc,0.7,37.5,31.21,55,2.13,26.68,tool_wear,running
cnc,1.82,55.04,46.63,93.68,1.94,27.17,tool_wear,warning
cnc,3.81,65.7,53.21,90.23,1.39,26.54,lubrication_failure,warning
cnc,5.61,86.6,54.3,105.37,2.29,27.85,tool_breakage,fault
cnc,0.84,44.74,39.18,73.83,1.98,26.94,tool_wear,running
cnc,2.3,33.3,39.5,55,2.06,24.43,spindle_bearing_failure,warning
cnc,1.24,64.32,51.42,94.39,1.83,27.17,tool_wear,warning
cnc,2,29.83,34.08,59.15,0.74,25.89,lubrication_failure,fault
cnc,2.71,52.34,68.73,81.42,1.37,25.89,lubrication_failure,warning
cnc,4.29,46.94,66.94,96.58,2.06,26.1,spindle_bearing_failure,warning
cnc,2.05,41.17,25.85,55,2.17,25.22,tool_breakage,warning
cnc,3.01,48.41,61.42,83.68,1.95,26.89,spindle_bearing_failure,warning
cnc,1.17,23.92,28.11,55,2.22,24.52,spindle_bearing_failure,running
cnc,1.07,52.75,46.11,89.71,2.2,25.69,tool_wear,running
cnc,0.93,44.87,40.59,74.23,2.15,25.63,none,running
cnc,2.36,25.99,32.17,55,1.98,26.82,spindle_bearing_failure,warning
cnc,3.44,56.8,34.46,65.3,1.88,26.78,tool_breakage,warning
cnc,1.56,51.28,59.81,85.52,1.19,25.93,lubrication_failure,warning
cnc,1.61,34.91,46.76,82.09,1.13,26.17,lubrication_failure,warning
cnc,1.21,33.08,30.12,55,2.29,27.28,spindle_bearing_failure,running
cnc,2.62,49.14,60.16,82.7,2.06,26.76,spindle_bearing_failure,warning
cnc,1.44,36.27,31.87,60.68,2.15,25.56,spindle_bearing_failure,running
cnc,1.42,23.9,26.92,55,1.06,25.24,lubrication_failure,warning
cnc,0.75,35.12,36.86,70.08,2.31,27.18,none,running
cnc,1.31,57.34,45.73,78.62,2.1,26.33,tool_wear,running
cnc,1.59,65.06,50.47,90.33,1.84,26.25,tool_wear,running
cnc,0.9,37.67,34.34,63.55,2.07,23.92,tool_wear,running
cnc,0.79,47.18,44.28,87.68,1.85,26.34,none,running
cnc,4.18,62.44,61.39,95.23,1.39,25.62,lubrication_failure,warning
cnc,4.82,57.62,33.25,67.33,2.1,25.8,tool_breakage,fault
cnc,1.14,32.4,47.55,59.62,0.95,26.82,lubrication_failure,warning
cnc,5.53,74.77,46,94.89,1.97,27.01,tool_breakage,fault
cnc,0.81,39.61,40.32,73.17,2.03,26.45,none,running
cnc,3.5,74.43,42.95,78.62,2.11,25.16,tool_breakage,warning
cnc,0.77,43.94,44.75,75.73,2.25,25.48,none,running
cnc,3.21,63.15,58.05,91.8,1.86,27.8,spindle_bearing_failure,warning
cnc,0.73,41.27,40.74,76.24,1.96,24.87,none,running
cnc,3.09,41.5,26.1,55,1.85,27.01,tool_breakage,warning
cnc,0.73,42.59,42.76,80.35,2.1,25.76,none,running
cnc,4.75,82.98,50.03,93.48,2.14,24.51,tool_breakage,fault
cnc,6.36,83.77,51.84,97.03,2.24,24.61,tool_breakage,fault
cnc,1.41,45.94,43.39,78.31,2.01,25.25,tool_wear,running
cnc,4.02,58.27,68.32,93.75,1.95,26.27,spindle_bearing_failure,warning
cnc,0.97,32.1,29.04,55,0.66,26.76,lubrication_failure,fault
cnc,4.1,64.55,43.83,82.81,1.91,27.49,tool_breakage,warning
cnc,1.79,54.35,50.39,99.09,2.3,25.9,tool_wear,warning
cnc,2.29,47.03,54.41,91.85,2.31,26.11,spindle_bearing_failure,warning
cnc,4.02,89.2,49.12,94.61,1.86,26.81,tool_breakage,warning
cnc,3.24,63.34,44.05,78.51,1.95,25.81,tool_breakage,warning
cnc,1.26,57.97,47.2,95.66,1.92,24.46,tool_wear,warning
cnc,2.1,29.78,31.73,55,2.04,26.99,spindle_bearing_failure,warning
cnc,6.15,89.92,50.53,92.52,2.19,26.23,tool_breakage,fault
cnc,1.74,48.5,66.74,93.79,1.01,26.56,lubrication_failure,warning
cnc,3.23,43.6,66.47,98.13,0.66,26.64,lubrication_failure,fault
cnc,1.5,59.67,48.23,85.18,2.13,24.86,tool_wear,running
cnc,1.16,54.42,42.3,84.74,2.01,25.81,tool_wear,running
cnc,2.87,48.1,60.05,94.47,2.08,27.43,spindle_bearing_failure,warning
cnc,0.75,39.74,42.75,83.51,2.13,26.25,none,running
cnc,4.48,79.65,48.76,85.74,2.03,25.93,tool_breakage,warning
cnc,5.88,74.1,41.88,75.66,1.95,25.72,tool_breakage,fault
cnc,3.22,43.64,54.46,67.67,1.25,24.94,lubrication_failure,warning
cnc,1.16,49.74,40.38,80.95,2.11,26.05,tool_wear,running
cnc,0.61,28.8,25.62,55,2.12,26.95,tool_wear,running
cnc,0.94,49.48,48.18,87.75,2.28,26.53,none,running
cnc,5.78,85.35,51.98,97.21,2.01,25.74,tool_breakage,fault
cnc,2.84,50.25,62.32,92.8,1.87,27.46,spindle_bearing_failure,warning
cnc,4.2,59.7,41.08,73.82,2.09,27.29,tool_breakage,warning
cnc,5.1,84.85,50.44,95.13,2.14,27.06,tool_breakage,fault
cnc,1.93,36.23,36.29,55,1.12,26.08,lubrication_failure,warning
cnc,0.81,45.66,42.32,81.67,2.3,27.14,none,running
cnc,1.06,43.44,45.29,74.96,2.04,26.68,tool_wear,running
cnc,5.93,81.93,54.74,97.11,1.98,25.15,tool_breakage,fault
cnc,3.26,56.57,68.84,97.44,2.14,25.43,spindle_bearing_failure,warning
cnc,1.37,53.99,46.47,79.58,2.03,27.9,tool_wear,running
cnc,4.31,48.16,57.79,104.44,1.97,27.36,spindle_bearing_failure,warning
cnc,2.54,41.41,26.2,55,2,26.67,tool_breakage,warning
cnc,1.71,36.06,37.58,63.48,1.23,25.43,lubrication_failure,running
cnc,0.95,47.2,42.86,78.92,2.33,26.45,none,running
cnc,1.18,56.3,46.86,89.01,2.08,26.03,tool_wear,running
cnc,3.75,50.69,30.8,63.82,2.22,27.01,tool_breakage,warning
cnc,1.9,27.46,30.62,55,0.94,26.22,lubrication_failure,warning
cnc,0.49,21.63,20,55,1.95,26.42,none,running
cnc,1.32,55.71,51.49,89.6,2.05,26.04,tool_wear,running
cnc,5.6,88.53,55.62,110,2.01,24.34,tool_breakage,fault
cnc,2.46,26.92,33.85,55,2.03,25.43,spindle_bearing_failure,warning
cnc,4.9,65.63,45.08,92.32,2.01,24.66,tool_breakage,fault
cnc,0.75,42.21,41.51,82.09,2.21,25.61,none,running
cnc,1.85,42.22,60.51,82.07,1.23,25.68,lubrication_failure,warning
cnc,2.2,48.92,46.67,78.3,2.17,25.87,spindle_bearing_failure,warning
cnc,4.3,76.79,44.54,87.75,2.17,25.68,tool_breakage,warning
cnc,3.96,70.64,41.83,76.37,2.23,25.15,tool_breakage,warning
cnc,4.77,70.24,42.02,83.87,2.11,26.49,tool_breakage,fault
cnc,6.61,80.32,46.62,93.23,2.03,25.55,tool_breakage,fault
cnc,1.31,28.21,33.98,55,2.1,26.76,spindle_bearing_failure,running
cnc,0.8,21.49,30.08,55,1.27,26.2,lubrication_failure,running
cnc,1.28,53.37,44.99,76.66,2.04,27.08,lubrication_failure,running
cnc,5.47,67.39,38.33,82.38,2.15,25.92,tool_breakage,fault
cnc,3.08,63.14,69.3,96.12,2.11,26.21,spindle_bearing_failure,warning
cnc,2.63,41.48,60.38,72.42,1.24,26.66,lubrication_failure,warning
cnc,1.53,41.35,53.43,71.19,0.91,26.03,lubrication_failure,warning
cnc,1.44,43.52,39.93,77.77,2.03,25.43,lubrication_failure,running
cnc,1.63,51.6,55.13,84.36,1.36,26.61,lubrication_failure,running
cnc,3.3,60.85,67.28,99.41,1.09,24.25,lubrication_failure,warning
cnc,2.3,39.61,58.6,77.5,1.28,27.32,lubrication_failure,warning
cnc,5.23,77.8,44.17,83.13,2.13,27.28,tool_breakage,fault
cnc,2.99,40.35,55.06,85.72,2.18,24.97,spindle_bearing_failure,warning
cnc,3.6,53.59,55.85,89.6,0.63,25.74,lubrication_failure,fault
cnc,2.93,45,59.95,91.3,1.94,26.43,spindle_bearing_failure,warning
cnc,0.86,43.72,41.8,82.63,2.09,24.44,none,running
cnc,2.76,61.69,73.31,98.93,1.12,27.43,lubrication_failure,fault
cnc,5.29,90.06,54.05,108.48,2.23,26.37,tool_breakage,fault
cnc,1.56,53.12,48.45,84.98,1.9,25.96,tool_wear,running
cnc,8,85.13,57.37,109.65,2.08,25.13,tool_breakage,fault
cnc,4.11,44.78,57.52,88.31,2.04,26.39,spindle_bearing_failure,warning
cnc,0.39,19.4,20,55,2.12,25.34,none,running
cnc,2.86,29.64,41.95,57.83,1.83,25.66,spindle_bearing_failure,warning
cnc,1.19,59.62,44.02,84.42,2.21,27.24,tool_wear,running
cnc,0.77,34.67,35.9,69.51,2.33,25.36,none,running
cnc,1.22,32.14,41.23,55,1.22,25.24,lubrication_failure,running
cnc,1.1,47.2,49.2,91.46,2.14,26.69,none,running
cnc,1.33,62.7,53.96,89.68,2.16,25.79,tool_wear,running
cnc,0.87,47.45,43.85,90.32,2.23,26.08,none,running
cnc,5.41,80.37,49.49,93.52,1.97,26.44,tool_breakage,fault
cnc,1.97,45.82,58.55,81.24,0.86,26.48,lubrication_failure,warning
cnc,1.72,54.29,46.82,94.58,2.05,25.36,tool_wear,warning
cnc,4.62,49.72,30.82,61.62,2.17,24.48,tool_breakage,fault
cnc,2.46,37.64,38.42,64.37,1.97,26.87,spindle_bearing_failure,warning
cnc,1.39,50.66,45.94,85.37,2.07,24.7,tool_wear,running
cnc,4.42,62.77,35.61,64.49,2.26,25.57,tool_breakage,warning
cnc,2.31,32.51,20.55,55,2.05,28.01,tool_breakage,warning
cnc,2.65,44,61.16,91.49,2.39,27.23,spindle_bearing_failure,warning
cnc,6.48,70.61,43.25,89.97,2.18,26.67,tool_breakage,fault
cnc,2,36.21,48.42,82.23,1.95,25.04,spindle_bearing_failure,running
cnc,6.66,94.11,50.29,101.13,1.98,25.25,tool_breakage,fault
cnc,0.56,25.44,22.54,55,2.08,27.88,none,running
cnc,3.72,65.74,41.62,78.32,2.24,26.27,tool_breakage,warning
cnc,0.79,38.88,38.77,77.59,1.94,26.98,none,running
cnc,1.18,55.3,47.39,102.6,2.11,26.93,lubrication_failure,warning
cnc,3.72,55.86,61.54,101.69,1.06,25.74,lubrication_failure,warning
cnc,4.38,60.15,64.44,94.88,1.9,25.48,spindle_bearing_failure,warning
cnc,5.91,77.73,52.1,104.85,2.19,25.81,tool_breakage,fault
cnc,0.69,36.02,36.08,69.28,2.31,26.79,none,running
cnc,5.79,69.47,43.59,86.17,2.07,27.26,tool_breakage,fault
cnc,0.88,46.6,44.52,85.15,2.25,26.82,none,running
cnc,2.66,48.49,62.53,79.92,2.06,25.78,spindle_bearing_failure,warning
cnc,2.01,50.95,54.45,83.9,1.79,26.2,spindle_bearing_failure,warning
cnc,0.74,37.35,36.09,75.17,1.97,27.34,none,running
cnc,1.7,52.82,56.27,95.71,2.16,26.17,tool_wear,warning
cnc,1.17,56.01,49.78,89.05,2.1,25.85,tool_wear,running
cnc,1.15,41.07,37.75,57.84,0.58,26.81,lubrication_failure,fault
cnc,5.44,92.81,59.3,98.96,2.07,26.32,tool_breakage,fault
cnc,1.14,43.28,46.76,78.1,2.03,25.38,tool_wear,running
cnc,0.74,39.58,34.66,64.96,1.85,25.44,none,running
cnc,0.9,40.87,32.84,57.65,2.03,24.95,tool_wear,running
cnc,0.96,44.3,44.1,85.1,2.07,26.85,none,running
cnc,6.24,76.1,48.04,94.59,1.93,27.32,tool_breakage,fault
cnc,2.85,46.92,51.01,95.72,0.77,25.45,lubrication_failure,fault
cnc,3.18,45.92,67.46,81.06,1.31,27.31,lubrication_failure,warning
cnc,2.94,55.36,57.44,96.79,1.88,26.29,spindle_bearing_failure,warning
cnc,1.62,46,60.24,97.15,0.9,25.55,lubrication_failure,warning
cnc,2.25,59.35,67.23,102.13,0.62,26.77,lubrication_failure,fault
cnc,0.86,44.25,41.98,74.19,1.96,26.88,none,running
cnc,0.4,21.55,20,55,2.29,26.92,none,running
cnc,2.23,53.37,66.85,90.72,2.08,25.61,spindle_bearing_failure,warning
cnc,1.3,56.76,48.19,84.77,1.83,25.47,tool_wear,running
cnc,2.46,47,29.6,55,2.24,25.94,tool_breakage,warning
cnc,1.49,53.11,50.93,95.2,2.01,26.57,tool_wear,warning
cnc,1.75,64.59,49.61,92.46,1.99,25.7,tool_wear,warning
cnc,6.28,81.81,50.59,96.68,2.12,25.22,tool_breakage,fault
cnc,6.6,89.16,49.62,93.24,2.19,27.05,tool_breakage,fault
cnc,3.19,47.53,58.51,86.86,0.94,24.76,lubrication_failure,warning
cnc,1.3,56.18,47.3,84.82,2.13,26.64,tool_wear,running
cnc,3.65,55.89,66.56,100.12,1.02,26.51,lubrication_failure,warning
cnc,0.92,54.22,39.02,74.23,1.94,25.64,tool_wear,running
cnc,2.86,46.71,43.01,81.32,1.27,24.84,lubrication_failure,warning
cnc,2.27,48.99,52.47,84.02,1.22,24.03,lubrication_failure,warning
cnc,0.43,21.32,20,55,2.29,26.22,none,running
cnc,0.83,37.92,41.13,81.64,2.15,24.67,none,running
cnc,0.39,25.37,22.01,55,2.17,25.42,none,running
cnc,0.95,38.41,39.4,78.94,2.15,25.68,none,running
cnc,0.7,41.2,41.24,72.66,2.24,26.93,none,running
cnc,4.81,67.11,40.77,77.9,2.07,24.99,tool_breakage,fault
cnc,3.34,43.13,72.19,95.16,1.06,25.93,lubrication_failure,fault
cnc,1.59,52.82,59.04,81.24,1.17,25.11,lubrication_failure,warning
cnc,0.73,46.08,41.96,83.63,2.03,24.99,none,running
cnc,1.01,50.1,44.83,76.19,2.22,27.45,tool_wear,running
cnc,1.26,59.85,53.9,96.96,2.05,26.07,tool_wear,warning
cnc,0.98,46.97,43.52,81.63,2.05,25.78,none,running
cnc,0.73,29.81,28.27,55,2.16,25.11,tool_wear,running
cnc,1.8,67.94,48.67,98.99,2.17,26.8,tool_wear,warning
cnc,2.01,48.3,69.55,93.69,1.24,27.19,lubrication_failure,warning
cnc,2.63,37.76,55.98,75.81,0.74,26.86,lubrication_failure,fault
cnc,1.87,25.41,27.43,55,2.07,25.81,spindle_bearing_failure,running
cnc,3.95,56.11,55.95,85.42,1.96,25.8,spindle_bearing_failure,warning
cnc,2.87,51.23,57.54,82.14,2.04,26.6,spindle_bearing_failure,warning
cnc,1.54,36.38,37.37,62.29,2.04,25.22,tool_breakage,running
cnc,0.84,31.19,26.13,55,2.18,25.08,tool_wear,running
cnc,1.38,49.66,52.26,91.34,1.96,26.63,tool_wear,running
cnc,1.02,34.13,30.42,56.58,1.9,25.37,tool_wear,running
cnc,1.14,24.1,36.67,55,1.97,26.46,spindle_bearing_failure,running
cnc,1.06,67.97,53.14,90.7,1.99,25.25,tool_wear,running
cnc,2.75,50.15,47.73,77.56,0.68,25.3,lubrication_failure,fault
cnc,5.1,81.37,43.89,86.73,2.13,26.28,tool_breakage,fault
cnc,0.85,38.42,44.22,82.43,2.2,26.25,none,running
cnc,1.18,58.59,52.05,98.09,1.88,26.2,tool_wear,warning
cnc,5.11,81.69,44.01,83.34,2.09,26.62,tool_breakage,fault
cnc,3.57,54.87,35.79,68.71,1.88,25.75,tool_breakage,warning
cnc,1.58,57.76,45.04,86.87,1.93,25.69,tool_wear,running
cnc,0.79,39.55,37.74,77.4,2.12,25.45,none,running
cnc,2.11,29.02,35.93,55,0.83,25.68,lubrication_failure,warning
cnc,2.38,43.06,26.17,55,2.24,24.34,tool_breakage,warning
cnc,1.84,41.15,47.69,76.21,2.08,24.35,spindle_bearing_failure,running
cnc,1.29,44.8,43.29,73.91,2.04,25.12,tool_wear,running
cnc,2.09,31.27,27.9,55,2.33,26.36,spindle_bearing_failure,warning
cnc,0.81,33.41,34.41,66.4,1.9,27.26,none,running
cnc,0.84,45.91,43.46,81.9,2.08,24.22,none,running
cnc,3.39,40.13,57.23,94.02,1.07,25.03,lubrication_failure,warning
cnc,7.18,87.31,54.44,101.12,2.14,27.73,tool_breakage,fault
cnc,2.33,48.4,65.55,92.4,2.09,27.35,spindle_bearing_failure,warning
cnc,2.16,55.58,54.45,94.54,1.22,24.79,lubrication_failure,warning
cnc,1.47,38.08,40.62,57.17,2.16,26.74,spindle_bearing_failure,running
cnc,4.17,76.99,53.04,98.72,2.06,25.52,tool_breakage,warning
cnc,0.92,31.76,27.28,55,2.04,24.75,tool_wear,running
cnc,0.73,37.25,35.59,66.92,2.05,26.64,none,running
cnc,0.99,28.12,25.19,55,2.02,25.95,tool_wear,running
cnc,3.49,55.4,34.07,61.11,1.99,26.41,tool_breakage,warning
cnc,1.43,26.52,28.66,55,2.02,26.67,tool_wear,running
cnc,4.5,77.16,42.84,82.63,1.99,26.9,tool_breakage,warning
cnc,2.45,36.12,45.3,62.47,1.86,25.78,spindle_bearing_failure,warning
cnc,0.9,45.51,46.11,79.16,2.03,26.16,tool_wear,running
cnc,2.99,40.09,26.7,55,2.09,25.13,tool_breakage,warning
cnc,3.62,43.17,55.75,79.96,2.17,25.25,spindle_bearing_failure,warning
cnc,1.27,49.51,45.99,82.32,2.13,26.06,tool_wear,running
cnc,3.12,62.5,34.39,64.98,1.86,27.59,tool_breakage,warning
cnc,1.07,51.52,44.56,74.95,2.09,24.52,tool_wear,running
cnc,0.72,38.04,41.49,71.14,1.97,24.95,none,running
cnc,2.5,51.91,63.99,84.45,2.19,26.37,spindle_bearing_failure,warning
cnc,4,61.29,66.46,99.76,2.22,25.67,spindle_bearing_failure,warning
cnc,0.77,41.48,33.06,62.18,2.01,26.07,tool_wear,running
cnc,4.81,76.96,52.22,93.93,1.96,27.56,tool_breakage,fault
cnc,0.49,26.66,23.64,55,2.03,25.57,none,running
cnc,0.85,49.15,47.13,84.47,2.1,26.19,none,running
cnc,3.86,72.92,47.77,91.69,2.09,25.33,tool_breakage,warning
cnc,1.77,51.4,56.54,88.76,1.03,25.93,lubrication_failure,warning
cnc,3.29,57.83,71.68,99.58,2.27,27.96,spindle_bearing_failure,fault
cnc,0.92,20.1,30.53,55,0.87,25.3,lubrication_failure,warning
cnc,1.52,54.36,47.95,82.87,2,25.2,tool_wear,running
cnc,3.49,43.47,27,55,2.1,24.14,tool_breakage,warning
cnc,1.26,23.79,31.47,55,0.92,24.49,tool_wear,warning
cnc,1.34,54.95,41.11,77.31,1.89,25.38,tool_wear,running
cnc,3.72,53.73,49.47,79.88,2.33,26.38,spindle_bearing_failure,warning
cnc,2.24,57.32,60.85,84.73,2.17,25.2,spindle_bearing_failure,warning
cnc,2.93,43.62,66.08,86.49,1.15,26.34,lubrication_failure,warning
cnc,0.82,43.61,43.32,82.61,2.1,26.28,none,running
cnc,3.93,72.47,45.73,90.75,2.07,25.67,tool_breakage,warning
cnc,2.51,40.64,65.08,86.95,1.35,25.2,lubrication_failure,warning
cnc,3.91,57.33,69.21,91.88,1.97,27.55,spindle_bearing_failure,warning
cnc,1.56,60.79,54.02,91.61,2.05,26.21,tool_wear,running
cnc,0.82,29.63,29.72,55,1.87,26.53,tool_wear,running
cnc,2.65,46.83,68.16,95.2,1.86,24.53,spindle_bearing_failure,warning
cnc,3.29,44.17,48.38,76.54,1.88,25.39,spindle_bearing_failure,warning
cnc,0.88,46.82,46.86,88.53,2.09,25.86,none,running
cnc,2,20.13,30.78,55,1.91,25.7,spindle_bearing_failure,running
cnc,6.42,70.89,46.99,87.2,2.09,26.95,tool_breakage,fault
cnc,3.13,48.41,61.86,84.48,1.98,26.55,spindle_bearing_failure,warning
cnc,5.61,84.79,47.31,90.34,2.16,25.61,tool_breakage,fault
cnc,3.92,46,61.39,95.27,1.89,25.6,spindle_bearing_failure,warning
cnc,1.18,43.14,41.36,73.08,2.22,26.34,tool_wear,running
cnc,0.73,28.01,23.17,55,2.07,26.86,tool_wear,running
cnc,4.66,66,44.47,82.58,2.01,27.96,tool_breakage,fault
cnc,3.82,44.86,58.81,88.12,2.07,24.94,spindle_bearing_failure,warning
cnc,0.83,46.65,42.2,82.49,2.21,26.54,none,running
cnc,4.93,75.64,50.68,92.73,2.15,26.53,tool_breakage,fault
cnc,0.67,44.02,41,79.34,2.19,24.92,none,running
cnc,1.15,50.71,42.39,80.31,2.04,25.84,tool_wear,running
cnc,3.09,40.2,55.79,80.04,1.06,26.38,lubrication_failure,warning
cnc,2.33,58.9,72.58,99.76,1.99,25.97,spindle_bearing_failure,fault
cnc,1.4,54.19,54.38,93.15,2.05,25.12,tool_wear,warning
cnc,1.83,63.26,46.95,90.46,2.09,27.16,tool_wear,running
cnc,2.3,45.99,57.79,83.91,1,24.88,lubrication_failure,warning
cnc,3.95,67.37,57.76,106.82,0.89,25.9,lubrication_failure,warning
cnc,2.76,43.54,25.55,55,1.99,26.48,tool_breakage,warning
cnc,1.81,46.95,63.13,87.47,0.76,26.76,lubrication_failure,fault
cnc,2.07,42.47,53.04,73.55,1.42,25.7,lubrication_failure,warning
cnc,0.75,42.54,38.74,74.2,2.27,26.16,none,running
cnc,0.83,41.74,43.7,87.57,2.16,25.28,none,running
cnc,4.46,49.1,60.43,99.62,2.12,26.24,spindle_bearing_failure,warning
cnc,1.6,49.72,48.36,89.62,2.22,26.76,tool_wear,running
cnc,7.26,93.38,51.59,93.36,2.16,26.22,tool_breakage,fault
cnc,2.13,59.12,73.1,94.27,1.19,26.17,lubrication_failure,fault
cnc,3.04,66.66,57,104.83,0.85,25.19,lubrication_failure,warning
cnc,3.87,58.29,57.53,100.08,2.16,24.81,spindle_bearing_failure,warning
cnc,0.62,25.31,22.16,55,2.16,24.63,tool_wear,running
cnc,2.58,59.24,65.93,93.39,1.95,26.69,spindle_bearing_failure,warning
cnc,0.78,40.58,40.6,72.02,2.2,25.94,none,running
cnc,0.61,39.83,39.38,69.76,2.08,24.6,none,running
cnc,0.86,32.91,30.09,55,2.13,24.81,tool_wear,running
cnc,1.12,28.99,32.12,55,1.11,27.15,lubrication_failure,warning
cnc,0.69,35.15,39.84,73.62,1.83,26.37,none,running
cnc,1.72,61.21,45.73,91.4,2.19,24.75,tool_wear,running
cnc,1.53,30.68,40.43,59.58,1.09,26.91,lubrication_failure,warning
cnc,1.99,28.63,31.6,56.34,2.04,26.86,spindle_bearing_failure,running
cnc,4,49.7,51.57,102.56,2.06,27.96,spindle_bearing_failure,warning
cnc,1.05,52.06,40.92,74.77,2.1,24.91,tool_wear,running
cnc,2.01,50.14,63.44,90.59,1.17,26.85,lubrication_failure,warning
cnc,0.8,45.49,40.78,77.72,2.14,26.21,none,running
cnc,0.73,44.39,44.8,80.48,1.95,25.15,none,running
cnc,1.03,49.15,45.34,76.52,2.05,25.81,tool_wear,running
cnc,2.58,58.87,59.2,100.8,2.07,26.3,spindle_bearing_failure,warning
cnc,6.11,71.73,44.68,96.42,2.1,27.83,tool_breakage,fault
cnc,1.74,47.55,61.47,88.7,1.38,25.44,lubrication_failure,warning
cnc,3.1,50.66,45.23,74.06,1.93,27.1,spindle_bearing_failure,warning
cnc,0.78,41.8,39.23,73.15,2.34,27.62,none,running
cnc,1.01,50.74,42.35,84.09,1.93,26.9,none,running
cnc,3.82,48.5,55.48,83.77,1.99,25.27,spindle_bearing_failure,warning
cnc,1.32,56.7,49.42,88.84,2.06,25.35,tool_wear,running
cnc,4.05,43.54,55.2,86.2,1.92,27.7,spindle_bearing_failure,warning
cnc,2.66,54.27,58.37,87.3,2.16,26.85,spindle_bearing_failure,warning
cnc,0.59,32.43,27.01,57.58,2.35,25.84,none,running
cnc,0.43,19.94,20.88,55,2.09,25.23,none,running
cnc,1.39,64.08,48.73,94.87,2.11,27.09,tool_wear,warning
cnc,0.63,25.58,25.76,55,1.87,26.84,tool_wear,running
cnc,1.63,53.96,62.19,81.35,0.94,26.77,lubrication_failure,warning
cnc,1.12,22.08,31.26,55,2.01,25.38,spindle_bearing_failure,running
cnc,2.55,48.09,57.94,83.38,2.15,24.19,spindle_bearing_failure,warning
cnc,3.49,50.27,65.19,90.85,2.14,24.16,spindle_bearing_failure,warning
cnc,0.85,49.35,46.36,86.71,2.06,24.13,none,running
cnc,2.52,48.77,56.48,82.81,2.05,25.99,spindle_bearing_failure,warning
cnc,4.33,62.64,56.4,101.7,2.17,24.85,spindle_bearing_failure,warning
cnc,3.99,57.07,55.74,95.2,2.09,27.03,spindle_bearing_failure,warning
cnc,1.64,42.1,50.38,76.44,0.84,25.01,lubrication_failure,warning
cnc,6.83,69.58,47.5,88.15,2.27,26.77,tool_breakage,fault
cnc,7.48,98.47,59.68,102.75,2.04,26.64,tool_breakage,fault
cnc,1.27,55.75,44.36,77.7,2.16,26.09,tool_wear,running
cnc,5.55,94.34,52.74,110,2.03,25.87,tool_breakage,fault
cnc,0.76,38.87,39.95,71.64,2.07,27.26,none,running
cnc,0.79,39.96,38.23,67.09,1.99,27.43,none,running
cnc,1.75,62.77,53.49,90.66,2.28,27.42,tool_wear,running
cnc,6.36,74.83,54.51,100.18,1.92,24.06,tool_breakage,fault
cnc,3.87,59.58,59.97,93.08,1.99,25.75,spindle_bearing_failure,warning
cnc,1.39,47.58,40.61,76.17,1.74,25.07,tool_wear,running
cnc,1.72,56.91,46.44,94.43,1.97,25.38,tool_wear,warning
cnc,1.76,61.11,61.54,106.82,0.77,25.61,lubrication_failure,fault
cnc,3.24,45.24,28.73,55.32,2.01,26.65,tool_breakage,warning
cnc,0.67,36.38,34.44,65.28,2,25.81,none,running
cnc,3.3,44.02,29.19,55,1.99,25.52,tool_breakage,warning
cnc,1.4,33.89,44.9,58.92,0.79,25.92,lubrication_failure,fault
cnc,3.03,51.45,75.19,108.01,2.07,25.63,spindle_bearing_failure,fault
cnc,3.61,46.32,59.52,99.67,2.18,27.59,spindle_bearing_failure,warning
cnc,2.03,55.66,64.65,87.46,2.19,24.29,spindle_bearing_failure,warning
cnc,3.02,55.67,50.91,92.69,1.12,27.12,lubrication_failure,warning
cnc,0.66,34.9,35.06,64.98,2.21,26.45,none,running
cnc,3.16,47.53,59.48,88.77,2.08,26.94,spindle_bearing_failure,warning
cnc,3.89,51.56,72.27,94.86,2.02,26.62,spindle_bearing_failure,fault
cnc,2.9,45.29,53.35,76.95,0.74,26.38,lubrication_failure,fault
cnc,1.51,57.37,51.21,89.15,1.84,24.8,tool_wear,running
cnc,2.56,56.23,66.27,87.71,0.97,27.16,lubrication_failure,warning
cnc,4.63,67.13,44.91,85.71,2,26.96,tool_breakage,fault
cnc,5.18,84.86,52.26,108.85,2.23,26.59,tool_breakage,fault
cnc,4.49,54.2,66.83,109.42,2.16,25.42,spindle_bearing_failure,warning
cnc,3.87,50.56,31.85,61.04,2.16,27.21,tool_breakage,warning
cnc,3.11,54.27,62.83,95.68,2.24,25.84,spindle_bearing_failure,warning
cnc,1.7,52.28,54.45,80.45,0.75,25.91,lubrication_failure,fault
cnc,5.27,76.13,50.03,90.42,2.18,25.29,spindle_bearing_failure,fault
cnc,1.31,18.78,23.01,55,2.21,25.57,spindle_bearing_failure,running
cnc,0.94,50.14,41.4,81.4,2.04,27.18,none,running
cnc,1.81,49.2,63.49,97.74,0.78,25.83,lubrication_failure,fault
cnc,3.76,44.74,63.02,101.01,1.24,26.79,lubrication_failure,warning
cnc,5.6,63.12,43.76,83.94,2.06,25.39,tool_breakage,fault
cnc,0.36,20.55,20.27,55,2.16,26.08,none,running
cnc,5.25,86.74,49.23,103.1,2.12,24.12,tool_breakage,fault
cnc,2.32,56.02,62.71,89.86,1.14,24.87,lubrication_failure,warning
cnc,1.76,58.83,50.21,95.04,2.36,25.26,tool_wear,warning
cnc,1.59,53.02,50.06,94.33,2.24,24.2,tool_wear,warning
cnc,1.13,54.17,46.69,81.62,2.07,25.38,tool_wear,running
cnc,2.7,53.29,53.26,91.21,2,25,spindle_bearing_failure,warning
cnc,2.6,34,38.84,61.68,2.06,26.43,spindle_bearing_failure,warning
cnc,1.09,47.69,44.14,83,1.93,25.1,tool_wear,running
cnc,0.54,26.81,25.7,55,2.12,26.26,none,running
cnc,3.71,39.96,49.03,73.66,1.89,25.44,spindle_bearing_failure,warning
cnc,1.95,33.57,35.96,55,0.99,27.17,lubrication_failure,warning
cnc,0.85,45.36,44.55,87.61,2.07,26.95,none,running
cnc,0.6,37.32,36.07,66.71,1.94,26.73,none,running
cnc,5.01,90.78,54.32,106.49,2,26.11,tool_breakage,fault
cnc,3.33,49.12,71.07,99.08,0.98,25.2,spindle_bearing_failure,fault
cnc,1.84,50.01,61.84,90.01,1.92,25.13,spindle_bearing_failure,warning
cnc,2.86,38.64,49.33,80.53,2.13,25.97,spindle_bearing_failure,warning
cnc,4.76,64.92,41.37,85.36,2.06,23.98,tool_breakage,fault
cnc,0.97,44.01,46.05,86.22,2.09,26.85,none,running
cnc,2.67,61.11,58.36,97.71,0.67,27.14,lubrication_failure,fault
cnc,1.73,53.88,54.81,101.2,2.24,26.58,tool_wear,warning
cnc,0.68,37.12,38.09,73.99,2.14,24.5,none,running
cnc,1.32,58.43,48.26,88.33,2.36,25.97,tool_wear,running
cnc,2.99,48.9,47.61,82.63,2.1,25.41,spindle_bearing_failure,warning
cnc,0.65,28.97,27.77,55,1.81,25.66,tool_wear,running
cnc,2.63,50.58,56.39,85.4,2.06,26.58,spindle_bearing_failure,warning
cnc,0.85,45.32,44.01,83.67,2.16,25.54,none,running
cnc,1.02,47.58,47.99,87.28,2.05,26.53,none,running
cnc,1.15,31.97,31.15,55,2.29,26.44,spindle_bearing_failure,running
cnc,3.36,65.3,70.22,96.91,2.21,25.48,spindle_bearing_failure,fault
cnc,4.65,78.45,44.48,81.96,2.17,25.76,tool_breakage,fault
cnc,2.48,37.18,53.66,75.59,0.83,27.35,lubrication_failure,warning
cnc,1.32,55.56,47.29,94.54,1.95,24.3,tool_wear,warning
cnc,2.5,65.34,62.62,103.97,1.92,25.64,spindle_bearing_failure,warning
cnc,2.46,52.18,66.43,91.72,1.26,26.12,lubrication_failure,warning
cnc,0.7,41.79,40.36,72.41,1.94,27.53,none,running
cnc,7.8,82.71,53.09,108.46,2.07,25.34,tool_breakage,fault
cnc,0.68,38.87,37.56,74.17,2.03,25.48,none,running
cnc,6.74,75.77,49.09,92.52,2.19,24.12,tool_breakage,fault
cnc,0.89,44.85,42.82,82.99,1.92,27.29,none,running
cnc,6.13,79.23,45.9,91.06,2.33,26.55,tool_breakage,fault
cnc,1.89,37.14,39.21,56.63,0.58,26.92,lubrication_failure,fault
cnc,0.74,43.3,44.17,77.95,2.12,27.3,none,running
cnc,5.22,80.26,54.77,103.05,2.18,25.45,tool_breakage,fault
cnc,2.21,44.56,66.14,80.73,0.99,26.51,lubrication_failure,warning
cnc,1.63,54.03,46.12,93.71,2.18,26.32,tool_wear,warning
cnc,1.21,64.9,46.36,88.81,1.98,27.16,tool_wear,running
cnc,5.02,81.17,49.89,86.22,1.99,27.71,tool_breakage,fault
cnc,2.32,44.25,50.72,97.06,1.19,25.06,lubrication_failure,warning
cnc,2.97,49.17,59.86,107.67,2.27,27.14,spindle_bearing_failure,warning
cnc,1.96,30.34,36.33,58.01,1.95,25.78,spindle_bearing_failure,running
cnc,2.18,35.44,23.32,55,2.08,27.67,tool_breakage,warning
cnc,1.03,27.47,33.08,55,2.36,26.12,spindle_bearing_failure,running
cnc,4.87,81.92,48.49,103.68,2.06,25.72,tool_breakage,fault
cnc,0.95,46.17,43.92,80.55,2.15,24,none,running
cnc,2.39,38.17,23.73,55,1.93,24.71,tool_breakage,warning
cnc,0.85,40.26,41.11,72.56,2.29,26.27,none,running
cnc,4.39,75.96,40.98,82.35,1.98,25.34,tool_breakage,warning
cnc,3.82,67.51,40.79,78.07,1.81,26.95,tool_breakage,warning
cnc,0.82,43.06,42.75,79.94,2.17,25.28,none,running
cnc,0.82,44.69,48.19,87.39,2.16,25.73,none,running
cnc,0.72,37.02,29.45,55,2.19,25.25,tool_wear,running
cnc,5.42,78.28,47.22,88.36,2.08,26.2,tool_breakage,fault
cnc,3.48,53.66,59.93,84.97,0.72,24.71,lubrication_failure,fault
cnc,0.79,42.2,33.11,65.65,1.97,26.27,tool_wear,running
cnc,2.7,61.5,73.74,91.82,1.1,26.55,lubrication_failure,fault
cnc,1.69,21.68,28.97,55,0.94,25.79,lubrication_failure,warning
cnc,1.69,51.23,52.19,97.48,2.12,26.25,tool_wear,warning
cnc,4.52,58.87,61.81,89.98,2.34,27.64,spindle_bearing_failure,fault
cnc,3.35,60.21,67.44,108.51,0.81,24.52,lubrication_failure,warning
cnc,0.58,27.15,30.27,55,1.98,24.79,none,running
cnc,1.79,48.03,49.57,79.3,1.06,25.3,lubrication_failure,warning
cnc,2.34,44.25,54.7,94.21,0.73,27.72,lubrication_failure,fault
cnc,3.13,62.79,65.93,94.77,2.08,26.23,spindle_bearing_failure,warning
cnc,2.58,55.21,64.78,97.91,1.21,27.09,lubrication_failure,warning
cnc,0.77,43.08,41.58,75.36,2.07,24.6,none,running
cnc,6.06,60.32,43.12,79.67,1.99,25.53,tool_breakage,fault
cnc,0.67,32.89,35.8,68.99,2.01,27.64,none,running
cnc,0.69,38.49,34.99,69.77,1.91,25.12,none,running
cnc,0.96,47.07,46.59,88.2,2.18,25,none,running
cnc,3.86,76.87,47.93,85.36,2.25,27.66,tool_breakage,warning
cnc,2.04,48.96,59.41,84.87,1.43,24.28,lubrication_failure,warning
cnc,1.64,39.08,43.81,67.36,1.07,26.84,lubrication_failure,warning
cnc,3.36,45.43,71.22,97.09,0.75,24.88,lubrication_failure,fault
cnc,1.64,56.77,49.53,90.2,2.26,26.37,none,running
cnc,3.99,52.46,70.55,94.42,0.98,25.63,lubrication_failure,fault
cnc,2.25,45.33,66.82,82.8,0.77,25.89,lubrication_failure,fault
cnc,0.45,26.81,25.58,55,2.16,25.02,none,running
cnc,0.96,50.07,45.06,83.29,2.01,26.16,none,running
cnc,1.01,30.19,26.13,55,2.01,26.01,tool_wear,running
cnc,5.95,93.86,54.14,99.83,2.14,27.65,tool_breakage,fault
cnc,1.2,65.25,47.48,92.57,1.93,25.19,tool_wear,warning
cnc,1.96,32.28,30.96,55,0.98,24.94,lubrication_failure,warning
cnc,0.74,43.9,41.72,78.58,1.97,25.85,none,running
cnc,2.55,43.96,53.7,85.28,2.09,26.51,spindle_bearing_failure,warning
cnc,2.4,32.45,46.58,63.54,0.85,24.43,spindle_bearing_failure,warning
cnc,0.74,39.79,41.9,75.34,1.99,25.75,none,running
cnc,1.61,24.45,29.37,55,2.03,25.52,spindle_bearing_failure,running
cnc,0.71,39.04,37.14,71.56,2.23,25.65,none,running
cnc,1.06,51.11,46.95,89.77,1.92,25.1,none,running
cnc,1.32,55.97,51.57,84.05,2.29,25.45,tool_wear,running
cnc,3.48,67.7,41.09,81.95,2.12,25.8,tool_breakage,warning
cnc,0.95,47.58,48.15,89.77,2.04,27.21,none,running
cnc,3.4,54.1,54.11,87.71,1.99,26.59,spindle_bearing_failure,warning
cnc,0.73,38.91,40.63,68.86,1.99,25.22,none,running
cnc,1.14,62.36,53.49,93.7,2.14,26.88,tool_wear,warning
cnc,0.73,36.64,35.07,72.89,2.02,26.81,none,running
cnc,0.83,47.83,42.28,85.76,2.01,26.44,none,running
cnc,1.32,61.14,49.72,89.86,2.03,25.68,tool_wear,running
cnc,4.09,85.99,52.44,91.97,2.06,24.24,tool_breakage,warning
cnc,1.43,61.44,46.29,81.15,2.09,26.19,tool_wear,running
cnc,3.86,62.31,72.73,97.7,1.02,27.06,lubrication_failure,fault
cnc,2.77,50.38,65.52,90.46,1.96,25.98,spindle_bearing_failure,warning
cnc,0.77,46.25,42.2,79,1.94,26.29,none,running
cnc,4.66,85.19,55.99,104.94,2.1,26.1,tool_breakage,fault
cnc,3.2,59.23,70.07,96.94,1.98,24.32,spindle_bearing_failure,fault
cnc,0.99,47.82,44.63,80.72,2.07,26.23,tool_wear,running
cnc,2.97,40.51,26.54,55,2.1,26.99,tool_breakage,warning
cnc,2.06,59.61,62.42,95.4,1.33,25.46,lubrication_failure,warning
cnc,2.03,37.99,58.48,71.55,1.02,25.71,lubrication_failure,warning
cnc,2.65,56.84,62.16,92.48,0.72,24.93,lubrication_failure,fault
cnc,0.81,41.56,43.22,76.99,1.97,27.02,none,running
cnc,2.8,40.66,55.92,78.56,1.11,25.75,lubrication_failure,warning
cnc,1.04,50.09,43.65,79.16,2.21,25.13,tool_wear,running
cnc,0.85,32.37,26.96,55,2.04,25.07,tool_wear,running
cnc,3.01,49.97,60.67,96.15,1.91,25.14,spindle_bearing_failure,warning
cnc,4.08,60.51,72.82,101.75,2.12,26.77,spindle_bearing_failure,fault
cnc,3.2,54.85,54.61,86.12,0.73,25.63,lubrication_failure,fault
cnc,6.13,79.86,50.19,94.19,2.24,25.85,tool_breakage,fault
cnc,0.85,42.19,42.64,79.5,2.22,25.69,none,running
cnc,1.45,53.6,46.52,87.62,2.07,24.94,tool_wear,running
cnc,2.67,56.81,57.71,88.35,0.69,27.25,lubrication_failure,fault
cnc,1.26,60.37,45.73,80.24,2.21,27.12,tool_wear,running
cnc,3.57,48.55,70.9,99.35,2.07,26.05,spindle_bearing_failure,fault
cnc,0.92,42.39,32.37,56.66,1.87,24.89,tool_wear,running
cnc,1.9,35.33,45.25,60.03,1.88,26.44,spindle_bearing_failure,running
cnc,1.72,64.4,52.93,98.84,2.31,27.18,tool_wear,warning
cnc,1.25,53.38,43.89,77.26,2.08,24.32,tool_wear,running
cnc,2.9,55.16,71.03,97.89,1.17,25.2,lubrication_failure,fault
cnc,3.41,39.6,53.19,77.08,2.09,25.73,spindle_bearing_failure,warning
cnc,0.85,42.78,41.49,81.96,2.07,25.71,none,running
cnc,0.75,42.69,41.11,69.39,2.16,24.98,none,running
cnc,0.36,17.87,20,55,2.25,25.23,none,running
cnc,6.4,71.89,42.31,81.77,2.24,26.54,tool_breakage,fault
cnc,1.63,55.21,47.92,93.71,2.1,25.75,tool_wear,warning
cnc,4.26,81.98,46.14,94.22,2.11,25.75,tool_breakage,warning
cnc,2.99,43.72,30.61,55,2.12,24.66,tool_breakage,warning
cnc,3.46,52.71,67.86,98.8,1.24,26.41,lubrication_failure,warning
cnc,6.66,83.78,52.84,103.04,2.15,26.58,tool_breakage,fault
cnc,4.56,73.13,44.6,79.38,2.11,24.56,tool_breakage,fault
cnc,1.24,49.48,41.92,81.92,2.11,25.83,tool_wear,running
cnc,1.48,46.47,45.91,75.13,2.12,26.15,tool_wear,running
cnc,1.99,64.44,71.53,94.39,1.06,26.22,lubrication_failure,fault
cnc,0.8,36.46,33.22,65.9,2.16,26.32,none,running
cnc,1.75,36,36.11,56.57,0.86,27.57,lubrication_failure,warning
cnc,0.71,39.25,38.68,71.62,1.96,26.77,none,running
cnc,1.54,44.99,45.96,77.66,2,25.5,tool_wear,running
cnc,1.2,43.15,45.47,74.73,2.09,25.4,tool_wear,running
cnc,1.13,51.71,49.06,86.06,1.88,27,tool_wear,running
cnc,2.45,45.49,54.48,84.98,2.25,26.95,spindle_bearing_failure,warning
cnc,0.86,49.21,42.83,90.22,2.19,25.18,none,running
cnc,6.44,71.42,41.96,89.21,2.18,26.37,tool_breakage,fault
cnc,5.57,83.55,49.4,98.04,2.18,25.55,tool_breakage,fault
cnc,0.65,39.22,36.29,63.95,1.96,25.21,none,running
cnc,3.27,55.93,55.52,77.26,1.28,26.11,lubrication_failure,warning
cnc,1.02,46.59,44.03,83.97,2.05,25.78,none,running
cnc,3.59,44.83,56.55,75.93,2.16,27.41,spindle_bearing_failure,warning
cnc,3.87,50.72,29.33,55,2.15,24.85,tool_breakage,warning
cnc,5.97,79.27,50.29,83.9,2.23,26.41,tool_breakage,fault
cnc,1.46,47.28,44.94,85.34,2.12,25.68,tool_wear,running
cnc,0.7,42.73,40.4,80.49,1.99,26.37,none,running
cnc,0.85,45.86,43.29,84.61,2.22,24.38,none,running
cnc,4.19,68.95,43.77,84.9,1.96,25.77,tool_breakage,warning
cnc,2.01,35.14,42.29,63.88,0.82,25.17,lubrication_failure,warning
cnc,5.18,81.28,53.29,104.56,2.06,26.4,tool_breakage,fault
cnc,0.63,28.52,26.86,55,2.07,25.8,tool_wear,running
cnc,3.96,47.3,55.91,89.75,1.97,26.86,spindle_bearing_failure,warning
cnc,0.93,37.5,33.83,61.59,1.87,27.26,tool_wear,running
cnc,4.96,69.1,45.36,85.2,2.02,27.11,tool_breakage,fault
cnc,0.8,41.81,42.2,75.88,1.87,27.01,none,running
cnc,0.89,43.42,43.33,76.36,1.99,26.56,none,running
cnc,2.13,36.88,40.37,63.87,0.78,26.08,lubrication_failure,fault
cnc,5.77,70.16,48.55,94.06,2.32,26.18,tool_breakage,fault
cnc,2.7,45.45,55.45,79.47,0.83,24.91,lubrication_failure,warning
cnc,0.93,43.99,45.79,86.19,2.06,25.07,none,running
cnc,4.94,90.32,53.19,103.79,2.13,26.4,tool_breakage,fault
cnc,0.46,23.37,21.78,55,2.02,26.65,none,running
cnc,2.43,49.38,63.97,78.14,1.21,25.94,lubrication_failure,warning
cnc,0.95,25.79,30.92,55,1.29,27.61,lubrication_failure,running
cnc,3.94,64.37,44.44,84.79,2.17,26.44,tool_breakage,warning
cnc,0.63,42.74,40.86,74.07,2.33,26.15,none,running
cnc,2.54,48.53,67.22,101.18,1.81,26.44,spindle_bearing_failure,warning
cnc,1.92,50.67,65.79,82.91,0.65,26.2,lubrication_failure,fault
cnc,2.42,46.58,49.69,75.9,1.2,26.18,lubrication_failure,warning
cnc,5.42,75.23,49.07,84.09,2.07,27.51,tool_breakage,fault
cnc,0.87,46.99,40.95,75.5,1.93,25.56,none,running
cnc,0.84,40.35,42.55,82.03,2.13,25.29,none,running
cnc,5.73,85.52,49.38,96.8,2.26,25.93,tool_breakage,fault
cnc,2.95,43.45,66.65,89.08,2.15,24.12,spindle_bearing_failure,warning
cnc,0.41,26.62,28.73,55,1.95,27.18,none,running
cnc,6.99,83.75,47.94,98.6,2.03,26.83,tool_breakage,fault
cnc,5.95,73.84,46.89,93.15,2.13,26.84,tool_breakage,fault
cnc,1.38,27.68,34.59,55,1.11,25.71,tool_wear,warning
cnc,0.97,50.13,48.34,89.49,1.92,25.75,none,running
cnc,0.81,39.05,37.63,72.25,2.26,26.35,none,running
cnc,1.45,49.19,50.3,94.62,2.07,24.94,tool_wear,warning
cnc,1.87,45.21,52.18,82.51,2.15,27.18,spindle_bearing_failure,running
cnc,1.06,40.17,32.77,59.99,2.04,26.01,tool_wear,running
cnc,4.65,62.67,45.43,87.3,2.15,27.76,tool_breakage,fault
cnc,1.26,51.85,43.49,83.21,2,26.55,tool_wear,running
cnc,3.12,48.6,50.19,87.88,1.81,25.55,spindle_bearing_failure,warning
cnc,2.78,52.14,30.98,57.08,2.22,25.36,tool_breakage,warning
cnc,6.56,87.18,49.14,93.45,2.1,26.6,tool_breakage,fault
cnc,0.78,45.82,45.15,81.02,2.04,25.63,none,running
cnc,2.26,51.53,60.93,83.99,0.86,26.11,lubrication_failure,warning
cnc,1.4,71.26,56.44,96.7,2.19,24.87,tool_wear,warning
cnc,4.85,95.19,51.58,101.93,2.23,25.99,tool_breakage,fault
cnc,1.43,59.48,52.85,85.51,1.96,26.31,tool_wear,running
cnc,0.77,33.51,34.54,57.67,2.05,26.45,tool_wear,running
cnc,1.55,30.08,32.95,55,1.78,24.25,spindle_bearing_failure,running
cnc,3.07,50.15,56.38,74.21,2.25,26.42,spindle_bearing_failure,warning
cnc,2.48,45.8,61.08,82.73,1.01,27.67,lubrication_failure,warning
cnc,2.88,43.48,55.64,83.99,2.05,26.15,spindle_bearing_failure,warning
cnc,0.94,51.73,37.43,77.44,2.1,27.31,tool_wear,running
cnc,4.41,76.02,46.33,91.9,2.18,24.97,tool_breakage,warning
cnc,0.85,36.81,35.42,66.49,2.18,25.38,none,running
cnc,0.8,45.25,40.8,81.91,2.14,25.85,none,running
cnc,0.68,38.65,36.87,71.53,2.1,25.34,none,running
cnc,2.66,45.9,26.37,55,2.1,25.76,tool_breakage,warning
cnc,2.09,32.88,35.01,55,1.07,26.68,lubrication_failure,warning
cnc,1.23,52.19,46.09,79.15,2.07,24.94,tool_wear,running
cnc,0.74,38.16,38.24,75.26,2.07,27.79,none,running
cnc,4.8,63.79,44.63,80.25,2,25.06,tool_breakage,fault
cnc,2.65,33.61,42.12,67.95,1.21,25.2,lubrication_failure,warning
cnc,2.45,48.66,60.5,84.56,2.1,24.63,spindle_bearing_failure,warning
cnc,0.74,39.74,38.79,73.9,2.05,24.89,none,running
cnc,5.42,74.41,50.59,92.31,2.07,25.69,tool_breakage,fault
cnc,0.42,25.06,22.21,55,1.99,24.63,none,running
cnc,1.36,59.05,54.72,97.37,2.11,26.18,tool_wear,warning
cnc,4.47,63.1,64.41,93.02,2.12,23.8,spindle_bearing_failure,warning
cnc,6.03,72.16,43.25,78.7,1.85,25.43,tool_breakage,fault
cnc,2.42,31.88,33.2,57.63,2.28,24.86,spindle_bearing_failure,warning
cnc,1.28,59.23,48.54,98.46,2.09,26.92,tool_wear,warning
cnc,1.47,46.28,42.02,79.42,2.08,25.55,tool_wear,running
cnc,5.28,86.99,49.96,99.42,1.95,27.73,tool_breakage,fault
cnc,1.75,63.01,45.8,97.44,1.97,23.78,tool_wear,warning
cnc,2.8,49.5,68.74,98.88,1.97,25.75,spindle_bearing_failure,warning
cnc,1.66,31.67,39.97,65.05,2.19,25.89,spindle_bearing_failure,running
cnc,0.76,41.27,39.07,83.06,1.95,28.23,none,running
cnc,1.3,53,46.58,87.46,2.27,24.99,tool_wear,running
cnc,0.76,41.32,38.17,75.16,1.97,25.79,none,running
cnc,1.68,36.67,50.53,79.72,0.83,25.53,lubrication_failure,warning
cnc,0.37,24.44,20.63,55,2.24,26.02,none,running
cnc,2.74,42.8,60.04,81.7,1.95,27.34,spindle_bearing_failure,warning
cnc,5.12,69.9,45.81,80.13,2.04,25.73,tool_breakage,fault
cnc,1.37,44.45,45.43,85.18,2.33,25.55,tool_wear,running
cnc,0.91,41.25,42.43,79.12,1.95,25.67,none,running
cnc,2.58,52.68,54.49,84.13,1.96,26.53,spindle_bearing_failure,warning
cnc,1.83,32.81,43.54,67.58,0.88,25.74,lubrication_failure,warning
cnc,2.75,53.34,49.89,83.61,0.76,28.32,lubrication_failure,fault
cnc,2.11,49.72,46.9,87.72,2.09,24.73,spindle_bearing_failure,warning
cnc,3.87,51.39,53.7,94,2.22,25.44,spindle_bearing_failure,warning
cnc,0.64,36.93,37.45,66.59,1.93,27.59,none,running
cnc,0.84,45.33,48.04,87.12,1.98,26.03,none,running
cnc,1.48,27.62,28.87,55,1.97,25.06,spindle_bearing_failure,running
cnc,3.33,49.64,57.31,94.42,2.17,26.43,spindle_bearing_failure,warning
cnc,1.4,31.2,34.95,55,0.74,25.96,lubrication_failure,fault
cnc,0.73,45.98,43.3,84.53,2.16,26.17,none,running
cnc,1.12,51.7,45.14,90.18,2.2,24.83,tool_wear,running
cnc,1.63,35.19,32.01,59.62,0.69,25.11,lubrication_failure,fault
cnc,7.28,79.74,44.61,96.29,2.27,25.55,tool_breakage,fault
cnc,2.99,39.39,56.92,82.83,2.01,24.51,spindle_bearing_failure,warning
cnc,3.33,48.72,45,71.7,2.05,26.44,spindle_bearing_failure,warning
cnc,6.08,80.09,49.03,94.59,2.12,26.8,tool_breakage,fault
cnc,0.91,51.34,44.9,87.34,2.03,26.1,none,running
cnc,4.1,82.64,43.53,81.56,1.92,25.34,tool_breakage,warning
cnc,4.16,79.16,44.05,87.66,2.09,25.95,tool_breakage,warning
cnc,4.87,68.56,43.77,94.4,2.12,25.12,tool_breakage,fault
cnc,4.47,49.4,55.63,86.04,2.05,27.22,spindle_bearing_failure,warning
cnc,0.93,42.28,46.1,80.63,2.09,25.47,none,running
cnc,5.78,81.14,43.35,91.52,1.93,24.62,tool_breakage,fault
cnc,1.53,44.28,50.51,78.7,1.07,26.64,spindle_bearing_failure,warning
cnc,2.39,60.85,56.83,102.12,0.95,26.3,lubrication_failure,warning
cnc,5.45,75.54,48,87.43,2.12,25.78,tool_breakage,fault
cnc,0.8,41.38,43.22,81.64,1.87,25.21,none,running
cnc,1.02,50.72,42.9,75.86,2.04,26.49,tool_wear,running
cnc,0.88,30.2,25.05,55,2.05,26.45,tool_wear,running
cnc,3.47,62.35,63.51,97.48,2.05,25.1,spindle_bearing_failure,warning
cnc,3.86,61.12,33.06,69.71,2.29,26.1,tool_breakage,warning
cnc,0.79,37.71,26.63,55,1.98,26.72,tool_wear,running
cnc,4.81,62.92,42.88,83.71,2.14,25.53,tool_breakage,fault
cnc,5.25,88.78,50.56,99.75,2.1,26.77,tool_breakage,fault
cnc,0.46,22.69,20.79,55,2.05,25.85,none,running
cnc,0.87,40.23,43.61,76.24,2.2,26.2,none,running
cnc,1.12,51.95,42.96,80.63,1.94,26.59,tool_wear,running
cnc,1.26,37.94,41.87,59.62,1.05,26.21,lubrication_failure,warning
cnc,1.2,52.78,48.71,93.44,2.05,27.07,tool_wear,warning
cnc,0.99,55.24,42.79,74.11,1.85,26.56,tool_wear,running
cnc,1.56,51.73,52.33,85.91,1.86,26.87,tool_wear,running
cnc,1.1,49.94,40.64,77.46,2.15,26.34,tool_wear,running
cnc,0.63,25.99,20,55,1.94,26.94,tool_wear,running
cnc,2.64,53.35,63.82,92.55,1.97,26.69,spindle_bearing_failure,warning
cnc,0.78,35.94,38.05,66.86,2.36,26.04,none,running
cnc,0.83,43.49,39.54,74.69,1.99,24.73,none,running
cnc,1,24.45,32.48,55,1.08,25.84,lubrication_failure,warning
cnc,3.15,55,70.5,97.59,1.97,25.59,spindle_bearing_failure,fault
cnc,0.72,48.21,44.11,82.19,2.19,25.48,none,running
cnc,0.79,29.51,20.72,55,1.96,25.33,tool_wear,running
cnc,0.78,36.38,37.47,73.93,2.13,27.49,none,running
cnc,2.36,53.62,56.77,77.99,1.83,25.97,spindle_bearing_failure,warning
cnc,5.03,80.31,44.53,89.29,2.23,25.49,tool_breakage,fault
cnc,3.7,62.21,38.32,82.14,2.27,26.97,tool_breakage,warning
cnc,1.81,40.81,40.48,59.84,0.63,25.51,lubrication_failure,fault
cnc,3.37,44.24,46.24,76.21,2.09,26.1,spindle_bearing_failure,warning
cnc,1.11,27.42,33.54,55,2.01,25.69,spindle_bearing_failure,running
cnc,3.15,54.69,65.81,98.69,2.06,26.79,spindle_bearing_failure,warning
cnc,5.31,67.38,42.96,83.03,1.91,27.07,tool_breakage,fault
cnc,0.88,35.44,26.72,55,1.99,26.32,tool_wear,running
cnc,6.84,76.93,50.26,98.85,2.19,25.17,tool_breakage,fault
cnc,0.84,43.14,44.12,79.17,2.02,25.66,none,running
cnc,3.25,42.47,50.65,86.83,2.17,25.36,spindle_bearing_failure,warning
cnc,6.61,89.92,46.99,90.94,1.85,24.61,tool_breakage,fault
cnc,1.29,56.86,44.65,74.03,1.98,26.75,tool_wear,running
cnc,6.04,73.72,47.33,93.27,1.88,24.73,tool_breakage,fault
cnc,0.79,37.79,36.46,69.98,1.96,24.46,none,running
cnc,1.05,38.9,27.24,55,2.13,24.92,tool_wear,running
cnc,1.17,53.61,47.41,84.83,1.96,24.43,tool_wear,running
cnc,1.54,19.11,26.73,55,0.96,25.51,lubrication_failure,warning
cnc,5.94,78.11,56.47,105.57,2.05,25.03,tool_breakage,fault
cnc,1.17,63.95,53.36,100.41,2.03,26.4,tool_wear,warning
cnc,6.73,87.94,52.2,104.78,1.96,26.42,tool_breakage,fault
cnc,3.27,39.42,25.27,55,2.07,25.14,tool_breakage,warning
cnc,0.89,40.09,44.48,80.71,1.99,25.56,none,running
cnc,0.85,40.72,41.71,79.37,2.12,25.04,none,running
cnc,0.92,27.22,27.23,55,0.63,26.35,lubrication_failure,fault
cnc,1.18,52.31,38.51,81.5,2.19,27.01,tool_wear,running
cnc,2.76,42.9,57.51,80.57,2.23,26.98,spindle_bearing_failure,warning
cnc,2.02,56.42,74.63,105.29,0.74,26.32,lubrication_failure,fault
cnc,4.07,60.1,61.43,97.61,1.94,26.26,spindle_bearing_failure,warning
cnc,1.76,23.82,33.57,55,1.99,25.95,spindle_bearing_failure,running
cnc,1.32,62.11,53.54,94.91,1.97,25.06,tool_wear,warning
cnc,5.79,87.72,47.93,90.04,2.17,25.89,tool_breakage,fault
cnc,2.18,43.2,65.19,100.56,2.01,25.29,spindle_bearing_failure,warning
cnc,4,53.8,58.67,91.92,2.01,25.43,spindle_bearing_failure,warning
cnc,1.22,57.05,41.94,80.34,2.07,26.89,tool_wear,running
cnc,5.21,79.15,46.94,93.22,2.14,25.5,tool_breakage,fault
cnc,0.76,44.99,47.16,89.85,2.24,28.21,none,running
cnc,1.31,61.71,50.81,83.53,2.11,24.21,tool_wear,running
cnc,1.26,47.44,41.19,77.65,2.02,25.52,tool_wear,running
cnc,3.95,74.83,43.28,84.31,1.88,24.82,tool_breakage,warning
cnc,1.83,28.29,26.13,55,0.86,26.52,lubrication_failure,warning
cnc,5.21,76.89,43.7,79.78,1.98,24.74,tool_breakage,fault
cnc,2.36,56.8,56.11,82.41,2.09,23.84,spindle_bearing_failure,warning
cnc,1.24,56.65,55.68,102.77,1.99,27.9,tool_wear,warning
cnc,2.43,48.2,57.41,86.75,0.95,25.34,lubrication_failure,warning
cnc,2.4,37.32,38.11,66.73,1.26,25.68,lubrication_failure,warning
cnc,2.16,49.93,51.25,83.87,0.94,26.42,lubrication_failure,warning
cnc,1.44,46.75,39.22,79.25,2.05,26.32,tool_wear,running
cnc,0.92,49.36,47.25,86.13,1.99,25.97,none,running
cnc,1.23,66.18,49.52,92.92,1.96,27.19,tool_wear,warning
cnc,4.01,71.67,42.64,85.87,2.11,25.94,tool_breakage,warning
cnc,1.36,52.81,45.99,82.99,2.26,25.96,tool_wear,running
cnc,3.08,51.74,30.99,56.36,2.16,26.19,tool_breakage,warning
cnc,5.43,72.42,56.49,97.48,2.16,26.93,tool_breakage,fault
cnc,1.94,44.02,59.52,86.3,0.59,26.32,lubrication_failure,fault
cnc,1.27,47.91,40.93,74.1,1.96,26.29,tool_wear,running
cnc,1.86,47.1,59.35,94.53,0.88,25.18,lubrication_failure,warning
cnc,6.89,98.47,51.89,95.78,2.09,27.52,tool_breakage,fault
cnc,1.41,32.36,33.56,60.7,1.09,26.43,lubrication_failure,warning
cnc,0.51,30,28.1,55,2.09,24.75,none,running
cnc,1.74,29.55,29.58,55,1.18,25.26,spindle_bearing_failure,warning
cnc,1.59,56.07,54.81,88.62,2.14,27.04,tool_wear,running
cnc,1.57,48.55,47.74,81.21,1.95,26.63,tool_wear,running
cnc,4.25,69.14,40.73,83.81,2.2,24.95,tool_breakage,warning
cnc,2.06,55.21,61.69,88.4,0.87,25.16,lubrication_failure,warning
cnc,0.85,37.42,29.36,55,2.07,25.85,tool_wear,running
cnc,1.4,56.29,43.81,86.62,2.26,27.17,tool_wear,running
cnc,2.6,32.9,22.26,55,1.97,25.52,tool_breakage,warning
cnc,1.99,36.45,41.58,60.47,0.77,26.43,lubrication_failure,fault
cnc,1.29,51.21,39.32,81.88,1.95,25.14,tool_wear,running
cnc,2.38,44.1,62.3,84.06,2.27,26.17,spindle_bearing_failure,warning
cnc,0.85,45.02,48.76,93.32,1.98,26.23,none,warning
cnc,1.38,56.11,41.06,75.18,2.16,26.68,tool_wear,running
cnc,0.82,50.29,48.53,84.06,2.01,25.46,none,running
cnc,0.7,37.95,35.6,67.67,2.13,26.7,none,running
cnc,1.34,49.22,38.45,73.76,1.86,26.94,tool_wear,running
cnc,0.95,48.7,49.17,84.93,2.09,25.64,none,running
cnc,1.46,26.1,30.8,55,1.92,25.57,spindle_bearing_failure,running
cnc,1.28,42.36,53.42,79.26,1.27,26.63,lubrication_failure,running
cnc,0.81,41.05,41.56,81.77,2.16,25.37,none,running
cnc,0.82,44.22,44.73,84.15,2.09,27.67,none,running
cnc,5.5,82.76,54.01,100.62,2.16,26.48,tool_breakage,fault
cnc,1.68,57.13,52.46,92.01,1.86,26.44,tool_wear,warning
cnc,3.34,51.25,34.19,67.1,2.09,25.59,tool_breakage,warning
cnc,1.24,23.77,25.66,55,1.16,24.84,lubrication_failure,warning
cnc,6.21,87.95,50.66,101.22,2.09,24.82,tool_breakage,fault
cnc,2.57,51.17,49.33,79.14,0.98,26.82,none,warning
cnc,1.83,61.76,49.39,95.34,2.13,25.32,tool_wear,warning
cnc,1.46,62.34,50.07,96.35,2.21,28.06,tool_wear,warning
cnc,4.79,76.68,43.62,87.77,2.2,25.96,tool_breakage,fault
cnc,1.21,52.61,41.85,77.76,1.88,25.16,tool_wear,running
cnc,2,37.11,22.59,55,1.88,26.65,tool_breakage,running
cnc,1.99,40.6,48.59,79.38,2.15,25.8,spindle_bearing_failure,running
cnc,3.34,47.44,44.48,72.29,2.08,27.36,spindle_bearing_failure,warning
cnc,2.04,32.45,35.53,55.93,2.12,27.42,spindle_bearing_failure,warning
cnc,1.56,24.44,29.06,55,1.14,26.11,lubrication_failure,warning
cnc,1.25,57.1,48.63,93.8,2.21,27.31,tool_wear,warning
cnc,1.56,56.53,45.08,90.14,1.98,24.79,tool_wear,running
cnc,3.77,76.65,47.4,87.2,2.07,25.59,tool_breakage,warning
cnc,0.72,36.92,36.68,70.12,2.11,25.29,none,running
cnc,0.81,44.25,44.45,80.08,2.19,26.76,none,running
cnc,1.03,58.86,52.37,91.08,1.9,27.24,tool_wear,running
cnc,1.92,42.98,57.33,86.03,0.77,25.78,lubrication_failure,fault
cnc,3.33,58.51,64.86,94.02,2.14,26.51,spindle_bearing_failure,warning
cnc,3.23,41.73,27.04,55,2.19,24.32,tool_breakage,warning
cnc,2.43,42.09,54.93,81.84,0.68,24.34,lubrication_failure,fault
cnc,5.24,72.97,47.96,96.32,2.02,24.11,spindle_bearing_failure,fault
cnc,1.3,65.85,49.89,91.18,1.95,25.59,tool_wear,running
cnc,2.35,46.78,58.27,79.69,1.15,25.92,lubrication_failure,warning
cnc,0.64,38.88,35.75,69,2.11,25.3,none,running
cnc,4.68,82.45,43.59,96.21,2.1,26.12,tool_breakage,fault
cnc,1.16,25.1,34.96,55.79,1.34,26.06,lubrication_failure,running
cnc,1.41,25.48,32.4,55,2.08,25.47,spindle_bearing_failure,running
cnc,3.66,43.65,30.69,57.19,2.16,25.34,tool_breakage,warning
cnc,0.86,27.81,25.37,55,2.2,26.24,tool_wear,running
cnc,4.36,45.38,33.37,63.54,2.11,26.3,tool_breakage,warning
cnc,3.07,49.92,31.91,60.56,2,24.3,tool_breakage,warning
cnc,6.71,85.66,44.29,95.27,1.99,25.54,tool_breakage,fault
cnc,3.87,44.82,27.36,58.65,2.09,27.58,tool_breakage,warning
cnc,1.31,47.51,45.65,84.72,2.03,26.3,tool_wear,running
cnc,1.15,45.43,40.86,73.19,2.25,24.86,tool_wear,running
cnc,0.82,45.72,42.94,90.27,2.07,27.07,none,running
cnc,3.49,48.79,60.05,107.44,2.25,26.04,spindle_bearing_failure,warning
cnc,1.89,53.94,46.47,94.3,2.04,25.57,tool_wear,warning
cnc,2.25,39.69,48.52,82.4,1.94,26.29,tool_wear,warning
cnc,5.29,71.03,45,86.63,2.15,26.93,tool_breakage,fault
cnc,1.71,53.05,46.66,89.06,2.15,24.53,tool_wear,running
cnc,1.17,34.51,37.07,57.11,0.93,25.09,lubrication_failure,warning
cnc,2.18,36.68,38.28,65.58,2.06,27.03,spindle_bearing_failure,warning
cnc,2.09,51.63,44.65,76.25,2.35,24.17,spindle_bearing_failure,warning
cnc,1.36,63.51,57.76,91.71,2.09,26.01,tool_wear,running
cnc,4.6,56.27,57.54,100.41,2.33,26.13,spindle_bearing_failure,fault
cnc,5.47,70.22,44.34,84.98,2.1,26.97,tool_breakage,fault
cnc,2.6,40.02,22,55,2.26,27.31,tool_breakage,warning
cnc,1.49,54.67,46.64,80.07,2.01,25.96,tool_wear,running
cnc,3.12,41.39,49.04,76.63,0.95,26.39,lubrication_failure,warning
cnc,4.26,44.75,69.68,99.28,2.02,26.5,spindle_bearing_failure,warning
cnc,2.58,36.35,52.04,76.18,0.95,25.66,lubrication_failure,warning
cnc,2.82,54.57,50.8,75.16,0.72,26.32,lubrication_failure,fault
cnc,1.99,59.71,61.76,89.64,1.3,25.93,lubrication_failure,warning
cnc,1.39,63.29,49.68,89.06,2.08,26.64,tool_wear,running
cnc,1.43,27.33,31.55,55,0.94,25.1,lubrication_failure,warning
cnc,2.1,65.5,72.55,99.11,1.02,24.29,lubrication_failure,fault
cnc,3.43,50.95,64.73,104.38,1.94,25.19,spindle_bearing_failure,warning
cnc,3.45,63.02,43.02,82.65,2.11,25.93,tool_breakage,warning
cnc,3.13,48.71,49.44,88.9,1.01,26.02,lubrication_failure,warning
cnc,1.03,30.3,35.25,55,0.76,26.3,lubrication_failure,fault
cnc,0.33,17.67,20,55,2.18,27.76,none,running
cnc,0.82,28.55,21.99,55,2.04,24.65,tool_wear,running
cnc,1.17,31.75,36.31,55,1.34,26.41,lubrication_failure,running
cnc,0.75,43,41.26,78.25,2.11,26.38,none,running
cnc,1.61,29.79,27.56,55,0.96,26.25,lubrication_failure,warning
cnc,0.96,45.32,44.83,80.56,2.23,25.25,none,running
cnc,0.77,43.44,38.96,75.21,1.91,24.3,none,running
cnc,3.53,53.39,29.51,57.77,2.19,26.67,tool_breakage,warning
cnc,1.15,31.79,32.08,61.23,2.05,25.5,tool_wear,running
cnc,1.05,22.82,25.84,55,1.32,25,lubrication_failure,running
cnc,1.66,29.22,38.11,56.66,0.65,26.4,tool_breakage,fault
cnc,6.86,72.19,47.09,92.27,1.94,25.8,tool_breakage,fault
cnc,0.79,36.79,31.51,60.28,2,24.5,tool_wear,running
cnc,5.03,65.12,42.56,87.56,1.93,25.02,tool_breakage,fault
cnc,3.3,55.5,65.57,95.17,2.19,24.64,spindle_bearing_failure,warning
cnc,0.85,44.43,44.41,91.57,2.06,24.93,none,running
cnc,2.35,53.96,64.88,96.3,1.95,25.6,spindle_bearing_failure,warning
cnc,0.79,35.85,38.6,71.12,2.05,26.64,none,running
cnc,1.4,35.18,39.1,62.18,1.08,27.08,lubrication_failure,warning
cnc,1.21,48.5,43.88,77.42,2.07,25.8,tool_wear,running
cnc,2.04,53.84,62.99,103.86,0.89,25.41,lubrication_failure,warning
cnc,1.28,27.98,27.52,55,0.93,24.92,lubrication_failure,warning
cnc,4.66,61.32,37.25,62.4,2.03,28.08,tool_breakage,fault
cnc,2.31,56.28,54.64,88.34,1.41,26.23,lubrication_failure,warning
cnc,1.67,21.98,26.19,55,1.01,24.48,lubrication_failure,warning
cnc,2.35,48.44,46.81,80.1,2.17,23.87,spindle_bearing_failure,warning
cnc,3.51,59.62,60.32,96.61,1.34,26.56,lubrication_failure,warning
cnc,5.75,95.17,53.32,105.73,2.1,24.95,tool_breakage,fault
cnc,5.11,91.38,51.1,96.38,2.08,25.72,tool_breakage,fault
cnc,1.65,46.06,55.19,75.2,1.18,25.28,lubrication_failure,warning
cnc,4.77,77.79,54.11,91.86,2.23,26.95,tool_breakage,fault
cnc,2.53,56.19,70.46,95.78,2,27.38,spindle_bearing_failure,fault
cnc,0.42,23.93,21.75,55,2.19,27.65,none,running
cnc,1.46,26.52,31.06,55,2.03,25.02,spindle_bearing_failure,running
cnc,3.28,55.69,68.13,86.97,0.94,26.79,lubrication_failure,warning
cnc,1.16,48.39,44.33,78.3,2.02,25.48,tool_wear,running
cnc,1.9,38.62,57.74,77.2,2.11,24.37,spindle_bearing_failure,running
cnc,6.74,95.43,52.85,100.31,2.13,24.39,tool_breakage,fault
cnc,1.43,50.63,45.3,81.83,1.84,25.73,tool_wear,running
cnc,2.63,51.12,58.48,82.49,2.04,26.05,spindle_bearing_failure,warning
cnc,1.27,55.32,49.11,98.46,2.03,26.72,tool_wear,warning
cnc,0.67,43.08,39.63,77.9,1.88,25.09,none,running
cnc,3.27,38.93,28.23,55,2.27,26.52,tool_breakage,warning
cnc,2.77,41.34,38.8,61.57,2.19,25.31,spindle_bearing_failure,warning
cnc,1.77,63.28,56.31,89.83,0.92,26.07,lubrication_failure,warning
cnc,3.36,54.35,52.58,82.85,0.83,27.27,lubrication_failure,warning
cnc,4.92,79.16,53.71,105.53,2.03,25.78,tool_breakage,fault
cnc,3.63,72.05,43.98,87.07,2.15,26.04,tool_breakage,warning
cnc,0.85,44.5,43.79,79.47,2.15,26.66,none,running
cnc,2.42,50.44,45.13,78.11,0.81,24.3,lubrication_failure,warning
cnc,4.48,73.42,49.93,86.32,1.85,27.75,tool_breakage,warning
cnc,3.23,50.6,30.82,57.47,2.17,27.06,tool_breakage,warning
cnc,1.6,59.98,57.9,95.79,2.09,26.86,tool_wear,warning
cnc,1.82,42.67,41.15,68.49,2.29,27.19,spindle_bearing_failure,running
cnc,0.84,47.47,46.57,86.26,2.2,24.65,none,running
cnc,5.77,89.92,56.56,105.98,2.02,25.32,tool_breakage,fault
cnc,0.71,43.76,42.05,86.15,2.17,26.65,none,running
cnc,0.52,30.8,21.87,55,1.94,24.71,tool_wear,running
cnc,2.16,39.36,43.51,80.26,1.04,27.26,lubrication_failure,warning
cnc,1.6,52.1,53.82,93.85,2.12,25.48,tool_wear,warning
cnc,7.46,87.82,51.53,104.09,2.26,26.14,tool_breakage,fault
cnc,0.89,43.27,44.17,82.45,2.2,25.1,none,running
cnc,0.9,51.03,47.26,89.16,2.09,25.99,none,running
cnc,2.75,62.59,73.08,94.81,1.41,26.01,lubrication_failure,fault
cnc,0.73,44.41,40.19,76.16,1.99,24.78,none,running
cnc,1.04,27.83,30.84,55,1.17,25.55,lubrication_failure,warning
cnc,1.33,38.5,46.09,66.63,1.35,26.74,lubrication_failure,running
cnc,2.24,37.22,25.98,55,2.11,25,tool_breakage,warning
cnc,1.81,33.38,22.23,55,2.23,26.29,tool_breakage,running
cnc,2.75,48.26,46.56,75.67,2.1,26.04,spindle_bearing_failure,warning
cnc,7.32,80.25,54.66,97.22,2.21,25.35,tool_breakage,fault
cnc,3.67,54.49,52.92,85.19,2.21,25.25,spindle_bearing_failure,warning
cnc,1.72,31.92,33.61,55,2.09,24.93,tool_breakage,running
cnc,1.92,39.7,24.63,55,1.97,25.03,tool_breakage,running
cnc,3.36,46.55,31.74,58.4,1.97,25.69,tool_breakage,warning
cnc,0.67,35.91,33.92,63.87,1.93,26.35,none,running
cnc,3.57,45.56,51.03,81.26,1.97,25.69,spindle_bearing_failure,warning
cnc,0.98,33.55,30.29,55,2.16,26.13,tool_wear,running
cnc,4.45,67.55,40.13,80.27,2.02,24.13,tool_breakage,warning
cnc,1.36,65.25,53.69,93.96,2.15,25.75,tool_wear,warning
cnc,4.14,68.41,49.33,91.57,2.13,26.43,lubrication_failure,warning
cnc,5.33,69.92,45.83,102.75,1.89,26.86,tool_breakage,fault
cnc,1.42,58.07,53.07,97.17,2.06,26.34,tool_wear,warning
cnc,2.22,54.12,57.81,83.81,0.66,27.08,lubrication_failure,fault
cnc,2.66,54.42,62.22,90.15,0.78,27.34,lubrication_failure,fault
cnc,0.68,37.53,39.1,74.49,2.29,25.53,none,running
cnc,3.66,59.85,65.35,99.76,1.98,26.96,spindle_bearing_failure,warning
cnc,0.84,43.18,44.37,92.87,1.91,26.01,none,warning
cnc,2.88,43.24,50.91,81.31,0.73,25.4,lubrication_failure,fault
cnc,2.12,35.09,29.16,55,1.09,24.37,lubrication_failure,warning
cnc,3.95,68.71,41.62,75.56,1.95,26.01,tool_breakage,warning
cnc,1.29,47.51,40.19,80.91,2.04,26.53,tool_wear,running
cnc,3.02,37.99,23.29,55,1.93,26.09,tool_breakage,warning
cnc,3.29,50.52,61.04,97.35,0.73,24.88,lubrication_failure,fault
cnc,3.53,59.18,70.24,102.42,2.32,27.03,spindle_bearing_failure,fault
cnc,3.63,54.22,61.34,99.18,1.89,26.81,spindle_bearing_failure,warning
cnc,0.74,39.4,36.5,74.54,2.03,25.13,none,running
cnc,0.82,43.21,41.67,76.99,2.02,24.21,none,running
cnc,2.98,56.01,60.71,99.81,0.7,27.01,lubrication_failure,fault
cnc,1.87,48.73,58.25,87.28,2.01,24.55,spindle_bearing_failure,warning
cnc,0.84,43.34,43.91,78.52,2.25,26.91,none,running
cnc,1.98,36.48,35.11,62.3,1.35,25.85,lubrication_failure,running
cnc,3.52,48.76,57.17,87,1,24.88,lubrication_failure,warning
cnc,0.87,36.79,30.86,58.45,2.33,25.2,tool_wear,running
cnc,8,78.99,53.37,110,2.13,24.14,tool_breakage,fault
cnc,0.97,41.17,32.94,60.76,2.08,24.89,tool_wear,running
cnc,2.34,40.62,48.59,86.94,0.93,26.87,lubrication_failure,warning
cnc,2.74,36.06,41.13,62.01,0.98,27.47,lubrication_failure,warning
cnc,2.04,50.19,56.63,91.71,0.56,24.53,lubrication_failure,fault
cnc,1.31,51.48,41.51,78.2,2.12,25.51,tool_wear,running
cnc,1.33,47.85,43.86,78.64,2.07,26.19,tool_wear,running
cnc,1.79,31.31,47.02,65.21,0.77,26.16,lubrication_failure,fault
cnc,2.17,40.45,25.13,55,2.23,24.62,tool_breakage,warning
cnc,0.93,49.21,46.81,87.24,2.06,26.35,none,running
cnc,0.76,34.7,35.13,71.45,1.92,25.01,none,running
cnc,3.54,46.15,57.19,80.6,2.11,26.1,spindle_bearing_failure,warning
cnc,3.48,66.84,42.07,78.02,2.13,26.94,tool_breakage,warning
cnc,2.01,41.98,49.91,74.1,2.01,25.8,spindle_bearing_failure,warning
cnc,5.51,98.24,55.96,107.76,2.17,27.54,tool_breakage,fault
cnc,5.15,88.95,50.28,88.22,1.96,25.82,tool_breakage,fault
cnc,0.74,37,35.8,69.1,1.98,25.47,none,running
cnc,0.79,40.05,39.08,77.54,1.89,25.75,none,running
cnc,6.07,72.78,42.24,87.4,2.13,26.79,tool_breakage,fault
cnc,1.67,59.55,53.9,99.22,2.1,25.66,tool_wear,warning
cnc,4.8,92.35,58.34,100.93,2.23,24.18,tool_breakage,fault
cnc,3.56,48.19,58.55,91.64,1.97,25.09,spindle_bearing_failure,warning
cnc,1.57,23.05,33.04,55,1.97,25.88,spindle_bearing_failure,running
cnc,1.45,26.78,24.83,55,1.96,26.14,spindle_bearing_failure,running
cnc,2.27,41.63,46.25,76.38,0.78,25.68,lubrication_failure,fault
cnc,2.08,54.4,57.87,91.84,1.94,24.99,spindle_bearing_failure,warning
cnc,2.51,51.33,59.71,101.33,2.01,24.95,spindle_bearing_failure,warning
cnc,5.91,88.23,56,105.32,2.03,26.6,tool_breakage,fault
cnc,3.52,48.52,24.93,55,1.97,26.71,tool_breakage,warning
cnc,2.92,48.55,58.15,84.01,0.81,25.51,lubrication_failure,warning
cnc,5.75,82.88,44.14,85.71,1.91,26.83,tool_breakage,fault
cnc,0.85,31.33,31.46,55.81,2.06,25.27,none,running
cnc,6.8,72.78,46.79,83.89,2.17,25.06,tool_breakage,fault
cnc,1.83,56.34,56.29,97.29,2.19,25.95,tool_wear,warning
cnc,3.41,48.41,53.43,95.3,1.17,27.06,lubrication_failure,warning
cnc,1.39,68.72,54.87,98.89,2.1,25.37,tool_wear,warning
cnc,4.55,76.17,47.78,80.31,2.03,24.71,tool_breakage,fault
cnc,1.22,61.86,52.87,92.7,1.86,27.27,tool_wear,warning
cnc,3.29,56.73,66.25,96.73,1.92,27.24,spindle_bearing_failure,warning
cnc,2.05,28.81,34.88,55,2.2,25.27,spindle_bearing_failure,warning
cnc,1.61,64.94,52.47,97.71,2.03,25.21,tool_wear,warning
cnc,1.54,66.45,47.03,95.62,2.18,26.2,tool_wear,warning
cnc,0.75,25.63,25.32,55,2.17,25.13,tool_wear,running
cnc,3.64,51.34,51.79,94.51,2.13,26.15,spindle_bearing_failure,warning
cnc,0.93,43.71,41.94,81.61,2,24.38,none,running
cnc,1.86,37.27,21.57,55,2.22,25.43,tool_breakage,running
cnc,2.84,58.09,53.55,89,2.05,28.13,spindle_bearing_failure,warning
cnc,0.98,46.48,48.02,90.53,2.07,26.24,none,running
cnc,1.06,49.14,45.98,75.07,2,26.95,tool_wear,running
cnc,2.26,57.22,55.02,91.9,1.31,27.05,lubrication_failure,warning
cnc,3.15,56.02,58.71,95.21,2.21,26,spindle_bearing_failure,warning
cnc,3.86,61.23,68.42,100.1,1.88,24.97,spindle_bearing_failure,warning
cnc,1.42,56.9,48.51,85.84,1.95,27.57,tool_wear,running
cnc,1.25,44.78,42.88,72.43,2.2,25.37,tool_wear,running
cnc,2.95,40.37,52.62,78.17,2.09,25.8,spindle_bearing_failure,warning
cnc,0.55,24.8,24.82,55,1.95,25.58,none,running
cnc,1,46.35,48.75,86.89,2.24,26.26,none,running
cnc,0.43,19.52,20,55,1.98,26.57,none,running
cnc,1.07,51.36,47.99,80.27,2.17,27.12,tool_wear,running
cnc,0.7,32.9,24.47,55,2.05,26.17,tool_wear,running
cnc,7.07,83.09,50.52,93.25,1.98,27.08,tool_breakage,fault
cnc,2.55,50.63,64.79,102.6,1.28,26.08,lubrication_failure,warning
cnc,1.96,67.63,54.63,92.73,2.04,26.07,tool_wear,warning
cnc,0.7,36.26,37.37,71.89,2.22,24.86,none,running
cnc,6.4,101.96,57.74,110,2.2,28.2,tool_breakage,fault
cnc,2.45,53.1,63.92,95.14,2.07,27.39,spindle_bearing_failure,warning
cnc,0.91,44.9,41.84,78.87,2.13,24.96,none,running
cnc,3.84,37.33,47.98,79.73,1.91,25.29,spindle_bearing_failure,warning
cnc,5.1,66.62,43.38,84.8,2.09,25.92,tool_breakage,fault
cnc,4.05,78.72,46.67,82.45,2.04,26.04,spindle_bearing_failure,warning
cnc,0.83,53.76,47.31,91.17,2.19,26.14,none,running
cnc,4.42,74.28,43.64,86.9,2.11,24.71,tool_breakage,warning
cnc,3.45,37.63,43.91,74.49,2.17,26.28,spindle_bearing_failure,warning
cnc,5.88,61.32,40.72,83.48,2.21,25.41,tool_breakage,fault
cnc,1.16,50.83,49.29,78.16,2.18,26.13,tool_wear,running
cnc,2.95,44.53,43.59,73.43,0.87,25.36,lubrication_failure,warning
cnc,0.89,44.62,43.97,83.9,2.1,25.07,none,running
cnc,2.34,49.69,56.09,82.88,2.15,25.55,spindle_bearing_failure,warning
cnc,3.6,62.47,67.92,101.47,1.83,25.17,spindle_bearing_failure,warning
cnc,0.87,30.18,33.13,56.07,1.94,25.45,tool_wear,running
cnc,1.68,25.37,29.98,55,2.12,28.33,spindle_bearing_failure,running
cnc,1.47,52.34,47,83.93,2.03,25.99,tool_wear,running
cnc,4.95,97.98,54.52,99.84,2.23,26.36,none,fault
cnc,2.72,39.49,57.32,80.23,0.91,24.17,lubrication_failure,warning
cnc,1.61,60.84,50.08,104.32,2.04,26.21,tool_wear,warning
cnc,0.74,39.94,39.52,79.03,1.99,27.1,none,running
cnc,0.39,20.93,21.58,55,2.25,25.8,none,running
cnc,1.33,59.76,48.15,97.25,1.9,25.54,tool_wear,warning
cnc,2.87,63.65,34.53,69.58,1.92,26.68,tool_breakage,warning
cnc,3.34,50.63,54.26,100.82,0.68,24.47,lubrication_failure,fault
cnc,2.24,40.37,24.45,55,2.22,26.6,tool_breakage,warning
cnc,6.79,74.52,49.01,85.27,1.97,26.67,tool_breakage,fault
cnc,1.85,65.7,52.59,100.95,1.84,25.45,tool_wear,warning
cnc,5.32,61.79,40.58,79.3,2.13,26.81,tool_breakage,fault
cnc,0.83,45.05,42.9,78.74,1.97,27.37,none,running
cnc,1.28,57.77,44.45,74.1,1.85,25.93,tool_wear,running
cnc,0.63,24.79,26.07,55,2.2,26.06,tool_wear,running
cnc,1.14,35.91,32.47,62.92,2.38,26.22,tool_wear,running
cnc,0.68,40.75,38.22,73.25,2.05,25.82,none,running
cnc,5.86,72.33,49.77,88.21,2.2,26.54,tool_breakage,fault
cnc,2.04,44.76,48.98,71.52,0.98,25.57,lubrication_failure,warning
cnc,2.36,44.35,55.43,93.64,2.1,26.03,spindle_bearing_failure,warning
cnc,0.77,33.47,34.18,67.87,2.14,26.47,none,running
cnc,6.82,75.97,49.91,89.26,2.16,27.57,tool_breakage,fault
cnc,2.07,38.11,35.84,63.56,2.29,26.59,spindle_bearing_failure,warning
cnc,4.32,52.02,30.03,60.5,2.04,25.28,tool_breakage,warning
cnc,0.79,41.72,46.54,84.59,2.08,24.13,none,running
cnc,3.15,48.69,52.94,85.46,1.36,25.24,lubrication_failure,warning
cnc,3.1,54.76,78.32,98.72,0.86,25.56,lubrication_failure,fault
cnc,6.83,74.29,50.8,104.18,2.18,25.33,tool_breakage,fault
cnc,1.52,35.04,35.48,56.28,1.93,26.18,spindle_bearing_failure,running
cnc,1.7,34.9,31.67,58.62,1.95,25.67,spindle_bearing_failure,running
cnc,0.82,39.67,42.78,77.65,1.95,26.77,none,running
cnc,4.49,70.31,45.28,85.78,1.84,25.9,tool_breakage,warning
cnc,5.61,74.63,46.43,92.05,1.97,26.29,tool_breakage,fault
cnc,1.68,53.17,50.18,80.29,0.95,26.66,lubrication_failure,warning
cnc,1.61,35.21,36.81,60.8,0.76,27.01,lubrication_failure,fault
cnc,2,34.06,32.95,55,1.13,26.22,lubrication_failure,warning
cnc,3.12,51.39,68.14,104.9,2.02,26.92,spindle_bearing_failure,warning
cnc,3.64,53.17,63.61,90.2,0.88,23.98,lubrication_failure,warning
cnc,4.84,92.26,52.37,94.12,2.18,25.99,tool_breakage,fault
cnc,3.81,46.94,54.25,90.34,2.18,27.54,spindle_bearing_failure,warning
cnc,6.96,79.74,49.9,95.19,2.2,25.6,tool_breakage,fault
cnc,6.1,73.33,44.13,87.32,1.98,28.24,tool_breakage,fault
cnc,0.74,35.07,34.64,65.41,2.08,27.46,none,running
cnc,1.42,60.47,51.11,87.74,1.96,25.52,tool_wear,running
cnc,2.09,43.4,55.76,93.65,1.28,26.58,lubrication_failure,warning
cnc,1.66,49.3,46.58,88.69,2,26.88,tool_wear,running
cnc,3.14,60.47,69.92,89.88,1.21,25.3,lubrication_failure,warning
cnc,4.89,69.41,46.33,91.25,2.04,26.82,tool_breakage,fault
cnc,4.16,52.82,31.43,60.81,1.94,25.6,tool_breakage,warning
cnc,1.04,52.65,37.64,74.25,2.37,26.94,tool_wear,running
cnc,4.68,92.52,53,94.49,2,26.93,tool_breakage,fault
cnc,0.85,36.09,38.57,70.05,2.03,24.96,none,running
cnc,2.99,55.44,51.52,85.91,1.16,25.48,lubrication_failure,warning
cnc,4.55,87.09,55.56,103.81,1.99,26.05,tool_breakage,fault
cnc,2.66,37.82,44.8,61.36,1.14,26.02,lubrication_failure,warning
cnc,2.48,57.94,60.32,86.55,1.27,25.66,lubrication_failure,warning
cnc,0.84,46.98,47.89,89.71,2.25,24.95,none,running
cnc,0.81,42.13,42.78,82.68,2.06,25.43,none,running
cnc,0.89,46.31,46.22,84.41,2.25,25.39,none,running
cnc,3.22,46.63,54.95,79.29,2.08,23.87,spindle_bearing_failure,warning
cnc,4.02,56.02,58.16,99.19,1.99,25.21,spindle_bearing_failure,warning
cnc,2.39,56.3,50.85,83.48,1.08,26.42,lubrication_failure,warning
cnc,2.27,49.41,57.03,86.06,2.19,26.15,spindle_bearing_failure,warning
cnc,4.85,79.07,46.98,95.59,2.27,25.8,tool_breakage,fault
cnc,6.51,70.92,45.63,85.32,2.1,25.19,tool_breakage,fault
cnc,0.91,47.54,47.83,89.6,2.34,26.46,none,running
cnc,1.35,23.53,24.34,55,2.07,25.29,spindle_bearing_failure,running
cnc,4.17,49.03,72.19,95.31,1.1,28.02,lubrication_failure,fault
cnc,2.89,51.87,54.6,89.61,1.09,26.55,lubrication_failure,warning
cnc,2.81,44.21,52.17,78.11,1.95,24.77,spindle_bearing_failure,warning
cnc,1.99,51.33,67.19,91.43,1.07,25.34,lubrication_failure,warning
cnc,2.84,44.11,51.47,86.72,1.01,26.3,tool_wear,warning
cnc,2.21,31.89,36.51,57.12,2.14,25.16,spindle_bearing_failure,warning
cnc,1.45,64.27,47.27,93.48,2.05,27.27,tool_wear,warning
cnc,2.82,47.52,67.06,101.45,1.24,27.03,lubrication_failure,warning
cnc,1.83,28.72,33.67,55,0.66,25.45,lubrication_failure,fault
cnc,3.89,51.19,63.86,100.12,1.4,24.65,lubrication_failure,warning
cnc,5.88,87.85,51.25,104.07,2.06,27.25,tool_breakage,fault
cnc,1.43,53.17,44.29,88.29,2.15,25.81,tool_wear,running
cnc,1.37,47.77,41.54,81.34,2.35,26.05,tool_wear,running
cnc,4.89,93.41,56.17,109.03,2.13,26.52,tool_breakage,fault
cnc,2.31,42.44,63.8,81.31,1.99,26.39,spindle_bearing_failure,warning
cnc,3.02,49.01,48.81,79.63,1.06,26.55,lubrication_failure,warning
cnc,5.24,83.62,48.86,94.69,2.28,24.29,tool_breakage,fault
cnc,3.76,75.09,44.84,81.93,2.06,25.46,tool_breakage,warning
cnc,3.24,54.98,68.57,94.17,0.71,27.08,spindle_bearing_failure,fault
cnc,2.62,48.26,68.94,96.05,1,25.74,lubrication_failure,warning
cnc,2.55,48.13,48.63,85.06,0.97,24.18,lubrication_failure,warning
cnc,0.94,43.49,44.64,86.57,2.06,25.73,none,running
cnc,0.83,25.25,22.87,55,2.02,24.6,tool_wear,running
cnc,0.78,38.88,36.2,62.36,2.03,26.49,tool_wear,running
cnc,3.74,41.18,50,86.4,2.14,27.03,spindle_bearing_failure,warning
cnc,0.55,23.47,27.5,55,2.04,28.06,none,running
cnc,1.25,49.38,42.87,81.72,2.24,25.37,tool_wear,running
cnc,1.8,43.13,57.66,76.79,0.68,25.51,lubrication_failure,fault
cnc,2.38,55.58,57.38,92.83,1.33,26.71,lubrication_failure,warning
cnc,6.43,92.97,54.21,98.93,2.15,26.28,tool_breakage,fault
cnc,4.57,87.1,46.68,94.98,1.96,27.18,tool_breakage,fault
cnc,0.93,38.25,41.39,80.2,1.83,27.07,none,running
cnc,3.51,52.48,66.97,106.36,0.9,26.6,lubrication_failure,warning
cnc,6.47,89.28,52.18,102.01,2.21,27,tool_breakage,fault
cnc,0.63,25.23,23.2,55,2.17,25.23,tool_wear,running
cnc,2.33,31.2,34.75,56.92,2.04,27.47,spindle_bearing_failure,warning
cnc,0.89,49.87,47.85,89.67,2.17,26.73,none,running
cnc,2.94,63.16,60.04,103.53,1.04,27.14,lubrication_failure,warning
cnc,0.66,37.48,34.78,66.7,2.12,25.08,none,running
cnc,1.81,62.48,57.19,92.74,2.06,23.81,tool_wear,warning
cnc,4.54,52.99,33.93,69.19,1.97,24.4,tool_breakage,fault
cnc,3.78,47.57,51.75,80.15,2.11,26,spindle_bearing_failure,warning
cnc,3.08,43.8,52.38,68.46,2.03,23.97,spindle_bearing_failure,warning
cnc,1.42,39.2,39.53,55,0.93,24.58,lubrication_failure,warning
cnc,5.19,79.23,51.71,95.59,2.4,25.27,tool_breakage,fault
cnc,0.83,48.68,46.42,90.74,2.04,25.85,none,running
cnc,1.56,23.62,25.28,55,2.18,24.86,spindle_bearing_failure,running
cnc,6.01,80.59,49.79,99.89,1.99,25.75,tool_breakage,fault
cnc,2.56,60.08,65.53,98.14,0.81,26.13,lubrication_failure,warning
cnc,2.37,56.77,69.96,94.56,0.91,25.04,lubrication_failure,warning
cnc,1.17,50.3,44.16,80.49,1.86,27.75,tool_wear,running
cnc,2.71,56.28,64.53,99.47,1.25,24.69,lubrication_failure,warning
cnc,2.51,51.89,61.65,89.83,2.18,23.94,spindle_bearing_failure,warning
cnc,1.6,33.94,31.82,55.65,1.14,25.42,lubrication_failure,warning
cnc,1.09,31.78,33.45,55,0.86,27.52,lubrication_failure,warning
cnc,0.83,43.64,41.22,78.75,2.25,27.51,none,running
cnc,3.46,42.18,52.61,76.94,1.96,25.23,spindle_bearing_failure,warning
cnc,6.43,77.26,44.18,88.32,2.15,26.36,tool_breakage,fault
cnc,3.25,53.52,56.87,85.12,1.24,25.41,lubrication_failure,warning
cnc,0.76,49,45.47,84.45,2.17,25.8,none,running
cnc,0.89,41.28,39.99,74.86,2.24,26.65,none,running
cnc,0.92,44.17,42.63,86.8,1.9,26.03,none,running
cnc,1.05,39.73,31.92,65.42,2.17,25.24,tool_wear,running
cnc,5.75,76.64,48.88,96.27,2.17,25.95,tool_breakage,fault
cnc,6.56,71.34,46,90.79,2.17,26.57,tool_breakage,fault
cnc,2.76,45.18,69.93,89.39,2.04,25.63,spindle_bearing_failure,warning
cnc,3.53,74.25,42.75,81.34,2.28,25.14,tool_breakage,warning
cnc,3.88,56.52,75.24,102.33,1.33,26.95,lubrication_failure,fault
cnc,4.39,82.41,54.66,103.81,1.96,26.18,tool_breakage,warning
cnc,2.63,38.66,36.01,58.84,1.94,25.39,spindle_bearing_failure,warning
cnc,0.85,45.49,43.99,89.22,2.07,25.84,none,running
cnc,1.32,61.95,54.17,92.53,1.84,26.79,tool_wear,warning
cnc,2.64,38.09,25.22,55,1.94,26.33,tool_breakage,warning
cnc,0.63,36.56,36.37,65.73,2.21,27.29,none,running
cnc,3.78,57.25,32.34,62.26,2.16,26.59,tool_breakage,warning
cnc,1.71,51.24,53.91,85.58,1.3,25.31,lubrication_failure,running
cnc,0.79,41.2,38.68,73.91,1.93,27.29,none,running
cnc,1.59,52.71,50.65,84.6,1.92,26.53,tool_wear,running
cnc,1.29,64.34,51.03,89.92,2.05,26.08,tool_wear,running
cnc,2.53,51.16,67.73,93.01,2.03,27.82,spindle_bearing_failure,warning
cnc,0.79,37.43,35.74,73.83,2.3,25.6,none,running
cnc,2.77,35.52,40.92,67.11,1.82,25.75,spindle_bearing_failure,warning
cnc,2.83,47.99,55.84,85.37,1.3,26.24,tool_breakage,warning
cnc,5.71,84.21,57.18,102.33,1.97,26.84,tool_breakage,fault
cnc,0.78,44.91,45.87,86.01,2.15,25.49,none,running
cnc,5.09,72.39,47.91,80.67,2.12,25.72,tool_breakage,fault
cnc,3.89,54.03,66.27,96,2.32,27.29,spindle_bearing_failure,warning
cnc,5.29,77.82,45.42,85.88,2.22,25.43,tool_breakage,fault
cnc,3.93,50.44,72.3,102.59,2.11,28.14,spindle_bearing_failure,fault
cnc,0.52,24.49,23.86,55,2.15,26.66,none,running
cnc,1.74,53.18,51.29,98.36,2.12,27.31,tool_wear,warning
cnc,0.87,44.89,44.04,85.84,2.25,25.62,none,running
cnc,2.1,43.62,52.2,74.6,0.67,26.32,lubrication_failure,fault
cnc,2.06,45.33,56.68,90.58,0.73,25.65,lubrication_failure,fault
cnc,3.03,63.88,61.19,96.94,2.06,26.39,spindle_bearing_failure,warning
cnc,2.65,53.22,73.76,88.83,0.96,25.14,lubrication_failure,fault
cnc,7.12,92.51,56.02,98.68,2.05,25.14,tool_breakage,fault
cnc,2.68,44.67,63.07,79.03,0.98,26.48,lubrication_failure,warning
cnc,1.27,53.46,47.6,86.51,2.05,26.69,tool_wear,running
cnc,2.81,46.32,53.86,79.29,1.91,25.46,spindle_bearing_failure,warning
cnc,1.73,49.59,48.58,89.72,2.03,26.37,tool_wear,running
cnc,1.18,22.44,29.86,55,2.28,26.77,spindle_bearing_failure,running
cnc,2.25,54.28,49.04,92.56,2.09,26.9,spindle_bearing_failure,warning
cnc,1.6,23.48,27.99,55,1.27,25.51,lubrication_failure,running
cnc,0.82,43.16,37.13,76.22,2.1,27.65,none,running
cnc,0.74,38.16,36.48,72.3,2.24,25.48,none,running
cnc,3.15,44.97,55.63,84.79,1.87,23.94,spindle_bearing_failure,warning
cnc,1.33,36.84,37.1,56.88,0.98,27.12,lubrication_failure,warning
cnc,2.97,42.76,57.89,78.64,1.21,26.61,lubrication_failure,warning
cnc,6.83,83.75,51.23,99.67,2.16,26.92,tool_breakage,fault
cnc,0.88,47.17,46.59,86.6,2.07,27.56,none,running
cnc,6.79,78.04,51.28,100.98,2.04,24.98,tool_breakage,fault
cnc,2.49,49.94,51.86,90.1,2.12,25.32,spindle_bearing_failure,warning
cnc,0.99,44.04,44.19,84.83,2.25,24.82,none,running
cnc,2.54,50.1,48.74,78.7,2.1,27.84,spindle_bearing_failure,warning
cnc,0.95,45.89,43.56,85.36,2.22,24.86,none,running
cnc,0.56,28.97,27.06,55,2,27.03,none,running
cnc,0.81,45.86,42.78,79.82,2.02,26.96,none,running
cnc,1.52,31.45,32.72,55.13,2.05,25.73,spindle_bearing_failure,running
cnc,2.48,62.13,66.46,99.92,1.14,27.42,lubrication_failure,warning
cnc,4.01,63.02,70.85,106.11,1.91,25.75,spindle_bearing_failure,fault
cnc,0.4,19.06,20,55,1.93,24.6,none,running
cnc,1.21,29.16,38.43,55,1.13,24.82,lubrication_failure,warning
cnc,5.15,68,43.38,90.27,2.01,25.6,tool_breakage,fault
cnc,1.01,45.71,46,91.55,1.93,27.25,none,running
cnc,0.8,44.9,36.25,63.53,2.25,25.32,tool_wear,running
cnc,0.92,44.48,46.46,82.58,2.07,26.92,none,running
cnc,3.03,37.6,22.57,55,2.19,25.72,tool_breakage,warning
cnc,3.89,45.9,50.77,93.91,2.02,25.35,spindle_bearing_failure,warning
cnc,0.72,29.39,29.67,55,1.75,26.13,tool_wear,running
cnc,2.7,51.37,29.69,58.75,2.14,26.38,tool_breakage,warning
cnc,4.44,88.45,52.7,105.41,2.11,26.89,tool_breakage,warning
cnc,0.88,44.56,42.24,74.58,1.87,25.97,none,running
cnc,0.84,44.53,45.49,87.69,2.14,25.02,none,running
cnc,3.68,65.19,41.53,77.41,2.23,24.16,tool_breakage,warning
cnc,7.98,79.1,52.99,104.1,1.97,23.94,tool_breakage,fault
cnc,0.69,45.55,43.74,81.8,2.12,25.67,none,running
cnc,4.64,63.01,46.61,87.39,2.14,27.28,tool_breakage,fault
cnc,1.01,43.78,44.98,78.3,2.07,25.98,tool_wear,running
cnc,3.87,60.34,66.32,104.14,2,28.07,spindle_bearing_failure,warning
cnc,2.73,49.54,62.64,76.8,0.96,24.65,lubrication_failure,warning
cnc,6.57,78.91,56.15,105.89,2.19,26.03,tool_breakage,fault
cnc,0.79,37.16,37.56,68.27,2.22,25.24,none,running
cnc,0.75,36.37,39.05,70.94,2.04,26.06,none,running
cnc,1.48,61.41,45.9,82.72,1.99,25.56,tool_wear,running
cnc,1.95,47.12,56.83,86.21,2.1,26.05,spindle_bearing_failure,running
cnc,1.25,50.42,48.46,81.58,1.93,24.98,tool_wear,running
cnc,1.27,65.11,51.5,101.62,2.01,26.39,tool_wear,warning
cnc,2.64,42.46,55.16,92.45,2.18,26.61,spindle_bearing_failure,warning
cnc,0.72,38.25,34.58,71.66,2.23,26.83,none,running
cnc,6.24,69.59,47.07,83.62,2.01,26.35,tool_breakage,fault
cnc,1.34,64.18,55.03,91.13,2.06,24.4,tool_wear,running
cnc,2.81,55,67.11,97.93,2.27,27.26,spindle_bearing_failure,warning
cnc,0.65,34.28,35.26,70.72,1.96,24.55,none,running
cnc,0.78,38.58,36.43,73.28,2.27,25.62,none,running
cnc,1.06,26.48,36.35,55,1.13,27.13,lubrication_failure,warning
cnc,3.16,39.2,44.27,65.17,2.19,25.61,spindle_bearing_failure,warning
cnc,2.8,53.64,56.6,92.04,2.23,27.58,spindle_bearing_failure,warning
cnc,5.14,70.34,40.25,78.56,2.14,26.9,tool_breakage,fault
cnc,1.5,50.97,44.75,77.3,1.99,25.82,tool_wear,running
cnc,6.67,76.41,46.93,87.5,2.05,26.03,tool_breakage,fault
cnc,6.56,86.23,51.83,98.52,2.26,26.96,tool_breakage,fault
cnc,1.12,55.29,52.98,95.96,2.01,25.51,tool_wear,warning
cnc,3.61,46.23,57.84,90.53,2.14,25.92,spindle_bearing_failure,warning
cnc,0.72,43.17,42.94,82.14,2.02,25.82,none,running
cnc,3.18,55.88,47.96,91.13,0.93,27.89,lubrication_failure,warning
cnc,2.16,26.79,28.62,55,2.09,27.05,spindle_bearing_failure,warning
cnc,6.05,84.43,52.22,99.76,2.04,26.65,tool_breakage,fault
cnc,1.3,36.12,39.73,56.37,1.93,25.14,spindle_bearing_failure,running
cnc,1.18,63.86,49.7,86.73,2.05,24.06,tool_wear,running
cnc,0.68,36.61,35.64,70.48,1.88,27.56,none,running
cnc,3.7,50.26,53.16,84.65,2.15,25.27,spindle_bearing_failure,warning
cnc,1.89,50.79,63.16,95.45,0.88,25.08,lubrication_failure,warning
cnc,0.36,21.11,20,55,2.25,25.64,none,running
cnc,0.81,40,40.14,69.7,2.03,25.85,none,running
cnc,1.79,60.13,48.16,80.16,1.39,26.05,lubrication_failure,running
cnc,3.68,35.92,55.08,76.98,2.28,26.31,spindle_bearing_failure,warning
cnc,0.58,27.72,25.72,55,1.99,26.01,tool_wear,running
cnc,1.4,46.61,46.1,85.48,2.03,25.2,tool_wear,running
cnc,0.51,26.07,27.24,55,1.94,25.72,none,running
cnc,6.11,65.96,47.51,78.77,2.02,24.38,tool_breakage,fault
cnc,0.7,37.46,34.65,63.1,2.18,25.37,none,running
cnc,1.57,44.43,55.84,87.08,1.27,27.26,lubrication_failure,running
cnc,2.42,44.62,51.39,80.98,0.72,24.69,lubrication_failure,fault
cnc,5.94,86.06,52.37,87.39,2.07,25.01,tool_breakage,fault
cnc,4.52,53.94,70.99,94.96,2.02,27.58,spindle_bearing_failure,fault
cnc,4.52,90.47,56.44,99.78,1.96,27.13,tool_breakage,fault
cnc,3.89,70.44,45.07,85.36,2.07,25.22,tool_breakage,warning
cnc,3.33,51.86,47.91,90.5,1.07,27.66,lubrication_failure,warning
cnc,6.43,77.95,45.88,93.3,1.98,25.15,tool_breakage,fault
cnc,0.73,37.26,37.73,66.64,2.15,27.1,none,running
cnc,2.74,53.03,62.01,98.49,2.03,26.31,spindle_bearing_failure,warning
cnc,4.57,69.68,43.28,79.74,2.02,23.83,tool_breakage,fault
cnc,5,82.58,57.15,107.79,2.09,26.08,tool_breakage,fault
cnc,1.45,37.02,35.42,66.19,1.93,25.61,spindle_bearing_failure,running
cnc,1.39,52.92,39.93,82.6,2.04,25.92,tool_wear,running
cnc,0.85,42.01,37.51,73.49,2.18,25.37,none,running
cnc,2.17,59.35,62.82,87.54,0.75,27.22,lubrication_failure,fault
cnc,2.49,60.19,56.5,90.72,1.86,26.22,spindle_bearing_failure,warning
cnc,1.26,60.9,48.16,83.18,2.12,25.54,tool_wear,running
cnc,3.45,54.12,59.47,88.9,0.75,26.91,lubrication_failure,fault
cnc,2.08,46.49,49.43,69.09,0.87,25.71,lubrication_failure,warning
cnc,3.59,56.03,66.17,89.03,0.84,26.52,lubrication_failure,warning
cnc,1.06,45.57,47.25,76.94,1.93,27.22,tool_wear,running
cnc,0.85,39.8,36.73,76.72,2,24.74,none,running
cnc,1.5,48.11,49.23,72.44,0.92,25.53,lubrication_failure,warning
cnc,1.87,26.41,33.55,55,0.84,25.96,lubrication_failure,warning
cnc,3.12,52.29,59.25,95.68,2.13,24.89,spindle_bearing_failure,warning
cnc,2.36,47.98,51.4,79.5,2.05,26.34,spindle_bearing_failure,warning
cnc,0.7,38.93,39.73,74.66,2.22,26.44,none,running
cnc,0.73,33.58,34.66,66.78,2.28,24.75,none,running
cnc,0.78,46.62,43.92,82.52,2.21,27.23,none,running
cnc,2.51,58.29,54.13,79.46,0.71,24.67,lubrication_failure,fault
cnc,7.59,91.34,51.04,101.26,2.07,25.89,tool_breakage,fault
cnc,2.09,43.4,48.01,80.15,1.91,25.4,spindle_bearing_failure,warning
cnc,0.82,47.9,45.17,79.57,1.97,26.35,none,running
cnc,1.54,51.67,48.45,75.09,0.98,24.83,lubrication_failure,warning
cnc,0.56,36.98,33.76,67.16,2.21,24.45,none,running
cnc,5.79,69.64,46.06,79.35,2.03,26.15,tool_breakage,fault
cnc,6.63,75.18,55.16,88.99,1.87,25.86,tool_breakage,fault
cnc,0.65,26.22,23.03,55,2.28,25.35,tool_wear,running
cnc,2.5,57.97,55.97,93.4,1.17,23.95,lubrication_failure,warning
cnc,1.94,43.78,52.09,79.67,1.9,26.02,spindle_bearing_failure,running
cnc,1.72,56.86,56.99,83.15,0.98,26.43,lubrication_failure,warning
cnc,0.85,41.3,39.84,79.32,2.14,27.29,none,running
cnc,3.24,57.31,55.83,89.62,2.22,24.78,spindle_bearing_failure,warning
cnc,1.93,48.76,58.66,94.92,1.09,25.47,lubrication_failure,warning
cnc,0.77,36.47,35.76,66.95,2.04,26.38,none,running
cnc,0.87,45.71,43.3,86.1,2.29,26.44,none,running
cnc,4.48,82.75,50.26,100.86,2.33,25.4,tool_breakage,warning
cnc,2.32,48.24,46.86,73.44,0.94,26.04,lubrication_failure,warning
cnc,1.87,40.45,54.53,84.88,0.74,26.26,lubrication_failure,fault
cnc,0.92,44.39,47.32,82.24,2.18,25.23,none,running
cnc,6.53,66.39,42.78,88.61,2.01,25.09,tool_breakage,fault
cnc,1,61.53,50.74,84.87,2.07,26.69,tool_wear,running
cnc,0.68,40.54,38.5,72.85,2.09,25.21,none,running
cnc,1.58,48.32,44.53,80.53,2.28,25.74,tool_wear,running
cnc,3.79,48.95,63.02,94.84,1.49,24.53,lubrication_failure,warning
cnc,1.38,24.4,27.48,55,2.06,26.71,spindle_bearing_failure,running
cnc,0.82,44.7,43.49,77.16,2.05,26.55,none,running
cnc,3.64,53.16,58.37,103.27,1.06,25.19,lubrication_failure,warning
cnc,4.08,54,71.72,93.22,1.98,26.14,spindle_bearing_failure,fault
cnc,3.51,53.99,50.18,91.81,0.64,26.95,lubrication_failure,fault
cnc,2.78,51.18,51.97,85.66,1.93,28.18,spindle_bearing_failure,warning
cnc,6.66,85.95,49.53,86.39,2.16,25.31,tool_breakage,fault
cnc,2.87,51.55,63.22,90.33,0.88,28.02,lubrication_failure,warning
cnc,1.83,61.16,54.56,90.33,2.02,27.34,tool_wear,running
cnc,1.49,55.27,47.48,100.56,2.25,25.6,tool_wear,warning
cnc,2.42,40.19,22.69,55,2.03,24.62,tool_breakage,warning
cnc,2.57,65.08,69.08,91.81,0.71,27.41,lubrication_failure,fault
cnc,1.15,46.94,45.07,78.36,2.03,26.18,tool_wear,running
cnc,0.73,43.02,36.89,76.03,2.25,25.63,none,running
cnc,4.65,75.4,44.21,84.94,2.09,27.15,tool_breakage,fault
cnc,5.46,73.18,46.05,92.99,2.12,25.71,tool_breakage,fault
cnc,3.13,52.09,67.83,90.45,1.13,27.04,lubrication_failure,warning
cnc,3.74,48.77,56.61,80.2,1.87,24.8,spindle_bearing_failure,warning
cnc,5.98,84.07,48.41,92.51,2.4,27.06,tool_breakage,fault
cnc,2.87,50.03,64.27,84.81,2.09,25.52,spindle_bearing_failure,warning
cnc,2.89,53.71,32.98,62,2.14,25.39,tool_breakage,warning
cnc,3.75,57.05,56.62,87.59,2.17,24.83,spindle_bearing_failure,warning
cnc,3.5,44.83,70.58,89.73,1.21,27.88,lubrication_failure,fault
cnc,5.28,85.12,46.3,97.39,2.2,26.1,tool_breakage,fault
cnc,1.65,24.72,28.56,55,2.05,25.64,spindle_bearing_failure,running
cnc,2.67,48.61,27.77,55,2.19,26.27,tool_breakage,warning
cnc,0.8,37.38,36.68,73.97,2.03,26.6,none,running
cnc,2.49,37.88,36.12,63.29,1.25,25.82,lubrication_failure,warning
cnc,0.81,38.73,37.19,69.52,2.35,26.03,none,running
cnc,3.98,73.1,44.4,84.23,2.16,26.4,tool_breakage,warning
cnc,1.01,61.25,46.54,90.91,2.32,25.72,tool_wear,running
cnc,0.67,34.3,35.39,68.31,2.25,25.45,none,running
cnc,2.88,49.43,57.64,80.51,0.96,25.56,lubrication_failure,warning
cnc,3.08,59.27,58.31,96.02,0.78,25.82,lubrication_failure,fault
cnc,0.68,37.59,37.19,76.73,2.02,27.3,none,running
cnc,0.85,43.75,41.84,76.72,2.11,26.86,none,running
cnc,1.63,66.98,57.67,95.23,2.08,26.53,tool_wear,warning
cnc,2.26,53.25,68.43,91.75,0.73,26.01,lubrication_failure,fault
cnc,3.1,42.57,52.55,79.75,1.29,25.65,lubrication_failure,warning
cnc,0.8,43.42,37.36,73,2.17,24.12,none,running
cnc,1.14,61.33,44.24,86.69,2.09,27.27,tool_wear,running
cnc,6.26,76.76,48.13,103.01,2.01,26.2,tool_breakage,fault
cnc,0.77,34.06,29.42,55,2.03,27.72,tool_wear,running
cnc,0.7,35.86,40.43,73.71,1.99,28.32,none,running
cnc,0.95,47.09,44.59,89.16,2.2,26.16,none,running
cnc,2.86,56.18,56.56,87.27,1.24,25.85,lubrication_failure,warning
cnc,0.83,48.46,45.04,92.28,1.97,25.18,none,warning
cnc,2.97,51.94,59.91,91,1.99,25.24,spindle_bearing_failure,warning
cnc,3.36,50.8,48.49,79.03,2.12,25.79,spindle_bearing_failure,warning
cnc,4.04,70.52,42.52,84.2,2.02,26.83,tool_breakage,warning
cnc,0.94,49.37,48.38,87.11,1.99,25.51,none,running
cnc,2.53,50.57,65.17,82.54,0.87,24.07,lubrication_failure,warning
cnc,2.78,37.96,56.74,79.6,0.75,26.81,lubrication_failure,fault
cnc,2.13,38.62,45.44,85.67,1.93,26.9,spindle_bearing_failure,warning
cnc,7.27,94.14,51.88,99.18,2.01,25.41,tool_breakage,fault
cnc,6.04,71.32,45.3,88.3,2.15,26.76,tool_breakage,fault
cnc,3.1,52.6,57.67,80.97,0.92,25.2,lubrication_failure,warning
cnc,0.99,45.6,44.83,82.55,2.25,26.01,none,running
cnc,6.7,86.61,53.07,101.52,2.1,28.13,tool_breakage,fault
cnc,0.96,41.85,43.07,80.64,1.86,24.84,none,running
cnc,1.8,51.28,47.57,81.21,0.69,28.17,lubrication_failure,fault
cnc,0.76,32.26,30.79,55,1.95,26.87,none,running
cnc,2.61,50.73,48.89,90.28,1.19,26.37,lubrication_failure,warning
cnc,3.81,50.26,68.98,97.25,0.68,26.21,lubrication_failure,fault
cnc,4.16,48.94,29.88,55,2.29,25.08,tool_breakage,warning
cnc,1.02,29.03,28.97,55,1.95,25.82,tool_wear,running
cnc,1.42,47.73,43.32,85.44,2.25,27.28,tool_wear,running
cnc,3.36,60.63,78.19,109.2,0.87,24.98,lubrication_failure,fault
cnc,3.8,57.96,67.19,101.52,1.2,26.13,lubrication_failure,warning
cnc,2.13,62.63,68.24,99.92,0.7,25.76,lubrication_failure,fault
cnc,1.05,39.5,31.47,58.3,1.97,24.59,tool_wear,running
cnc,4.41,55.18,63.6,92.99,2.02,25.79,spindle_bearing_failure,warning
cnc,0.69,36.16,34.8,69.27,2.25,26.35,none,running
cnc,0.94,46.16,45.18,90.09,2.23,26.97,none,running
cnc,2.79,43.91,45.58,78.84,0.9,26.72,lubrication_failure,warning
cnc,1.13,32.65,31.03,55,0.75,26.17,lubrication_failure,fault
cnc,0.69,37.38,35.32,71.23,2.24,26.47,none,running
cnc,0.92,44.03,42.66,81.76,2.16,24.8,none,running
cnc,3.37,38.9,22.71,55,1.94,25.5,tool_breakage,warning
cnc,2.04,55.57,57.4,97.7,1.99,25.93,spindle_bearing_failure,warning
cnc,0.61,33.8,35.69,66.86,1.98,25.52,none,running
cnc,3.49,58.32,54.6,95.8,2.12,25.7,spindle_bearing_failure,warning
cnc,3.68,54.76,60.87,94.94,2.02,26.3,spindle_bearing_failure,warning
cnc,5.21,72.79,42.59,81.8,2.11,25.68,tool_breakage,fault
cnc,0.82,48.61,46.83,87.23,1.92,27.52,none,running
cnc,3.32,56.08,60.72,96.46,2,26.1,spindle_bearing_failure,warning
cnc,2.14,50.8,55.8,87.5,2.33,26.2,spindle_bearing_failure,warning
cnc,2.17,57.52,60.28,91.29,0.64,26.57,lubrication_failure,fault
cnc,1.66,32.36,41.27,57.55,0.91,26.48,lubrication_failure,warning
cnc,3.17,49.24,73.44,105.33,1.35,25.04,lubrication_failure,fault
cnc,2.12,53.62,63.83,95.38,2.04,26.5,spindle_bearing_failure,warning
cnc,2.35,59.29,57.82,86.51,1.94,24.54,spindle_bearing_failure,warning
cnc,1.58,22.39,28.41,55,2.17,27.16,spindle_bearing_failure,running
cnc,1.7,28.22,30.55,55,2.03,27.51,spindle_bearing_failure,running
cnc,4.1,58.52,70.11,93.06,1.98,25.7,spindle_bearing_failure,fault
cnc,1.28,27,31.64,55,1.94,27.42,spindle_bearing_failure,running
cnc,0.79,42.68,44.67,80.99,2.2,26.22,none,running
cnc,3.48,43.61,55.82,82.65,2.14,26.28,spindle_bearing_failure,warning
cnc,2.11,52.05,63.86,86.59,2.09,26.95,spindle_bearing_failure,warning
cnc,6.07,95.82,54.51,101.43,2.19,27.27,tool_breakage,fault
cnc,0.76,35.44,34.33,69.72,2.03,24.77,none,running
cnc,6.74,87.97,55.58,101.06,2.35,25.58,tool_breakage,fault
cnc,0.76,42.86,39.13,72.05,2.06,25.61,none,running
cnc,0.78,39.97,39.18,76.07,2.34,27.52,none,running
cnc,0.84,40.74,40.2,78.6,2.19,26.38,none,running
cnc,1.26,47.31,43.08,75.94,2.16,25.06,tool_wear,running
cnc,1.56,31.3,37.49,61.44,2.15,25.3,spindle_bearing_failure,running
cnc,0.93,47.92,48.63,86.87,1.94,26.17,none,running
cnc,1.21,46.38,42.89,80.92,2.22,26.9,tool_wear,running
cnc,0.92,22.1,30.77,55,2.24,25.81,spindle_bearing_failure,running
cnc,3.46,34.79,23.56,55,1.85,26.12,tool_breakage,warning
cnc,2.83,56.5,65.29,82.53,1.23,25.14,lubrication_failure,warning
cnc,1.92,52.59,46.22,75.73,0.83,26.34,lubrication_failure,warning
cnc,0.75,41.9,39.43,70.62,2.16,24.47,none,running
cnc,0.64,35.79,36.65,71.25,1.97,25.82,none,running
cnc,1,47.94,44.61,88.78,2.37,25.62,none,running
cnc,3.94,71,43.92,87.5,2.09,25.29,tool_breakage,warning
cnc,7.21,81.33,55.89,98.24,2.25,26.5,tool_breakage,fault
cnc,1.13,49.8,35.86,76.17,2.15,25.06,tool_wear,running
cnc,2.38,35.93,37.5,55.86,2.04,25.04,spindle_bearing_failure,warning
cnc,1.58,54.79,49.6,85.63,2.17,25.57,tool_wear,running
cnc,3.39,48.35,61.02,97.2,0.73,26.2,lubrication_failure,fault
cnc,0.99,25.73,31.29,55,2.17,26.76,spindle_bearing_failure,running
cnc,1.99,57.19,51.42,92.4,0.84,26.12,lubrication_failure,warning
cnc,1.85,26.55,26.31,55,2.11,25.5,spindle_bearing_failure,running
cnc,4.39,57.24,57.37,93.42,2.26,25.84,spindle_bearing_failure,warning
cnc,3.54,41.12,49.04,79.77,2.13,25.72,spindle_bearing_failure,warning
cnc,2.72,41.98,24.94,55,1.9,26.51,tool_breakage,warning
cnc,3.81,67.83,46.53,94.29,1.99,26.85,tool_breakage,warning
cnc,2.24,52.1,70.35,101.37,1.16,26.34,lubrication_failure,fault
cnc,0.71,36.99,39.29,74.84,2.13,24.87,none,running
cnc,6.92,73.4,58.71,98.79,2.16,26.14,tool_breakage,fault
cnc,1.06,47.97,48.69,89.68,2.17,25.78,none,running
cnc,2,46.96,54.72,81.44,0.91,24.47,lubrication_failure,warning
cnc,2.43,44.42,47.32,89.56,2.28,26.91,spindle_bearing_failure,warning
cnc,1.36,55.08,44.11,92.28,2.19,24.62,tool_wear,warning
cnc,0.35,20,20,55,2.09,26.15,none,running
cnc,0.74,39.2,39.67,72.24,2.09,23.81,none,running
cnc,6.63,76.17,53.51,103.04,2.22,26.24,tool_breakage,fault
cnc,4.65,62.11,45.09,81.51,2.09,27.67,tool_breakage,fault
cnc,5.96,78.05,43.01,80.7,1.9,26.15,tool_breakage,fault
cnc,1.93,55.67,60.83,79.34,0.8,25.22,lubrication_failure,warning
cnc,1.97,26.95,40.12,58.89,0.96,25.86,lubrication_failure,warning
cnc,3.29,56,54.94,91.31,2.23,25.22,spindle_bearing_failure,warning
cnc,2.85,60.54,67.75,99.24,1.04,25.92,lubrication_failure,warning
cnc,0.58,28.5,32.03,57.46,1.96,25.07,none,running
cnc,4.51,71.55,43.65,87.19,2.25,26.47,tool_breakage,fault
cnc,0.53,29.71,22.53,55,2.04,27.2,tool_wear,running
cnc,4.4,66.81,44.27,88.78,1.92,25.65,tool_breakage,warning
cnc,0.85,39.42,40.02,76.59,2.12,25.3,none,running
cnc,4.17,73.58,39.6,79.39,2.16,25.27,tool_breakage,warning
cnc,3.16,54.59,63.53,92.31,1.2,26.77,lubrication_failure,warning
cnc,0.67,37.28,35.86,71.12,2.11,25.71,none,running
cnc,5.54,83.56,50.43,97.19,2.08,25.61,tool_breakage,fault
cnc,0.77,37.3,38.73,71.46,2.06,26.8,none,running
cnc,1.77,56.37,58.92,94.8,1.18,24.84,lubrication_failure,warning
cnc,0.84,40.03,38.7,84.38,1.93,26.12,none,running
cnc,1.32,57.82,53.86,95.03,2.04,26.39,tool_wear,warning
cnc,0.79,29.54,25.07,55,2.32,26.29,tool_wear,running
cnc,4.83,69.15,38.45,73.95,2.14,25.47,tool_breakage,fault
cnc,0.4,21.46,20,55,2.11,27.16,none,running
cnc,2.64,39.29,24.39,55,2,27.01,tool_breakage,warning
cnc,3.2,47.63,56.55,92.09,2.36,25.38,spindle_bearing_failure,warning
cnc,4.65,53.66,60.57,100.42,2.05,25.02,spindle_bearing_failure,fault
cnc,6.62,90.45,46.67,100.43,2.19,25.32,tool_breakage,fault
cnc,0.93,31,32.52,55,1.31,25.4,lubrication_failure,running
cnc,0.99,45.42,39.56,72.71,2.18,26.93,tool_wear,running
cnc,1.24,47.95,45.6,83.21,2.02,26.48,tool_wear,running
cnc,4.58,94.34,50.93,100.02,2.14,25.59,tool_breakage,fault
cnc,5.59,87.94,47.17,106.24,2.06,27.87,tool_breakage,fault
cnc,0.78,42.02,42.68,82.19,2.06,27.17,none,running
cnc,2.36,41.34,22.43,55,2.07,24.59,tool_breakage,warning
cnc,4.53,86.94,45.38,87.06,1.98,24.44,tool_breakage,fault
cnc,2.08,33.82,43.26,64.62,1.98,24.93,spindle_bearing_failure,warning
cnc,5.2,69.7,51.33,89.5,2.15,25.57,tool_breakage,fault
cnc,2.83,39.71,24.29,55,2.02,26.98,tool_breakage,warning
cnc,0.93,45.75,45.71,81.35,1.95,26.16,none,running
cnc,0.87,45.44,41.13,78.44,2.01,24.91,none,running
cnc,3.07,55.73,34.49,63.69,2.3,26.52,tool_breakage,warning
cnc,2.8,34.54,37.62,68.12,2.24,24.27,spindle_bearing_failure,warning
cnc,2.48,42.78,48.95,73.89,0.67,26.36,lubrication_failure,fault
cnc,0.81,37.22,38.55,69.71,2.21,26.41,none,running
cnc,1.43,63.08,46.6,88.17,1.94,26.63,tool_wear,running
cnc,2.48,39.01,53.84,78.43,2.07,26.57,spindle_bearing_failure,warning
cnc,1.08,48.87,47.82,81.66,2.08,25,tool_wear,running
cnc,3.25,50.67,59.32,95.98,0.72,25.08,lubrication_failure,fault
cnc,3.06,42.6,56.38,86.93,2.02,26.02,spindle_bearing_failure,warning
cnc,2.07,46.76,46.36,70.67,0.81,26.25,lubrication_failure,warning
cnc,6.84,94.28,52.54,97.46,2.09,26.86,tool_breakage,fault
cnc,0.78,40.45,42.24,78.29,2.07,27.26,none,running
cnc,1.63,38.47,37.44,57.05,1.26,26.03,lubrication_failure,running
cnc,3.34,45.7,53.4,76.54,2.08,25.72,spindle_bearing_failure,warning
cnc,1.36,49.61,53.05,85.88,2.01,26.34,tool_wear,running
cnc,0.97,36.37,30.7,60.79,1.81,26.27,tool_wear,running
cnc,0.81,44.97,42.47,81.31,2.1,25.27,none,running
cnc,4.16,77.85,40.78,83.41,1.88,26.08,tool_breakage,warning
cnc,1.42,64.36,50.73,83.82,2.23,27.01,tool_wear,running
cnc,2.2,48.77,59.85,92.36,1.97,25.12,spindle_bearing_failure,warning
cnc,3.64,56.85,57.46,97.51,2.23,26.87,spindle_bearing_failure,warning
cnc,0.84,42.95,40.76,74.51,2.11,26.22,none,running
cnc,0.78,32.44,26.75,55,2.39,26.42,tool_wear,running
cnc,0.94,45.43,42.84,86.29,2.04,28.23,none,running
cnc,0.74,39.81,39.45,68.36,2.27,26.4,none,running
cnc,1.73,48.19,59.6,82.99,0.81,26.69,lubrication_failure,warning
cnc,2.68,51.83,66.64,106.98,2.03,26.04,spindle_bearing_failure,warning
cnc,3.15,59.65,56.63,88.91,1.09,25.66,lubrication_failure,warning
cnc,0.81,38.26,30.53,57.46,1.98,25.11,tool_wear,running
cnc,7.41,94.17,55.01,99.68,2.25,25.53,tool_breakage,fault
cnc,0.66,42.08,40.61,74.09,2.31,26.43,none,running
cnc,6.7,81.47,52.6,94.46,2.34,26.97,tool_breakage,fault
cnc,7.74,86.47,55.23,107.69,2.18,26.21,tool_breakage,fault
cnc,2.21,49.58,74.72,97.93,2.09,24.41,spindle_bearing_failure,fault
cnc,2.73,54.22,72.12,94.03,1.85,25.22,spindle_bearing_failure,fault
cnc,2.27,59.66,57.55,103.07,0.7,25.46,lubrication_failure,fault
cnc,1.73,66.4,50.44,94.28,2.01,24.75,tool_wear,warning
cnc,1.01,52.92,43.41,73.21,2.03,24.68,tool_wear,running
cnc,2.15,42.43,51.34,78.6,1.28,27.08,lubrication_failure,warning
cnc,0.81,42.63,37.53,71.49,2.27,26.47,tool_wear,running
cnc,1.82,31.96,39.48,68.14,2.13,25.73,spindle_bearing_failure,running
cnc,2.71,57.9,73.73,97.61,1.77,25.69,spindle_bearing_failure,fault
cnc,4.39,60.58,39.34,80.41,2.21,25.72,tool_breakage,warning
cnc,3.71,59.71,57.61,97.33,0.82,27.31,lubrication_failure,warning
cnc,0.76,39.21,34.52,68.75,2.01,25.9,none,running
cnc,2.3,47.25,61.91,91.69,2.14,26.31,spindle_bearing_failure,warning
cnc,1.05,31.54,35.22,55,1.21,26.54,lubrication_failure,running
cnc,5.09,72.97,44.51,90.18,2.08,24.98,tool_breakage,fault
cnc,4.74,81.1,48.8,92.22,1.96,25.85,tool_breakage,fault
cnc,3.22,49.15,68.2,87.84,2.16,24.44,spindle_bearing_failure,warning
cnc,4.2,76.1,46.26,93.63,2.03,25.31,tool_breakage,warning
cnc,1,47.27,45.53,82.04,2.06,24.1,none,running
cnc,0.37,25.25,23.74,55,2.24,24.49,none,running
cnc,4.55,89.24,53.05,104.06,2.11,26.36,tool_breakage,fault
cnc,1.84,27.01,33.33,55,1.04,26.84,tool_wear,warning
cnc,1.42,44.96,40.81,76.4,2.02,25.98,tool_wear,running
cnc,4.77,87.5,48.57,95.45,1.99,26.37,tool_breakage,fault
cnc,1.88,25.87,33.01,55,2.09,27.07,spindle_bearing_failure,running
cnc,0.75,41.04,43.54,80.63,1.9,26.82,none,running
cnc,2.1,40.86,36.07,58.71,0.88,26.46,lubrication_failure,warning
cnc,0.85,47.2,42.85,83.98,2.15,26.9,none,running
cnc,3.03,48.17,50.17,81.94,2.01,24.7,spindle_bearing_failure,warning
cnc,1.47,27.87,34.51,55,1.95,26.49,spindle_bearing_failure,running
cnc,2.85,60.24,49.36,81.11,1.05,26.99,lubrication_failure,warning
cnc,2.79,49.91,59.32,87.55,0.93,25.88,lubrication_failure,warning
cnc,0.88,43.93,40.22,81.07,2.03,26.85,none,running
cnc,4.83,75.57,47.23,79.56,1.89,24.77,tool_breakage,fault
cnc,1.95,51.78,58.01,77.71,1.07,24.87,lubrication_failure,warning
cnc,0.82,44.73,45.79,83.91,1.98,27.01,none,running
cnc,5.76,65.25,45.72,94.83,1.89,26.12,tool_breakage,fault
cnc,1.99,54.72,53.39,98.59,2.03,27.11,tool_wear,warning
cnc,2.05,43.4,55.36,79.62,1.81,26.14,spindle_bearing_failure,warning
cnc,0.89,47.37,44.92,86.93,2.06,26.3,none,running
cnc,1.59,56.32,50.99,95.72,1.8,25.71,tool_wear,warning
cnc,0.57,40,36.87,66.86,2.01,27.46,none,running
cnc,2.54,54.32,62.13,101.54,2.09,26.7,spindle_bearing_failure,warning
cnc,4.6,69.7,43.59,86.35,1.91,24.83,tool_breakage,fault
cnc,0.75,46.21,45.89,82.66,1.96,27.24,none,running
cnc,2.51,69.79,68.21,103.96,1.92,27.39,spindle_bearing_failure,warning
cnc,0.71,35.63,34.78,69.1,2.18,24.93,none,running
cnc,1.33,25.69,23.82,55,2.27,27.32,spindle_bearing_failure,running
cnc,4.35,50.74,64.76,87.55,2.09,26,spindle_bearing_failure,warning
cnc,0.78,25.67,24.6,55,2.1,26.92,tool_wear,running
cnc,0.35,19.58,20.14,55,2,25.15,none,running
cnc,5.97,73.85,46.5,86.63,1.99,25.81,tool_breakage,fault
cnc,0.69,35.77,35.99,70.65,2.06,27.36,none,running
cnc,4.76,75.13,46.45,92.86,2.08,24.59,tool_breakage,fault
cnc,0.95,47.24,38.66,81.28,1.97,25.63,tool_wear,running
cnc,2.72,50.09,55.65,97.23,2.03,27.46,spindle_bearing_failure,warning
cnc,1.17,44.55,46.13,82.36,2.21,26.06,tool_wear,running
cnc,6.3,76.53,50.56,94.49,1.95,24.73,none,fault
cnc,3.82,54.68,63.51,88.74,0.9,24.07,lubrication_failure,warning
cnc,1.95,21.85,27.53,55,2.32,25.43,spindle_bearing_failure,running
cnc,5.58,74.1,46.95,85.07,2.12,27.02,tool_breakage,fault
cnc,5.16,70.48,46.85,78.09,2.24,26.72,tool_breakage,fault
cnc,0.73,42.98,39.27,78.73,2.13,26.71,none,running
cnc,1.5,55.33,50.88,83.23,2.15,25.89,tool_wear,running
cnc,1.77,50.27,49.48,81.86,1.34,25.31,lubrication_failure,running
cnc,3.01,39.86,44.65,76.72,0.71,25.65,lubrication_failure,fault
cnc,5.77,72.09,52.11,96.81,2.09,26.29,tool_breakage,fault
cnc,2.83,49.95,61.39,98.08,0.69,27.13,lubrication_failure,fault
cnc,6.31,85.65,50.35,97.23,2.13,25.72,tool_breakage,fault
cnc,0.74,48.13,45.09,82.66,2.07,27.62,none,running
cnc,0.73,43.54,40.69,74.05,2.18,25.93,none,running
cnc,3.5,63.44,45.73,79.33,1.99,27.78,spindle_bearing_failure,warning
cnc,1.39,49.5,43.43,84.94,2.08,26.7,tool_wear,running
cnc,1.07,49.11,42.43,76.41,2.05,24.87,tool_wear,running
cnc,1.6,48.95,45.26,83.42,2.3,25.7,tool_wear,running
cnc,3.17,58.62,74.09,98.17,0.76,26.02,lubrication_failure,fault
cnc,3.13,60.94,58.94,89.74,2.03,26.68,spindle_bearing_failure,warning
cnc,5.12,75.12,46.17,89.66,2.07,26.2,tool_breakage,fault
cnc,6.14,78.17,46.71,98.37,2.15,26.05,tool_breakage,fault
cnc,0.84,50.74,47.68,84.05,2.06,25.34,none,running
cnc,0.76,38.82,37.63,68.14,2.05,25.02,none,running
cnc,0.78,39.41,36.44,72.49,2.17,26.55,none,running
cnc,0.81,31.56,23.54,55,2.2,25.14,tool_wear,running
cnc,0.74,37.08,33.84,68.45,2.1,25.13,none,running
cnc,0.81,47.77,45,88.52,1.88,26.61,none,running
cnc,1.32,60.1,47.41,80.75,1.95,26.02,tool_wear,running
cnc,1.8,28.95,27.32,55,1.84,26.17,spindle_bearing_failure,running
cnc,4.55,65.36,43.86,84.34,2.22,26.3,tool_breakage,fault
cnc,1.68,56.46,52.48,98.52,1.99,25.38,tool_wear,warning
cnc,2.99,48.77,61.8,88.14,0.67,26.8,lubrication_failure,fault
cnc,1.29,23.3,28.78,55,0.87,24.99,lubrication_failure,warning
cnc,1.26,38.72,35.47,65.87,1.28,26.37,lubrication_failure,running
cnc,0.84,44.24,48.46,91.24,1.95,25.28,none,running
cnc,2.17,44.85,55.87,79.48,0.7,24.95,lubrication_failure,fault
cnc,4.87,89.73,52.79,105.99,1.99,25.76,tool_breakage,fault
cnc,1.18,54.3,40.67,79.88,2.04,26.09,tool_wear,running
cnc,3.01,50.87,68.18,86.25,1.14,25.79,lubrication_failure,warning
cnc,2.03,61.74,55.18,99.02,0.7,26.6,lubrication_failure,fault
cnc,0.77,39.91,42.17,78.56,2.01,26.86,none,running
cnc,0.69,42.58,41.45,73.5,2.17,25.7,none,running
cnc,3.08,38.29,49.53,82.09,0.9,24.93,lubrication_failure,warning
cnc,4.15,73.33,46.36,82.23,2.02,26.22,tool_breakage,warning
cnc,0.95,49.26,45.76,89.87,2.06,25.86,none,running
cnc,3.26,54.3,58.76,94.47,2.18,27.11,spindle_bearing_failure,warning
cnc,0.68,41.87,40.22,83.65,2.07,26.24,none,running
cnc,1.3,58.55,49.15,86.94,2.17,27.23,tool_wear,running
cnc,3.46,45.33,59.69,82.6,1.28,26.09,lubrication_failure,warning
cnc,2.54,40.71,58.51,83.87,0.86,26.12,lubrication_failure,warning
cnc,0.65,35.56,34.03,69.27,2.33,25.86,none,running
cnc,2.27,43.35,44.81,73.39,1.23,26.07,lubrication_failure,warning
cnc,3.55,60.48,66.55,95.26,2.02,26.3,spindle_bearing_failure,warning
cnc,6.19,80.62,50.61,107.07,1.95,26.84,tool_breakage,fault
cnc,4.2,59.51,37.05,65.12,2.3,25.55,tool_breakage,warning
cnc,1.52,50.5,42.8,73.23,1.88,27.29,tool_wear,running
cnc,0.75,31.56,23.24,55,2.16,25.37,tool_wear,running
cnc,2.74,47.59,57.67,89.69,2.03,26.62,spindle_bearing_failure,warning
cnc,2.95,51.51,51.31,84.65,1.82,27.36,spindle_bearing_failure,warning
cnc,0.93,44.8,40.66,78.86,1.94,27.21,none,running
cnc,5.65,85.11,51.76,96.88,2.19,25.93,tool_breakage,fault
cnc,4.32,56.93,69.12,91.55,1.92,26.78,spindle_bearing_failure,warning
cnc,3.75,40.15,55.64,89.85,2.05,25.63,tool_wear,warning
cnc,7.05,84.89,51.56,100.36,2.12,24.46,tool_breakage,fault
cnc,1.52,62.68,47.32,94.9,1.96,27.53,tool_wear,warning
cnc,5.89,67.7,43.6,83.1,2.22,26.3,tool_breakage,fault
cnc,1.27,32.73,33.76,55,2.11,25.84,spindle_bearing_failure,running
cnc,2.86,35.96,46.64,66.83,2.15,25.93,spindle_bearing_failure,warning
cnc,0.85,45.7,40.93,80.56,2.33,25.77,none,running
cnc,4.67,70.54,40.04,85.7,2.37,27.16,tool_breakage,fault
cnc,1.41,60.88,51.99,88.56,2.05,24.14,tool_wear,running
cnc,5.34,72.75,40.74,80.61,2.29,25.85,tool_breakage,fault
cnc,3.21,43.65,46.53,82.42,2.06,25.92,spindle_bearing_failure,warning
cnc,0.56,29.35,26.86,55,1.96,27.27,none,running
cnc,2.56,39.2,47.15,79.88,1.08,25.57,lubrication_failure,warning
cnc,3.41,46.67,54.82,81.25,2.24,25.47,spindle_bearing_failure,warning
cnc,0.77,39.22,43.21,84.34,2.04,25.11,none,running
cnc,0.94,42.17,41.77,78.7,2.21,27.01,none,running
cnc,0.9,40.47,42.87,82.12,2.2,26.8,none,running
cnc,1.24,23.35,27.51,55,1.88,25.48,spindle_bearing_failure,running
cnc,0.76,44.65,40.75,74.95,2.11,24.82,none,running
cnc,2.4,42.43,25.2,55,2.02,25.28,tool_breakage,warning
cnc,1.25,59.47,44.76,81.05,2.06,26.42,tool_wear,running
cnc,3.34,49.4,63.12,87.06,1.97,26.04,spindle_bearing_failure,warning
cnc,3.22,51.23,34.64,62.02,2.22,25.43,tool_breakage,warning
cnc,2.04,49.1,63,83.85,1.08,26.3,lubrication_failure,warning
cnc,2.17,52.25,51.5,73.97,0.93,25.56,lubrication_failure,warning
cnc,5.8,72.61,44.99,81.77,2.31,26.22,tool_breakage,fault
cnc,1.07,59.64,46.73,97.34,1.96,25.96,tool_wear,warning
cnc,5.24,82.44,52.36,108.9,2.05,26.16,tool_breakage,fault
cnc,4.61,62.58,71.28,104.39,2.21,26.23,spindle_bearing_failure,fault
cnc,1.86,29.73,36.59,63.75,2.03,26.91,spindle_bearing_failure,running
cnc,1.45,53.87,52.69,90.73,2.28,26.17,tool_wear,running
cnc,0.9,49.5,43.45,85.18,2.05,25.99,none,running
cnc,3.87,49.76,53.37,95.95,2.05,24.82,spindle_bearing_failure,warning
cnc,1.49,53.06,43.72,85.07,1.86,27.02,tool_wear,running
cnc,2.3,40.3,60.48,86.26,0.8,26.4,lubrication_failure,warning
cnc,0.8,41.92,37.57,74.93,2.27,25.38,none,running
cnc,0.78,39.17,41.71,76.33,2.04,25.77,none,running
cnc,5.1,69.71,44.69,85.59,1.88,24.7,tool_breakage,fault
cnc,1.39,51.39,52.46,91.74,2.13,26.96,tool_wear,running
cnc,2.62,66.68,63.84,88.53,0.63,25.43,lubrication_failure,fault
cnc,1.19,62.17,46.4,93.33,2.18,26.94,tool_wear,warning
cnc,1.93,39.82,42.67,77.77,1.02,26.21,lubrication_failure,warning
cnc,2.76,49.39,56.33,84.77,0.77,26.77,lubrication_failure,fault
cnc,1.06,45.58,38.74,73.47,2.05,25.4,tool_wear,running
cnc,1.49,63.38,58.45,94.06,1.96,27.35,tool_wear,warning
cnc,3.27,54.85,76.6,102.93,0.98,24.98,lubrication_failure,fault
cnc,1.61,32.08,48.41,56.05,1.05,27.42,lubrication_failure,warning
cnc,0.9,42.86,41.5,88.03,2.13,24.57,none,running
cnc,3.63,47.12,29.1,56.23,2.28,28.05,tool_breakage,warning
cnc,0.7,39.36,34.39,67.42,2.08,26.94,none,running
cnc,3.86,48.18,75.96,98.27,1.95,27.58,spindle_bearing_failure,fault
cnc,3.03,42.02,44.45,78.33,0.96,26.93,lubrication_failure,warning
cnc,3.69,64.08,43.37,83.61,2.06,24.84,tool_breakage,warning
cnc,0.77,30.59,23.32,55,2.04,24.35,tool_wear,running
cnc,1.26,56.22,44.56,92.96,2.09,25.33,tool_wear,warning
cnc,7.08,93.86,53.91,100.68,2.05,26.08,tool_breakage,fault
cnc,6.28,89.25,49.82,88.32,2.06,25.81,tool_breakage,fault
cnc,5.32,71.74,43.19,85.78,1.96,25.87,tool_breakage,fault
cnc,0.88,46.5,46.17,83.8,2.11,24.59,none,running
cnc,3.77,46.81,51.07,77.66,1.87,27.56,spindle_bearing_failure,warning
cnc,0.6,30.14,29.12,55.87,1.93,25.97,none,running
cnc,4.75,68.27,46.29,82.38,2.19,25.65,tool_breakage,fault
cnc,1.47,48.55,41.55,77.61,2.17,25.95,tool_wear,running
cnc,0.74,26.24,26.05,55,2.13,26.79,tool_wear,running
cnc,0.71,45.41,44.73,77.41,1.9,25.44,none,running
cnc,1.82,59.29,61.4,93.53,0.8,25.43,lubrication_failure,warning
cnc,0.5,24.04,23.81,55,1.96,24.9,none,running
cnc,2.51,47.89,53.14,81.68,2.24,26.65,spindle_bearing_failure,warning
cnc,0.68,42.18,35.97,72.48,2.12,25.26,none,running
cnc,3.86,46.41,55.27,86.26,2.17,26.88,spindle_bearing_failure,warning
cnc,3.36,51.92,63.18,94.71,2.2,25.43,spindle_bearing_failure,warning
cnc,1.97,41.31,49.67,71.99,0.69,26.52,lubrication_failure,fault
cnc,2.15,51.73,56.56,87.68,1,24.5,lubrication_failure,warning
cnc,1.35,51.25,43.59,82.7,1.87,25.27,tool_wear,running
cnc,2.2,52.17,61.54,85.94,0.76,26.87,lubrication_failure,fault
cnc,1.11,35.42,40.23,61.97,1.33,25.23,lubrication_failure,running
cnc,3.05,45.75,59.37,87.47,2.06,26.62,spindle_bearing_failure,warning
cnc,6.17,74.3,43.53,80.53,2.13,24.33,tool_breakage,fault
cnc,0.91,51.66,39.44,74.14,2.22,26.65,tool_wear,running
cnc,0.84,45.64,44.42,77.56,1.94,26.66,none,running
cnc,3.05,41.81,56.78,87.17,2.01,25.64,spindle_bearing_failure,warning
cnc,5.72,76.2,48.72,103.29,2.13,27.82,tool_breakage,fault
cnc,6.74,88.6,48.48,101.66,2.05,25.75,tool_breakage,fault
cnc,3.2,58.78,55.91,96.35,0.91,26.05,lubrication_failure,warning
cnc,1.95,22.98,26.97,55,2.18,25.81,spindle_bearing_failure,running
cnc,2.5,41.15,48.41,90.06,2.04,24.96,spindle_bearing_failure,warning
cnc,5.26,79.99,45.95,91.3,2.16,26.93,tool_breakage,fault
cnc,3.84,45.03,26.71,55.95,2.23,26.24,tool_breakage,warning
cnc,0.82,39.56,38.9,68.37,2.18,27.37,none,running
cnc,0.89,35.87,28.88,55,2.29,26.88,tool_wear,running
cnc,5.38,83.53,48.25,94.87,1.88,26.41,tool_breakage,fault
cnc,1.82,34.93,35.16,60.93,2.32,25.96,tool_wear,running
cnc,1.23,32.41,28.81,55,0.93,26.37,lubrication_failure,warning
cnc,4.86,64.33,40.29,76.98,2.12,26.22,tool_breakage,fault
cnc,1.46,50.48,41.41,81.73,2.09,25.27,tool_wear,running
cnc,2.56,56.49,55.23,83.68,1.26,25.16,lubrication_failure,warning
cnc,0.81,41.2,31.72,61.33,2.36,27,tool_wear,running
cnc,0.94,46.95,43.34,70.01,1.83,27.96,tool_wear,running
cnc,4.34,71.81,44.26,76.12,2.16,27.66,tool_breakage,warning
cnc,3.72,48.93,51.69,78.82,2.16,26.9,spindle_bearing_failure,warning
cnc,2.2,52.6,58.97,86.5,2.02,24.13,spindle_bearing_failure,warning
cnc,0.94,45.63,46.23,86.73,2.18,25.63,none,running
cnc,1.97,56.39,54.77,95.14,0.96,25.86,lubrication_failure,warning
cnc,4.44,84.1,49.1,89.35,2.16,24.52,tool_breakage,warning
cnc,0.36,23.61,21.62,55,1.83,25.15,none,running
cnc,2.31,57.82,75.04,94.06,1.96,25.87,spindle_bearing_failure,fault
cnc,3.26,54.2,59.23,98.92,0.65,25.51,lubrication_failure,fault
cnc,4.46,64.56,40.55,79.17,2.18,26.08,tool_breakage,warning
cnc,1.57,56.44,53.91,88.25,2.22,25.93,tool_wear,running
cnc,2.04,30.3,36.91,62.44,2,25.82,spindle_bearing_failure,warning
cnc,0.79,35.98,38.36,67.74,2,25.59,none,running
cnc,4.13,82.84,49.7,100.84,2.03,24.76,tool_breakage,warning
cnc,0.9,44.46,41.36,83.49,1.9,26,none,running
cnc,4.49,61.46,66.54,93.12,2.35,26.03,spindle_bearing_failure,warning
cnc,6.05,67.82,43.04,93.27,2.25,25.01,tool_breakage,fault
cnc,1.18,27.87,30.01,55,0.91,27.46,lubrication_failure,warning
cnc,0.75,37.34,37.18,72.81,2.15,25.81,none,running
cnc,0.95,44.21,45.36,90.98,2.2,26.07,none,running
cnc,2.19,38.07,46.84,62.84,1.05,25.95,lubrication_failure,warning
cnc,3.52,47.18,53.07,81.34,2.03,24.52,spindle_bearing_failure,warning
cnc,5.67,73.42,41.82,85.87,2.23,24.69,tool_breakage,fault
cnc,0.76,40.74,39.49,69.37,2.11,26.17,none,running
cnc,0.92,30.03,30.11,55,0.76,26.49,lubrication_failure,fault
cnc,1.84,40.81,50.2,79.66,1.91,25.35,spindle_bearing_failure,running
cnc,0.82,47.16,43.41,87.17,2.05,24.7,none,running
cnc,1.08,52.53,43.24,75,2.17,25.21,tool_wear,running
cnc,5.02,77.54,40.29,84.82,1.92,24.43,tool_breakage,fault
cnc,2.34,40.63,26.87,55,1.99,26.58,tool_breakage,warning
cnc,5.28,101.62,54.12,98.8,1.9,24.61,tool_breakage,fault
cnc,1.58,41.57,48.6,73.54,1.4,26.9,lubrication_failure,running
cnc,2.79,39.79,24.76,55,2.07,25.71,tool_breakage,warning
cnc,1.31,60.67,43.97,80.98,2.35,25.89,tool_wear,running
cnc,1.18,50.27,48.04,77,2.04,25.75,tool_wear,running
cnc,0.87,44.62,44.53,78.64,2.19,26.47,none,running
cnc,1.16,40.73,34.21,62.42,1.89,27.09,tool_wear,running
cnc,1.39,60.52,54.76,101.07,2.02,25.94,tool_wear,warning
cnc,2.3,39.35,58.82,70.7,1.11,25.03,lubrication_failure,warning
cnc,1.81,29.49,29.57,55,0.83,26.37,lubrication_failure,warning
cnc,6.85,78.44,50.71,93.13,2.21,25.65,tool_breakage,fault
cnc,4.67,74.26,45.8,92.09,2.34,27.86,tool_breakage,fault
cnc,2.06,40.65,61.78,76.52,0.75,24.06,lubrication_failure,fault
cnc,0.68,37.62,37.82,72.07,2.15,26.38,none,running
cnc,0.48,25.31,24.62,55,2.08,26.13,none,running
cnc,1.73,25.59,31.09,55,0.96,25.81,lubrication_failure,warning
cnc,0.87,33.49,28.03,55,2.15,28.06,tool_wear,running
cnc,0.44,24.41,22.68,55,2.26,26.6,none,running
cnc,1.14,59.8,46.71,83.88,2,25.52,tool_wear,running
cnc,3.29,46.59,51.01,80.13,1.45,25.88,lubrication_failure,warning
cnc,1.17,52.31,49.9,86.23,2.29,25.8,tool_wear,running
cnc,2.98,36.91,47.05,65.32,1.94,24.59,spindle_bearing_failure,warning
cnc,3.52,46.75,57.48,94.98,2,24.81,spindle_bearing_failure,warning
cnc,0.6,39.5,39.63,75.74,1.97,24.54,none,running
cnc,2.66,44.58,50.23,84.07,2.11,26.35,spindle_bearing_failure,warning
cnc,2.06,40.51,24.76,55,2.19,26.3,tool_breakage,warning
cnc,4.29,67.01,47.18,88.09,1.95,26.09,tool_breakage,warning
cnc,0.93,43.84,42.54,83.82,2.09,25.03,none,running
cnc,3.62,42.94,26.31,55,2.16,26.36,tool_breakage,warning
cnc,1.25,42.18,39.86,79.04,2.24,26.14,tool_wear,running
cnc,5.82,84.75,57.18,102.07,2.4,26.19,tool_breakage,fault
cnc,1.36,55.31,44.1,76.86,2.19,26.98,tool_wear,running
cnc,5.63,58.3,42.2,77.7,1.98,25.9,tool_breakage,fault
cnc,5.97,72.74,45.15,92.88,2.27,24.88,tool_breakage,fault
cnc,0.7,41.25,41.02,81.03,2.12,26.59,none,running
cnc,0.37,21.68,23.68,55,2.26,25.31,none,running
cnc,2,41.77,51.15,77.96,2.06,25.4,spindle_bearing_failure,running
cnc,1.27,57.5,42.02,84.06,2.04,26.59,tool_wear,running
cnc,1.19,51.92,41.37,79.78,1.93,25.44,tool_wear,running
cnc,4.14,62.45,61.85,95.96,1.98,27.41,lubrication_failure,warning
cnc,7.93,86.08,51.39,102.12,2.25,25.29,tool_breakage,fault
cnc,0.77,39.31,38.76,74.9,2.23,25.87,none,running
cnc,0.79,41.71,39.98,67.66,2.28,27.5,none,running
cnc,6.32,90.38,51.05,102.96,2.21,26.71,tool_breakage,fault
cnc,1.41,67.1,47.62,93.23,1.81,26.22,tool_wear,warning
cnc,1.09,53.28,39.18,84.97,2.18,27.01,tool_wear,running
cnc,4.03,80.16,52.08,98.1,2.09,26.49,tool_breakage,warning
cnc,2.92,46.03,56.88,81.86,0.93,24.78,lubrication_failure,warning
cnc,8,90.51,56.48,104.61,2.2,24.43,tool_breakage,fault
cnc,3.55,52.76,50.68,88.91,2.05,26.84,spindle_bearing_failure,warning
cnc,5.28,66.32,47.75,87.01,2.35,27.04,tool_breakage,fault
cnc,2.43,53.81,55.55,88.55,1.94,25.69,spindle_bearing_failure,warning
cnc,0.8,43.84,46.46,83.55,2.03,25.14,none,running
cnc,3.1,52.1,59.32,92.09,2,25.47,spindle_bearing_failure,warning
cnc,5.65,83.8,46.1,96.85,2.02,25.62,tool_breakage,fault
cnc,0.82,43.77,42.23,71.91,1.92,26.15,none,running
cnc,1.27,21.44,27.2,55,0.93,25.19,lubrication_failure,warning
cnc,5.99,63.49,43.46,80.94,2.05,26.14,tool_breakage,fault
cnc,3.28,45.34,57.87,94.97,2.09,25.75,spindle_bearing_failure,warning
cnc,3.86,58.44,63.76,91.27,2.07,25.18,spindle_bearing_failure,warning
cnc,2.15,52.29,63.46,82.17,0.82,28.12,lubrication_failure,warning
cnc,2.53,52.59,55.78,89.33,2.1,24.85,spindle_bearing_failure,warning
cnc,6.29,68.46,45.76,85.53,2.11,25.94,tool_breakage,fault
cnc,6.19,86.36,48.34,90.65,2.29,24.83,tool_breakage,fault
cnc,1.22,63.54,52.91,95.64,2.04,24.38,tool_wear,warning
cnc,0.81,29.11,22.3,55,2.01,25.39,tool_wear,running
cnc,6.43,76.38,47.32,97.75,1.96,24.89,tool_breakage,fault
cnc,3.52,37.37,55.39,75.01,2.04,26.22,spindle_bearing_failure,warning
cnc,1.51,39.11,54.87,75.95,0.85,26.55,lubrication_failure,warning
cnc,3.44,60.03,61.22,92.69,1.99,27.19,spindle_bearing_failure,warning
cnc,0.66,36.56,34.67,65.58,1.92,24.53,none,running
cnc,5.75,74.15,50.66,90.16,2.32,26,tool_breakage,fault
cnc,1.05,58.49,45.75,88.53,2.05,25.4,tool_wear,running
cnc,2.27,45.23,58.33,91.36,1.98,26.46,spindle_bearing_failure,warning
cnc,1.25,21.87,27.65,55,2.22,25.19,spindle_bearing_failure,running
cnc,1.38,62.55,50.06,96.61,2.16,25.91,tool_wear,warning
cnc,0.8,21.53,23.54,55,1.94,24.42,spindle_bearing_failure,running
cnc,0.76,31.9,29.43,55,2.33,26.62,tool_wear,running
cnc,0.95,43.08,44.93,87.55,1.96,24.38,none,running
cnc,2.7,43.28,56.92,73.8,1.06,26.4,lubrication_failure,warning
cnc,0.74,41.86,39.01,77.49,2.34,27.22,none,running
cnc,2.72,42.74,59.66,92.33,2.32,26.15,spindle_bearing_failure,warning
cnc,1.42,52.27,45.28,82.75,2.02,25.22,tool_wear,running
cnc,4.12,49.26,36.03,68.63,2.25,24.78,tool_breakage,warning
cnc,5.05,55.69,37.36,64.37,2.27,25.2,tool_breakage,fault
cnc,5.61,70.97,52.29,101.02,2.16,26.43,tool_breakage,fault
cnc,0.9,46.87,44.93,81.12,2.24,24.85,none,running
cnc,2.53,41.27,21.63,55,2.09,24.9,tool_breakage,warning
cnc,2.29,52.35,69.9,97,0.78,26.69,lubrication_failure,fault
cnc,2.51,56.2,73.16,100.37,1.33,25.4,lubrication_failure,fault
cnc,5.57,89.47,47.36,97.61,2.21,26.12,tool_breakage,fault
cnc,3.71,61.94,60.61,97.69,2.22,25.73,spindle_bearing_failure,warning
cnc,3.13,49.51,43.84,72.47,2.15,25.48,spindle_bearing_failure,warning
cnc,2.61,48.98,52.54,80.35,1.22,25.48,lubrication_failure,warning
cnc,4.31,48.54,55.17,104.48,2.1,26.85,spindle_bearing_failure,warning
cnc,0.93,48.02,43.15,88.77,2.39,26.7,none,running
cnc,1.41,58.98,47.72,81.36,1.92,26.36,tool_wear,running
cnc,0.99,46.58,46.54,87.44,2.34,25.35,none,running
cnc,0.79,37.73,39.48,71.36,2.17,24.8,none,running
cnc,3.65,73.8,44.72,80.7,1.93,26.35,tool_breakage,warning
cnc,0.89,44.21,42.8,79.69,1.99,27.11,none,running
cnc,4.8,75.9,54.48,93.86,2.1,27.01,none,fault
cnc,1.4,64.26,50.07,97.02,1.88,26.74,tool_wear,warning
cnc,1.33,49.54,41.68,78.84,2.3,27.55,tool_wear,running
cnc,0.92,45.13,45.19,88.64,2.01,26.58,none,running
cnc,0.63,31.32,31.02,60.02,1.99,26.94,none,running
cnc,3.37,43.19,66.38,83.31,0.99,26.02,lubrication_failure,warning
cnc,2.4,55.34,53.48,91.68,1.29,27.49,lubrication_failure,warning
cnc,2.59,47.19,30.07,58.21,1.94,27.17,spindle_bearing_failure,warning
cnc,1.74,46.58,58.11,77.08,0.97,27.17,lubrication_failure,warning
cnc,0.65,42.83,39.88,68.55,1.91,25.74,none,running
cnc,3.89,57.66,65.45,104.39,1.9,26.39,spindle_bearing_failure,warning
cnc,3.47,63.8,57.36,91.85,0.76,26.47,lubrication_failure,fault
cnc,4.68,49.89,60.42,98.58,2.19,26.96,spindle_bearing_failure,fault
cnc,1.5,56.63,53.65,95.7,1.97,26.27,tool_wear,warning
cnc,1.44,65.1,52.02,97.83,1.83,24.02,tool_wear,warning
cnc,0.71,45.88,45.98,83.13,2.37,24.61,none,running
cnc,2,24.28,26.28,55,2.04,25.86,spindle_bearing_failure,running
cnc,2.31,58.53,61.9,94.22,0.9,26.44,lubrication_failure,warning
cnc,2,25.49,35.89,55,2.12,26.01,spindle_bearing_failure,running
cnc,1.22,53.16,46.88,81.94,2.17,26,tool_wear,running
cnc,1.32,57.98,54.35,98.65,2.16,25.48,tool_wear,warning
cnc,4.02,52.26,34.5,67.29,2.28,25.99,tool_breakage,warning
cnc,1.65,60.78,71.25,91.46,0.88,26.04,lubrication_failure,fault
cnc,2.81,50.71,61.51,87.48,2.21,24.95,spindle_bearing_failure,warning
cnc,0.43,20.27,20.12,55,2.18,25.37,none,running
cnc,2.29,54.08,71.69,99.78,1.95,27.01,spindle_bearing_failure,fault
cnc,0.88,39.9,38.47,76.58,2.27,25.24,none,running
cnc,0.78,29.14,20.55,55,2.15,25.03,tool_wear,running
cnc,4.78,75.72,46.53,90.14,1.96,25.03,tool_breakage,fault
cnc,3.11,57.68,67.18,96.22,2.11,27.18,spindle_bearing_failure,warning
cnc,1.03,51.41,42.17,82.02,2.16,25.63,tool_wear,running
cnc,0.93,35.76,34.25,59.8,2.24,26.12,tool_wear,running
cnc,3.11,41.21,53.71,77.53,1.99,23.94,spindle_bearing_failure,warning
cnc,3.39,42.05,52.24,83.66,2.12,25.33,spindle_bearing_failure,warning
cnc,0.87,48.17,41.61,78,2.12,25.91,none,running
cnc,4.02,60.61,66.53,95.8,1.11,26.87,lubrication_failure,warning
cnc,2.12,39.79,39.33,62.77,2.22,25.74,spindle_bearing_failure,warning
cnc,5.61,70.01,50.03,90.25,2,24.75,tool_breakage,fault
cnc,3.19,49.32,27.7,55,2.01,27.3,tool_breakage,warning
cnc,0.73,32.59,31.97,56.24,2.1,26.16,tool_wear,running
cnc,0.73,38.09,38.5,72.48,2.15,25.78,none,running
cnc,3.6,41.62,61.33,85.8,2.07,26.45,spindle_bearing_failure,warning
cnc,0.83,47.51,44.44,84.84,2.24,26.66,none,running
cnc,2.52,37.79,48.74,73.44,0.86,24.19,lubrication_failure,warning
cnc,1.09,35.68,29.3,58.78,1.94,25.61,tool_wear,running
cnc,3.13,47.99,59.89,85.15,0.95,26.91,lubrication_failure,warning
cnc,1.62,29.77,36.52,55,0.78,25.42,tool_wear,fault
cnc,1.3,64.6,49.5,92.26,2.1,26.25,tool_wear,warning
cnc,1.89,69.96,50.29,95.81,2.13,24.3,tool_wear,warning
cnc,2.3,60.25,69.7,90.84,2.17,25.61,spindle_bearing_failure,warning
cnc,1.91,56.7,48.01,97,2.2,25.24,tool_wear,warning
cnc,4.37,55.46,34.8,66.61,2.22,25.11,tool_breakage,warning
cnc,2.09,39.03,34.27,60.98,1.22,25.78,lubrication_failure,warning
cnc,0.91,49.4,44.33,88.37,2.06,25.02,none,running
cnc,1.07,49.66,38.52,75.85,1.83,27.15,tool_wear,running
cnc,1.68,45.36,53.19,84.26,0.75,26.14,lubrication_failure,fault
cnc,0.89,41.9,41.56,85.38,2.1,27.02,none,running
cnc,1.41,70.02,54.49,100.27,1.96,26.95,tool_wear,warning
cnc,3.28,66.39,61.85,107.01,0.66,24.83,lubrication_failure,fault
cnc,1.84,28.66,36.48,55,0.64,26.25,lubrication_failure,fault
cnc,0.78,45.1,44.12,77.62,2.13,26.41,none,running
cnc,3.38,46.6,56.52,84.08,1.9,24.7,spindle_bearing_failure,warning
cnc,1.66,45.95,44.88,75.6,0.71,26.66,lubrication_failure,fault
cnc,6.8,79.07,56.3,101.24,2.12,24.62,tool_breakage,fault
cnc,2.01,38.41,39.58,64.63,2.07,27.07,spindle_bearing_failure,warning
cnc,0.8,45.4,37.47,76.1,2.06,27.04,none,running
cnc,0.75,40.72,37.05,74.5,2.12,24.69,none,running
cnc,2.34,34.15,39.43,65.61,2.23,27.69,spindle_bearing_failure,warning
cnc,3.8,61.15,55.39,86.07,1.42,25.04,lubrication_failure,warning
cnc,1.59,40.92,48.04,65.07,1.14,25.21,lubrication_failure,warning
cnc,3.35,48.42,55.89,86.03,2.18,26.58,spindle_bearing_failure,warning
cnc,1.18,58.86,48.46,83.31,1.96,25.31,tool_wear,running
cnc,1.08,50.34,43.36,75.41,2.09,26.34,tool_wear,running
cnc,1.46,23.91,30.03,55,0.61,25.42,spindle_bearing_failure,fault
cnc,0.78,39.76,43.34,79.62,2,26.08,none,running
cnc,1.3,63.58,45.77,87.54,2.04,25.42,tool_wear,running
cnc,7.14,79.15,51.38,106.37,2.25,26.02,tool_breakage,fault
cnc,2.01,54.07,56.05,96.31,0.85,27.96,lubrication_failure,warning
cnc,0.96,47.28,39.59,79.4,2.12,25.66,tool_wear,running
cnc,3.75,38.53,47.15,82.07,2.07,25.65,spindle_bearing_failure,warning
cnc,1.09,69.82,52.31,91.61,2,25.18,tool_wear,running
cnc,3.13,39.91,22.89,55,2.17,24.79,tool_breakage,warning
cnc,1.26,26.31,30.18,55,1.78,25.46,spindle_bearing_failure,running
cnc,5.92,83.82,42.56,88.69,2.07,27.68,tool_breakage,fault
cnc,3.28,51.18,60.87,89.88,1.87,26.84,spindle_bearing_failure,warning
cnc,2.75,42.22,26.5,55,2.09,26.21,tool_breakage,warning
cnc,1.18,27.18,28.06,55,2.27,25.49,spindle_bearing_failure,running
cnc,1.77,21.12,31.13,55,2.12,25.65,spindle_bearing_failure,running
cnc,0.85,43.1,44.12,85.43,2.15,27.37,none,running
cnc,0.73,29.23,20.37,55,2.18,24.25,tool_wear,running
cnc,0.78,45.64,43.39,84.95,1.98,25.8,none,running
cnc,1.38,54.61,50.15,84.33,2.12,25.7,tool_wear,running
cnc,3.24,46.4,57.25,85.32,2.03,25.12,spindle_bearing_failure,warning
cnc,1.52,20.71,29.03,55,2.17,26.46,spindle_bearing_failure,running
cnc,0.71,38.74,38.29,80.17,1.95,25.42,none,running
cnc,0.88,39.54,38.45,66.9,1.92,25.37,none,running
cnc,0.75,41.32,41.9,81.49,2.34,25.53,none,running
cnc,0.91,44.84,45.55,88.51,2.34,26.43,none,running
cnc,0.73,41.43,40.05,75.3,1.86,26.16,none,running
cnc,0.55,26.6,22.11,55,2.35,26.68,tool_wear,running
cnc,1.06,53.82,42.6,76.94,1.94,28.04,tool_wear,running
cnc,0.31,21.05,20.14,55,2.11,25.32,none,running
cnc,5.17,70.87,43.13,87.8,2.08,27.27,tool_breakage,fault
cnc,5.72,70.01,42.31,83.23,2.14,25.35,tool_breakage,fault
cnc,1.26,53.34,48.43,89.39,1.96,26.01,tool_wear,running
cnc,0.69,36.25,34.08,65.14,1.98,25.78,none,running
cnc,1.15,58.9,53.37,90.36,2.02,26.79,tool_wear,running
cnc,6.43,79.78,50.31,106.05,2.08,26.02,tool_breakage,fault
cnc,1.41,30.61,27.13,55,1.06,26.92,lubrication_failure,warning
cnc,0.76,44.9,41.55,82.99,1.98,25.18,none,running
cnc,3.57,54.37,64.88,84.26,1.27,26.15,lubrication_failure,warning
cnc,5.99,60.8,43.78,86.7,2.16,26.94,tool_breakage,fault
cnc,1.27,42.89,41.35,75.3,1.9,27.42,tool_wear,running
cnc,4.62,63.67,45.03,81.59,2.27,26.02,tool_breakage,fault
cnc,3.02,56.13,58.59,95.71,2.09,27.71,spindle_bearing_failure,warning
cnc,2.05,29.27,33.86,56.31,2.05,26.97,spindle_bearing_failure,warning
cnc,0.78,26.47,25.41,55,1.27,24.85,lubrication_failure,running
cnc,5.9,69.35,47.05,96.19,2.14,25.6,tool_breakage,fault
cnc,1.3,47.19,37.27,75.48,2.06,27.33,tool_wear,running
cnc,6.26,74.78,41.34,82.8,2.17,25.66,tool_breakage,fault
cnc,1.31,52.34,44.01,77.06,2.1,27.12,tool_wear,running
cnc,0.83,43.83,43.39,85.79,2.02,24.88,none,running
cnc,0.68,31.42,25.95,55,2.04,24.97,tool_wear,running
cnc,3.14,44.31,55.49,81.03,1.87,26.19,spindle_bearing_failure,warning
cnc,2.2,36.96,24.08,55,2.03,27.25,tool_breakage,warning
cnc,2.98,63.51,68.37,103.36,1.12,27.07,lubrication_failure,warning
cnc,4.75,91.94,51.29,104.47,2.25,26.39,tool_breakage,fault
cnc,0.71,35.05,37.47,72.02,1.99,25.9,none,running
cnc,0.7,30.2,27.96,55,2.16,24.99,tool_breakage,running
cnc,6.27,80.22,49.25,88.92,2.24,26.67,tool_breakage,fault
cnc,1.38,23.29,26.12,55,1.24,24.57,lubrication_failure,running
cnc,0.9,39.24,33.52,56.97,1.94,26.82,tool_wear,running
cnc,0.88,43.92,42.19,75.57,2.19,26.2,none,running
cnc,3.6,53.65,47.36,82.85,0.7,24.87,lubrication_failure,fault
cnc,0.98,46.48,45.71,91.64,2.02,25.4,none,running
cnc,0.94,40.78,40.26,78.15,2.25,26.28,none,running
cnc,1.44,36.21,50.95,81.79,0.67,26.09,lubrication_failure,fault
cnc,4.67,49.46,70.3,93.97,2.04,27.49,spindle_bearing_failure,fault
cnc,2.1,38.48,51.46,73.54,1.13,25.09,lubrication_failure,warning
cnc,1.13,45.25,44.2,72.38,1.95,25.71,tool_wear,running
cnc,0.84,43.62,45.85,85.1,2.02,25.18,none,running
cnc,3.35,59.97,73.27,91.56,1.29,25.09,lubrication_failure,fault
cnc,2.72,47.93,63.36,97.2,1.25,26.25,lubrication_failure,warning
cnc,1.44,21.87,28.76,55,0.79,25.65,lubrication_failure,fault
cnc,0.83,48.61,43.41,80.45,2.19,25.98,none,running
cnc,1.49,41.33,52.48,72.1,1.13,25.23,lubrication_failure,warning
cnc,3.93,59.73,35.16,66.14,2.15,24.14,tool_breakage,warning
cnc,2.03,37.67,22.89,55,2.19,25.08,tool_breakage,warning
cnc,0.85,30.97,28.33,55.11,2.2,25.65,tool_wear,running
cnc,2.33,52.28,66.73,91.85,1.42,27.45,lubrication_failure,warning
cnc,5.25,91.35,56.53,104.27,2.06,26.77,tool_breakage,fault
cnc,2.96,48.42,58.08,87.76,1.32,25.53,lubrication_failure,warning
cnc,7.33,81.53,53.12,108.49,2.01,24.58,tool_breakage,fault
cnc,3.8,78,42.71,84.22,2.21,24.31,tool_breakage,warning
cnc,2.35,51.47,55.67,90.49,1.27,27.37,lubrication_failure,warning
cnc,0.67,39.5,39.01,63.96,1.89,25.39,none,running
cnc,2.26,56.3,67.98,93,0.92,26.89,lubrication_failure,warning
cnc,5.02,88.67,53.65,97.97,2.22,26.49,tool_breakage,fault
cnc,1.35,68.9,55.95,97.12,2.18,25.81,tool_wear,warning
cnc,2.38,44.05,46.02,81.57,2.13,26.58,spindle_bearing_failure,warning
cnc,2.54,63.51,58.54,92.73,1.02,25.92,lubrication_failure,warning
cnc,1.83,39.32,46.61,72.12,0.82,25.58,lubrication_failure,warning
cnc,2.65,51.97,59.92,81.5,2.21,26.19,spindle_bearing_failure,warning
cnc,0.88,43.16,48.61,87.36,2.16,24.05,none,running
cnc,7.43,89.61,52.21,100.25,2.14,25.05,tool_breakage,fault
cnc,0.86,39.06,41.49,84.5,2,26.72,none,running
cnc,0.9,41.64,40.54,80.8,1.99,27.29,none,running
cnc,1.93,49.45,55.36,92.91,1.34,24.78,lubrication_failure,warning
cnc,3.21,57.84,59.1,93.52,0.73,26.89,lubrication_failure,fault
cnc,3.23,51.15,65.57,85.29,1.2,24.29,lubrication_failure,warning
cnc,4.11,69.95,47.8,89.81,2.06,26.07,tool_breakage,warning
cnc,5.02,87.67,53.82,97.88,1.91,25.68,tool_breakage,fault
cnc,4.43,63.37,42.63,75.77,1.93,26.57,tool_breakage,warning
cnc,3.04,64.86,59.97,100.51,0.9,26.23,lubrication_failure,warning
cnc,1.32,52.52,51.17,92.1,2.04,24.2,tool_wear,warning
cnc,3.06,38.75,57.39,76.31,0.96,24.08,lubrication_failure,warning
cnc,2.54,52.93,59.25,89.07,0.71,27.13,lubrication_failure,fault
cnc,5.81,69.86,49.63,92.76,1.93,25.28,lubrication_failure,fault
cnc,3.19,54.45,52.19,85.49,2.13,27.11,lubrication_failure,warning
cnc,2.6,34.6,25.5,55,2.01,26.14,tool_breakage,warning
cnc,1.03,57.04,48.07,92.65,2.23,26.32,tool_wear,warning
cnc,3.1,49.95,59.91,90.78,2.19,26.37,spindle_bearing_failure,warning
cnc,1.25,50.29,44.42,76.23,1.79,25,tool_wear,running
cnc,1.76,52.18,56.71,87.31,2.04,25.81,spindle_bearing_failure,running
cnc,1.34,38.61,52.32,80.14,0.74,27.15,lubrication_failure,fault
cnc,3.25,56.87,68.61,106.63,1.27,24.34,lubrication_failure,warning
cnc,0.91,45.63,45.98,85.94,2.04,26.02,none,running
cnc,1.4,49.55,43.95,85.94,2.07,25.35,tool_wear,running
cnc,6.06,84.95,49.02,101.12,2.15,24.97,tool_breakage,fault
cnc,0.65,39.44,38.18,77.5,2.02,26.7,none,running
cnc,0.76,38.57,37.38,69.69,1.96,27.14,none,running
cnc,1.3,35.55,36.12,57.09,1.05,25.59,lubrication_failure,warning
cnc,1.21,62.67,52.18,89.09,2.02,26.95,tool_wear,running
cnc,6.36,70.83,45.95,89.79,2.2,26.11,tool_breakage,fault
cnc,1.02,43.43,42.47,73.3,2.24,27.1,tool_wear,running
cnc,6.78,84.64,52.56,98.08,1.97,27.4,tool_breakage,fault
cnc,3.94,45.24,57.4,94.13,2.18,26.37,spindle_bearing_failure,warning
cnc,4.42,68.21,47.44,95.62,2.04,24.42,tool_breakage,warning
cnc,1.7,54.19,50.26,92.26,2.27,26.82,tool_wear,warning
cnc,4.49,86.67,54.28,95.01,2.03,27.53,tool_breakage,warning
cnc,2.4,52.74,67.53,82.25,1.32,26.57,lubrication_failure,warning
cnc,3.32,81.29,40.34,84.4,1.91,27.26,tool_breakage,warning
cnc,4.75,68.64,41.95,85.68,2.12,24.41,tool_breakage,fault
cnc,5.82,82.24,41.3,88.2,2.27,24.88,tool_breakage,fault
cnc,0.83,42.76,44.75,85.69,1.99,25.36,none,running
cnc,3.01,44.05,53.07,80.49,0.97,25.54,lubrication_failure,warning
cnc,0.61,32.77,26.17,55,2.04,25.48,none,running
cnc,3.61,55.09,61.31,95.35,1.15,25.08,spindle_bearing_failure,warning
cnc,2.51,35.46,38.98,72.05,1.22,25.62,lubrication_failure,warning
cnc,6.8,80.35,44.2,94.67,2.08,25.33,tool_breakage,fault
cnc,2.84,60.63,61.52,94.77,0.74,24.84,lubrication_failure,fault
cnc,7.65,78.02,53.22,106.88,2.08,25.06,tool_breakage,fault
cnc,1.4,52.04,46.79,85.53,2.1,24.39,tool_wear,running
cnc,1.56,54.19,45,81.83,1.89,26.2,tool_wear,running
cnc,1.51,28.7,43.75,62.13,0.8,25.97,lubrication_failure,warning
cnc,0.85,40.02,41.67,74.3,2.24,25.44,none,running
cnc,3.56,53.85,58.26,91.37,2.18,27.21,spindle_bearing_failure,warning
cnc,0.41,21.29,23.19,55,2.01,24.87,none,running
cnc,2.25,53.22,53.04,82.04,1.86,26.61,spindle_bearing_failure,warning
cnc,4.21,54.94,57.13,93.03,2.17,24.9,spindle_bearing_failure,warning
cnc,0.86,40.2,41.21,83.45,2.08,27.63,none,running
cnc,1.35,49.71,48.41,86.64,1.89,25.42,tool_wear,running
cnc,2.04,54.07,51.31,81.56,2.2,27.98,spindle_bearing_failure,warning
cnc,0.71,36.76,36.71,72.05,2.18,24.78,none,running
cnc,0.92,44.64,42.11,83.59,1.99,25.55,none,running
cnc,2.01,48.08,53.67,90.47,0.9,26.7,lubrication_failure,warning
cnc,1.8,54.2,66.16,96.1,1.14,26.75,lubrication_failure,warning
cnc,1.61,54.93,48.46,86.66,2.09,24.26,tool_wear,running
cnc,0.83,44.35,43.87,82.46,1.93,26.65,none,running
cnc,5.34,63.73,43.01,81.85,2.02,26.75,tool_breakage,fault
cnc,1.48,43.39,44.96,78.79,0.82,27.33,lubrication_failure,warning
cnc,2.37,48.02,52,84.94,0.77,25.27,lubrication_failure,fault
cnc,2.1,49.63,64.86,83.98,1.37,27.08,lubrication_failure,warning
cnc,2.36,55.14,76.24,94.89,0.84,27.13,lubrication_failure,fault
cnc,0.89,45.25,46.58,86.3,2.32,26.12,none,running
cnc,0.68,37.86,35.57,71.86,1.92,26.09,none,running
cnc,3.73,55.5,70.91,88.32,1,25.78,lubrication_failure,fault
cnc,2.26,43.76,44.5,77.49,2.02,26.99,spindle_bearing_failure,warning
cnc,0.33,21.58,20.95,55,2.21,25,none,running
cnc,1.61,47.82,51.56,86.55,2.23,23.92,tool_wear,running
cnc,2.03,39.86,23.46,55,2.05,26.19,tool_breakage,warning
cnc,3.28,51.45,69.11,96.02,1.1,25.06,tool_wear,warning
cnc,1.28,53.21,52.53,93.1,1.95,26.16,tool_wear,warning
cnc,4.74,54.18,32.52,63.9,2.05,26.59,tool_breakage,fault
cnc,2.47,46.91,65.07,89.77,2.11,26.09,spindle_bearing_failure,warning
cnc,4.63,63.84,43.09,81.57,2.33,25.17,tool_breakage,fault
cnc,0.78,41.24,39.82,79.58,2.24,25.82,none,running
cnc,1.84,35.12,34.78,57.75,2.11,23.89,spindle_bearing_failure,running
cnc,0.74,38.86,39.25,72.75,2.13,26.84,none,running
cnc,3.12,47.65,45.63,79.07,0.98,24.88,lubrication_failure,warning
cnc,1.34,53.21,46.51,70.02,0.61,28.41,lubrication_failure,fault
cnc,2.55,41.93,46.78,78.87,2.27,25.91,spindle_bearing_failure,warning
cnc,5.11,80.49,45.53,95.08,2.19,25.26,tool_breakage,fault
cnc,3.16,46.97,51.05,87.17,2.06,24.41,spindle_bearing_failure,warning
cnc,5.13,84.77,44.91,92.6,2.09,25.73,tool_breakage,fault
cnc,0.86,41.05,37.13,75.8,2,25.46,none,running
cnc,0.78,44.16,41.07,75.07,2.2,25.42,none,running
cnc,0.84,43.89,44.08,83.41,2.22,24.79,none,running
cnc,2.75,46.5,60.5,89.85,2.34,26.87,spindle_bearing_failure,warning
cnc,2.68,55.91,57.65,100.68,0.85,26.73,lubrication_failure,warning
cnc,4.01,41.27,61.62,88.39,2.02,25.85,spindle_bearing_failure,warning
cnc,5.9,66.31,38.42,87.02,1.92,25.99,tool_breakage,fault
cnc,1.63,27.04,32.64,55,0.74,27.94,lubrication_failure,fault
cnc,2.17,49.14,50.52,87.6,2.19,27.97,spindle_bearing_failure,warning
cnc,2.4,48.88,51.33,82.31,0.86,27.2,lubrication_failure,warning
cnc,2.64,49.13,53.7,89.19,1.92,26.28,none,warning
cnc,2.01,45.08,43.19,76.48,0.98,24.73,lubrication_failure,warning
cnc,2.36,47.52,45.96,86.49,2.23,24.47,spindle_bearing_failure,warning
cnc,2.23,57.36,59.6,86.91,1.18,24.84,lubrication_failure,warning
cnc,1.52,59.03,41.28,86.21,2.08,25.21,tool_wear,running
cnc,3.06,55.25,62.39,100.77,1.29,25.11,lubrication_failure,warning
cnc,6.2,66.46,47.83,90.45,1.89,27.86,tool_breakage,fault
cnc,4.49,95.28,49,100.26,2.1,24.67,tool_breakage,warning
cnc,5.56,94.02,50.62,106.44,2.21,26.84,tool_breakage,fault
cnc,1.27,43.66,42.23,76.34,2.12,26.09,tool_wear,running
cnc,1.25,20.6,28.57,55,2.02,24.87,spindle_bearing_failure,running
cnc,5.44,73.94,46.82,90.7,2.19,26.93,tool_breakage,fault
cnc,0.63,27.8,22.9,55,2.19,27,tool_wear,running
cnc,4.95,84.87,46.36,96.21,2.3,26.54,tool_breakage,fault
cnc,2.5,53.67,51.24,86.64,2.06,26.18,spindle_bearing_failure,warning
cnc,4.88,66.49,43.16,89.18,2.15,24.36,spindle_bearing_failure,fault
cnc,1.8,48.44,56.71,89.71,1.19,25,lubrication_failure,warning
cnc,0.52,25.22,26.42,55,2.02,24.46,none,running
cnc,2.89,54.06,47.25,86.8,0.92,25.04,lubrication_failure,warning
cnc,1.76,53.68,52.03,94.63,2.19,24.42,tool_wear,warning
cnc,1.12,33.68,33.09,55,2.31,25.61,spindle_bearing_failure,running
cnc,5.98,74.49,49.72,95.54,2.1,27.78,tool_breakage,fault
cnc,1.84,52.86,48.39,82.88,2.15,24.3,spindle_bearing_failure,running
cnc,2.47,44.73,53.15,81.62,2.25,25.6,spindle_bearing_failure,warning
cnc,7.32,86.61,57.78,102.23,1.96,26.29,tool_breakage,fault
cnc,3.55,54.99,62.93,99.04,1.03,25.82,lubrication_failure,warning
cnc,4.89,66.14,39.3,77.16,2.18,25.89,tool_breakage,fault
cnc,1.03,32.72,29.18,56.73,0.81,27.02,lubrication_failure,warning
cnc,0.77,44.27,42.6,81.94,2.16,24.8,none,running
cnc,2.56,37.4,53.99,82.97,1.23,24.39,tool_wear,warning
cnc,2.19,46.31,52.09,83.48,2.11,24.87,spindle_bearing_failure,warning
cnc,3.05,60.61,58.39,98.5,2.1,24.07,spindle_bearing_failure,warning
cnc,3.84,52.98,32.64,69.46,2.11,27.52,tool_breakage,warning
cnc,2.64,35.78,22.93,55,2.01,26.44,lubrication_failure,warning
cnc,5.42,87.05,50.58,92.64,2.06,26.74,tool_breakage,fault
cnc,3.33,55.28,71.15,101.76,2.19,25.41,spindle_bearing_failure,fault
cnc,0.83,44.79,42.53,82.73,1.93,25.41,none,running
cnc,1.11,27.35,24.67,55,2,24.51,spindle_bearing_failure,running
cnc,3.55,40.06,26.7,55,2.12,25.3,tool_breakage,warning
cnc,1.32,56.94,53,89.67,1.95,26.98,tool_wear,running
cnc,3.7,47.59,53.81,94.77,2.09,24.79,spindle_bearing_failure,warning
cnc,0.85,39.83,35.94,72.62,2,26.68,none,running
cnc,2.87,48.36,76.99,102.34,1.06,26.05,lubrication_failure,fault
cnc,0.58,28.57,28.19,56.99,2.16,27.38,none,running
cnc,4.84,76.81,53.5,103.13,1.96,25.73,tool_breakage,fault
cnc,0.72,26.9,25.36,55,1.88,26.19,tool_wear,running
cnc,2,55.26,58.01,81.52,2.1,25.17,spindle_bearing_failure,warning
cnc,1.23,52.18,44.91,81.19,2.23,25.64,tool_wear,running
cnc,6.34,93.83,54.16,97.42,2,27.23,tool_breakage,fault
cnc,0.92,48.9,46.42,90.21,2.15,27.18,none,running
cnc,1.15,28.93,29.53,55,1.09,27.21,lubrication_failure,warning
cnc,2.63,60.51,72.99,99.3,0.68,25.7,lubrication_failure,fault
cnc,2.89,55.14,61.79,92.31,2.12,27.08,spindle_bearing_failure,warning
cnc,0.81,37.62,40.5,77.9,2.1,27.28,none,running
cnc,2.6,40.58,22.46,55,2.1,27.07,tool_breakage,warning
cnc,0.62,37.67,34.95,62.28,2.09,26.25,none,running
cnc,5.63,66.1,45.45,82.43,2.06,26.75,tool_breakage,fault
cnc,3.19,51.15,67.48,85.1,1.47,27,lubrication_failure,warning
cnc,3.12,48,57.62,90.12,2.08,25.26,spindle_bearing_failure,warning
cnc,6.56,73.07,47.5,99.81,2.18,26.18,tool_breakage,fault
cnc,2.19,47.21,57.15,74.83,0.84,24.83,lubrication_failure,warning
cnc,4.89,86.39,56.47,104.06,2.03,25.35,tool_breakage,fault
cnc,3.15,44,58.74,85.19,1.02,26.22,lubrication_failure,warning
cnc,4.07,55.41,65.17,92.32,0.88,25.52,lubrication_failure,warning
cnc,0.44,24.01,21.71,55,2.22,25.02,none,running
cnc,0.9,50.57,46.53,91.53,2.08,25.25,none,running
cnc,0.74,39.05,34.59,70.35,2.23,26.06,none,running
cnc,0.55,27.77,27.01,55,2.27,25.55,none,running
cnc,3.22,40.78,63.22,84.79,1.36,26.36,lubrication_failure,warning
cnc,1.89,39.92,54.35,80.21,2.08,26.01,spindle_bearing_failure,running
cnc,1,46.42,44.59,91.06,2.05,25.51,none,running
cnc,0.7,36.11,36.18,69.44,1.95,25.22,none,running
cnc,3.43,52.64,54.06,82.72,2.01,27.36,spindle_bearing_failure,warning
cnc,0.65,25.37,25.55,55,2.05,26.2,tool_wear,running
cnc,0.91,44.5,46.36,85.68,2.25,24.25,none,running
cnc,0.82,44.89,43.35,78.64,2.05,25.74,none,running
cnc,4.17,62.8,45.29,83.87,1.89,27.46,tool_breakage,warning
cnc,3,47.51,52.07,72.76,1.09,25.69,lubrication_failure,warning
cnc,3.4,48.33,58.95,96.36,2.03,25.84,spindle_bearing_failure,warning
cnc,1.27,23.86,28.76,55,0.91,26.59,lubrication_failure,warning
cnc,1.59,58.04,54.85,89.5,2.17,26.58,tool_wear,running
cnc,7.86,81.96,54.78,99.55,1.96,26.2,tool_breakage,fault
cnc,0.78,47.22,43.09,89.49,2.17,26.41,none,running
cnc,3.89,75.94,43.34,90.84,2.02,25.53,tool_breakage,warning
cnc,0.47,25.93,24.3,55,2.04,27.99,none,running
cnc,6.21,82.32,49.48,92.84,2.1,28.14,tool_breakage,fault
cnc,0.62,26.99,27.23,55,1.98,25.14,tool_wear,running
cnc,2.5,47.75,58.3,88.96,2,27.36,spindle_bearing_failure,warning
cnc,4.79,60.21,34.81,63.94,2.02,25.84,tool_breakage,fault
cnc,2.1,47.95,56.73,96.46,1.23,24.98,lubrication_failure,warning
cnc,2.84,52.23,53.78,74.88,0.83,26.93,none,warning
cnc,3.74,38.48,58.99,80.65,2.07,24.9,spindle_bearing_failure,warning
cnc,0.67,27.84,21.96,55,1.92,26.39,tool_wear,running
cnc,0.86,41.86,44.21,83.96,2.01,26.41,none,running
cnc,1.67,69.69,52.48,96.28,2.17,25.61,tool_wear,warning
cnc,1.38,56.85,42.9,82.41,2.17,26.95,tool_wear,running
cnc,1.62,57.52,49.99,81.44,2.31,26.52,none,running
cnc,1.84,51.31,56.71,74.41,0.66,26.99,lubrication_failure,fault
cnc,1.25,28.2,38.77,57.42,2.06,27.09,spindle_bearing_failure,running
cnc,1.69,65.34,57.53,98.67,2.06,24.83,tool_wear,warning
cnc,2.09,43.81,52.81,88.45,2.21,26.07,spindle_bearing_failure,warning
cnc,2.12,49.57,62.91,96.96,1.37,25.31,lubrication_failure,warning
cnc,2.64,44.18,51.46,89.31,2.19,26.1,spindle_bearing_failure,warning
cnc,2.76,54.22,68.37,90.03,1.04,26,lubrication_failure,warning
cnc,0.82,42.46,44.4,83.87,2.13,26.71,none,running
cnc,2.46,51.82,59.9,86.31,1.97,26.98,spindle_bearing_failure,warning
cnc,5.76,73.26,48.88,99.03,1.95,24.8,tool_breakage,fault
cnc,0.7,37.24,34.9,65.48,2.32,25.95,none,running
cnc,0.88,42.63,44.48,82.72,2.12,24.92,none,running
cnc,1.1,54.92,50.19,81.41,2.12,25.85,tool_wear,running
cnc,4.47,74.87,43.69,86.95,2.1,26.13,tool_breakage,warning
cnc,2.08,41.04,64.61,88.05,2.11,25.38,spindle_bearing_failure,warning
cnc,0.72,34.77,36.88,64.75,2.07,25.6,none,running
cnc,0.68,34.27,35.68,72.73,2.04,24.99,none,running
cnc,0.84,47.79,44.37,90.49,2.15,25.22,none,running
cnc,3.74,51.31,70.7,99.51,0.72,26.2,lubrication_failure,fault
cnc,4.69,60.04,34.95,65.54,2.15,24.49,tool_breakage,fault
cnc,1.17,44.73,43.61,80.51,2.11,26.82,tool_wear,running
cnc,2.87,49.31,48.62,83.13,2.1,26.28,spindle_bearing_failure,warning
cnc,0.82,43.34,43.08,80.31,2.18,25.62,none,running
cnc,5.68,62.72,43.16,83.8,2.14,25.77,tool_breakage,fault
cnc,4.41,62.54,59.25,95.11,2,25.07,spindle_bearing_failure,warning
cnc,2.61,47.01,42.82,77.8,1.34,26.17,lubrication_failure,warning
cnc,4.22,73.06,41.91,85.54,2.16,26.16,tool_breakage,warning
cnc,0.74,42.99,37.21,70.47,2.13,25.82,none,running
cnc,1.25,50.05,39.29,75.27,2.22,27.93,tool_wear,running
cnc,2.24,50.42,59.74,88.15,2.05,24.95,spindle_bearing_failure,warning
cnc,4.56,86.25,51.43,103.46,2.27,26.35,tool_breakage,fault
cnc,4.12,62.4,65.84,106.28,2.2,26.07,spindle_bearing_failure,warning
cnc,2.76,39.16,61.49,78.5,0.72,27.12,lubrication_failure,fault
cnc,1.07,34.05,32.24,60.25,2.14,25.19,tool_wear,running
cnc,2.4,46.09,64.22,90.78,1.05,25,lubrication_failure,warning
cnc,6.66,88.51,49.84,94.53,2.14,26.56,tool_breakage,fault
cnc,1.45,62.22,46.84,98.18,2.16,28.03,tool_wear,warning
cnc,4.04,72.04,47.82,89.38,2.19,26.72,tool_breakage,warning
cnc,4.24,81.62,56.37,97.66,2.01,25.54,tool_breakage,warning
cnc,2.81,37.75,44.91,78.87,1,25.18,lubrication_failure,warning
cnc,0.79,41.57,42.21,79.85,2.08,24.94,none,running
cnc,7.41,86.7,55.31,101.41,2.05,26.55,tool_breakage,fault
cnc,5.77,71.38,44.89,90.42,2.11,24.27,tool_breakage,fault
cnc,2.21,42.06,49.13,78.93,1.06,25.39,lubrication_failure,warning
cnc,0.85,44.59,42.01,81.77,2.09,25.04,none,running
cnc,4.85,60.85,43.45,78.48,2.03,25.07,tool_breakage,fault
cnc,2.58,45.52,55.03,92.06,1.17,26.48,lubrication_failure,warning
cnc,3.77,60.39,59.98,99.73,2.12,25.96,spindle_bearing_failure,warning
cnc,3.66,55.14,67.17,86.41,2.1,24.71,tool_breakage,warning
cnc,1.37,51.8,46.57,79.68,1.86,25.3,tool_wear,running
cnc,2.53,36.66,23.33,55,2.26,26.76,tool_breakage,warning
cnc,2.04,39.69,23.1,55,2.14,24.59,tool_breakage,warning
cnc,6.95,80.31,48.52,96.19,2.05,26.2,tool_breakage,fault
cnc,1.54,59.45,50.08,97.58,2.1,27.49,tool_wear,warning
cnc,2.92,48.04,58.45,94.89,1.33,27.68,lubrication_failure,warning
cnc,5.46,94.09,57.99,100.33,2.22,25.8,tool_breakage,fault
cnc,0.34,20.78,20.27,55,1.88,25.93,none,running
cnc,0.77,21.64,24.33,55,0.91,25.73,lubrication_failure,warning
cnc,1.05,35.42,26.43,55,2.25,27.42,tool_wear,running
cnc,3.7,62.31,39.12,81.06,2.09,25.89,tool_breakage,warning
cnc,6.37,65.71,45.63,86.32,2.05,25.39,tool_breakage,fault
cnc,0.72,41.32,37.66,70.66,2.15,27.07,none,running
cnc,1.57,54.66,45.2,85.25,2.04,26.01,tool_wear,running
cnc,2.82,57.74,57.75,91.69,0.87,26.49,lubrication_failure,warning
cnc,1.91,36.37,38.45,56.53,1.35,24.37,lubrication_failure,running
cnc,2.29,46.01,63.94,93.06,2.14,27.42,spindle_bearing_failure,warning
cnc,2.95,56.73,56.87,87.41,2.02,25.36,spindle_bearing_failure,warning
cnc,5.27,83.16,49.44,97.79,2.1,26.5,tool_breakage,fault
cnc,4.92,79.02,56.5,107.88,1.88,27.36,tool_breakage,fault
cnc,0.83,41.02,41.2,79.95,2.02,26.36,none,running
cnc,0.68,45.62,42.19,78.05,2.19,25.91,none,running
cnc,2.18,39.2,49.83,90.26,0.92,25.8,lubrication_failure,warning
cnc,1.33,62.39,50.45,98.78,1.98,27.96,tool_wear,warning
cnc,7.12,87.32,53.45,100.11,2.11,26.16,tool_breakage,fault
cnc,0.79,43.79,42.73,83.12,2.15,25.58,none,running
cnc,4.64,52.75,34.44,65.67,1.97,26.93,tool_breakage,fault
cnc,5.82,85.55,54.56,104.71,2.05,27.54,tool_breakage,fault
cnc,4.19,69.9,38.81,75.95,2.03,24.16,tool_breakage,warning
cnc,1.01,50.9,44.23,79.23,2.01,25.24,tool_wear,running
cnc,1.92,29.74,48.99,65.22,2.25,26.17,spindle_bearing_failure,running
cnc,3.02,56.48,62.43,88.64,1.1,24.54,lubrication_failure,warning
cnc,5.89,80.02,48.32,93.11,2.24,25.3,tool_breakage,fault
cnc,5.4,81.05,44.29,87.46,2.21,25.2,tool_breakage,fault
cnc,2.4,44.47,64.23,80.55,1.43,26.56,lubrication_failure,warning
cnc,2.85,69.27,57.4,101.65,0.92,27.43,lubrication_failure,warning
cnc,0.79,44.2,42.33,84.46,2.16,26.45,none,running
cnc,2.41,60.58,56.18,99.14,1.17,26.1,lubrication_failure,warning
cnc,1.41,38.37,45.95,65.47,1.97,27.05,spindle_bearing_failure,running
cnc,0.8,37.96,32.92,56.53,2.03,25.94,tool_wear,running
cnc,0.82,44.09,45.85,88.17,2.24,25.02,none,running
cnc,1.46,55.86,54.08,95.51,2.25,26.99,tool_wear,warning
cnc,0.83,46.68,45.91,79.73,2.09,25.11,none,running
cnc,2.49,57.84,63.04,90.07,0.93,26.27,lubrication_failure,warning
cnc,3.28,47,59.91,85.04,0.68,27.22,lubrication_failure,fault
cnc,0.89,49.85,44.73,88.32,2.15,25.42,none,running
cnc,1.3,22.28,29.09,55,0.85,25.87,lubrication_failure,warning
cnc,3.51,57.12,58.12,88.87,1.36,27.32,lubrication_failure,warning
cnc,0.77,39.43,37.22,78.59,2.09,26.47,none,running
cnc,6.26,85.21,48.22,96.75,2.29,25.34,tool_breakage,fault
cnc,6.8,79.2,47.67,95.16,1.96,23.86,tool_breakage,fault
cnc,0.6,39.34,38.74,69.65,2.18,25.46,none,running
cnc,4.44,70.23,43.61,83.15,2.04,26.61,tool_wear,warning
cnc,1.72,34.92,33.98,55.64,2.13,25.62,spindle_bearing_failure,running
cnc,0.71,40.07,38.53,70.78,2.13,27.33,none,running
cnc,0.89,37.28,37.42,73.86,2.09,25.51,none,running
cnc,2.63,47.96,76.09,92.4,1.12,26.33,lubrication_failure,fault
cnc,4.67,91.72,51.53,96.28,2.08,27.33,tool_breakage,fault
cnc,3.01,44,50.87,79.19,0.72,26.33,lubrication_failure,fault
cnc,1.3,52.03,47.95,78.84,1.96,25.79,tool_wear,running
cnc,0.86,40.7,41.98,81.57,2.03,25.57,none,running
cnc,1.9,48.71,49.2,82.89,0.88,25.07,lubrication_failure,warning
cnc,0.78,38.83,37.67,72.34,2.25,27.88,none,running
cnc,1,48.15,45.02,89.84,2.1,25.95,none,running
cnc,0.82,40.7,40.19,76.39,2.13,26.76,none,running
cnc,0.83,32.62,25.47,55,2.16,25.26,tool_wear,running
cnc,5.62,91.1,50.41,94.23,2.34,25.84,tool_breakage,fault
cnc,0.78,33.1,28.82,55,2.08,25.92,tool_wear,running
cnc,1.17,54.44,40.28,77.79,2.08,25.68,tool_wear,running
cnc,1.3,51.83,48.59,94.99,1.96,27.28,tool_wear,warning
cnc,2.73,43.14,45.11,76.92,1.92,25.79,spindle_bearing_failure,warning
cnc,0.81,35.29,32.16,57.64,1.84,26.51,tool_wear,running
cnc,4.06,68.63,41.31,83.9,1.9,27.23,tool_breakage,warning
cnc,6.36,81.09,52.93,93.11,2.01,24.96,tool_breakage,fault
cnc,1.22,54.83,43.79,82.12,2.14,27.4,none,running
cnc,2.39,51.32,59.09,91.72,1.79,27.16,spindle_bearing_failure,warning
cnc,3.5,47.27,68.66,96.51,2.12,25.81,spindle_bearing_failure,warning
cnc,6.46,65.76,44.64,88.24,2.01,26.93,tool_wear,fault
cnc,2.09,36.23,33.55,62.41,2.24,26.1,spindle_bearing_failure,warning
cnc,1.93,38.39,58.66,79.37,2.14,27.47,spindle_bearing_failure,warning
cnc,0.37,26.23,22.95,55,1.89,26.1,none,running
cnc,1.59,44.48,59.52,87.96,1.29,26.28,lubrication_failure,warning
cnc,3.21,46,27.35,56.54,2.22,26.39,tool_breakage,warning
cnc,5.74,74.8,46.05,81.03,2.2,25.54,tool_breakage,fault
cnc,6.53,78.1,43.52,85.58,2.13,25.14,tool_breakage,fault
cnc,3.18,47.18,54.66,81.38,2.11,25.8,spindle_bearing_failure,warning
cnc,0.72,45.89,44.58,81.21,1.93,25.11,none,running
cnc,3.49,58.1,71.36,87.07,1.01,24.71,lubrication_failure,fault
cnc,1.69,51.03,50.49,91.36,2.17,26.16,tool_wear,running
cnc,1.55,47.85,42.04,78.97,1.99,26.31,tool_wear,running
cnc,2.06,48.36,46.86,72.58,1.15,25.51,lubrication_failure,warning
cnc,1.61,40.23,52.13,79.16,0.77,24.87,lubrication_failure,fault
cnc,4.35,51.09,35.19,70.46,2.24,26.36,tool_breakage,warning
cnc,1.06,26.38,32.24,55,1.4,25.97,lubrication_failure,running
cnc,4.1,50.2,52.94,88.48,2.03,25.11,spindle_bearing_failure,warning
cnc,6.72,82.04,52.04,98.85,2.04,25.33,tool_breakage,fault
cnc,3.97,60.64,68.95,94.75,2,26.78,spindle_bearing_failure,warning
cnc,0.74,36.98,33.58,66.65,2.11,24.36,none,running
cnc,0.42,23.98,22.6,55,1.96,24.71,none,running
cnc,1.55,56.43,52.69,94.86,2.13,25.26,tool_wear,warning
cnc,1.48,49.29,48.97,90.62,2.31,25.41,tool_wear,running
cnc,0.68,31.21,29.97,57.73,2.01,26.25,none,running
cnc,7.38,84.23,48.88,96.22,2.21,27.81,tool_breakage,fault
cnc,4.15,63.33,63.04,98.62,1.91,27.03,spindle_bearing_failure,warning
cnc,0.81,51.51,46.33,89.21,2.35,25.36,none,running
cnc,2.55,39.29,51.02,76.69,1.29,25.36,lubrication_failure,warning
cnc,1.14,47.47,38.02,72.39,2.19,27.31,tool_wear,running
cnc,2.25,28.5,38.17,55.78,1.97,26.36,spindle_bearing_failure,warning
cnc,7.16,89.53,51.19,99.06,2.02,26.4,tool_breakage,fault
cnc,1.98,43.48,53.08,73.72,1.1,26.25,lubrication_failure,warning
cnc,2.87,41.6,46.18,90.41,0.69,26.86,lubrication_failure,fault
cnc,2.48,59.76,69.54,102.22,2.16,27.31,spindle_bearing_failure,warning
cnc,1.97,39.79,47.96,76.48,1.89,25.47,spindle_bearing_failure,running
cnc,3.58,56.36,61.55,96.26,2.15,25.07,spindle_bearing_failure,warning
cnc,3.34,47.92,54.35,80.11,2.25,27.03,spindle_bearing_failure,warning
cnc,0.94,32.21,34.94,61.16,1.87,25.39,tool_wear,running
cnc,4.29,74.77,49.4,93.36,2.09,27.51,tool_breakage,warning
cnc,6.95,87.95,57.57,108.96,1.86,27.68,tool_breakage,fault
cnc,3.83,64.47,40.93,77.49,1.91,25.15,tool_breakage,warning
cnc,0.83,34.37,30.58,55,2.16,25.6,tool_wear,running
cnc,6.54,76.26,46.47,88.08,2.27,24.01,tool_breakage,fault
cnc,2.93,46.83,51.89,83.05,1.95,26.95,spindle_bearing_failure,warning
cnc,2.29,46.87,61.75,86.26,0.72,26.74,lubrication_failure,fault
cnc,1.17,42.29,40.13,60.25,0.75,24.99,lubrication_failure,fault
cnc,0.75,43.25,45.2,86.69,2.15,26.37,none,running
cnc,1.43,49.27,50.58,81.72,2.16,28.17,tool_wear,running
cnc,1.47,58.33,52.31,89.04,1.89,27.29,tool_wear,running
cnc,4.74,62.4,34.32,62.71,2.1,26.72,tool_breakage,fault
cnc,1.15,62.24,53.78,102.34,1.87,24.19,tool_wear,warning
cnc,2.68,28.43,43.96,63.32,2.01,25.84,spindle_bearing_failure,warning
cnc,0.61,39.63,39.2,72.53,2.15,26.59,none,running
cnc,1.83,30.17,33.53,58.17,1.36,25.24,lubrication_failure,running
cnc,6.16,77.36,51.4,95.48,2.03,25.14,tool_breakage,fault
cnc,1.24,38.08,31.94,63.73,1.9,24.58,tool_wear,running
cnc,1.25,62.33,53.37,91.39,2.06,26.53,tool_wear,running
cnc,1.11,44.22,43.17,85.76,2.08,25.25,tool_wear,running
cnc,0.65,39.1,35.72,68.38,2.16,27.02,none,running
cnc,0.78,42.09,42.76,80.81,1.98,26.82,none,running
cnc,3.08,47.33,56.06,93.35,2,27.55,spindle_bearing_failure,warning
cnc,1.73,27.73,28.73,55,2.06,25.22,spindle_bearing_failure,running
cnc,0.73,50,43.75,85.35,1.93,26.94,none,running
cnc,2.38,40.11,40.31,63.53,1.93,26.94,spindle_bearing_failure,warning
cnc,2.65,47.22,57.01,98.07,2.11,26.13,spindle_bearing_failure,warning
cnc,3.84,57.27,44.91,84.87,2.02,24.96,tool_breakage,warning
cnc,2.13,38.12,55.36,86.56,0.76,27.09,lubrication_failure,fault
cnc,1.89,30.87,29.96,55,0.68,26.66,lubrication_failure,fault
cnc,2.71,69.2,70.05,95.04,1.03,25.28,lubrication_failure,fault
cnc,2.57,55.33,53.9,82.66,2.07,24.41,spindle_bearing_failure,warning
cnc,2.74,42.06,48.57,84.01,1.21,24.44,lubrication_failure,warning
cnc,3.21,63.06,56.13,91.72,0.64,26.04,lubrication_failure,fault
cnc,2.76,46.56,52.59,75.32,0.94,26.48,lubrication_failure,warning
cnc,3.5,41.42,25.79,55,2.16,27.08,tool_breakage,warning
cnc,2.8,53.88,64.88,99.34,1.18,25.96,lubrication_failure,warning
cnc,1.65,65.34,50.75,94.32,1.89,26.86,tool_wear,warning
cnc,2.85,41.5,47.97,88.01,2.12,27.24,spindle_bearing_failure,warning
cnc,1.74,43.81,49.88,82.24,2.21,24.82,spindle_bearing_failure,running
cnc,0.62,35.88,35.89,69.35,2.1,26.99,none,running
cnc,6.52,90.85,55.02,98.48,1.99,25.61,tool_wear,fault
cnc,5.14,73.67,43.65,84.01,2.1,26.31,tool_breakage,fault
cnc,1.52,57.18,40.77,79.63,2.18,26.23,tool_wear,running
cnc,6.01,71.46,43.7,81.31,2.27,26.64,tool_breakage,fault
cnc,0.67,36.57,38.64,69.83,2.03,24.98,none,running
cnc,3.63,57.23,35.5,61.99,2,26.26,tool_breakage,warning
cnc,1.53,55.05,39.44,70.64,1.9,25.77,tool_wear,running
cnc,0.7,41.98,38.71,74.15,1.95,26.11,none,running
cnc,1.6,39.28,52.42,68.42,1.21,25.76,lubrication_failure,running
cnc,2.32,42.1,59.09,88.26,2.1,25.12,tool_breakage,warning
cnc,1.47,41.21,62.16,82.63,0.99,26.29,lubrication_failure,warning
cnc,1.22,53.83,39.88,78.99,2.26,26.58,tool_wear,running
cnc,0.98,41.09,44,83.57,2.11,25.39,none,running
cnc,0.75,36.76,36.81,68.49,1.97,27.28,none,running
cnc,3.47,53.52,60.98,89.5,1.16,24.39,lubrication_failure,warning
cnc,3.55,77.77,42.36,76.82,2.07,26.06,tool_breakage,warning
cnc,5.15,73.06,47.24,92.65,2.16,25.49,tool_breakage,fault
cnc,2.5,46.8,64.17,85.99,1.98,25.16,spindle_bearing_failure,warning
cnc,4.39,71.46,52.48,95.88,2.04,25.89,tool_breakage,warning
cnc,3.47,57.86,71.57,94.47,1.95,26.23,spindle_bearing_failure,fault
cnc,1.63,61,46.95,86.1,2.03,24.82,tool_wear,running
cnc,0.88,47.84,44.75,89.19,2.27,24.81,none,running
cnc,3.16,44.49,65.96,90.71,1.93,26.09,spindle_bearing_failure,warning
cnc,3.14,53.34,51.61,96.18,1.04,26.15,lubrication_failure,warning
cnc,0.33,22.92,23.25,55,2.28,25.48,none,running
cnc,2.38,55.12,64.11,89.87,0.89,27.43,spindle_bearing_failure,warning
cnc,3.3,39.7,56.84,77.61,2.17,25.43,spindle_bearing_failure,warning
cnc,2.03,53.09,62.22,97.6,1.01,25.91,lubrication_failure,warning
cnc,1.14,61.26,55.97,92.31,2.24,24.99,tool_wear,warning
cnc,1,41.6,39.06,73.34,2.35,26.09,tool_wear,running
cnc,4.01,75.81,41.37,83.41,2.31,26.1,tool_breakage,warning
cnc,2.1,61.97,72.48,95.69,1.09,25.19,lubrication_failure,fault
cnc,3.04,56.65,55.03,94.44,1.34,25.54,lubrication_failure,warning
cnc,0.75,39.03,40.05,76.13,2.01,25.24,none,running
cnc,6.63,89.04,57.3,108.83,1.96,27.51,tool_breakage,fault
cnc,2.27,44.01,51.9,83.48,0.98,26.64,lubrication_failure,warning
cnc,2.35,49.17,53.39,71.59,0.99,27.06,lubrication_failure,warning
cnc,0.72,36.01,29.57,55,1.93,26.66,tool_wear,running
cnc,1.28,23.07,23.78,55,1.05,25.25,lubrication_failure,warning
cnc,0.48,26.86,28.21,55,2.13,24.41,none,running
cnc,1.94,58.87,57.75,78.01,0.89,27.36,lubrication_failure,warning
cnc,6.8,77.18,48.98,100.6,2,25.71,tool_breakage,fault
cnc,0.73,42,41.08,82.89,2.06,26.79,none,running
cnc,3.31,46.83,56.72,80.71,2,24.91,spindle_bearing_failure,warning
cnc,1.87,34.24,32.19,55,1.05,25.72,lubrication_failure,warning
cnc,2.62,52.98,61.22,93.33,0.76,25.79,lubrication_failure,fault
cnc,1.71,47.71,48.16,78.11,2.17,25.77,tool_wear,running
cnc,4.9,92.65,47.42,87.34,2.22,27.09,tool_breakage,fault
cnc,4.78,55.33,31.6,62.95,2.15,26.12,tool_breakage,fault
cnc,0.77,41.69,44.71,80.01,2.1,27.21,none,running
cnc,3.93,48.5,31.51,56.51,2.08,25.44,tool_breakage,warning
cnc,1.63,29.47,31.37,55,0.97,26.27,lubrication_failure,warning
cnc,3.18,49.5,68.82,88.73,1.25,26.35,lubrication_failure,warning
cnc,2.91,54.84,51.85,85.38,2.03,25.52,tool_wear,warning
cnc,0.74,52.21,46.9,86.31,2.32,26.38,none,running
cnc,3.95,59.56,60.51,96.49,1.96,26.12,spindle_bearing_failure,warning
cnc,5.98,77.44,50.08,95.52,1.86,25.34,tool_breakage,fault
cnc,2.62,43.18,38.9,67.93,2.04,24.56,spindle_bearing_failure,warning
cnc,0.79,39.07,40.84,72.14,2.09,25.54,none,running
cnc,2.66,38.63,54.07,77.68,2.17,27.8,spindle_bearing_failure,warning
cnc,0.79,45.24,35.94,66.73,2.23,25.24,tool_wear,running
cnc,0.99,51.56,46.91,86.22,2,26.99,none,running
cnc,0.7,37.59,36.2,77.29,2.32,26.61,none,running
cnc,1.67,70.64,54.19,98.56,1.97,27.75,tool_wear,warning
cnc,1.74,56.24,56.82,85.52,1.25,25.94,lubrication_failure,running
cnc,2.61,36.5,56.23,79.17,0.67,25.54,lubrication_failure,fault
cnc,5.64,77.95,47.15,83.62,2.01,26.23,tool_breakage,fault
cnc,0.34,22.07,20,55,1.97,27.64,none,running
cnc,6.12,78.78,51.41,110,1.95,25.8,tool_breakage,fault
cnc,1.05,44.52,42.72,73.66,2.28,26.52,tool_wear,running
cnc,3.06,55.1,57.08,82.9,1.1,26.82,lubrication_failure,warning
cnc,0.77,41.45,39.85,74.61,1.97,26.12,none,running
cnc,1.62,59.35,50.14,91.63,2.04,25.6,tool_wear,running
cnc,1.21,61.81,49.97,89.56,1.82,27.14,tool_wear,running
cnc,2.5,40.72,23.88,55,2.17,26.69,tool_breakage,warning
cnc,3.65,50.64,31.83,62.19,2.21,26.26,tool_breakage,warning
cnc,3.17,47.29,27.98,55,2.06,24.81,tool_breakage,warning
cnc,0.72,40.33,39.87,73.53,2.14,27.62,none,running
cnc,0.95,51.12,48.86,84.51,2.05,26.12,none,running
cnc,0.88,45.01,43.75,87.34,2.17,24.9,none,running
cnc,2.21,38.42,48.66,67.63,0.9,27.81,lubrication_failure,warning
cnc,3.02,52.83,65.34,102.39,2.14,24.55,spindle_bearing_failure,warning
cnc,2.51,30.27,36.78,55.53,0.98,26.34,lubrication_failure,warning
cnc,0.73,40.11,39.54,73.59,2.15,25.59,none,running
cnc,1.17,23.82,27.62,55,1.02,26.5,lubrication_failure,warning
cnc,2.62,58.44,66.89,88.06,1.04,25.36,lubrication_failure,warning
cnc,1.2,52.82,45.02,78.28,2.21,24.42,tool_wear,running
cnc,1.69,44.82,56.57,81.31,0.72,25.08,lubrication_failure,fault
cnc,0.76,46.6,42.68,89.55,2.07,25.83,none,running
cnc,0.78,38.79,41.12,83.47,2.08,24.87,none,running
cnc,6.37,82.46,48.38,88.88,2.11,25.83,tool_breakage,fault
cnc,4.87,91.27,53.04,102.38,2.1,26.74,tool_breakage,fault
cnc,0.63,35.28,35.33,71.38,2.03,25.77,none,running
cnc,0.77,36.71,35.41,71,2.24,25.71,none,running
cnc,2.22,40.75,43.68,60.84,0.87,26.29,lubrication_failure,warning
cnc,1.13,56.58,49.03,86.26,2.15,26.13,tool_wear,running
cnc,2.65,53.5,71.12,100.75,2.02,25.68,spindle_bearing_failure,fault
cnc,0.78,45.58,42.86,82.89,2.15,25.01,none,running
cnc,4.5,87.2,43.6,90.95,2.01,25.76,tool_breakage,warning
cnc,0.85,43.9,38.41,76.16,2.16,25.5,none,running
cnc,5.4,75.95,46.29,90.79,2.12,25.99,tool_breakage,fault
cnc,0.74,41.23,40.21,77.82,1.9,26.79,none,running
cnc,3.39,55.35,32.63,60.52,2.17,24.44,tool_breakage,warning
cnc,1.15,58.71,43.23,85.31,2.13,24.39,tool_wear,running
cnc,3.01,47.01,50.75,75.62,1.18,25.2,lubrication_failure,warning
cnc,5.55,89.02,58.58,104.79,2.24,25.62,tool_breakage,fault
cnc,2.02,60.4,69.57,88.28,0.72,28.24,lubrication_failure,fault
cnc,1.56,68.56,54.08,99.95,1.97,24.75,tool_wear,warning
cnc,1.31,63.33,50.87,100.58,2.21,27.2,tool_wear,warning
cnc,6.53,81.8,50.44,102.53,2.28,25.52,tool_breakage,fault
cnc,0.92,47.54,41.03,87,2.02,25.81,none,running
cnc,3.21,43.17,66.01,91.02,1.23,25.02,lubrication_failure,warning
cnc,5.22,77.72,52.45,103.26,1.95,26.81,tool_breakage,fault
cnc,0.78,46.94,42.16,86.16,1.96,26.64,none,running
cnc,1.01,46.72,44.63,82.69,1.95,25.76,none,running
cnc,4.25,72.46,46.11,79.9,1.99,26.41,tool_breakage,warning
cnc,1.51,49.05,56.46,86.72,1.24,26.59,lubrication_failure,running
cnc,0.68,38.06,37.45,69.89,2.31,26.8,none,running
cnc,5.67,84.32,56.11,104.29,2,25.43,tool_breakage,fault
cnc,1.41,53.5,47.92,81.76,2.08,26.61,tool_wear,running
cnc,3.21,44.63,26.25,55,2.12,26.73,tool_breakage,warning
cnc,1.24,33.67,39.46,58.8,0.74,26.94,lubrication_failure,fault
cnc,0.91,49.13,44.67,86.89,2,26.76,none,running
cnc,2.54,31.98,35.52,55,2.18,25.14,spindle_bearing_failure,warning
cnc,0.57,40.08,35.1,74.46,2.31,25.06,none,running
cnc,4.15,55.96,57.27,94.43,1,25.43,lubrication_failure,warning
cnc,3.55,62.15,65.77,92.62,0.81,27.38,lubrication_failure,warning
cnc,3.27,52.2,28.97,55,2.21,26.72,tool_breakage,warning
cnc,1.58,54.04,52.96,73.63,1.13,25.72,lubrication_failure,warning
cnc,0.84,43.7,42.16,83.26,2.13,25.91,none,running
cnc,1.35,22.5,33.74,55,2.24,26.14,spindle_bearing_failure,running
cnc,0.88,48.05,45.59,88.39,2.31,25.32,none,running
cnc,0.66,39.91,38.28,70.14,1.97,27.63,none,running
cnc,0.88,46.58,47.54,81.27,2.01,26.3,none,running
cnc,1.2,57.36,44.38,82.66,2.18,26.71,tool_wear,running
cnc,6.73,91.14,54.89,102.58,2.07,27.19,tool_breakage,fault
cnc,0.76,41.51,39.4,73.17,2.07,25.74,none,running
cnc,1.4,66.26,55.18,93.07,2.04,26.03,tool_wear,warning
cnc,3.08,38.93,53.4,82.25,2.09,26.25,spindle_bearing_failure,warning
cnc,3.17,52.22,32.05,67.88,2.04,25.56,tool_breakage,warning
cnc,2.2,58.33,61.7,99.98,2.13,26.73,spindle_bearing_failure,warning
cnc,0.62,39.38,34.51,67.25,2.21,26.59,none,running
cnc,0.58,27.18,21.33,55,2,25.53,tool_wear,running
cnc,0.76,39.71,40.6,73.03,2.05,25.37,none,running
cnc,2.23,39.68,36.82,61.79,1.95,27.28,spindle_bearing_failure,warning
cnc,1.53,50.97,45.64,81.85,2.12,25.68,tool_wear,running
cnc,3.33,45.84,50.72,89.97,0.83,25.27,lubrication_failure,warning
cnc,6.72,84.28,45.67,99.09,2.06,26.39,tool_breakage,fault
cnc,5.43,65.11,45.23,90.36,2.08,26.14,tool_breakage,fault
cnc,1.95,40.89,56.66,71.05,0.74,27.38,lubrication_failure,fault
cnc,0.75,37.54,30.86,55,1.87,25.96,tool_wear,running
cnc,0.74,37.02,36.54,71.39,1.94,25.2,none,running
cnc,0.83,45.94,41.05,80.51,2.18,27,none,running
cnc,0.67,28.95,29.36,55.57,1.93,26.99,none,running
cnc,2.27,41.12,56.64,80.83,1.97,25.75,spindle_bearing_failure,warning
cnc,1.48,59.22,48.17,88.49,1.87,24.11,tool_wear,running
cnc,1.41,48.42,40.87,79.45,2.25,24.62,tool_wear,running
cnc,1.51,37.2,46.48,60.96,1.34,25.76,spindle_bearing_failure,running
cnc,4.32,64.96,42.07,79.01,2.28,26.83,tool_breakage,warning
cnc,3.56,54.69,67.48,89.38,0.74,25.77,lubrication_failure,fault
cnc,1.41,20.24,23.66,55,2.2,25.96,spindle_bearing_failure,running
cnc,1.87,66.11,54.21,105.73,2.04,26.45,tool_wear,warning
cnc,4.11,55.33,35.25,63.22,2.23,25.14,tool_breakage,warning
cnc,0.81,26.12,23.43,55,1.92,25.84,tool_wear,running
cnc,1.21,44.2,38.44,78.34,1.95,26.18,tool_wear,running
cnc,2.33,56.65,64.63,102.94,1.97,25.78,spindle_bearing_failure,warning
cnc,2.85,42.75,30.73,58.72,1.91,25.63,tool_breakage,warning
cnc,6.19,71.05,43.21,77.99,1.92,26.73,tool_breakage,fault
cnc,1.22,60.43,50.48,89.49,2.12,26.23,tool_wear,running
cnc,2.41,33.72,39.42,59.34,2.23,26.68,spindle_bearing_failure,warning
cnc,1.66,71.35,48.04,103.36,1.98,26.57,tool_wear,warning
cnc,3.53,66.54,64.72,110,0.93,26.2,lubrication_failure,warning
cnc,1.29,45.38,43.91,71.75,2.06,26.7,tool_wear,running
cnc,1.26,59.98,49.78,95,1.89,26.1,tool_wear,warning
cnc,3.45,49.32,56.4,88.8,1.19,27.67,lubrication_failure,warning
cnc,7.14,76.6,49.1,92.64,2.12,25.77,tool_breakage,fault
cnc,2.71,57.61,57,102.2,1.87,26.75,spindle_bearing_failure,warning
cnc,1.3,24.48,26.59,55,2.29,25.31,spindle_bearing_failure,running
cnc,1.7,43.19,63.78,91.33,1.23,24.54,lubrication_failure,warning
cnc,4.81,76.94,47.45,83.03,2.22,26.53,tool_breakage,fault
cnc,1.45,60.32,47.1,91.98,1.89,27.93,tool_wear,running
cnc,1.79,62.65,50.18,101.21,1.9,27.17,tool_wear,warning
cnc,5.8,87.14,52.61,108.25,2.22,27.52,tool_breakage,fault
cnc,1.39,44.04,44.37,69.36,0.64,25.44,lubrication_failure,fault
cnc,4.93,64.23,44.02,86.84,2.29,27.05,tool_breakage,fault
cnc,4.26,58.16,32.36,57.62,2.18,25.64,tool_breakage,warning
cnc,3.28,63.75,68.14,96.21,0.68,26.77,lubrication_failure,fault
cnc,1.14,54.89,46.31,87.62,2.14,26.34,tool_wear,running
cnc,1.05,55.62,39.45,80.41,1.92,26.29,tool_wear,running
cnc,2.2,37.99,38.88,65.98,0.61,27.01,lubrication_failure,fault
cnc,3.2,50.62,50.11,79.66,0.94,25.77,lubrication_failure,warning
cnc,2.4,49.55,27.26,55,2.07,28.38,tool_breakage,warning
cnc,1.26,44.33,40.87,79.46,1.91,27.31,tool_wear,running
cnc,1.8,24.97,30.85,55,2.16,25.08,spindle_bearing_failure,running
cnc,4.54,76.18,48.97,80.31,2.28,26.27,tool_breakage,fault
cnc,3.23,66,75.6,103.49,2.07,24.82,spindle_bearing_failure,fault
cnc,3.78,43.04,58.09,86.15,2.07,27.77,spindle_bearing_failure,warning
cnc,1.37,59.57,48.88,87.61,2,27.54,tool_wear,running
cnc,2.3,48.97,54.57,76.87,1.91,26.53,spindle_bearing_failure,warning
cnc,1.46,42.03,58.98,76.51,0.7,25.86,lubrication_failure,fault
cnc,3.7,40.18,49.92,81.21,1.98,25.83,spindle_bearing_failure,warning
cnc,1.84,28.84,30.98,55,0.8,24.63,lubrication_failure,warning
cnc,2.97,56.9,55.54,83.5,0.94,25.13,lubrication_failure,warning
cnc,3.47,52.8,32.59,60.38,2.01,26.97,tool_breakage,warning
cnc,2.63,46.53,61.33,80.24,0.95,24.95,lubrication_failure,warning
cnc,5.52,80.27,47.25,89.78,2.06,25.61,tool_breakage,fault
cnc,4.77,57.39,40.19,78.45,1.86,24.51,tool_breakage,fault
cnc,2.58,34.17,28.34,55,2.09,26.07,spindle_bearing_failure,warning
cnc,2.05,35.76,22.57,55,2.18,25.04,tool_breakage,warning
cnc,2.37,53.33,65.14,104.14,2.07,25.11,spindle_bearing_failure,warning
cnc,3.35,70.69,59.86,97.51,0.73,26.34,lubrication_failure,fault
cnc,3.16,47.92,57.61,85.02,2.18,27.05,spindle_bearing_failure,warning
cnc,3.11,51.08,64.52,96.89,2.09,27.08,spindle_bearing_failure,warning
cnc,4.71,85.77,47.59,97.79,2.06,25.87,tool_breakage,fault
cnc,0.89,23.32,31.57,55,1.28,26.63,lubrication_failure,running
cnc,1.86,43.89,54.97,86.71,1.97,24.48,spindle_bearing_failure,running
cnc,2.43,46.93,43.35,80.73,1.47,25.42,lubrication_failure,warning
cnc,3.28,46.32,46.48,83.68,1.07,26.73,lubrication_failure,warning
cnc,2.09,39.47,51.05,81.1,0.66,24.75,lubrication_failure,fault
cnc,2.43,39.11,45.4,73.82,1.14,25.92,tool_breakage,warning
cnc,2.29,49.47,26.64,57.7,2.22,27.01,tool_breakage,warning
cnc,1.42,48.27,41.91,80.48,2.18,25.22,lubrication_failure,running
cnc,4.08,84.07,51.88,101.17,2.21,26.64,tool_breakage,warning
cnc,1.57,61.03,57.98,100.54,2.03,25.73,tool_wear,warning
cnc,2.26,46.75,56.51,76.62,1.89,26.04,spindle_bearing_failure,warning
cnc,1.41,49.82,43.43,78.63,1.97,26.75,tool_wear,running
cnc,3.37,52.98,46.96,85.9,2.23,25.31,spindle_bearing_failure,warning
cnc,6.71,94.24,49.39,102.93,2.12,24.9,lubrication_failure,fault
cnc,1.72,47.92,64.52,93.75,1.18,26.4,lubrication_failure,warning
cnc,3.11,54.2,57.2,93.24,2.24,24.86,spindle_bearing_failure,warning
cnc,1.53,48.98,42.37,80.55,2,25.21,tool_wear,running
cnc,1.23,52.39,50.44,85.91,1.94,26.81,tool_wear,running
cnc,1.76,33.11,34.96,55,2.03,26.3,tool_wear,running
cnc,1.25,52.36,49.86,96.56,2.19,26.85,tool_wear,warning
cnc,3.78,57.16,57.2,99.07,1.82,25.67,spindle_bearing_failure,warning
cnc,1.64,57.38,54.78,97.81,1.99,25.38,tool_wear,warning
cnc,1.83,49.87,55.65,84.81,0.82,25.17,lubrication_failure,warning
cnc,2.23,54.8,60.19,93.88,0.91,25.89,lubrication_failure,warning
cnc,1.56,31.03,35.33,55,1.06,26.12,lubrication_failure,warning
cnc,4.3,73.85,50.95,94.42,2.07,25.42,tool_breakage,warning
cnc,3.92,45.64,48.76,88.22,2.02,26.33,spindle_bearing_failure,warning
cnc,1.11,47.91,36.96,71.37,2.15,27.59,tool_wear,running
cnc,3.32,39.34,56.82,84.93,1.91,25.09,spindle_bearing_failure,warning
cnc,0.96,37.64,32.82,61.92,2.16,27.02,tool_wear,running
cnc,2.14,44.41,51.01,81.54,2.21,26.81,spindle_bearing_failure,warning
cnc,1.75,43.17,49.94,77.69,2.2,25.57,spindle_bearing_failure,running
cnc,2.32,37.14,47.17,60.53,0.79,26.53,lubrication_failure,fault
cnc,1.6,36.47,29.94,55,0.82,27.27,lubrication_failure,warning
cnc,0.82,47.98,45.41,91.08,2.38,26.44,none,running
cnc,1.56,51.21,46.13,82.04,1.75,26.43,tool_wear,running
cnc,0.99,33.76,28.88,55,2.18,25.5,tool_wear,running