machine_type,vibration_mm_s,motor_current_A,gearbox_temperature_C,belt_speed_mps,load_kg,belt_alignment_mm,active_failure,status
conveyor,2.84,21.63,88.51,0.32,570.96,7.88,belt_misalignment,fault
conveyor,1.82,13.71,57.72,0.94,442.43,4.61,overload,fault
conveyor,0.78,16.19,51.31,0.89,277.8,5.62,overload,fault
conveyor,1.55,8.76,50.93,1.5,238.23,15.2,belt_misalignment,fault
conveyor,1.02,10.8,55.2,1.29,183.28,5.6,belt_misalignment,warning
conveyor,2.07,10.66,56.61,1.57,214.8,14.06,belt_misalignment,fault
conveyor,0.79,11.17,44.32,1.33,199.31,7.29,belt_misalignment,warning
conveyor,3.37,11.14,48.16,1.35,272.29,12.07,belt_misalignment,fault
conveyor,1.24,7.25,57.87,1.31,237.23,10,belt_misalignment,warning
conveyor,1.27,6.23,62.62,1.2,197.69,9.82,belt_misalignment,warning
conveyor,2.7,9.69,44.37,1.59,258.85,9.38,belt_misalignment,warning
conveyor,1.55,14.32,67.12,1.35,299.31,5.62,overload,fault
conveyor,2.6,17.78,66.76,0.84,554.16,3.29,overload,fault
conveyor,2.14,7.2,59.58,1.42,246.02,9.83,belt_misalignment,warning
conveyor,1.87,10.68,42.48,1.52,136.07,11.68,belt_misalignment,fault
conveyor,2.32,8.7,58.28,1.21,133.61,13.44,belt_misalignment,fault
conveyor,0.59,10.11,51.17,1.4,248.76,7.03,belt_misalignment,warning
conveyor,2.23,12.27,66.65,1.2,430.92,4.71,overload,fault
conveyor,2.45,7.55,72.19,1.42,400.75,5.46,overload,fault
conveyor,1.93,8.9,61.63,1.47,436.97,3.16,overload,fault
conveyor,2.12,13.79,60.51,1.33,422.76,2.95,overload,fault
conveyor,1.99,13.27,60.98,0.98,363.96,6.37,overload,warning
conveyor,2.25,6.03,50.86,1.33,242.71,5.71,roller_bearing_failure,warning
conveyor,3.03,8.67,41.24,1.32,171.56,3.95,roller_bearing_failure,warning
conveyor,2.48,9.68,40.32,1.31,144.07,5,roller_bearing_failure,warning
conveyor,0.64,7.37,36.3,1.7,165.87,1.15,none,running
conveyor,0.98,6.85,43.94,1.62,235.42,1.63,none,running
conveyor,3.14,5.94,46.59,1.45,193.54,4.52,roller_bearing_failure,warning
conveyor,0.94,9.15,45.69,1.16,204.32,12.83,belt_misalignment,fault
conveyor,0.67,6.23,49.71,1.51,166.14,3.14,none,running
conveyor,2.54,12.05,63.07,1.03,391.15,2.44,overload,fault
conveyor,0.75,5.29,43.74,1.53,186.66,2.63,none,running
conveyor,2.04,7.7,52.44,1.63,170.68,6.51,belt_misalignment,warning
conveyor,2.35,8.18,57.99,1.21,295.19,5.53,roller_bearing_failure,warning
conveyor,1.55,7.55,45.27,1.11,175.25,11.3,belt_misalignment,fault
conveyor,2.43,12.07,55.61,0.91,392.08,5.53,overload,fault
conveyor,1.74,8.68,46.93,1.39,240.38,9.99,belt_misalignment,warning
conveyor,1.44,5.73,45.02,1.34,146.5,2.88,none,running
conveyor,4.13,7.07,48.23,1.21,236.77,2.24,roller_bearing_failure,fault
conveyor,0.96,6.48,48.26,1.53,178.64,2.9,none,running
conveyor,2.97,6.24,39.75,1.59,233.69,6.51,roller_bearing_failure,warning
conveyor,0.98,5.33,41.37,1.37,224.8,3.23,none,running
conveyor,0.97,15.89,50.08,1.12,260.94,4.13,overload,fault
conveyor,1.01,6.94,51.58,1.15,239.46,8.2,belt_misalignment,warning
conveyor,3.7,16.53,59.08,1.15,490.63,4.98,overload,fault
conveyor,2.63,17.06,47.33,1.06,449.18,5.07,overload,fault
conveyor,2.2,7.76,47.3,1.62,256.87,4.81,roller_bearing_failure,warning
conveyor,1.16,7.34,40.53,1.67,284.85,3.37,none,warning
conveyor,0.95,9.93,45.55,1.43,206.84,13.37,belt_misalignment,fault
conveyor,2.81,6.13,59.08,1.21,259.04,5.11,roller_bearing_failure,warning
conveyor,1.81,8.66,55.07,1.41,145.79,11.89,belt_misalignment,fault
conveyor,3.46,6.77,55.41,1.55,201.3,8.89,belt_misalignment,warning
conveyor,2.98,7.69,62.84,1.23,193.92,9.98,belt_misalignment,warning
conveyor,1.25,8.42,59.24,1.57,209.58,1.51,roller_bearing_failure,running
conveyor,1.21,7.75,50.13,1.14,216.69,11.66,belt_misalignment,fault
conveyor,2.64,9.86,51.24,1.05,238.78,7.6,belt_misalignment,warning
conveyor,1.5,8.84,65.16,1.18,291.73,13.01,belt_misalignment,fault
conveyor,2.63,10.85,65.83,1.47,262.21,14.27,belt_misalignment,fault
conveyor,2.63,6.33,53.84,1.2,314.27,13.2,belt_misalignment,fault
conveyor,1.28,6.08,40.29,1.57,242.99,1.94,none,running
conveyor,3.49,7.33,43.53,1.53,295.1,6.76,belt_misalignment,warning
conveyor,1.89,9.16,61.58,1.54,238.47,11.87,belt_misalignment,fault
conveyor,3.15,5.37,57.09,1.56,139.32,3.7,roller_bearing_failure,warning
conveyor,3.96,7.89,44.21,1.37,145.67,3.29,roller_bearing_failure,warning
conveyor,1.91,6.79,46.29,1.51,260.86,2.63,roller_bearing_failure,running
conveyor,1.46,7.89,46.25,1.71,273.99,0.9,roller_bearing_failure,running
conveyor,2.77,12.16,65.8,0.8,385.07,2.59,overload,fault
conveyor,3.82,7.63,54.52,1.44,234.77,3.66,roller_bearing_failure,warning
conveyor,2.49,14.1,49.64,1.16,307.17,7.64,overload,fault
conveyor,3,10.06,66,1.51,301.7,9.18,belt_misalignment,warning
conveyor,1.66,5.03,47.49,1.54,185.97,3.27,none,running
conveyor,4.11,6.31,54.43,1.59,195.25,4.81,roller_bearing_failure,fault
conveyor,3.91,9.18,42.38,1.52,220.64,3.99,roller_bearing_failure,warning
conveyor,1.74,10.64,48.78,1.25,173.1,14.29,belt_misalignment,fault
conveyor,3.65,5.73,44.64,1.61,228.97,2.96,roller_bearing_failure,warning
conveyor,1.25,7.17,49.57,1.55,178.1,0.79,none,running
conveyor,2.66,6.12,49.83,1.49,199.28,6.05,jam,warning
conveyor,2.85,8.77,48.82,1.31,185.65,4.33,roller_bearing_failure,warning
conveyor,0.69,8.06,42.09,1.38,228.45,3.1,none,running
conveyor,2.64,19.27,62.59,0.92,460.09,4.18,overload,fault
conveyor,2.12,10.48,46.06,1.18,228.76,6.6,belt_misalignment,warning
conveyor,0.69,6.81,38.83,1.37,204.83,3.92,none,running
conveyor,4.03,8.2,57.86,1.29,155.65,5.1,roller_bearing_failure,fault
conveyor,3.63,6.38,60.37,1.3,215.62,11.53,belt_misalignment,fault
conveyor,4.6,8.78,52.21,1.39,287.57,2.07,roller_bearing_failure,fault
conveyor,3.52,6.72,50.35,1.32,214.24,13.4,belt_misalignment,fault
conveyor,4.52,8.21,48.91,1.62,220.03,1.54,roller_bearing_failure,fault
conveyor,3.02,7.22,55.97,1.68,266.46,4.52,roller_bearing_failure,warning
conveyor,0.6,5.64,43.67,1.64,174.17,0.44,none,running
conveyor,0.86,5.83,38.94,1.45,205.57,3.8,none,running
conveyor,2.99,12.77,60.45,0.8,330,2.65,overload,warning
conveyor,1,8.02,38.44,1.48,209.26,1.81,none,running
conveyor,1.61,8.24,52.73,1.59,258.61,6.15,roller_bearing_failure,warning
conveyor,2.45,5.65,45.67,1.27,151.11,5.9,roller_bearing_failure,warning
conveyor,0.79,7.13,42.37,1.41,302.63,2.1,none,warning
conveyor,1.49,8.92,52.37,1.4,207.6,6.08,roller_bearing_failure,warning
conveyor,2.98,6.42,63.86,1.41,276.65,9.49,belt_misalignment,warning
conveyor,1.2,5.69,41.59,1.57,184.07,1.68,none,running
conveyor,2.02,12.07,55.3,1.32,443.25,4.57,overload,fault
conveyor,1.63,5.87,42.67,1.33,153.63,4.95,none,running
conveyor,3.01,10.04,53.89,1.48,197.58,11.8,belt_misalignment,fault
conveyor,1.58,6.13,43.48,1.3,153.49,13.33,belt_misalignment,fault
conveyor,2.6,6.5,51.35,1.49,315.84,2.95,roller_bearing_failure,warning
conveyor,1.41,9.24,48.03,1.42,252.7,4.1,roller_bearing_failure,running
conveyor,0.98,13.12,63.47,1.35,464.91,5.14,overload,fault
conveyor,0.97,6.05,42.4,1.49,185.17,1.74,none,running
conveyor,4.19,6.22,55.1,1.23,176.77,3.1,roller_bearing_failure,fault
conveyor,0.49,5.32,45.52,1.51,170,3.28,none,running
conveyor,2.17,10.28,52.99,1.43,258.32,14.49,belt_misalignment,fault
conveyor,2.68,6.06,58.97,1.35,173.44,5.06,belt_misalignment,warning
conveyor,0.74,7.08,59.96,1.21,173.15,7.13,belt_misalignment,warning
conveyor,2.82,8.73,47.3,1.37,203.34,2.78,roller_bearing_failure,warning
conveyor,1.03,7.29,43.05,1.35,181.86,2.43,none,running
conveyor,1.26,6.97,42.29,1.43,111.55,3.87,none,running
conveyor,2.89,9.2,41.52,1.51,259.85,9.28,belt_misalignment,warning
conveyor,0.56,6.57,38.56,1.47,207.98,0.08,none,running
conveyor,1.69,7.32,39.26,1.3,330.95,1.58,roller_bearing_failure,warning
conveyor,1.35,6.24,40.6,1.5,169.27,1.17,none,running
conveyor,0.77,9.13,56.43,1.36,231.93,7.68,belt_misalignment,warning
conveyor,2.98,7.64,44.18,1.47,276.21,3.23,roller_bearing_failure,warning
conveyor,1.98,6.35,56.2,1.21,159.66,5.24,roller_bearing_failure,running
conveyor,3.56,13.45,73.36,1.2,390.85,5.96,overload,fault
conveyor,0.89,7.64,36.8,1.69,237.15,1.31,none,running
conveyor,5.73,5.86,41.63,1.48,255.95,4.8,roller_bearing_failure,fault
conveyor,1.02,4.94,37.38,1.47,134.3,3.4,none,running
conveyor,1.36,5.37,47.37,1.54,145.15,1.87,none,running
conveyor,1.22,7.45,46.88,1.12,199.34,10.88,belt_misalignment,fault
conveyor,2.57,16.87,58.24,0.98,437.49,6.86,overload,fault
conveyor,1.27,7.6,47.5,1.46,187.78,3.51,none,running
conveyor,1.38,8.24,56,1.12,253.72,11.39,belt_misalignment,fault
conveyor,1.21,7.3,36.81,1.4,244.48,4.56,roller_bearing_failure,running
conveyor,4.17,6.91,56.72,1.62,128.49,5.8,roller_bearing_failure,fault
conveyor,0.87,7.93,40.2,1.52,161.41,2.99,none,running
conveyor,1.83,9.9,46.07,0.87,268.06,5.17,overload,running
conveyor,3.34,14.42,53.07,0.91,272.94,4.16,overload,fault
conveyor,0.78,5.51,41.16,1.65,188.29,2.59,none,running
conveyor,1.43,7.36,41.34,1.32,165.43,3.76,none,running
conveyor,1.94,9.75,40.71,1.25,137.68,10.91,belt_misalignment,fault
conveyor,2.74,9.7,44.83,1.24,165.5,6.91,belt_misalignment,warning
conveyor,1.14,6.48,37.26,1.57,166.12,0.82,none,running
conveyor,0.97,6.77,46.7,1.53,205.82,2.28,none,running
conveyor,4.67,7.23,48.38,1.27,123.94,4.61,roller_bearing_failure,fault
conveyor,1.37,4.89,41.4,1.37,140.21,2.67,none,running
conveyor,1.3,15.65,64.85,1.21,355.31,3.63,overload,fault
conveyor,1.61,10.62,56.55,1.13,327.56,3.55,overload,warning
conveyor,2.04,8.94,48.86,1.29,414.29,3.13,overload,fault
conveyor,1.09,6.8,41.13,1.39,192.96,4.1,none,running
conveyor,2.07,6.37,60.27,1.47,226.2,4.89,roller_bearing_failure,warning
conveyor,1.45,7.05,57.93,1.46,198.45,5.54,roller_bearing_failure,running
conveyor,0.57,6.76,45.81,1.52,246.87,3.05,none,running
conveyor,1.12,7.07,55.92,1.24,339.88,9.92,belt_misalignment,warning
conveyor,0.97,6.99,38.04,1.59,279.12,2.27,none,running
conveyor,4.34,7.61,49.21,1.41,185.6,5.06,roller_bearing_failure,fault
conveyor,0.86,5.56,45.71,1.42,169.95,1.3,none,running
conveyor,1.84,8.5,55.8,1.33,206.89,7.63,belt_misalignment,warning
conveyor,2.29,6.03,55.24,1.6,272.78,4.5,roller_bearing_failure,warning
conveyor,1.73,7.32,41.15,1.4,293.05,6.74,belt_misalignment,warning
conveyor,2.93,10.46,62.69,1.33,186.53,11.63,belt_misalignment,fault
conveyor,2.4,16.91,69.72,1.32,417.24,5.18,overload,fault
conveyor,0.85,6.49,42.32,1.64,178.32,2.87,none,running
conveyor,3.3,7.22,38.97,1.3,146.12,5.74,roller_bearing_failure,warning
conveyor,2.26,8.82,56.84,1.36,213.57,2.32,roller_bearing_failure,warning
conveyor,3.51,9.43,62.56,1.34,280.82,2.82,overload,warning
conveyor,3.44,15.95,72.08,1.27,373.26,7.16,overload,fault
conveyor,1.26,5.58,43.84,1.67,140.54,0.5,none,running
conveyor,1.11,6.44,39.43,1.57,199.93,3.82,none,running
conveyor,3.75,6.29,56.18,1.4,187.85,3.63,roller_bearing_failure,warning
conveyor,2.36,19.16,60.77,1.22,543.75,3.2,overload,fault
conveyor,1.98,6.4,46,1.57,224.82,3.24,roller_bearing_failure,running
conveyor,3.43,5.87,51.97,1.46,261.97,2.32,roller_bearing_failure,warning
conveyor,2.37,8.97,55.22,1.24,195.14,10.39,belt_misalignment,fault
conveyor,0.67,7.27,47.45,1.47,224.51,1.53,none,running
conveyor,1.73,8.47,46.2,1.04,186.8,9.18,belt_misalignment,warning
conveyor,2.32,9.05,44.89,1.3,153.2,4.28,roller_bearing_failure,warning
conveyor,0.85,5.36,44.34,1.45,181.99,1.43,none,running
conveyor,1.56,9.19,49.35,1.36,196.16,14,belt_misalignment,fault
conveyor,3.66,7.31,46.88,1.36,147.88,6.07,roller_bearing_failure,warning
conveyor,1.25,7.09,56.11,1.62,217.97,8.74,belt_misalignment,warning
conveyor,0.73,7.16,43.79,1.73,152.02,3.79,none,running
conveyor,2.57,8.09,51.28,1.4,264.82,6.82,belt_misalignment,warning
conveyor,2.79,12.12,52.11,0.88,299.02,5.61,overload,warning
conveyor,1.11,7.15,42.78,1.43,185.76,3.51,none,running
conveyor,2.75,11.79,67.3,1.25,335.8,4.65,overload,warning
conveyor,1.07,7,41.75,1.49,280.77,1.87,none,warning
conveyor,2.5,8.76,51.08,1.35,317.72,12.98,belt_misalignment,fault
conveyor,2.56,7.15,44.92,1.28,284.58,10.85,belt_misalignment,fault
conveyor,0.75,6.67,38.27,1.63,155.85,0.78,none,running
conveyor,1.02,6.93,54.11,1.48,248.9,6.3,roller_bearing_failure,warning
conveyor,1.65,11.12,60.71,1.43,301.06,7.62,belt_misalignment,warning
conveyor,2.67,19.68,76.45,1.1,382.66,4.39,overload,fault
conveyor,1.66,10.52,51.75,1.29,220.21,12.06,belt_misalignment,fault
conveyor,1.11,7.87,49.05,1.48,169.12,3.15,none,running
conveyor,1.82,9,47.18,1.08,187.97,5.28,belt_slip,running
conveyor,0.65,6.81,42.74,1.36,246.85,2.16,none,running
conveyor,3.69,7.25,43,1.32,222.04,4.04,roller_bearing_failure,warning
conveyor,2.72,7.56,57.47,1.46,245.24,4.52,roller_bearing_failure,warning
conveyor,3.94,8.32,46,1.51,204.91,9.23,belt_misalignment,warning
conveyor,0.94,7.42,45.97,1.62,127.19,3.91,none,running
conveyor,2.82,8.62,72.5,1.44,231.94,2.55,gearbox_overheating,warning
conveyor,1.06,9.73,56.54,1.42,219.7,14.1,belt_misalignment,fault
conveyor,2.6,7.86,49.8,1.49,191.99,14.06,belt_misalignment,fault
conveyor,2.43,10.83,62.85,1.59,169.19,3.76,gearbox_overheating,warning
conveyor,2.56,7.29,99.93,1.46,372.58,1.7,gearbox_overheating,fault
conveyor,2.43,7.8,56.33,0.9,260.91,3.98,overload,warning
conveyor,3.01,13.81,62.97,0.9,332.62,4.03,overload,warning
conveyor,3.14,19.01,58.18,1.19,448.27,4.37,overload,fault
conveyor,0.8,6.73,37.75,1.56,246.83,3.84,none,running
conveyor,1.4,12.89,64.94,1.07,309.52,3.46,overload,warning
conveyor,2.1,14.23,50.31,1.37,406.95,3.83,overload,fault
conveyor,2.08,9.93,90.51,1.41,199.5,4.36,gearbox_overheating,fault
conveyor,3.57,8.31,39.77,1.37,184.43,1.74,roller_bearing_failure,warning
conveyor,0.96,6.04,43.61,1.34,202.77,1.52,none,running
conveyor,1.29,10.48,50.54,1.25,278.06,8.96,belt_misalignment,warning
conveyor,2,12.19,65.16,1.23,379.04,2.07,overload,warning
conveyor,0.84,8.07,40.62,1.39,236.63,1.95,none,running
conveyor,2.86,15.44,67.2,1.18,441.65,4.78,overload,fault
conveyor,3.4,13.8,70.19,1.45,364.53,4.05,gearbox_overheating,warning
conveyor,1.85,16.24,73.17,1.06,404.83,1.95,overload,fault
conveyor,1.59,18.16,63.35,1.09,523.28,6.35,overload,fault
conveyor,1.59,13.13,44.13,0.96,124.18,6.2,belt_slip,warning
conveyor,1.83,13.44,88.6,1.22,338.6,4.22,gearbox_overheating,fault
conveyor,1.57,11.1,48.06,0.87,206.9,6.48,belt_slip,warning
conveyor,1.6,14.78,50.81,0.95,448.24,2.52,overload,fault
conveyor,4.14,7.36,58.11,1.47,148.84,3.17,roller_bearing_failure,fault
conveyor,2.01,9.85,45.7,0.94,253.74,3.05,belt_slip,warning
conveyor,0.85,5.88,49.68,1.45,159.36,2.98,none,running
conveyor,1.46,10.59,61.88,1.08,287.55,10.69,belt_misalignment,fault
conveyor,2.8,11.48,60.61,1.14,192.9,7.76,belt_slip,warning
conveyor,2.3,6.42,42.33,1.7,315.47,3.88,roller_bearing_failure,warning
conveyor,0.64,7.23,52.64,1.24,234.94,8.94,belt_misalignment,warning
conveyor,0.76,5.24,43.9,1.32,245.38,1.89,none,running
conveyor,3.08,12.76,41.61,0.86,249.68,7.17,belt_slip,warning
conveyor,1.09,5.76,40.56,1.65,136.01,2.37,none,running
conveyor,1.6,13.68,72.73,0.95,353.75,5.69,overload,warning
conveyor,1.59,6.33,56.8,1.38,274.15,5.45,roller_bearing_failure,running
conveyor,2.91,11.88,60.69,1.09,173.62,2.61,belt_slip,warning
conveyor,0.91,7.44,40.24,1.37,126.38,2.01,none,running
conveyor,2.19,7.45,43,1.68,213.2,6.17,roller_bearing_failure,warning
conveyor,1.28,6.61,40.88,1.7,115.82,4.48,none,running
conveyor,1.55,10.55,69.68,1.13,410.33,7.03,overload,fault
conveyor,1.39,9.07,89.09,1.21,290.65,5.7,gearbox_overheating,fault
conveyor,4.22,5.75,40.67,1.45,253.96,4.05,gearbox_overheating,fault
conveyor,3.71,7.02,84.07,1.57,348.38,4.04,gearbox_overheating,fault
conveyor,1.62,11.59,66.25,1.45,194.3,5.74,gearbox_overheating,warning
conveyor,2.51,9.4,57.98,0.85,167.79,3.73,belt_slip,warning
conveyor,2.91,8.02,43.22,1.27,314.78,6.84,belt_misalignment,warning
conveyor,2.1,9.2,51.21,1.28,222.57,9.07,belt_misalignment,warning
conveyor,2.14,13,56.03,1.08,121.93,7.16,belt_slip,warning
conveyor,1.27,11.18,79.22,1.28,188.26,6.27,gearbox_overheating,warning
conveyor,1.91,13.81,56.82,1.05,218.03,7.4,overload,warning
conveyor,0.68,5.88,47.49,1.44,166.85,1.69,none,running
conveyor,2.01,8.81,61.91,0.9,191.3,4.57,belt_slip,warning
conveyor,1.7,11.22,55.81,1.18,265.35,4.67,overload,warning
conveyor,2.46,17.6,71.01,0.89,484.63,5.8,overload,fault
conveyor,1.15,7.16,49.26,1.47,217.72,3.48,none,running
conveyor,1.54,8.72,105.56,1.55,193.47,3.79,gearbox_overheating,fault
conveyor,2.59,14.61,59.02,0.85,354.38,4.62,overload,fault
conveyor,2.89,10.8,57.12,1.59,186.35,8.08,belt_misalignment,warning
conveyor,2.11,13.58,66.88,1.26,355.54,5.87,overload,warning
conveyor,0.57,11.74,57.23,0.63,130.31,7.14,belt_slip,warning
conveyor,2.17,12.11,99.02,1.52,252.07,4.05,gearbox_overheating,fault
conveyor,1.06,12.72,50.8,1.1,562.8,6.4,overload,fault
conveyor,1.17,13.06,53.69,1.15,222.66,4.94,belt_slip,warning
conveyor,2.69,8.15,57.06,1.46,193.13,5.69,belt_misalignment,warning
conveyor,1.37,6.32,41.62,1.32,173.55,1.1,none,running
conveyor,3.69,7.11,42.92,1.6,231.9,4.43,roller_bearing_failure,warning
conveyor,1.37,14.65,81.65,1.52,208.85,3.59,gearbox_overheating,fault
conveyor,4.35,8.68,47.89,1.57,232.87,2.62,roller_bearing_failure,fault
conveyor,3.85,8.48,59.97,1.47,187.45,1.83,roller_bearing_failure,warning
conveyor,1.62,10.11,58.95,0.49,227.64,6.88,belt_slip,warning
conveyor,1.88,7.11,41.86,1.3,260.19,3.51,roller_bearing_failure,running
conveyor,1.78,8.5,54.18,0.66,118.62,2.46,belt_slip,running
conveyor,0.85,7.94,47.99,1.43,220.04,0.85,none,running
conveyor,2.33,7.51,56.21,1.53,234.1,6.49,belt_misalignment,warning
conveyor,1.05,12.79,89.55,1.63,140.2,6.41,gearbox_overheating,fault
conveyor,3.98,7.77,47.96,1.29,237.11,4.78,jam,warning
conveyor,2.41,8.62,58.85,1.2,286.74,4.9,roller_bearing_failure,warning
conveyor,4.68,5.91,45.85,1.65,230.99,5.65,gearbox_overheating,fault
conveyor,3.26,9.71,57.61,1.3,294.78,4.98,belt_misalignment,warning
conveyor,2.25,6.59,56.39,1.45,215.7,12.36,belt_misalignment,fault
conveyor,2.71,11.5,59.58,0.9,199.33,7.03,belt_slip,warning
conveyor,1.5,11.43,47.7,0.69,196.06,4.99,belt_slip,warning
conveyor,2.63,16.55,64.7,0.89,400.62,4.94,overload,fault
conveyor,3.26,13.01,109.36,1.21,335.88,6.61,gearbox_overheating,fault
conveyor,1.75,13.32,95.27,1.64,271.76,5.94,gearbox_overheating,fault
conveyor,0.99,6.79,37.45,1.34,140.51,1.96,none,running
conveyor,2.42,17.81,58.73,0.92,450.81,1.65,overload,fault
conveyor,0.66,8.15,55.65,0.81,312.58,5.41,overload,warning
conveyor,2.43,9.97,46.62,0.85,313.07,3.94,belt_slip,warning
conveyor,2.98,11.97,56.52,0.91,144.32,3.33,belt_slip,warning
conveyor,2.72,8.9,53.18,1.49,225.05,2.2,roller_bearing_failure,warning
conveyor,2.51,11.85,107.13,1.5,323.48,5.13,gearbox_overheating,fault
conveyor,2.53,7.57,99.56,1.34,298.79,2.38,gearbox_overheating,fault
conveyor,2.57,11.2,91.58,1.55,216.08,5.74,gearbox_overheating,fault
conveyor,0.52,13.6,67.35,0.48,291.79,5.82,belt_slip,warning
conveyor,3.62,8.45,47.7,1.43,172.59,4.2,roller_bearing_failure,warning
conveyor,1.13,7.01,59.19,1.02,210.32,5.51,belt_slip,running
conveyor,2.29,10.51,55.38,1.41,256.11,8.84,belt_misalignment,warning
conveyor,2.07,17.3,62.54,1.02,366.49,6.98,overload,fault
conveyor,1.1,6.56,45.39,1.52,118.87,0.82,none,running
conveyor,2.87,6.09,54.42,0.92,197.89,7.29,belt_slip,warning
conveyor,2.92,5.51,43.36,1.51,223.28,6.25,roller_bearing_failure,warning
conveyor,1.69,17.93,62.73,1.41,448.84,3.61,overload,fault
conveyor,2.19,9.35,95.34,1.66,177,7.01,gearbox_overheating,fault
conveyor,0.97,7.56,37.59,1.72,181.8,0.86,none,running
conveyor,3.28,14.52,52.11,0.99,341.05,7.39,overload,fault
conveyor,1.4,8.01,63.21,0.87,169.37,3.91,belt_slip,running
conveyor,2.39,12.26,49.46,0.79,426.74,2.89,overload,fault
conveyor,2.8,12.86,59.95,0.91,288.77,3.11,overload,warning
conveyor,2.15,12.97,46.16,1.06,125.98,5.32,belt_slip,warning
conveyor,0.82,5.98,46.67,1.42,189.74,3.11,none,running
conveyor,1.53,11.05,57.54,0.64,196.39,4.43,belt_slip,warning
conveyor,2.43,8.77,50.16,1.56,183.52,11.02,belt_misalignment,fault
conveyor,1.25,8.11,54.86,0.55,190.18,6.9,belt_slip,warning
conveyor,2.95,10.59,62.92,0.7,212.24,6.61,belt_slip,warning
conveyor,1.61,9.98,62.48,1.16,223.63,14.07,belt_misalignment,fault
conveyor,3.47,8.38,42.82,1.24,303.58,3.75,roller_bearing_failure,warning
conveyor,2.26,10.29,54.55,1.37,200.17,9.65,belt_misalignment,warning
conveyor,0.85,5.86,44.51,1.41,204.86,1.92,none,running
conveyor,2.22,15.26,57.72,1.17,346.78,4.46,overload,fault
conveyor,3.06,9.98,64.52,1.38,179.19,7.98,belt_misalignment,warning
conveyor,2.58,11.04,49.99,1.03,172.48,5.15,belt_slip,warning
conveyor,1.63,6.1,44.6,1.45,296.14,2.82,roller_bearing_failure,warning
conveyor,2.19,9.77,104.37,1.43,235.18,5.69,gearbox_overheating,fault
conveyor,2.05,9.5,54.58,0.52,132.24,4.17,belt_slip,warning
conveyor,0.86,12.09,76.85,1.08,302.35,3.27,overload,warning
conveyor,2.53,10.88,48.56,1.45,137.19,10.62,belt_misalignment,fault
conveyor,0.68,6.96,44.92,1.47,141.7,3.74,none,running
conveyor,0.82,5.12,43.37,1.34,227.76,4.49,none,running
conveyor,1.95,8.18,62.09,1.51,256.66,6.7,belt_misalignment,warning
conveyor,2.62,9.21,52.08,1.52,281.26,6.87,belt_misalignment,warning
conveyor,2.1,10.44,62.02,1.2,358.87,3.23,overload,warning
conveyor,1.68,8.9,58.94,1.48,159.64,7.46,belt_misalignment,warning
conveyor,1.57,11.06,64.82,1.31,338.84,5.09,overload,warning
conveyor,1.09,12.68,41.69,0.99,285.23,3.42,belt_slip,warning
conveyor,1.79,10.26,67.8,0.56,266.65,2.15,belt_slip,warning
conveyor,1.8,7.44,55.29,0.86,212.14,3.96,belt_slip,running
conveyor,1.45,7.54,47.92,0.62,135.04,6.1,belt_slip,warning
conveyor,1.29,6.72,53.22,1.2,226.2,2.1,roller_bearing_failure,running
conveyor,2.48,8.96,66.47,0.47,148.56,5.73,belt_slip,warning
conveyor,2.46,8.44,44.62,1.5,221.75,13.32,belt_misalignment,fault
conveyor,0.76,5.94,46.34,1.53,139.24,2.51,none,running
conveyor,1.59,7.64,41.91,0.58,113.52,6.6,belt_slip,warning
conveyor,2.54,10.19,66.35,0.43,280.97,2.67,belt_slip,warning
conveyor,1.48,18.67,73.82,0.96,387.96,3.77,overload,fault
conveyor,2.66,7.6,50.99,1.13,214.57,12.39,belt_misalignment,fault
conveyor,0.85,6.73,41.11,1.45,162.12,1.66,none,running
conveyor,1.17,7.74,65.29,1.06,125.96,5.41,belt_slip,warning
conveyor,1.71,10.05,55.87,1.19,119.75,15.02,belt_misalignment,fault
conveyor,2.75,9.6,68.68,0.88,293.47,6.26,overload,warning
conveyor,4.43,7.93,50.89,1.62,247,4.08,roller_bearing_failure,fault
conveyor,1.71,7.31,54.56,0.94,203.36,4.4,belt_slip,running
conveyor,2.43,10.14,47.08,1.56,261.17,7.26,belt_slip,warning
conveyor,4.46,6.69,48.42,1.53,181.46,3.33,roller_bearing_failure,fault
conveyor,2.2,10.79,44.22,0.66,281.71,3.92,belt_slip,warning
conveyor,2.52,7.25,42.3,1.39,238.83,3.14,roller_bearing_failure,warning
conveyor,2.9,7.19,50.8,1.06,290.48,9.02,belt_misalignment,warning
conveyor,0.92,6.19,46.44,1.49,197.85,2.76,none,running
conveyor,3.19,6.97,63.92,1.35,251.05,8.03,belt_misalignment,warning
conveyor,1.45,16.56,60.94,1.34,405.97,4.49,overload,fault
conveyor,2.87,10.68,54.06,0.83,128.46,6.83,belt_slip,warning
conveyor,4.71,6.14,60.09,1.25,183.84,3.38,roller_bearing_failure,fault
conveyor,2.38,11.46,69.11,0.78,303.07,4.36,overload,warning
conveyor,2.43,8.24,57.53,0.93,181.38,3.91,belt_slip,warning
conveyor,2.15,7.47,58.51,0.95,170.58,3,belt_slip,warning
conveyor,0.91,12.39,71.99,1.49,250.43,4.06,gearbox_overheating,warning
conveyor,2.21,12.69,64.61,1.43,239.23,3.53,gearbox_overheating,warning
conveyor,1.61,13.53,47.12,1.1,420.66,5.15,overload,fault
conveyor,0.94,7.35,38.2,1.52,164.55,1.57,none,running
conveyor,2.23,9.9,44.59,0.63,178.48,4.72,belt_slip,warning
conveyor,2.82,12.87,44.75,0.99,190.42,5.8,belt_slip,warning
conveyor,2.03,14.34,65.39,1.28,326.02,5.57,overload,fault
conveyor,2.14,12.47,44.13,0.67,201.39,5.11,belt_slip,warning
conveyor,1.36,7.48,45.33,1.38,199.27,11.95,belt_misalignment,fault
conveyor,5.24,7.46,47.31,1.21,143.07,2.88,roller_bearing_failure,fault
conveyor,2.98,10.78,53.4,1.53,237.09,10.91,belt_misalignment,fault
conveyor,1.93,11.87,57.23,1.12,197.6,3.62,belt_slip,warning
conveyor,2.64,7.48,50.34,1.48,158.26,7.77,belt_misalignment,warning
conveyor,2.91,8.43,49.75,0.89,161.6,3.98,belt_slip,warning
conveyor,1.92,7.53,47.42,1.34,176.95,7.56,belt_misalignment,warning
conveyor,1.02,6.32,44.77,1.35,216.63,3.51,none,running
conveyor,1.63,11.63,57.23,0.78,357.12,3.98,overload,warning
conveyor,1.07,8.39,53.32,0.83,166.45,2.18,belt_slip,running
conveyor,2.48,7.46,55.98,1.6,235.49,4.89,roller_bearing_failure,warning
conveyor,3.91,6.9,53.32,1.31,148.61,3.32,roller_bearing_failure,warning
conveyor,0.98,6.02,49.05,1.51,123.46,1.15,none,running
conveyor,2.02,12.13,65.49,1.39,164.29,3.81,gearbox_overheating,warning
conveyor,2.58,11.44,46.99,0.88,151.96,6.96,belt_slip,warning
conveyor,0.92,5.24,39.2,1.36,216.71,3.23,none,running
conveyor,1.3,12.58,51.28,0.61,207.48,5.27,belt_slip,warning
conveyor,2.69,8.91,60.09,1.06,132.66,13.66,none,fault
conveyor,1.46,10.57,50.17,1.48,207.3,14.12,belt_misalignment,fault
conveyor,1.06,12.14,56.72,0.73,266.52,5.13,belt_slip,warning
conveyor,0.93,11.92,58.8,0.98,301.91,7.07,overload,warning
conveyor,0.32,14.31,54.83,0.63,211.8,8.41,belt_slip,fault
conveyor,1.38,13.05,49.31,1.09,472.34,6.18,overload,fault
conveyor,0.49,6.83,42.72,1.73,156.56,3.51,none,running
conveyor,2.51,13.84,60.09,1.1,589.04,2.37,overload,fault
conveyor,1.74,12.99,48.56,0.75,222.6,4.92,belt_slip,warning
conveyor,0.95,7.84,49.53,1.59,149.14,1.13,none,running
conveyor,3.27,14.92,53.44,0.77,435.28,4.18,overload,fault
conveyor,1.79,13.22,42.5,0.83,200.56,4.81,belt_slip,warning
conveyor,1.9,13.26,58.52,0.87,114.24,7.92,belt_slip,warning
conveyor,1.23,7.33,48.57,1.67,186.79,3.52,none,running
conveyor,0.94,7.72,59.74,0.84,145.17,2.79,belt_slip,running
conveyor,1.16,20.85,72.75,0.98,574.26,5.21,overload,fault
conveyor,2.57,17.85,77.86,0.83,482.91,3.93,overload,fault
conveyor,2.72,13.06,72.67,1.46,253.96,5.19,gearbox_overheating,warning
conveyor,2.57,9.43,61.83,0.68,185.35,4.41,belt_slip,warning
conveyor,1.9,10.15,44.43,1.06,212.12,4.17,belt_slip,warning
conveyor,0.95,12.95,61.29,0.84,186.4,1.92,belt_slip,warning
conveyor,2.14,14.98,57.49,1.24,423.79,6.31,overload,fault
conveyor,4.35,8.15,40.56,1.3,243.68,5.77,roller_bearing_failure,fault
conveyor,1.3,9.7,54.33,0.98,174.75,3.66,belt_slip,running
conveyor,1.22,8.04,49.43,0.86,159.72,6.61,belt_slip,warning
conveyor,1.54,13.27,47.31,0.92,502.1,5.47,overload,fault
conveyor,0.97,8.25,44.07,1.14,216.03,5.24,belt_slip,running
conveyor,2.87,9.29,40.33,1.61,163.51,2.65,roller_bearing_failure,warning
conveyor,1.45,10,55.21,1.04,181.46,5.81,belt_slip,running
conveyor,1.77,13.2,55.04,0.82,336.49,6.88,overload,warning
conveyor,3.26,9.27,62.84,1.33,237.45,11.17,belt_misalignment,fault
conveyor,2.11,12.99,64.67,1.42,346.54,5.81,gearbox_overheating,warning
conveyor,1.67,6.19,48.21,1.35,261.74,6.28,roller_bearing_failure,warning
conveyor,0.85,13.4,75.68,1.13,236.52,5.64,overload,warning
conveyor,1.02,7.32,37.71,1.37,111.21,3.27,none,running
conveyor,1.16,5.61,47.46,1.47,274.54,3.15,roller_bearing_failure,running
conveyor,1.91,13.01,45.86,1.33,361.61,4.75,overload,warning
conveyor,2.88,11.8,50.6,0.72,256.16,7.42,belt_slip,warning
conveyor,1.41,8.13,65.13,0.84,170.34,5.21,belt_slip,warning
conveyor,2.85,9.88,60.58,1.16,200.71,5.26,belt_misalignment,warning
conveyor,2.64,7.65,60.28,1.34,212.19,5.06,roller_bearing_failure,warning
conveyor,0.56,8.79,49.49,1.4,149.2,1.18,none,running
conveyor,2.49,10.23,94.77,1.55,324.37,3.94,gearbox_overheating,fault
conveyor,1.66,12.75,63.73,1.18,405.25,4.02,overload,fault
conveyor,3.59,13.15,74.05,1.24,285.84,6.71,gearbox_overheating,warning
conveyor,1.92,12.32,50.96,0.83,426.2,7.47,overload,fault
conveyor,1.77,12.85,44.42,0.45,186.17,3.35,belt_slip,warning
conveyor,0.94,17.12,48.19,1.33,273.68,3.32,overload,fault
conveyor,1,18.06,57.42,1.14,557.91,6.16,overload,fault
conveyor,2.33,8.49,67.78,1.66,259.21,5.35,gearbox_overheating,warning
conveyor,2.44,15.32,65.73,1.26,289.08,3.02,overload,fault
conveyor,1.45,6.56,56.1,1.48,191.48,12.77,belt_misalignment,fault
conveyor,2.07,6.94,60.87,0.92,259.56,6.25,overload,warning
conveyor,1.3,6.97,39.68,1.68,163.9,3.12,none,running
conveyor,3.04,15.44,61.41,0.99,340.46,6.67,overload,fault
conveyor,3.4,8.48,67.35,0.85,172.99,4.14,belt_slip,warning
conveyor,3.1,7.91,50.54,1.32,239.32,12.45,belt_misalignment,fault
conveyor,4.91,8.98,45.47,1.46,168.25,6.05,roller_bearing_failure,fault
conveyor,3.2,12.42,44.09,1.01,121.26,7.63,belt_slip,warning
conveyor,2.65,11.98,48.63,0.91,258.78,2.42,belt_slip,warning
conveyor,2.85,10.33,62.54,0.53,203.89,2.55,belt_slip,warning
conveyor,2.38,9.94,44.3,0.71,232.96,2.78,belt_slip,warning
conveyor,0.87,6.45,46.34,1.44,222.34,4.06,none,running
conveyor,0.74,5.08,50.23,1.61,224.83,2.6,none,running
conveyor,0.72,6.95,40.04,1.68,138.68,3.44,none,running
conveyor,0.56,8.19,36.11,1.59,125.8,2.7,none,running
conveyor,2.04,17.02,64.12,1.1,548.32,3.55,overload,fault
conveyor,2.25,12.13,65.53,0.84,210.27,2.91,belt_slip,warning
conveyor,0.97,12.11,93.59,1.52,288.89,1.53,gearbox_overheating,fault
conveyor,2.73,9.16,100.48,1.41,173.61,5.45,gearbox_overheating,fault
conveyor,1.49,8.6,58.27,1.22,229.58,5.95,belt_misalignment,running
conveyor,1.24,11.31,63.57,1.01,403.85,2.81,overload,fault
conveyor,1.28,11.73,85.54,1.2,247.88,4.15,gearbox_overheating,fault
conveyor,1.27,9.12,50.6,0.82,277.72,7.21,belt_slip,warning
conveyor,0.75,9.91,59.27,1.16,212.66,2.19,belt_slip,running
conveyor,1.31,11.29,62.92,1.03,433.87,6.32,overload,fault
conveyor,1.11,11.95,58.26,1.33,419.56,2.64,overload,fault
conveyor,2.3,9.69,98.24,1.32,217.84,3.26,gearbox_overheating,fault
conveyor,1.06,17.75,69.83,1.14,333.16,6.88,overload,fault
conveyor,3.42,10.3,50.16,1.47,150.79,13.7,belt_misalignment,fault
conveyor,0.97,7.83,39.67,1.45,218.03,1.78,none,running
conveyor,1.41,7.86,40.65,1.66,155.14,3.04,none,running
conveyor,1.93,11.59,51.3,0.61,192.54,5.21,belt_slip,warning
conveyor,1.28,8.24,46.82,0.76,170.38,4.81,belt_slip,running
conveyor,0.63,7.45,40.45,1.42,148.77,8.35,belt_misalignment,warning
conveyor,2.28,6.91,54.3,0.95,123.23,3.64,belt_slip,warning
conveyor,2.58,9.9,76.1,1.56,232.38,4.85,gearbox_overheating,warning
conveyor,2.68,11.84,65.13,1.46,275.27,3.08,gearbox_overheating,warning
conveyor,2.07,7.08,55.33,1.17,227.12,11.1,belt_misalignment,fault
conveyor,3.37,10.19,97.28,1.37,285.46,6.79,gearbox_overheating,fault
conveyor,1.21,7.35,45.05,1.57,192.75,2.95,none,running
conveyor,1.62,13.14,56.36,0.67,185.16,4.86,belt_slip,warning
conveyor,1,7.15,39.66,1.58,244.99,2.68,none,running
conveyor,0.99,5.97,40.96,1.47,197.14,3.3,none,running
conveyor,4.11,7.43,54.06,1.46,222.31,3.78,roller_bearing_failure,fault
conveyor,1.85,9.28,99.32,1.44,294.51,5.53,gearbox_overheating,fault
conveyor,3.04,9.35,80.34,1.36,272.52,7.42,gearbox_overheating,fault
conveyor,3.22,10.32,61.62,1.32,137.56,6,belt_misalignment,warning
conveyor,0.78,10.35,59.34,1.5,244.22,5.62,belt_misalignment,warning
conveyor,2.82,11.59,57.17,1.29,388.72,5.16,overload,fault
conveyor,0.95,12.23,96.66,1.44,189.28,2.04,gearbox_overheating,fault
conveyor,2.34,10.17,58.16,0.64,137.62,5.83,belt_slip,warning
conveyor,1.09,7.75,54.11,0.75,215.6,7.13,belt_slip,warning
conveyor,0.94,5.54,44.27,1.58,165.57,2.09,none,running
conveyor,0.92,6.12,38.37,1.55,288.07,1.61,none,warning
conveyor,1.7,8.95,47.48,1.48,242.1,5.61,roller_bearing_failure,running
conveyor,0.98,12.47,81.82,1.55,213.09,2.04,gearbox_overheating,fault
conveyor,3.17,7.77,44.47,1.63,231.75,3.16,roller_bearing_failure,warning
conveyor,0.77,8.14,43.02,1.55,230.39,3.46,none,running
conveyor,2.23,10.97,45.8,1.4,308.68,11.23,belt_misalignment,fault
conveyor,1.89,7.89,58.22,1.35,267.06,2.72,gearbox_overheating,running
conveyor,2.44,14.11,64.57,1.3,224.26,3.04,gearbox_overheating,fault
conveyor,0.68,12.96,65.94,0.56,225.05,5.25,belt_slip,warning
conveyor,1.02,5.92,36.99,1.54,253.86,3.89,none,running
conveyor,1.95,19.56,73.22,1.19,503.69,6.11,overload,fault
conveyor,2.44,7.86,60.45,1.4,151.48,14.76,belt_misalignment,fault
conveyor,3.03,7.49,111.68,1.34,410.3,3.63,gearbox_overheating,fault
conveyor,1.71,12.86,81.51,1.2,234.59,5.7,gearbox_overheating,fault
conveyor,1.97,10.75,101.49,1.14,233.45,2.24,gearbox_overheating,fault
conveyor,0.86,5.83,48.33,1.57,205.7,4.2,none,running
conveyor,2.1,6.17,47.75,1.27,172.65,4.17,roller_bearing_failure,warning
conveyor,2.3,8.36,58.34,1.47,219.87,9.17,belt_misalignment,warning
conveyor,1.88,11.76,61.59,0.61,189.32,2.44,belt_slip,warning
conveyor,2.8,16.02,68.68,1.38,426.1,6.42,overload,fault
conveyor,1.53,12.88,75.42,1.42,156.88,6.05,gearbox_overheating,warning
conveyor,0.87,13.14,75.85,1.38,144.8,4.19,gearbox_overheating,warning
conveyor,2.13,18.95,73.79,1.37,329.83,4.12,overload,fault
conveyor,1.33,9.32,48.1,1.02,299.52,2.79,overload,warning
conveyor,4.98,14.84,63.92,0.18,593.3,12,jam,fault
conveyor,0.78,8.3,108.27,1.61,257.21,6.01,gearbox_overheating,fault
conveyor,1.28,12.8,59.14,0.74,116.18,2.2,belt_slip,warning
conveyor,0.75,11.75,49.02,0.41,130.23,3.79,belt_slip,warning
conveyor,0.66,6.57,46.76,1.29,192.37,2.54,none,running
conveyor,0.93,10.45,49.02,1.15,172.77,8.62,belt_misalignment,warning
conveyor,1.83,10.16,60.37,1.18,335.12,6.08,overload,warning
conveyor,2.68,5.16,50.77,1.55,156.96,5.01,roller_bearing_failure,warning
conveyor,2.86,12.49,96.26,1.27,310.12,3.29,gearbox_overheating,fault
conveyor,3.11,13.68,66.57,1.57,162.54,3.44,gearbox_overheating,warning
conveyor,1.48,10.2,46.24,0.82,386.11,6.02,overload,fault
conveyor,3.17,9.01,76.43,1.46,303.76,4.48,gearbox_overheating,warning
conveyor,1.22,8.27,66.26,1.01,384.98,6.61,overload,fault
conveyor,1.48,6.35,50.79,1.35,112.1,2.39,roller_bearing_failure,running
conveyor,4.22,5.87,47.76,1.59,173.33,6.69,roller_bearing_failure,fault
conveyor,1.99,7.54,58.3,1.27,233.92,5.54,roller_bearing_failure,running
conveyor,1.81,9.59,52.97,0.93,157.65,5.6,belt_slip,running
conveyor,1.55,14.56,93.7,1.38,227.65,6.29,gearbox_overheating,fault
conveyor,0.8,13.55,78.59,1.54,213.59,3.63,gearbox_overheating,warning
conveyor,1.03,10.04,72.71,1.24,417.16,7.1,overload,fault
conveyor,1.34,8.63,87.94,1.27,261.87,6.34,gearbox_overheating,fault
conveyor,1.73,11.36,63.35,1.41,159.1,2.62,gearbox_overheating,warning
conveyor,1.76,12.54,66.15,0.5,255.34,6.19,belt_slip,warning
conveyor,2.53,13.03,76.91,1.36,186.51,6.84,gearbox_overheating,warning
conveyor,2.87,7.25,69.28,1.17,306.1,6.07,gearbox_overheating,warning
conveyor,2.68,13.07,73.44,1.32,286.11,6.32,gearbox_overheating,warning
conveyor,1.54,8.71,55.82,1.49,206.71,4.81,roller_bearing_failure,running
conveyor,3.32,8.52,47.61,1.6,225.75,3.53,roller_bearing_failure,warning
conveyor,1.58,11.68,94.9,1.24,281.73,3.69,gearbox_overheating,fault
conveyor,3.79,8.58,48.12,1.41,153.35,2.64,roller_bearing_failure,warning
conveyor,0.54,7.4,47.71,1.5,193.76,2,none,running
conveyor,1.1,7.79,46.71,1.56,138.51,1.53,none,running
conveyor,2.12,8.96,80.91,1.47,350.61,5.05,gearbox_overheating,fault
conveyor,1.03,9.8,84.55,1.51,161.69,3.44,gearbox_overheating,fault
conveyor,2.59,13.06,64.46,0.97,138.81,3.46,belt_slip,warning
conveyor,0.99,6.72,40.86,1.63,173.98,1.93,none,running
conveyor,2.57,13.63,47.45,1.49,435.88,6,overload,fault
conveyor,5.02,18.44,75.19,0.12,530.78,8.92,belt_misalignment,fault
conveyor,1.79,8.37,100.53,1.67,140.74,4.93,gearbox_overheating,fault
conveyor,1.54,7.04,46.03,1.66,187.17,4.87,roller_bearing_failure,running
conveyor,2.02,10.85,51.88,0.47,160.39,6.1,belt_slip,warning
conveyor,2.51,6.66,58.25,1.47,328.28,3.79,roller_bearing_failure,warning
conveyor,1.59,11.17,101.24,1.67,380.54,5.34,gearbox_overheating,fault
conveyor,3.37,11.37,108.37,1.37,402.81,3.72,gearbox_overheating,fault
conveyor,3.8,7.53,54.27,1.44,191.49,5.78,roller_bearing_failure,warning
conveyor,1.76,8.77,76.94,1.16,291.96,2.57,overload,warning
conveyor,2.55,13.84,55.73,1.05,291.58,7.23,overload,warning
conveyor,2.26,13.68,90.68,1.16,280.81,4.58,gearbox_overheating,fault
conveyor,1.75,8.9,90.86,1.19,249.38,7.09,gearbox_overheating,fault
conveyor,2.05,12.31,100.41,1.29,194.69,3.31,gearbox_overheating,fault
conveyor,2.19,10.88,101.71,1.5,314.27,3.21,gearbox_overheating,fault
conveyor,1.52,15.87,61.81,1.26,397.33,2.27,overload,fault
conveyor,1.28,9.09,50.05,1.41,239.24,12.05,belt_misalignment,fault
conveyor,1.57,7.3,48.15,1.49,158.65,10.75,belt_misalignment,fault
conveyor,1.15,7.27,35.36,1.46,168.28,3.2,none,running
conveyor,3.09,9.04,82.9,1.15,285.43,5.31,gearbox_overheating,fault
conveyor,2.19,14.15,92.12,1.24,369.02,3.17,gearbox_overheating,fault
conveyor,2.3,8.6,66.22,1.38,404.58,2.07,gearbox_overheating,fault
conveyor,2.9,8.35,44.14,1.38,228.54,11.35,belt_misalignment,fault
conveyor,0.5,11.81,44.95,0.76,180.85,2.76,belt_slip,warning
conveyor,1.03,15.22,51.87,1.37,287.18,1.41,overload,fault
conveyor,3.99,8.75,40.95,1.3,128.5,3.03,roller_bearing_failure,warning
conveyor,0.79,11.66,71.35,1.34,213.84,6.4,gearbox_overheating,warning
conveyor,0.84,4.51,38.05,1.22,172.89,2.11,none,running
conveyor,0.58,6.66,49.36,1.43,172.47,3.13,none,running
conveyor,2.72,13.48,103.09,1.15,204.7,2.91,gearbox_overheating,fault
conveyor,2.45,13.54,103.02,1.21,216.66,6.44,gearbox_overheating,fault
conveyor,2.03,9.22,56.03,1.61,249.11,4.02,none,warning
conveyor,2.54,9.44,51.31,1.01,175.17,2.21,belt_slip,warning
conveyor,2.4,11.75,68.93,1.14,351.3,5.21,overload,warning
conveyor,5.48,6.59,61.78,1.55,227.7,4.68,roller_bearing_failure,fault
conveyor,1.97,11.32,64.13,0.87,343.63,2.09,overload,warning
conveyor,5.29,7.3,44.24,1.68,290.33,2.12,roller_bearing_failure,fault
conveyor,1.73,7.57,59.66,1.21,132.09,7.87,belt_misalignment,warning
conveyor,1.47,10,45.64,1.31,255.18,12.93,belt_misalignment,fault
conveyor,2.79,8.87,51.59,1.26,196.19,6.32,belt_misalignment,warning
conveyor,2.72,13.6,51.57,0.9,125.36,6.72,belt_slip,warning
conveyor,2.15,7.46,81.76,1.33,350.52,3.03,gearbox_overheating,fault
conveyor,1.05,7.84,46.71,1.43,220.48,0.95,none,running
conveyor,1.11,13.1,67.64,1.29,275.25,2.27,gearbox_overheating,warning
conveyor,1.14,16.79,64.77,1.35,427.82,1.51,overload,fault
conveyor,3.8,7.94,60.86,1.33,231.39,5.19,roller_bearing_failure,warning
conveyor,2.25,10.57,82.28,1.35,212.25,5.52,gearbox_overheating,fault
conveyor,2.85,5.94,56.82,1.48,213.67,5.73,roller_bearing_failure,warning
conveyor,2.06,12.02,51.51,1.17,246.17,2.63,belt_slip,warning
conveyor,1.06,5.61,49.59,1.66,152.26,1.53,none,running
conveyor,2.26,22.23,78.9,0.5,600.3,9.25,jam,fault
conveyor,1.22,9.09,46,1.42,295.61,5.34,overload,warning
conveyor,2.03,11.74,72.96,1.44,219.92,4.38,gearbox_overheating,warning
conveyor,1.22,9.87,54.18,1.22,162.87,9.73,belt_misalignment,warning
conveyor,0.98,9.65,49.38,0.88,285.86,5.72,belt_slip,warning
conveyor,2,9.18,60.46,1.32,425.58,4.79,overload,fault
conveyor,3.63,16.64,70.41,1.37,463.73,5.57,overload,fault
conveyor,1.99,9.21,77.72,1.37,285.61,4.98,gearbox_overheating,warning
conveyor,1.34,11.71,107.83,1.27,327.03,5.29,gearbox_overheating,fault
conveyor,1.26,7.44,47.09,1.41,241.06,3.95,none,running
conveyor,1.02,11.15,49.22,1.06,150.74,4.94,belt_slip,warning
conveyor,4.09,9.1,49.49,1.45,203.88,3.28,roller_bearing_failure,fault
conveyor,1.79,13.04,54.59,0.72,170.61,7.63,belt_slip,warning
conveyor,0.7,6.73,47.01,1.48,202,5.59,none,running
conveyor,2.69,9.01,41.59,1.33,259.95,3.35,roller_bearing_failure,warning
conveyor,2.02,7.61,44.24,1.32,318.38,5.29,roller_bearing_failure,warning
conveyor,2.86,12.74,67.64,1.42,182.19,5.62,gearbox_overheating,warning
conveyor,1.78,5.75,41.48,1.27,120.28,4.99,roller_bearing_failure,running
conveyor,1.15,6.85,38.43,1.5,177.38,3.56,none,running
conveyor,1.79,10.56,75.28,1.4,291.12,2.81,overload,warning
conveyor,3.35,15.93,67.67,0.81,347.18,6.95,overload,fault
conveyor,2.26,8.08,54.51,1.63,305.86,1.86,roller_bearing_failure,warning
conveyor,3.41,9.8,91.01,1.16,274.65,4.65,gearbox_overheating,fault
conveyor,2.13,7.74,50.64,1.31,178.02,4.76,roller_bearing_failure,warning
conveyor,1.12,13.8,78.29,1.61,249,4.88,gearbox_overheating,warning
conveyor,1.62,9,67.22,1.46,218.4,2.99,gearbox_overheating,warning
conveyor,2.58,6.53,54.44,1.2,255.24,1.81,roller_bearing_failure,warning
conveyor,2.03,8.33,88.39,1.35,259.94,5.36,gearbox_overheating,fault
conveyor,0.43,11.47,90.54,1.32,365,3.52,gearbox_overheating,fault
conveyor,1.77,7.53,53.57,0.77,276.76,6.91,jam,warning
conveyor,2.02,9.71,51,0.66,271.9,3.63,belt_slip,warning
conveyor,0.73,6.17,39.98,1.4,273.91,3.93,none,running
conveyor,1.59,12.86,53.36,0.49,266.23,3.36,belt_slip,warning
conveyor,3.54,7.99,51.76,1.39,187.74,3.34,roller_bearing_failure,warning
conveyor,4.2,16.06,67.2,0.24,456.03,6.5,jam,fault
conveyor,1.93,7.99,50.15,1.31,238.56,2.24,roller_bearing_failure,running
conveyor,0.83,5.03,46.1,1.65,169.23,1.27,none,running
conveyor,0.93,6.07,43.55,1.45,217.86,1.84,none,running
conveyor,1.09,5.61,41.97,1.38,175.3,2.13,none,running
conveyor,2.74,7.42,47.87,1.56,164.44,12.96,belt_misalignment,fault
conveyor,2.09,9.02,57.99,1.34,184.38,4.18,roller_bearing_failure,warning
conveyor,2.28,10.45,92.7,1.58,277.58,2.21,gearbox_overheating,fault
conveyor,0.86,10.99,66.78,1.51,248.33,4.53,gearbox_overheating,warning
conveyor,2.55,8.65,105.15,1.15,277.43,6.81,gearbox_overheating,fault
conveyor,2.93,13.52,100.49,1.47,233.5,3.09,gearbox_overheating,fault
conveyor,1.89,11.3,48.54,0.47,135.6,2.49,belt_slip,warning
conveyor,2.92,6.71,53.32,1.35,160.37,4.27,roller_bearing_failure,warning
conveyor,3.27,13.1,94.74,1.52,315.57,6.09,gearbox_overheating,fault
conveyor,3.84,14.14,63.75,0.02,460.04,10.12,jam,fault
conveyor,0.71,6.46,50.82,1.6,232.84,3.08,none,running
conveyor,1.09,9.48,48.65,1.01,334.07,3.91,overload,warning
conveyor,2.41,13.43,99.25,1.36,296.06,2.13,gearbox_overheating,fault
conveyor,1.59,13.26,75.99,1.25,195.37,6.18,gearbox_overheating,warning
conveyor,1.48,6.48,55.27,1.49,146.73,3.11,roller_bearing_failure,running
conveyor,3.14,8.75,60.39,1.38,254.71,12.81,belt_misalignment,fault
conveyor,3.19,12.27,69.02,1.43,245.09,3.62,gearbox_overheating,warning
conveyor,4.35,7.95,48.49,1.41,285.52,2.58,roller_bearing_failure,fault
conveyor,1.54,8.79,87.57,1.65,285.42,5.83,gearbox_overheating,fault
conveyor,0.78,5.82,41.28,1.73,189.41,3.21,none,running
conveyor,0.46,6.54,43.87,1.61,150.06,3.25,none,running
conveyor,2.48,13.89,90.08,1.51,125.8,6.69,gearbox_overheating,fault
conveyor,1.43,16,69.87,0.43,650,4.22,jam,fault
conveyor,1.72,8.88,51.06,1.02,145.21,4.83,belt_slip,running
conveyor,2.41,13.39,98.86,1.29,224.75,6.91,gearbox_overheating,fault
conveyor,2.21,12.57,73.91,1.52,348.26,6.2,gearbox_overheating,warning
conveyor,1.53,9.54,43.52,1.15,269.74,9.55,belt_misalignment,warning
conveyor,0.94,11.27,53.15,1.12,387.3,6.29,overload,fault
conveyor,3.27,9.25,55.45,1.61,243.56,2.54,roller_bearing_failure,warning
conveyor,2.95,20.69,93,0,354.34,6.72,jam,fault
conveyor,1.67,12.69,94.33,1.4,282.42,3.99,gearbox_overheating,fault
conveyor,1.52,9.07,57.38,1.22,177.31,4.44,roller_bearing_failure,running
conveyor,3.05,7.07,97.58,1.62,243.52,2.52,gearbox_overheating,fault
conveyor,1.64,11.96,65.88,1.16,451.41,5.17,overload,fault
conveyor,3.45,10.29,73.88,1.52,240.18,3.78,gearbox_overheating,warning
conveyor,2.72,7.59,60.64,1.25,197.19,12.73,none,fault
conveyor,1.02,6.13,44.49,1.36,175.59,1.81,none,running
conveyor,5.25,7.99,46.95,1.37,197.75,6.14,roller_bearing_failure,fault
conveyor,2.71,17.46,50.21,1.17,301.76,6.56,overload,fault
conveyor,1.43,7.27,48.2,1.4,313.8,4.78,roller_bearing_failure,warning
conveyor,4.24,9.06,47.45,1.48,141.75,4.03,roller_bearing_failure,fault
conveyor,2.99,7.16,57.54,1.55,195.32,4.4,roller_bearing_failure,warning
conveyor,1.26,9.91,80.3,1.5,222.38,3.72,gearbox_overheating,fault
conveyor,1.44,5.02,43.9,1.47,255.2,4.17,none,running
conveyor,1.94,9.36,68.34,1.1,289.71,3.78,overload,warning
conveyor,0.3,6.21,47.98,1.26,155.28,3.35,none,running
conveyor,2.65,16.65,52.66,1.16,551.34,5.4,overload,fault
conveyor,2.31,8.07,55.69,0.55,144.04,3.83,belt_slip,warning
conveyor,2.58,7.04,39.06,1.44,274.29,1.51,roller_bearing_failure,warning
conveyor,1.16,10.14,47.37,1.05,166.92,4.51,belt_slip,warning
conveyor,1.01,9.09,54.16,1.1,278.18,13.55,belt_misalignment,fault
conveyor,2.37,9.15,49.08,0.86,202.73,5.85,belt_slip,warning
conveyor,2.38,13.83,73.32,0.46,472.19,6.37,jam,fault
conveyor,1.15,13.57,97.96,1.62,274.57,3.02,gearbox_overheating,fault
conveyor,2.01,8.35,43.49,1.61,285.24,1.44,roller_bearing_failure,warning
conveyor,1.4,13.93,99.85,1.51,227.77,4.74,gearbox_overheating,fault
conveyor,0.96,5.78,50.11,1.43,214.91,1.69,none,running
conveyor,1.66,10.44,56.51,0.54,210.32,7.28,belt_slip,warning
conveyor,0.54,7.53,45.22,1.39,203.22,1.64,none,running
conveyor,1.57,7.83,57.17,0.96,147.09,3.71,belt_slip,running
conveyor,1.08,5.62,50.81,1.46,190.18,1.37,none,running
conveyor,1.9,8.57,58.33,1.25,253.53,7.05,belt_misalignment,warning
conveyor,2.82,16.42,54.81,0.94,545.72,4.55,overload,fault
conveyor,2.98,9.29,45.86,1.19,140.88,9.01,belt_misalignment,warning
conveyor,1.19,5.85,50.67,1.38,292.29,3.84,none,warning
conveyor,2.19,7.72,70.63,1.42,372.51,7.16,overload,warning
conveyor,3.31,7.23,47.58,1.5,220.46,2.49,roller_bearing_failure,warning
conveyor,1.31,11.18,65.28,1.09,308.3,0.81,overload,warning
conveyor,2.8,10.44,55.68,1.15,293.68,14.96,belt_misalignment,fault
conveyor,2.05,17.41,73.52,0.09,523.48,11.27,jam,fault
conveyor,2.66,13.5,62.99,1.22,238.64,2.43,gearbox_overheating,warning
conveyor,2.51,9.11,79.57,1.63,241.31,7.03,gearbox_overheating,warning
conveyor,2.59,5.37,61,1.48,263.36,5.14,roller_bearing_failure,warning
conveyor,1.13,15.75,65.87,1.14,280.7,7.17,overload,fault
conveyor,3.1,7.18,59.06,1.2,192.31,5.83,belt_misalignment,warning
conveyor,3.22,8.71,66.97,1.07,161.53,5.14,belt_slip,warning
conveyor,1.48,12,96.8,1.4,185.31,5.73,gearbox_overheating,fault
conveyor,1.44,10.2,45.19,1.38,227.86,12.36,belt_misalignment,fault
conveyor,2.18,7.91,50.56,1.5,274.83,5.33,jam,warning
conveyor,2.12,5.96,55.23,1.58,218.99,2.24,roller_bearing_failure,warning
conveyor,0.96,9.28,108.04,1.26,213.84,3.64,gearbox_overheating,fault
conveyor,1.91,7.04,55.22,1.48,209.42,7.41,belt_misalignment,warning
conveyor,1.63,10.42,58.38,0.64,271.66,6.25,none,warning
conveyor,1.16,8.99,58.84,0.91,172.83,4.47,overload,running
conveyor,1.9,11.15,81.63,1.34,264.95,6.42,gearbox_overheating,fault
conveyor,0.61,4.98,46.04,1.58,174.7,1.17,none,running
conveyor,1.15,18.23,84.34,0.6,473.35,8.61,jam,fault
conveyor,1.26,9.36,110.07,1.41,238.92,5.4,gearbox_overheating,fault
conveyor,3.62,6.39,55.09,1.17,184.97,11.98,belt_misalignment,fault
conveyor,1.22,13.25,66.31,0.79,421.17,3.56,overload,fault
conveyor,1.03,12.48,53.15,0.64,186.68,2.98,belt_slip,warning
conveyor,4.54,14.88,55.42,0.63,518.55,10.02,jam,fault
conveyor,0.78,6.78,41.21,1.43,144.83,2.99,none,running
conveyor,2.52,9.38,55.08,1.23,263.73,3.24,roller_bearing_failure,warning
conveyor,2.27,11.17,99.08,1.53,263.67,1.73,gearbox_overheating,fault
conveyor,2.17,8.79,53.65,1.11,132.59,12.19,belt_misalignment,fault
conveyor,1.03,6.96,38.64,1.52,207.68,1.73,none,running
conveyor,2.58,13.92,74.32,1.49,276.79,2.54,gearbox_overheating,warning
conveyor,2.37,8.08,41.96,1.33,163.85,6.36,belt_misalignment,warning
conveyor,1.95,13.11,46.94,0.79,142.33,5.51,gearbox_overheating,warning
conveyor,2.49,8.72,48.89,1.38,174.56,2.62,roller_bearing_failure,warning
conveyor,1.24,12.43,54.24,0.89,183.02,6.6,belt_slip,warning
conveyor,2.78,12.8,82.8,1.35,274.56,6.32,gearbox_overheating,fault
conveyor,1.91,15.98,72.45,1.35,386.62,6.31,overload,fault
conveyor,1.75,8.48,63.94,0.78,202.79,4.3,belt_slip,running
conveyor,0.73,5.87,42.05,1.49,182.7,3.34,none,running
conveyor,3.72,21.01,72.53,0.36,585.16,8.8,jam,fault
conveyor,2.07,12.26,48.7,1,192.01,7.35,belt_slip,warning
conveyor,1.2,11.92,44.16,0.7,177.19,5.62,belt_slip,warning
conveyor,0.92,12.39,74.74,1.25,375.31,2.27,overload,warning
conveyor,3.24,10.31,95.67,1.36,294.83,1.84,gearbox_overheating,fault
conveyor,1.7,17.37,89.52,0.08,330.04,4.28,jam,fault
conveyor,1.04,6,46.23,1.53,151.63,2.66,none,running
conveyor,5.19,7.43,45.34,1.55,109.91,4.97,roller_bearing_failure,fault
conveyor,2.16,7.18,61.87,1.1,212.9,6.38,belt_misalignment,warning
conveyor,2.16,21.09,70.69,0.09,543.13,12.18,jam,fault
conveyor,1.44,17.88,55.24,1.02,376.31,5.86,overload,fault
conveyor,1.48,9.89,54.92,1.5,135.78,11.47,belt_misalignment,fault
conveyor,3.11,10.74,47.7,1.26,118.89,13.48,belt_misalignment,fault
conveyor,5.44,7.4,60.52,1.41,197.17,3.18,roller_bearing_failure,fault
conveyor,2.34,10.51,52.78,1.06,198.8,5.71,belt_slip,warning
conveyor,3.02,11.62,50.18,0.86,318.13,5.43,overload,warning
conveyor,2.95,10.77,52.58,0.61,154.54,7.13,belt_slip,warning
conveyor,1.18,10.38,59.61,1.27,302.42,13.38,belt_misalignment,fault
conveyor,2.34,10.48,53.75,1.58,334.63,6.3,belt_misalignment,warning
conveyor,3.15,10.88,95.6,1.51,326.63,6.03,gearbox_overheating,fault
conveyor,1.24,7.33,46.06,1.53,204.69,2.09,none,running
conveyor,2.52,8.29,50.5,0.65,174.55,7.31,belt_slip,warning
conveyor,1.4,7.21,49.54,1.13,237.26,14.26,belt_misalignment,fault
conveyor,1.88,16.3,76.59,0.18,453.03,4.94,jam,fault
conveyor,1.67,10.88,49.93,0.87,149.81,2.87,belt_slip,warning
conveyor,2.35,10.54,98.8,1.56,298.61,4.07,gearbox_overheating,fault
conveyor,1.23,12.61,53.72,0.94,155.32,4.38,belt_slip,warning
conveyor,1.57,22.4,98.16,0.12,265.6,6.25,jam,fault
conveyor,1.21,9.8,62.35,1.32,206.02,5.84,belt_misalignment,running
conveyor,1.04,10.43,89.77,1.2,311.89,4.6,gearbox_overheating,fault
conveyor,3.94,6.54,59.07,1.45,222.09,5.35,roller_bearing_failure,warning
conveyor,3.14,13.43,83.18,1.23,361.22,4.16,gearbox_overheating,fault
conveyor,2.22,13.84,67.41,1.22,344.49,5.82,gearbox_overheating,warning
conveyor,1.41,9.79,46.89,1.05,201.07,11.71,belt_misalignment,fault
conveyor,1.77,9.67,55.55,1.09,211.65,11.04,belt_misalignment,fault
conveyor,3.49,6.34,43.9,1.41,231.84,2.03,roller_bearing_failure,warning
conveyor,0.86,10.68,46.51,0.94,195.16,4.95,belt_slip,warning
conveyor,0.98,4.9,44.4,1.5,129.34,4.24,none,running
conveyor,2.87,16.89,56.89,0.33,275.94,7.2,jam,fault
conveyor,1.56,12.8,56.15,0.96,476.42,6.01,overload,fault
conveyor,4.66,9.14,39.56,1.61,186.5,4.07,roller_bearing_failure,fault
conveyor,2.34,9.09,51.15,1.42,175.08,3.73,roller_bearing_failure,warning
conveyor,3.16,7.51,45.11,1.06,262.88,7.98,belt_misalignment,warning
conveyor,2.6,12.79,78.42,0.64,457.49,9.86,jam,fault
conveyor,1.48,9.22,49.52,1.09,316.77,2.58,overload,warning
conveyor,2.31,14.4,53.33,0.77,541.64,1.5,overload,fault
conveyor,1.43,7.39,56.97,1.58,262.48,12.82,belt_misalignment,fault
conveyor,2.21,9.67,68.9,0.83,130.46,3.42,belt_slip,warning
conveyor,2.98,11.04,47.61,1.48,221.93,15.39,belt_misalignment,fault
conveyor,0.89,7.15,36.6,1.54,160.61,4.24,none,running
conveyor,2.75,7.89,64.01,1.36,257.15,7.69,belt_misalignment,warning
conveyor,1.83,12.77,60.84,0.96,227.76,5.18,belt_slip,warning
conveyor,1.24,17.15,74.06,0.93,600.62,6.12,none,fault
conveyor,0.97,7.88,40.87,1.55,225.48,14.38,belt_misalignment,fault
conveyor,1.65,7.51,53.98,1.5,300.37,3.95,roller_bearing_failure,warning
conveyor,2.98,9.11,106.89,1.34,253.57,3.14,gearbox_overheating,fault
conveyor,0.87,9.53,68.69,1.58,238.11,5.44,gearbox_overheating,warning
conveyor,0.9,4.89,39.16,1.49,206.31,1.17,none,running
conveyor,2.24,12.37,64.75,0.67,248.77,3.44,belt_slip,warning
conveyor,1.18,7.83,53.07,1.16,257.82,6.03,belt_slip,warning
conveyor,3.53,14.03,58.64,1.08,320.34,2.34,overload,fault
conveyor,1.82,14.42,65.14,0.9,269.68,6.55,overload,fault
conveyor,1.24,8.26,50.03,1.39,186.84,10.17,belt_misalignment,fault
conveyor,1.32,8.01,84.66,1.19,259.46,6.49,gearbox_overheating,fault
conveyor,1.43,12.79,69.13,0.97,308.99,5.28,overload,warning
conveyor,1.89,12.29,113.99,1.41,288.4,2.14,gearbox_overheating,fault
conveyor,4.65,6.62,56.6,1.57,203.12,3.05,roller_bearing_failure,fault
conveyor,2.83,22.11,57.93,0.07,629.52,5.01,jam,fault
conveyor,1.17,6.96,47.61,1.45,145.9,13.81,belt_misalignment,fault
conveyor,2.55,8.71,41.21,1.32,203.44,5.34,roller_bearing_failure,warning
conveyor,2.43,12.27,75.43,1.04,433.78,6.36,overload,fault
conveyor,1.29,8.06,47.93,1.58,229.36,0.75,none,running
conveyor,3.11,12.86,69.57,0.77,342,8.29,overload,warning
conveyor,0.3,7.54,50.3,1.62,148.91,6.21,none,warning
conveyor,0.53,8.45,52.25,1.57,203.97,4.08,none,running
conveyor,3.17,12.85,54.99,1.33,379.92,2.81,overload,warning
conveyor,3.03,16.58,87.19,0.2,263.89,8.4,jam,fault
conveyor,4.94,18.76,82.27,0.07,441.92,11.44,jam,fault
conveyor,5.52,14.99,63.67,0.6,392.37,11.37,jam,fault
conveyor,1.24,10.08,48.87,1.55,207.99,15.31,belt_misalignment,fault
conveyor,1.23,5.81,39.58,1.36,214.07,3.02,none,running
conveyor,0.5,8.67,61.74,1.14,243.81,11.04,belt_misalignment,fault
conveyor,0.86,7.16,42.02,1.42,217.53,2.45,none,running
conveyor,0.95,8.39,78.43,1.59,212.74,2.19,gearbox_overheating,warning
conveyor,2.09,19.04,93.59,0.69,541.73,7.81,jam,fault
conveyor,2.46,20.28,88.61,0.41,643.97,3.7,jam,fault
conveyor,2.75,9.59,58.09,1.18,213.53,10.94,belt_misalignment,fault
conveyor,1.8,10.51,66.13,0.97,117.1,7.04,belt_slip,warning
conveyor,3.03,13.02,79.21,0.22,509.51,8.2,jam,fault
conveyor,4.78,18.3,76.25,0.54,359.68,10,jam,fault
conveyor,2.94,9.48,46.81,0.73,222.21,5.29,belt_slip,warning
conveyor,2.7,11.66,57.57,1.36,176.44,7.61,belt_misalignment,warning
conveyor,2.44,13.55,60.11,0.66,542.84,7.28,jam,fault
conveyor,3.07,18.22,61.18,0.01,494.17,8.09,jam,fault
conveyor,2.76,7.76,79.58,1.29,389.27,4.65,gearbox_overheating,fault
conveyor,2.06,12.12,68.21,1.6,227.24,8.3,gearbox_overheating,warning
conveyor,2.03,5.21,31.59,1.43,199.86,4.85,none,warning
conveyor,3.17,15.66,89.45,0.17,377.56,4.38,jam,fault
conveyor,0.87,10.24,62.6,1.55,212.47,10.53,belt_misalignment,fault
conveyor,1.04,7.56,46.09,1.29,232.07,8.19,belt_misalignment,warning
conveyor,3.01,11.48,108.29,1.31,220.64,4.43,gearbox_overheating,fault
conveyor,2.6,7.09,53.28,1.23,229.51,13.61,belt_misalignment,fault
conveyor,1.07,7.12,40.43,1.6,114.73,2.52,none,running
conveyor,1.65,7.74,60.75,1.53,269.06,11.47,belt_misalignment,fault
conveyor,2.24,8.92,48.39,1.46,207.61,5.69,belt_misalignment,warning
conveyor,2.52,10.2,105.28,1.39,338.66,7.06,gearbox_overheating,fault
conveyor,2.03,9.28,48.99,1.38,434.61,6.74,overload,fault
conveyor,1.04,11.28,49,1.13,249.65,6.71,belt_slip,warning
conveyor,2.32,5.91,55.07,1.44,284.48,6.02,roller_bearing_failure,warning
conveyor,0.47,5.72,49.63,1.43,233.45,2.94,none,running
conveyor,3.34,17.14,88.04,0.61,650,10.34,jam,fault
conveyor,2.32,15.89,52.62,0.82,500,4.68,overload,fault
conveyor,2.9,13.43,53.17,1.38,302.23,6.65,overload,warning
conveyor,3,10.25,49.77,0.94,413.68,2.1,overload,fault
conveyor,1,9.48,43.4,1.36,170.19,6.45,belt_misalignment,warning
conveyor,3.55,5.88,48.13,1.54,186.35,5.73,roller_bearing_failure,warning
conveyor,1.05,12.04,54,0.59,260.72,5.18,belt_slip,warning
conveyor,3.31,15.26,87.73,0.24,355.18,10.22,jam,fault
conveyor,2.54,10.63,52.57,1.01,280.83,8,belt_misalignment,warning
conveyor,4.12,15.11,78.62,0.15,599.04,7.24,jam,fault
conveyor,1.72,8.01,45.17,0.79,221.24,5.39,overload,running
conveyor,1.22,6.03,43.72,1.34,179.93,1.85,none,running
conveyor,0.76,7.38,40.37,1.67,170.53,3.57,none,running
conveyor,2.58,13.11,62.77,1.19,385.04,5.33,overload,fault
conveyor,4.97,13.26,83.92,0.21,357.66,10.19,jam,fault
conveyor,2.67,19.09,80.6,0.22,285.12,9.08,jam,fault
conveyor,0.65,5.87,39.33,1.41,253.7,3.89,none,running
conveyor,3.87,7.37,45.42,1.39,209.2,5.69,roller_bearing_failure,warning
conveyor,4.03,14.17,55.03,0.32,338.96,4.47,jam,fault
conveyor,1.19,5.94,39.08,1.69,205.1,3.57,none,running
conveyor,1.21,9.84,65.95,0.77,315.8,3.35,overload,warning
conveyor,1.86,7.66,43.18,1.6,171,3.8,roller_bearing_failure,running
conveyor,2.19,8.72,54.51,1.61,208.69,2.09,roller_bearing_failure,warning
conveyor,2.21,10.01,55.07,1.47,154.67,10.34,belt_misalignment,fault
conveyor,1.07,11.7,59.16,0.79,178.84,6.32,belt_slip,warning
conveyor,2.68,6.89,49.02,1.39,277.14,3.71,roller_bearing_failure,warning
conveyor,2.43,7.53,52.89,0.62,147.4,5.65,belt_slip,warning
conveyor,2.78,10.19,63.66,1.29,192.91,13.17,belt_misalignment,fault
conveyor,0.91,7.12,38.05,1.42,139.3,2.19,none,running
conveyor,1.96,12.99,62.49,1.1,279.69,5.44,belt_slip,warning
conveyor,3.38,18.75,58.86,0.15,638.81,3.58,jam,fault
conveyor,2.03,7.68,52.87,1.12,229,11.6,belt_misalignment,fault
conveyor,1.6,9.46,69.83,1.39,296.54,6.86,overload,warning
conveyor,2.18,11.05,62.91,0.52,130.34,6.26,belt_slip,warning
conveyor,1.86,8.59,51.84,1.6,218.31,6.21,belt_misalignment,warning
conveyor,1.92,8.45,56.74,1.19,174.57,14.68,belt_misalignment,fault
conveyor,0.83,7.42,41.42,1.67,171.82,2.31,none,running
conveyor,4.34,16,67.71,0.1,560.78,9.07,jam,fault
conveyor,1.2,10.97,93,1.44,324.11,3.54,gearbox_overheating,fault
conveyor,4,19.63,91.07,0.33,443.61,6.06,jam,fault
conveyor,1.57,12.34,99.11,1.45,267.67,6.15,gearbox_overheating,fault
conveyor,1.3,14.29,55.22,0.88,489.92,4.38,overload,fault
conveyor,2.06,9.53,54.83,1.38,248.06,5.25,roller_bearing_failure,warning
conveyor,3.59,6.44,40.78,1.55,196.25,2.7,roller_bearing_failure,warning
conveyor,1.27,10.99,61.42,1.47,194.41,4.44,gearbox_overheating,warning
conveyor,4.11,14.73,80.65,0.1,620.02,8.65,jam,fault
conveyor,2.37,8.51,59.56,1.26,264.26,14.99,belt_misalignment,fault
conveyor,3.41,20.8,55.35,0.35,545.84,3.78,jam,fault
conveyor,0.74,6.29,46.64,1.65,181.99,3.31,none,running
conveyor,2.4,10.93,51.29,1.27,434.65,4.62,overload,fault
conveyor,1.95,7.44,46.75,1.68,149.5,2.44,roller_bearing_failure,running
conveyor,3.68,7.96,64.17,1.61,290.04,8.71,belt_misalignment,warning
conveyor,1.01,7.07,46.52,1.35,274.33,3.47,none,running
conveyor,0.1,6.97,40.2,1.46,190.57,2,none,running
conveyor,2.85,12.01,44.35,1.06,221.02,6.4,belt_slip,warning
conveyor,1.57,11.21,59.64,0.88,136.44,6.72,belt_slip,warning
conveyor,2.43,7.48,47.77,1.49,253.49,9.7,belt_misalignment,warning
conveyor,2.75,8.22,59.83,1.36,350.68,5.55,overload,warning
conveyor,0.66,5.75,39.31,1.42,217.29,3.55,none,running
conveyor,3.58,9.53,59.33,1.4,261.74,5.53,belt_misalignment,warning
conveyor,2.38,13.71,98.02,1.58,294.85,2.8,gearbox_overheating,fault
conveyor,2.15,8.76,46.23,1.13,245.54,10.31,belt_misalignment,fault
conveyor,1.29,6.93,51.15,1.57,234.85,10.88,belt_misalignment,fault
conveyor,3.02,7.97,41.51,1.44,202.82,4.18,roller_bearing_failure,warning
conveyor,2.47,12.01,63.72,0.62,179.82,7.78,belt_slip,warning
conveyor,1.25,7.41,39.6,1.33,142.83,4.32,none,running
conveyor,1.41,15.44,65.97,0.87,506.9,6.54,overload,fault
conveyor,1.75,10.84,68.91,0.85,182.13,2.38,belt_slip,warning
conveyor,1.74,11.54,66.84,1.2,271.07,5.84,gearbox_overheating,warning
conveyor,0.72,7.94,40.36,1.59,304.57,1.04,none,warning
conveyor,2.7,8.7,44.38,1.6,187.78,3.93,roller_bearing_failure,warning
conveyor,1.84,10.6,56.05,1.46,159.56,13.25,belt_misalignment,fault
conveyor,4.11,6.68,51.57,1.23,253.9,4.04,roller_bearing_failure,fault
conveyor,1.17,9.52,53.62,1.3,219.67,12.33,belt_misalignment,fault
conveyor,2.19,10.72,48.01,1.34,281.01,6.37,belt_misalignment,warning
conveyor,3.69,5.45,42.25,1.28,209.31,4.8,roller_bearing_failure,warning
conveyor,1.78,6.75,46.9,1,299.63,4.66,belt_slip,warning
conveyor,1.15,11.98,64.08,0.54,230.72,6.09,belt_slip,warning
conveyor,0.89,7.53,48.57,1.57,283.98,2.35,none,warning
conveyor,3.65,21.44,92.42,0.44,357.8,6.23,none,fault
conveyor,2.03,10.54,79.26,1.29,210.28,6.67,jam,warning
conveyor,2.75,9.2,41.64,0.61,137.09,5.38,belt_slip,warning
conveyor,3.02,10.29,56.16,1.26,184.34,11.85,belt_misalignment,fault
conveyor,0.76,13.35,71.33,1.64,156.74,1.74,gearbox_overheating,warning
conveyor,1.44,7.26,36.78,1.6,239.96,3.98,none,running
conveyor,0.85,6.24,44.43,1.39,180.14,2.98,none,running
conveyor,3.08,9.05,47.69,1.31,263.61,3.05,roller_bearing_failure,warning
conveyor,2.13,9.91,44.23,1.51,184.8,11.95,belt_misalignment,fault
conveyor,0.51,6.59,49.82,1.49,125.2,3.27,none,running
conveyor,2.86,6.69,61.14,1.24,152.6,9.21,belt_misalignment,warning
conveyor,0.89,7.57,36.62,1.3,276.21,1.91,none,running
conveyor,2.65,7.02,55.37,1.05,159.25,7.71,belt_misalignment,warning
conveyor,2.02,7.51,108.23,1.34,312.32,4.65,gearbox_overheating,fault
conveyor,2.58,7.77,40.79,1.38,224.26,3.36,roller_bearing_failure,warning
conveyor,0.98,6.16,47.23,1.45,263.44,1.61,none,running
conveyor,1.96,9.31,66.86,1.11,134.37,2.45,belt_slip,warning
conveyor,1.76,9.54,100.54,1.3,308.66,6.07,gearbox_overheating,fault
conveyor,2.69,8.19,49.51,1.2,256.39,5.99,roller_bearing_failure,warning
conveyor,1.04,7.48,39.59,1.33,188.47,1.16,none,running
conveyor,4.5,6.38,36.93,1.67,187.89,3.6,roller_bearing_failure,fault
conveyor,1.63,9.07,52.2,0.59,133.3,5.6,belt_slip,running
conveyor,2.8,8.3,63.26,1.13,275.44,7.32,belt_misalignment,warning
conveyor,1.41,11.24,47.78,0.56,285.26,2.85,belt_slip,warning
conveyor,2.99,9.94,44.4,0.46,185.24,7.16,belt_slip,warning
conveyor,1.1,9.94,54.29,1.45,235.34,10.09,belt_misalignment,fault
conveyor,1.93,10.83,47.41,1.58,282.64,10.46,belt_misalignment,fault
conveyor,1.29,12.63,52.48,1.01,293.43,6.68,overload,warning
conveyor,4.25,5.99,56.1,1.52,208.7,2.9,roller_bearing_failure,fault
conveyor,4.31,7.36,48.09,1.53,200.45,1.44,roller_bearing_failure,fault
conveyor,2.24,15,75.8,0.29,522.04,7.17,jam,fault
conveyor,0.88,7.66,48.46,1.42,246.57,1.92,none,running
conveyor,1.55,8.39,100.22,1.37,241.89,6.71,gearbox_overheating,fault
conveyor,1.78,9.12,45.41,1.13,223.23,5.9,belt_misalignment,running
conveyor,1.32,12.19,58.71,0.72,206.21,4.9,belt_slip,warning
conveyor,3.1,9.57,91.53,1.25,394.33,3.28,jam,fault
conveyor,1.11,5.59,50,1.54,226.35,4.58,none,running
conveyor,1.92,7.9,101.44,1.59,255.01,6.92,gearbox_overheating,fault
conveyor,2.86,8.37,66.2,1.32,307.25,8.05,belt_misalignment,warning
conveyor,1.95,14.23,56.3,0.83,279.38,4.86,overload,fault
conveyor,1.11,16.8,52.9,1.27,405.74,2.88,overload,fault
conveyor,6.75,20.17,58.49,0.66,501.46,4.76,jam,fault
conveyor,2.05,13.61,63.91,0.41,445.12,11.99,jam,fault
conveyor,2.4,8.61,52.59,1.42,199.17,6.63,roller_bearing_failure,warning
conveyor,2.88,13.07,73.45,0.23,485.26,9.43,jam,fault
conveyor,1.58,8.17,58.22,1.33,357.38,6.02,overload,warning
conveyor,1.1,9.22,45.11,1.57,224.96,13.38,belt_misalignment,fault
conveyor,1.31,12.6,60.74,0.07,305.27,7.6,jam,warning
conveyor,1.44,10.4,53.61,1.37,305.76,8.2,belt_misalignment,warning
conveyor,3.26,18.5,79.93,0.63,296.43,6.14,jam,fault
conveyor,4.05,7.09,62.26,1.42,340.15,10.97,belt_misalignment,fault
conveyor,1.29,14.49,69.46,0.93,291.81,3.33,overload,fault
conveyor,1.26,10.94,54.71,1.51,239.1,10.57,belt_misalignment,fault
conveyor,1.33,20.43,53.06,1.23,347.08,3.9,overload,fault
conveyor,2.61,13.41,108.12,1.5,266.1,3.56,gearbox_overheating,fault
conveyor,4.7,20.43,61.63,0.02,269.68,4.96,jam,fault
conveyor,1.64,7.95,45.36,1.6,256.47,10.66,belt_misalignment,fault
conveyor,3.22,12.23,74.77,1.22,311.38,3.62,gearbox_overheating,warning
conveyor,1.25,6.24,40.54,1.53,218.21,0.21,none,running
conveyor,0.8,9.15,58.2,1.29,218.25,12.49,belt_misalignment,fault
conveyor,2.37,10.13,63.83,1.52,343.3,4.28,gearbox_overheating,warning
conveyor,2.06,6.08,59.53,1.52,196.65,1.63,roller_bearing_failure,warning
conveyor,3.42,9.46,62.11,1.61,258.09,9.77,belt_misalignment,warning
conveyor,1.86,10.69,53.51,0.51,280.81,4.67,belt_slip,warning
conveyor,1.17,5.45,37.14,1.36,175.26,3.08,none,running
conveyor,0.5,10.33,54.83,0.68,226.66,2.4,belt_slip,warning
conveyor,2.27,10.83,65.89,0.79,263.38,5.92,belt_slip,warning
conveyor,2.48,19.22,91.98,0.5,571.36,3.61,jam,fault
conveyor,1.77,6.13,54.12,1.32,187.96,6.67,belt_misalignment,warning
conveyor,2.59,7.73,52.07,1.45,189.41,4.8,roller_bearing_failure,warning
conveyor,1.06,9.97,47.66,0.83,219.74,5.32,belt_slip,running
conveyor,1.01,8.92,62.88,0.88,330.73,2.58,overload,warning
conveyor,0.74,5.98,41.67,1.38,159.84,1.2,none,running
conveyor,0.44,6.68,46.03,1.53,206.12,1.03,none,running
conveyor,2.76,6.65,58.77,1.38,344.62,12.18,belt_misalignment,fault
conveyor,2.48,20.74,74.39,0.33,447.72,7.09,jam,fault
conveyor,3.63,14.13,98.09,0.52,512.78,10.78,jam,fault
conveyor,3.46,12.24,96.09,1.47,163.08,3.77,gearbox_overheating,fault
conveyor,2.71,13.9,50.83,0.89,608.5,6.31,overload,fault
conveyor,1.39,13.39,85.39,1.37,191,5.96,gearbox_overheating,fault
conveyor,1.51,14.78,51.26,1.46,464.47,2.64,overload,fault
conveyor,3,10.78,101.39,1.3,307.61,2.69,gearbox_overheating,fault
conveyor,1.1,9.38,58.84,0.68,108.59,8.06,belt_slip,warning
conveyor,0.91,6.05,41.21,1.7,156.14,2.26,none,running
conveyor,0.9,5.24,45.83,1.64,177.65,4.13,none,running
conveyor,0.91,10.31,56.31,0.75,236.52,1.53,belt_slip,warning
conveyor,1.21,9.75,45.73,1.49,186.45,11.01,belt_misalignment,fault
conveyor,3.52,12.53,46.7,0.79,325.75,4.74,overload,warning
conveyor,3.45,7.1,46.88,1.62,123.46,5.68,roller_bearing_failure,warning
conveyor,2.24,12.15,76.57,1.15,301.9,5.34,overload,warning
conveyor,1.73,10.21,43.5,0.86,195.66,6.74,belt_slip,warning
conveyor,0.66,8.22,48.61,1.45,412.2,7.37,overload,fault
conveyor,0.87,12.01,78.99,0.9,507.06,1.1,overload,fault
conveyor,0.8,8.02,60.32,0.62,162.68,6.51,belt_slip,warning
conveyor,1.57,7.22,60.68,1.1,134.32,4.65,overload,running
conveyor,4.47,20.65,72.87,0.34,395.21,11.21,jam,fault
conveyor,1.02,9.56,100.26,1.2,346.14,5.35,gearbox_overheating,fault
conveyor,1.29,7.63,44.12,1.37,155.81,4.18,none,running
conveyor,3.35,8.46,52.39,1.54,190.32,6.73,belt_misalignment,warning
conveyor,1.78,10.4,52.5,0.66,165.79,5.12,belt_slip,warning
conveyor,1.55,12.29,64.04,1.14,179.54,4.69,gearbox_overheating,warning
conveyor,3.41,7.75,43.45,1.2,176.22,6.23,belt_misalignment,warning
conveyor,2.15,6.28,59.55,1.29,244.66,4.62,roller_bearing_failure,warning
conveyor,2.17,15.89,70.53,1.4,543.19,6.38,overload,fault
conveyor,2.96,8.31,44.51,1.59,203.71,4.82,roller_bearing_failure,warning
conveyor,1.3,7.04,44.28,1.63,181.05,2.89,none,running
conveyor,1.89,14.13,100.3,1.25,172.54,3.4,gearbox_overheating,fault
conveyor,1.65,10.86,52.72,1.07,270.29,7.92,belt_slip,warning
conveyor,3.28,20.69,84.94,0.43,294.04,7.22,jam,fault
conveyor,2.18,6.63,41.24,1.29,209.3,4.18,roller_bearing_failure,warning
conveyor,1.46,21.72,77.77,0.6,404.35,8.22,jam,fault
conveyor,1.35,7.59,65.3,1.66,186.53,2.99,gearbox_overheating,warning
conveyor,4.5,18.61,63.71,0.38,392.01,7.68,jam,fault
conveyor,1.1,5.67,46.23,1.53,215.96,2.97,none,running
conveyor,1.16,5.93,47.55,1.62,224.92,4.89,none,running
conveyor,3.74,16.62,78.81,0.34,273.79,4.2,jam,fault
conveyor,2.31,11.67,50.81,1.18,331.03,3.1,overload,warning
conveyor,1.26,15.12,58.61,1,341.65,7.67,overload,fault
conveyor,2.71,8.43,53.71,1.33,180.89,2.33,roller_bearing_failure,warning
conveyor,2.77,7.85,53.12,1.59,198.41,3.62,roller_bearing_failure,warning
conveyor,0.92,6.69,39.04,1.42,230.32,0.78,none,running
conveyor,4.11,12,95.24,0.14,354.35,4.89,jam,fault
conveyor,1.97,6.5,59.96,1.31,288.83,7.44,belt_misalignment,warning
conveyor,1.38,6.72,40.74,1.41,184.24,3.25,none,running
conveyor,1.97,8.84,58.9,1.21,158.72,3.75,roller_bearing_failure,running
conveyor,2.66,8.83,68.99,1.57,166.34,1.52,gearbox_overheating,warning
conveyor,2.19,16.15,59.77,0.35,328.73,7.06,jam,fault
conveyor,3.62,12.93,91.06,0.12,462.47,3.83,belt_slip,fault
conveyor,1.25,15.87,67.68,0.82,351.99,6.1,overload,fault
conveyor,1.26,11.82,77.13,1.29,441.67,1.95,overload,fault
conveyor,5.27,7.65,53.29,1.56,234.53,4.09,roller_bearing_failure,fault
conveyor,1.15,7.95,56.32,1.17,271.93,13.04,belt_misalignment,fault
conveyor,2.2,8.88,43.35,0.99,314.61,3.93,belt_slip,warning
conveyor,0.1,8.64,69.1,1.26,387.63,2.51,overload,fault
conveyor,0.44,9.27,57.61,1.16,300.57,1.96,overload,warning
conveyor,1.29,13.27,102.64,1.46,156.37,6.49,gearbox_overheating,fault
conveyor,1.23,6.93,51.47,1.19,232.09,11.06,belt_misalignment,fault
conveyor,1.97,15.35,72.12,0.83,345.45,2.13,overload,fault
conveyor,4.51,8.91,52.65,1.56,156.16,6.38,roller_bearing_failure,fault
conveyor,5.71,18.19,58.45,0.5,351.01,8.78,jam,fault
conveyor,3.14,10.96,64.89,1.12,233.37,8.78,belt_misalignment,warning
conveyor,2.06,10.11,57.55,1.32,196.27,10.14,belt_misalignment,fault
conveyor,1.75,12.52,53,1.03,264.11,3.16,belt_slip,warning
conveyor,2.41,12.51,63.7,1.19,364.37,6.35,overload,warning
conveyor,1.46,8.8,66.96,1.24,274.66,6.12,overload,warning
conveyor,1.63,9.62,48.97,1.42,371.63,2.02,overload,warning
conveyor,2.6,14.93,59.59,0.28,457.35,8.73,jam,fault
conveyor,3.5,12.13,66.67,1.18,172.07,2.31,gearbox_overheating,warning
conveyor,2.54,21.21,82.86,0.28,510.01,10.64,jam,fault
conveyor,1.17,9.72,64.03,1.36,202.77,4.23,gearbox_overheating,running
conveyor,2.29,16.55,85.21,0.11,467.72,6.09,jam,fault
conveyor,2.43,9.94,77.78,1.1,361.27,3.24,overload,warning
conveyor,1.25,11.13,56.12,1.27,477.72,7.32,overload,fault
conveyor,3.15,9.78,38,1.37,160.03,6.08,roller_bearing_failure,warning
conveyor,1.11,10.87,62.63,1.07,207.49,1.79,belt_slip,warning
conveyor,1.84,6.02,51.57,1.4,236.92,3.66,roller_bearing_failure,running
conveyor,1.53,13,77.32,0.82,361.33,4.64,overload,warning
conveyor,4.09,21.88,58.37,0.31,413.97,4.51,jam,fault
conveyor,2.49,9.38,54.01,1.58,249.14,10.92,belt_misalignment,fault
conveyor,1.84,10.26,60.82,0.95,115.84,3.59,belt_slip,warning
conveyor,2.74,14.48,81.11,0.27,489.29,8.98,jam,fault
conveyor,3.06,7.66,51.39,1.16,173.73,12.03,belt_misalignment,fault
conveyor,3.42,8.39,40.44,1.38,143.94,5.75,roller_bearing_failure,warning
conveyor,1.8,14.28,67.23,1.39,426.46,5.01,overload,fault
conveyor,3.9,8.09,43.25,1.65,186.52,3.45,roller_bearing_failure,warning
conveyor,1.43,13.83,61.24,1.33,368.88,3.66,overload,warning
conveyor,4.91,12.44,77.74,0.39,477.13,7.83,jam,fault
conveyor,3.01,6.06,38.56,1.57,243.61,1.7,roller_bearing_failure,warning
conveyor,0.91,6.25,47.75,1.53,188.3,0.55,none,running
conveyor,0.91,6.52,47.55,1.59,161.98,1.64,none,running
conveyor,0.77,10.8,58.78,0.77,135.62,4.56,belt_slip,warning
conveyor,0.7,9.24,63.23,1.09,247.89,12.96,belt_misalignment,fault
conveyor,1.68,18.29,69.64,0.17,254.4,5.32,jam,fault
conveyor,1.64,9.78,55.32,1.51,276.27,11.44,belt_misalignment,fault
conveyor,3.08,9.69,59.13,1.2,293.87,8.05,belt_misalignment,warning
conveyor,1.11,5.3,47.68,1.39,213.41,1.07,none,running
conveyor,0.62,7.06,50.47,1.52,275.79,0.69,none,running
conveyor,2.14,14.58,61.08,0.32,473.5,7.41,jam,fault
conveyor,0.96,6.54,49.78,1.63,187.38,2.28,none,running
conveyor,1.38,8.97,56.37,0.44,248.48,4.64,belt_slip,running
conveyor,0.77,7.19,48.1,1.58,230.79,1.21,none,running
conveyor,1.14,8.04,64.52,0.89,210.26,5.69,belt_slip,running
conveyor,0.72,7.38,48.14,1.44,160.67,3.91,none,running
conveyor,3.43,11.02,43.31,1.18,147.43,9.85,belt_misalignment,warning
conveyor,5.02,6.85,44.81,1.42,133.54,5.17,roller_bearing_failure,fault
conveyor,2.6,8.34,51.77,1.35,196.44,1.99,roller_bearing_failure,warning
conveyor,0.82,8.06,51.73,1.44,224.09,0.64,none,running
conveyor,0.43,13.74,89.66,1.12,235.69,3.17,gearbox_overheating,fault
conveyor,2.19,17.92,61.63,0.13,368.47,7.65,jam,fault
conveyor,0.86,11.59,54.39,1.14,329.8,6.29,overload,warning
conveyor,1.63,10.98,76.05,1.39,315.24,6.8,overload,warning
conveyor,3.05,9.75,46.55,0.79,204.23,3.52,belt_slip,warning
conveyor,5.07,17.45,95.14,0.57,317.97,10.74,jam,fault
conveyor,4.98,18.61,79.81,0.34,491.94,5.16,jam,fault
conveyor,1.4,9.56,60.89,0.72,205.26,5.62,belt_slip,running
conveyor,3.42,15.53,61.47,1.18,432.29,5.55,overload,fault
conveyor,0.57,10.58,73,1.16,241.61,4.09,gearbox_overheating,warning
conveyor,2.36,6.24,45.52,1.31,283.92,3.07,roller_bearing_failure,warning
conveyor,2.09,9.07,57.44,1.09,255.89,14.14,belt_misalignment,fault
conveyor,4.68,14.3,73.43,0.63,416.61,9.49,jam,fault
conveyor,1.89,9.07,105.13,1.37,302.56,6.72,gearbox_overheating,fault
conveyor,4.15,16.82,61.83,0.16,577.2,6.1,jam,fault
conveyor,0.95,10.53,105.7,1.33,206.05,5.69,gearbox_overheating,fault
conveyor,1.11,6.81,39.97,1.42,266.01,2.99,none,running
conveyor,3.43,20.75,57.86,0.49,286.15,4.55,gearbox_overheating,fault
conveyor,2.52,11.62,52.64,1.11,205.72,5.75,belt_slip,warning
conveyor,0.98,6.23,48.96,1.43,165.24,0.9,none,running
conveyor,1.11,12.61,82.06,1.47,289.19,1.61,gearbox_overheating,fault
conveyor,1.86,7.29,46.2,1.45,185.81,7.94,belt_misalignment,warning
conveyor,3.01,8.61,96.12,1.57,274.1,1.57,gearbox_overheating,fault
conveyor,1.1,5.44,44.59,1.54,197.69,2.8,none,running
conveyor,0.69,6.39,37.77,1.52,189.41,2.76,none,running
conveyor,4.02,8.96,61.17,1.55,129.07,6.68,roller_bearing_failure,fault
conveyor,1.87,12.97,49.08,1.19,284.24,3.76,overload,warning
conveyor,0.81,7.2,50.79,1.42,240.09,1,none,running
conveyor,2.62,7.52,56.7,1.07,197.65,6.7,belt_misalignment,warning
conveyor,2.61,9.15,75.26,1.19,411.39,6.82,overload,fault
conveyor,1.37,8.14,45.85,1.65,223.45,0.56,none,running
conveyor,2.85,9.19,76.9,1.18,226.89,5.68,overload,warning
conveyor,2.98,8.67,45.95,1.02,196.86,3.98,overload,warning
conveyor,5.03,13.27,88.22,0.6,433.89,11.2,jam,fault
conveyor,2.14,9.42,63.76,1.02,222.22,7.86,belt_slip,warning
conveyor,0.68,7.63,39.32,1.65,199.11,3.46,none,running
conveyor,3.38,8.83,98.42,1.53,275.76,2.59,gearbox_overheating,fault
conveyor,2.05,7.24,52.77,1.33,261.75,4.63,roller_bearing_failure,warning
conveyor,3.02,8.13,44.17,1.52,172.93,1.71,roller_bearing_failure,warning
conveyor,1.08,11.65,53.14,0.65,182.66,5.08,belt_slip,warning
conveyor,1.78,8.18,58.41,0.99,169.21,2.34,belt_slip,running
conveyor,1.45,9.88,74.49,1.24,332.35,3.79,gearbox_overheating,warning
conveyor,1.59,12.07,55.77,0.77,150.06,3.73,belt_slip,warning
conveyor,1.39,13.36,72.6,1.1,464.97,6.92,overload,fault
conveyor,1.36,11.93,50.6,0.72,225.19,6.37,belt_slip,warning
conveyor,1.75,11.11,63.1,1.45,300.52,11.53,belt_misalignment,fault
conveyor,1.49,7.39,50.98,1.36,231.35,4.02,roller_bearing_failure,running
conveyor,3.04,9.23,61.58,0.51,261.88,7.67,belt_slip,warning
conveyor,2.36,7.92,93.72,1.25,181.99,3.57,gearbox_overheating,fault
conveyor,3.1,7.97,37.97,1.48,175.8,5.85,roller_bearing_failure,warning
conveyor,5.4,6.06,56.94,1.28,154.71,4.25,roller_bearing_failure,fault
conveyor,1.28,7.82,68.61,1.58,214.72,4.53,gearbox_overheating,warning
conveyor,0.67,5.15,50.15,1.55,127.27,1.99,none,running
conveyor,1.1,5.93,40.52,1.66,267.92,3.73,none,running
conveyor,1.89,4.86,74.53,0.99,381.09,5.44,overload,fault
conveyor,2.29,10.92,77.59,1.55,216.67,4.17,gearbox_overheating,warning
conveyor,3.69,9.88,45.36,1.62,282.82,6.22,belt_misalignment,warning
conveyor,1.03,6.43,37.8,1.45,199.1,2.21,none,running
conveyor,1.87,11.16,62.82,1.19,392.91,3.1,overload,fault
conveyor,1.62,10.55,49.27,1.11,251.68,6.78,belt_slip,warning
conveyor,3.21,15.81,56.91,0.88,524.78,6.27,overload,fault
conveyor,1.16,12.72,62.1,1.07,239.53,6.22,overload,warning
conveyor,0.78,6.92,42.38,1.49,225.52,3.92,none,running
conveyor,3.02,7.35,51.91,1.49,125.68,2.68,roller_bearing_failure,warning
conveyor,2.83,8.39,51.95,1.39,279.67,7.85,belt_misalignment,warning
conveyor,2.71,11.95,71.5,1.5,448.97,6.18,overload,fault
conveyor,3.14,14.39,84.12,0,400.45,6.18,jam,fault
conveyor,2.02,9.02,96.77,1.21,336.94,5.44,gearbox_overheating,fault
conveyor,1.01,8.33,60.03,1.37,182.24,12.42,belt_misalignment,fault
conveyor,2.8,7.9,63.98,1.3,281.84,5.65,belt_misalignment,warning
conveyor,5.17,6.23,40.92,1.68,177.62,4.84,roller_bearing_failure,fault
conveyor,2.84,13.18,79.42,1.56,225.14,7.33,gearbox_overheating,warning
conveyor,2.08,10.08,51.52,1.19,276.05,10.38,belt_misalignment,fault
conveyor,2.01,9.53,69.29,1.46,286.84,5.2,gearbox_overheating,warning
conveyor,5.27,15.51,89.36,0.11,456.74,7.2,jam,fault
conveyor,4.43,7.55,40.22,1.37,173.34,4.33,roller_bearing_failure,fault
conveyor,1.06,9.28,58.68,1.2,204.47,13.84,belt_misalignment,fault
conveyor,1.98,15.51,90.57,0.66,616.09,10.79,jam,fault
conveyor,0.3,6.71,43.86,1.62,221.91,0.53,none,running
conveyor,2.08,8.41,59.48,1.58,244.46,4.67,roller_bearing_failure,warning
conveyor,2.64,10.04,101.91,1.43,259.09,4.38,gearbox_overheating,fault
conveyor,2.04,13.07,65.45,1.5,164,2.73,gearbox_overheating,warning
conveyor,2.75,10.54,55.33,1.19,292.16,9.29,belt_misalignment,warning
conveyor,1.97,8.61,54.56,1.54,237.92,3.24,roller_bearing_failure,running
conveyor,2.44,17.81,75.3,0.9,530.55,2.12,overload,fault
conveyor,1.77,10.91,45.47,1.37,246.44,6.27,belt_misalignment,warning
conveyor,1.35,13.74,45.34,0.63,117.76,7.16,belt_slip,warning
conveyor,1.3,10.52,43.89,1.01,167.46,7.05,overload,warning
conveyor,1.32,13.26,58.34,1.2,360.72,6.37,overload,warning
conveyor,2.71,8.74,39.03,1.29,222.56,3.72,roller_bearing_failure,warning
conveyor,1.14,10.02,88.08,1.55,235.28,3.46,gearbox_overheating,fault
conveyor,1.21,7.64,52.94,1.44,269.55,7.84,belt_misalignment,warning
conveyor,2.26,19.27,55.14,0.6,490.13,7.51,jam,fault
conveyor,3.08,20.23,62.65,0.6,354.89,4.08,jam,fault
conveyor,2.6,9.49,60.2,1.51,218.24,9.2,belt_misalignment,warning
conveyor,0.73,6.41,60.35,1.54,292.81,7.09,belt_misalignment,warning
conveyor,4.58,8.12,57.25,1.37,333.89,4.11,roller_bearing_failure,fault
conveyor,1,5.69,40.66,1.44,123.94,1.68,none,running
conveyor,0.95,7.64,43.04,0.56,208.87,3.49,belt_slip,running
conveyor,1.02,6.23,45.73,1.34,202.34,2.27,none,running
conveyor,4.46,15.87,82.16,0.06,347.28,7.54,jam,fault
conveyor,2.41,8.33,43.77,1.25,269.05,4.22,roller_bearing_failure,warning
conveyor,1.05,6.19,39.58,1.41,227.84,3.11,none,running
conveyor,2.4,21.57,61.43,0.12,448.17,11.24,jam,fault
conveyor,1.27,16.9,76.91,1.26,481.77,5.19,overload,fault
conveyor,2.48,20.98,74.44,1.07,497.14,5.68,overload,fault
conveyor,2,11.32,57.92,0.65,101.4,2.49,belt_slip,warning
conveyor,0.79,8.79,77.55,0.84,242.99,4.46,overload,warning
conveyor,3,18.92,89.5,0.03,330.48,3.43,jam,fault
conveyor,1.72,7.11,61.05,1.22,162.76,4.94,roller_bearing_failure,running
conveyor,2.52,8.56,58.63,1.34,241.32,7.1,belt_misalignment,warning
conveyor,1.46,10.59,70.31,1.5,299.06,3.62,gearbox_overheating,warning
conveyor,1.9,12.85,71.6,1.13,404.2,4.82,overload,fault
conveyor,3,11.26,95.11,1.18,162.87,5.47,gearbox_overheating,fault
conveyor,3.21,17.71,65.78,0.97,401.64,2.72,overload,fault
conveyor,0.89,6.7,35.01,1.34,182.72,0.4,none,running
conveyor,3.04,6.93,47.52,1.36,172.84,6.23,belt_misalignment,warning
conveyor,2.12,7.42,58.25,1.39,199.3,14.33,belt_misalignment,fault
conveyor,2.36,21.03,61.9,0.57,490.87,3.14,jam,fault
conveyor,1.03,7.24,49.92,1.33,150.12,1.56,none,running
conveyor,3.78,6.29,63.09,1.58,296.31,12.52,belt_misalignment,fault
conveyor,3.89,9.44,53.81,1.43,245.13,4.48,roller_bearing_failure,warning
conveyor,1.16,5.46,49.92,1.49,145.09,1.36,none,running
conveyor,1.43,9.73,58.84,0.78,298.96,6.34,belt_slip,warning
conveyor,1.62,11.89,71.67,0.96,360.86,4.66,overload,warning
conveyor,2.58,12.27,61.22,0.38,391.88,4.11,jam,fault
conveyor,1.47,6.93,60.18,1.62,172.86,14.69,belt_misalignment,fault
conveyor,2.28,11.93,64.49,0.53,344.44,2.05,belt_slip,warning
conveyor,4.38,17.13,84.93,0.58,650,8.14,jam,fault
conveyor,4.11,8.15,52.3,1.35,212.35,3.56,roller_bearing_failure,fault
conveyor,1.12,7.02,40.54,1.55,174.11,1.51,none,running
conveyor,1.79,9.43,46.62,1.58,285.88,11.48,belt_misalignment,fault
conveyor,2.51,10.63,52.84,1.43,230.38,10.71,belt_misalignment,fault
conveyor,4.36,5.8,54,1.4,163.96,5.14,roller_bearing_failure,fault
conveyor,3.88,11.85,80.52,1.31,333.59,1.87,gearbox_overheating,fault
conveyor,0.85,7.64,61.76,0.51,137,5.12,belt_slip,running
conveyor,2.69,16.18,81.52,0.28,315.24,2.6,belt_misalignment,fault
conveyor,1.89,8.01,105.92,1.51,311.96,1.45,gearbox_overheating,fault
conveyor,1.06,7.4,43.9,1.46,292.84,4.21,none,warning
conveyor,1.27,5.84,46.99,1.37,244.61,2.48,none,running
conveyor,1.73,7.5,58.47,1.47,268.97,13.62,belt_misalignment,fault
conveyor,2.91,13.25,85.65,0.41,250.39,6.89,jam,fault
conveyor,2.64,10.52,43.41,1.32,245.47,14.43,belt_misalignment,fault
conveyor,2.28,10.5,77.53,1.09,419.31,5.53,overload,fault
conveyor,3.8,16.57,85.22,0.67,526.45,8.87,jam,fault
conveyor,2.01,9.8,80.38,1.2,199.72,6.32,gearbox_overheating,fault
conveyor,2.19,9.61,56.53,1.35,399.64,4.6,overload,fault
conveyor,2.1,7.53,50.69,1.62,193.17,4.81,roller_bearing_failure,warning
conveyor,2,12.12,47.14,1.33,397.64,5.73,overload,fault
conveyor,2.25,8.11,60.45,0.93,148.5,3.01,belt_slip,warning
conveyor,2.45,11.44,42.35,0.48,217.77,5.12,belt_slip,warning
conveyor,1.26,10.23,44.87,1.38,172.26,10.1,belt_misalignment,fault
conveyor,1.24,12.42,86.8,1.21,284.66,6.04,gearbox_overheating,fault
conveyor,0.66,6.45,46.14,1.4,294.29,1.95,none,warning
conveyor,0.84,16.88,72.66,1.3,410.87,6.53,overload,fault
conveyor,1.51,14.23,46.23,0.93,273.67,2.45,overload,fault
conveyor,2.29,13.14,89.15,0.26,379.34,2.99,jam,fault
conveyor,2.28,11.9,81.68,0.38,397.21,4.72,jam,fault
conveyor,3.96,6.81,48.7,1.27,217.18,3.95,roller_bearing_failure,warning
conveyor,3.35,13.53,84,0.64,313.13,7.37,jam,fault
conveyor,1.21,8.7,66.32,0.54,264.17,2.09,belt_slip,warning
conveyor,0.79,8.64,55.48,0.91,271.58,5.27,overload,running
conveyor,1.45,10.5,61.79,1.28,306.84,4.31,overload,warning
conveyor,2.41,12.7,98.48,1.31,317.74,4.97,gearbox_overheating,fault
conveyor,3.22,17.94,66.15,1.24,589.03,4.59,overload,fault
conveyor,1.26,5.22,45.34,1.57,183.74,1.87,none,running
conveyor,3.51,11.28,49.73,1.25,295.09,12.43,belt_misalignment,fault
conveyor,1.73,11.11,58.37,1.21,168.7,7.08,belt_misalignment,warning
conveyor,1.25,6.34,48.51,1.51,184.97,1.73,none,running
conveyor,0.92,10.23,66.38,1.46,149.55,5.74,belt_misalignment,warning
conveyor,1.82,9.82,61.19,1.3,270.97,2.98,overload,running
conveyor,1.96,11.12,55.36,1.23,124.77,13.37,belt_misalignment,fault
conveyor,2.21,8.03,58.82,1.16,248.99,9.41,belt_misalignment,warning
conveyor,1.33,11.15,104.73,1.46,313.96,2.3,gearbox_overheating,fault
conveyor,1.63,12.86,44.49,0.99,192.86,7.88,belt_slip,warning
conveyor,2.17,17.6,60.09,0.17,516.07,5.16,jam,fault
conveyor,2.64,14.44,87.46,1.49,358.11,6.05,gearbox_overheating,fault
conveyor,0.73,6.65,46.65,1.66,222.08,1.79,none,running
conveyor,2.46,8.56,55.64,1.05,234.02,10.46,belt_misalignment,fault
conveyor,2.11,7.37,50.25,1.13,252.24,5.83,belt_slip,warning
conveyor,1.38,11.82,46.95,0.88,299.86,7.44,overload,warning
conveyor,2.61,11.9,86.56,1.34,232.05,4.19,gearbox_overheating,fault
conveyor,0.8,7.23,40.1,1.56,205.88,3.22,none,running
conveyor,3.89,6.38,47.74,1.63,186.82,5.85,roller_bearing_failure,warning
conveyor,1.55,13.73,111.96,1.46,319.17,5.8,gearbox_overheating,fault
conveyor,0.41,7.18,44.45,1.46,124.95,3.2,none,running
conveyor,2.46,6.24,59.05,1.54,182.29,9.65,belt_misalignment,warning
conveyor,4.25,13.64,69.61,0.49,369.26,7.45,jam,fault
conveyor,2.85,8.86,56.65,1.59,199.04,5.27,roller_bearing_failure,warning
conveyor,1.57,8.58,109.88,1.26,157.62,2.79,gearbox_overheating,fault
conveyor,2,12.53,66.53,0.67,443.57,10.53,roller_bearing_failure,fault
conveyor,1.16,12.9,44.74,0.98,263.51,3.46,belt_slip,warning
conveyor,2.37,15.08,54.54,1.29,416.04,5.62,overload,fault
conveyor,4.34,18.56,87.82,0.54,443.56,11,jam,fault
conveyor,2.43,12.98,51.32,0.56,181.68,3.96,belt_slip,warning
conveyor,3.47,9.68,58.11,1.48,155.72,4.24,roller_bearing_failure,warning
conveyor,1.24,11.29,52.89,0.64,197.03,2.42,belt_slip,warning
conveyor,1.24,7.62,58.23,0.93,121.42,5.26,belt_slip,running
conveyor,1.24,8.39,46.32,1.19,181.7,14.57,belt_misalignment,fault
conveyor,3.18,7.31,45.09,1.55,257.35,9.04,belt_misalignment,warning
conveyor,1.78,6.88,59.72,1.56,287.57,2.29,roller_bearing_failure,warning
conveyor,1.07,7.48,44.45,1.53,282.13,1.11,none,warning
conveyor,1.39,11.26,77.24,1.32,192.71,5.37,gearbox_overheating,warning
conveyor,2.66,11.21,44.2,0.64,240.95,2.17,belt_slip,warning
conveyor,1.05,12.64,54.35,0.94,151.63,8.36,belt_slip,warning
conveyor,1.93,17.86,60.83,0.88,478.24,2.67,overload,fault
conveyor,5,16.35,68.29,0.37,585.68,5.15,jam,fault
conveyor,2.66,6.87,84.4,1.18,298.25,3.12,gearbox_overheating,fault
conveyor,2.68,7.65,94.02,1.36,250,3.95,gearbox_overheating,fault
conveyor,1.21,6.7,44.74,1.7,218.68,1.99,none,running
conveyor,1.24,9.37,64.15,1.04,224.89,4.98,belt_slip,running
conveyor,1.32,9.82,46,1.22,196.7,6.89,belt_misalignment,warning
conveyor,2.45,9.3,52.21,1.1,320.99,12.45,belt_misalignment,fault
conveyor,1.75,11.15,51.1,1.52,262.84,10.9,belt_misalignment,fault
conveyor,2.58,8.35,41.41,1.34,184.02,1.92,roller_bearing_failure,warning
conveyor,1.94,10,64.31,1.44,180.01,6.28,belt_misalignment,warning
conveyor,2.4,9.2,50.44,1.52,224.23,2.85,roller_bearing_failure,warning
conveyor,4.54,16.4,69.86,0.12,495.65,5.96,jam,fault
conveyor,1.18,11.42,58.24,0.82,254.17,2.46,belt_slip,warning
conveyor,2.2,11.05,59.12,1.24,295.74,5.19,overload,warning
conveyor,2.22,5.55,44.18,1.49,122.41,3.25,roller_bearing_failure,warning
conveyor,4.17,9.06,55.76,1.32,204.02,5.87,roller_bearing_failure,fault
conveyor,3.01,8.13,42.7,1.09,208.86,6.75,roller_bearing_failure,warning
conveyor,1.92,8.53,100.76,1.57,251.1,3.09,gearbox_overheating,fault
conveyor,0.63,5.53,49.29,1.47,181.66,2.62,none,running
conveyor,2.58,12.07,95.17,1.59,217.33,1.68,gearbox_overheating,fault
conveyor,1.33,10.14,64.32,0.94,356.41,6.1,overload,warning
conveyor,5.55,8.43,52.73,1.65,216.71,4.59,roller_bearing_failure,fault
conveyor,1.99,7.97,48.03,1.38,170.03,3.23,roller_bearing_failure,running
conveyor,1.17,8.05,63.9,0.46,315.51,3.89,belt_slip,warning
conveyor,0.97,8.33,50.51,1.46,175.52,1.33,none,running
conveyor,1.44,6.59,61.53,1.45,164.58,5.64,roller_bearing_failure,running
conveyor,2.29,11.42,64.63,1.14,259.13,5.99,belt_slip,warning
conveyor,1.75,11.81,52.97,1.09,229.97,1.6,belt_slip,warning
conveyor,3.97,9.2,58.36,1.21,178.28,3.34,roller_bearing_failure,warning
conveyor,1.76,9.58,47.1,1.31,311.27,3.71,roller_bearing_failure,warning
conveyor,0.94,8.24,109.5,1.27,363.98,2.18,gearbox_overheating,fault
conveyor,2.32,10.22,108.97,1.19,312.04,3.78,gearbox_overheating,fault
conveyor,2.65,13.68,103.42,1.36,248.93,3.18,gearbox_overheating,fault
conveyor,2.39,7.68,49.9,1.45,190.48,11.68,belt_misalignment,fault
conveyor,1.87,10.01,62.32,0.61,281.13,5.07,belt_slip,warning
conveyor,2.48,11.78,49.53,0.61,146.94,7.22,belt_slip,warning
conveyor,2.73,9.69,45,1.48,156.51,9.1,belt_misalignment,warning
conveyor,2.02,13.5,106.4,1.56,239.62,5.03,gearbox_overheating,fault
conveyor,3.27,16.04,65.12,0.46,347.13,4.28,jam,fault
conveyor,2.19,7.52,51.86,1.25,286.08,12.21,belt_misalignment,fault
conveyor,5.39,15.81,73.39,0.23,518.94,7.49,jam,fault
conveyor,2.65,8.45,60.46,1.13,270.56,13.26,belt_slip,fault
conveyor,1.4,10.51,60.99,0.9,356.45,5.38,overload,warning
conveyor,1.96,11.95,48.75,0.64,181.6,5.21,belt_slip,warning
conveyor,3.56,19.32,62.43,0.61,414.96,7.44,jam,fault
conveyor,4.42,9.43,58.4,1.47,212.68,9.86,belt_misalignment,fault
conveyor,1.36,7.35,37.4,1.33,239.11,3.38,none,running
conveyor,4.9,8.16,43.51,1.4,154.13,4.08,roller_bearing_failure,fault
conveyor,2.31,15.2,75.02,0.63,307.52,6.69,jam,fault
conveyor,2.22,8.87,47.69,1.41,237.62,11.56,belt_misalignment,fault
conveyor,1.5,8.85,59.62,1.13,287.22,5.99,overload,warning
conveyor,3.69,9.58,43.56,1.33,188.6,4.46,roller_bearing_failure,warning
conveyor,3.81,15.46,61.43,0.12,602.69,11.21,jam,fault
conveyor,1.62,8.64,109.18,1.36,216.38,5.99,gearbox_overheating,fault
conveyor,2.12,17.37,70.85,0.08,371.66,5.08,jam,fault
conveyor,2.84,10.65,58.36,0.66,135.14,6.77,belt_slip,warning
conveyor,4.44,14.35,65.59,0.64,432.62,10.68,jam,fault
conveyor,2.32,7.43,110.17,1.33,393.23,4.65,gearbox_overheating,fault
conveyor,1.96,9.81,66,1.2,295.71,7.23,gearbox_overheating,warning
conveyor,3.4,8.91,59.83,1.26,130.95,11.43,belt_misalignment,fault
conveyor,2.61,16.01,64.94,0.63,511.81,7.35,jam,fault
conveyor,2.34,11.6,55.7,0.63,168.96,6.84,belt_slip,warning
conveyor,0.92,6.45,39.22,1.56,208.44,2.75,none,running
conveyor,4.38,15.01,81.61,0.63,523.87,6.88,jam,fault
conveyor,0.89,11.5,45.21,0.54,225.13,5.05,belt_slip,warning
conveyor,1.38,4.98,36.36,1.46,220.45,3.87,none,running
conveyor,1.05,7.6,57.48,1,154.79,6.5,belt_slip,warning
conveyor,1.96,13.41,78.57,1.56,305.11,4.66,gearbox_overheating,warning
conveyor,0.61,7.12,39.5,1.52,291.86,3.09,none,warning
conveyor,2.24,10.95,54.82,0.46,254.08,1.91,belt_slip,warning
conveyor,0.71,14.46,88.22,1.44,313.93,6.93,gearbox_overheating,fault
conveyor,3.39,14.79,74.15,0.24,476.73,4.7,jam,fault
conveyor,1.44,7.29,40.66,1.43,186.85,3.4,none,running
conveyor,5.99,19.93,83.17,0.17,398.07,8.91,jam,fault
conveyor,4.32,21.86,90.82,0.53,372.74,10.06,jam,fault
conveyor,2.05,8.75,63.71,1.66,169.41,6.93,gearbox_overheating,warning
conveyor,1.39,10.48,62.48,1.06,177.1,13.37,belt_misalignment,fault
conveyor,0.7,6.03,46.85,1.39,247.22,1.04,none,running
conveyor,2.67,11.32,58.6,1,209.59,2.58,belt_slip,warning
conveyor,1.96,13.68,71.96,0.92,365.08,7.31,overload,warning
conveyor,1.34,16.01,57.64,1.25,301.22,2.7,overload,fault
conveyor,2.92,12.92,63.54,0.65,107.19,5.56,belt_slip,warning
conveyor,1.97,21.1,64.86,0,456.46,11.58,belt_misalignment,fault
conveyor,3.08,11.94,54.04,0.79,330.65,7.09,overload,warning
conveyor,3.14,9.25,72.21,1.44,147.71,2.89,gearbox_overheating,warning
conveyor,2.38,10.48,90.79,1.34,242.93,4.68,gearbox_overheating,fault
conveyor,2.48,7.49,57.38,0.93,134,4.6,belt_slip,warning
conveyor,0.8,7.07,37.62,1.71,188.31,1.46,none,running
conveyor,2.55,6.79,53.22,1.5,272.3,1.48,roller_bearing_failure,warning
conveyor,2.24,13.41,73.61,0.3,503.7,10.01,jam,fault
conveyor,4.95,8.52,51.19,1.3,222.15,3.56,roller_bearing_failure,fault
conveyor,0.77,5.97,48.34,1.47,298.53,1.48,none,warning
conveyor,3.04,7.83,88.01,1.51,390.02,3.42,gearbox_overheating,fault
conveyor,5.68,15.94,60.69,0.56,390.38,5.52,jam,fault
conveyor,0.87,7.62,39.09,1.53,207.37,4.56,none,running
conveyor,4.28,9.12,49.95,1.75,247.76,6.62,roller_bearing_failure,fault
conveyor,2.83,19.88,71.83,0.6,523.58,3.92,jam,fault
conveyor,2.46,8.82,63.15,1.33,191.68,6.62,gearbox_overheating,warning
conveyor,1.78,7.99,55.81,1.45,175.64,5.17,roller_bearing_failure,running
conveyor,4.06,8.6,65.35,1.14,177.94,8.3,belt_misalignment,fault
conveyor,0.46,6.9,38.6,1.44,183.93,2.76,none,running
conveyor,5.3,18.07,58.23,0.22,494.12,4.7,none,fault
conveyor,2.27,17.72,94.49,0.2,326.24,11.41,jam,fault
conveyor,1.56,10.3,100.98,1.25,190.56,3,gearbox_overheating,fault
conveyor,1.77,6.88,49.02,1.6,182.23,9.58,belt_misalignment,warning
conveyor,4.8,9.4,55.27,1.23,174.17,3.22,roller_bearing_failure,fault
conveyor,3.42,7.76,61.01,1.14,253,14.4,belt_misalignment,fault
conveyor,1.67,13.54,58.95,1.12,379.81,2.74,overload,warning
conveyor,0.45,9.85,52.44,0.92,187.19,3.8,belt_slip,running
conveyor,2.13,12.7,44.02,0.71,165.24,2.83,belt_slip,warning
conveyor,2.9,7.09,42.55,1.29,224.83,1.37,roller_bearing_failure,warning
conveyor,1.09,5.64,51.06,1.27,166.75,4.12,none,running
conveyor,0.88,5.7,42.11,1.51,232.61,3.3,none,running
conveyor,1.96,9.95,62.03,1.34,388.43,7.58,overload,fault
conveyor,1.9,8.58,60.8,1.6,204.59,1.3,roller_bearing_failure,running
conveyor,1.64,21.25,64.47,0.29,418.03,7.85,jam,fault
conveyor,1.8,6.91,46.1,1.36,227.59,2.71,roller_bearing_failure,running
conveyor,1.52,17.77,66.97,0.4,351.56,9.29,jam,fault
conveyor,1.67,5.79,49.26,1.27,180.04,4.33,roller_bearing_failure,running
conveyor,1.28,8.84,104.47,1.57,241.95,4.97,gearbox_overheating,fault
conveyor,1.98,10.32,62.97,1.14,260.46,7.71,belt_slip,warning
conveyor,2.01,10.82,58.39,1.48,323.79,10.6,belt_misalignment,fault
conveyor,0.72,11.48,47.47,1.1,209.01,5.98,belt_slip,warning
conveyor,0.2,7.13,38.43,1.42,263.85,2.59,none,running
conveyor,3.54,7.48,69.71,1.24,164.16,5.41,roller_bearing_failure,warning
conveyor,1.48,15.5,71.26,0.98,434.06,3.72,overload,fault
conveyor,4.21,17.19,63.09,0.57,437.28,6.14,jam,fault
conveyor,2.01,16.43,73.91,0.39,650,7.19,jam,fault
conveyor,0.96,7.26,44.84,1.48,169.29,4.56,none,running
conveyor,1.54,5.43,58.24,1.25,230.5,2.89,roller_bearing_failure,running
conveyor,0.46,7.51,39.68,1.64,248.74,0.64,none,running
conveyor,2.83,8.53,51.81,0.41,128.46,3.6,belt_slip,warning
conveyor,3.07,7.54,47.46,1.65,156.45,4.07,roller_bearing_failure,warning
conveyor,2.57,19.07,86.89,0.09,540.95,7.49,jam,fault
conveyor,3.53,8.48,57.14,1.16,213.73,7.96,belt_misalignment,warning
conveyor,1.88,9.48,53.16,1.26,387.82,5.07,overload,fault
conveyor,1.91,21.57,76.67,0.06,513.91,4.18,jam,fault
conveyor,3.42,8.96,43.39,1.47,259.9,11.77,belt_misalignment,fault
conveyor,4.98,8.38,51.27,1.45,291.13,3.58,roller_bearing_failure,fault
conveyor,2.48,12.61,77.88,1.21,303.08,5.98,gearbox_overheating,warning
conveyor,2.55,6.57,56.4,0.69,153.63,3.62,belt_slip,warning
conveyor,4.88,7.24,44.7,1.32,151.87,5.14,roller_bearing_failure,fault
conveyor,3.46,7.49,55.61,1.3,244.03,5.36,roller_bearing_failure,warning
conveyor,1.76,10.15,85.99,1.33,219.83,5.81,gearbox_overheating,fault
conveyor,1.09,6.04,50.5,1.38,147.2,3.08,none,running
conveyor,0.96,7.56,44.77,1.62,294.83,4.35,none,warning
conveyor,3.5,16.01,94.51,0.19,531.88,3.9,jam,fault
conveyor,1.15,7.05,46.21,1.43,187.78,3.54,none,running
conveyor,1.27,5.64,48.01,1.47,180.36,1,none,running
conveyor,3.76,14.41,92.89,1.66,283.83,4.71,gearbox_overheating,fault
conveyor,3.5,16.68,87.98,0.44,600.31,5.48,jam,fault
conveyor,3.22,13.73,68.53,0.43,490.77,10.63,jam,fault
conveyor,0.84,6.89,49.68,1.43,170.14,2.61,none,running
conveyor,1.38,9.81,62.04,0.99,243.35,5.79,belt_slip,running
conveyor,2.41,8.1,54.07,1.38,161.82,5.55,roller_bearing_failure,warning
conveyor,1.22,6.19,42.45,1.61,175.81,3.02,none,running
conveyor,1.26,10.87,46.74,0.78,243.98,5.46,belt_slip,warning
conveyor,1.09,6.43,44.36,1.62,146.66,2.73,none,running
conveyor,3.83,20.37,81.43,0.03,415.68,8.37,belt_misalignment,fault
conveyor,1.32,6.27,49.09,1.4,172.63,13.64,belt_misalignment,fault
conveyor,1.65,11.74,70.7,1.43,176.38,3.16,gearbox_overheating,warning
conveyor,1.33,7.21,45.77,1.36,138.74,3.49,none,running
conveyor,4.37,8.04,50.18,1.55,196.29,4.62,roller_bearing_failure,fault
conveyor,1.86,9.77,55.58,1.28,200.88,12.49,belt_misalignment,fault
conveyor,0.95,7.33,55.82,1.29,286.33,2.95,overload,warning
conveyor,1.68,10.6,73.22,1.3,421.47,5.3,overload,fault
conveyor,2.55,14.28,67.59,0.41,650,8.55,jam,fault
conveyor,1.02,8.09,48.61,1.59,209.26,3.08,none,running
conveyor,3.73,20.7,87.65,0.41,650,7.28,jam,fault
conveyor,2.69,13.53,101.37,1.43,227.85,4.19,gearbox_overheating,fault
conveyor,4.56,16.75,54.96,0.18,650,9.92,jam,fault
conveyor,2.93,8.31,87.34,1.38,222.75,4.11,gearbox_overheating,fault
conveyor,1.61,8.09,65.03,0.78,166.7,7.67,belt_slip,warning
conveyor,2.18,7.1,49.96,0.8,251.02,7.34,belt_slip,warning
conveyor,2.17,19.57,47.49,1.41,536.72,4.88,overload,fault
conveyor,0.85,11.78,63.37,1.64,217.48,5.14,gearbox_overheating,warning
conveyor,1.38,14.22,48.93,1.01,459.97,4.11,overload,fault
conveyor,3.05,12.74,43.41,0.76,128.61,3.41,belt_slip,warning
conveyor,1.01,7.07,41.11,1.56,133.04,3.37,none,running
conveyor,2.33,6.64,59.04,1.49,162.92,5.53,roller_bearing_failure,warning
conveyor,0.74,5.9,48.17,1.61,159.83,3.16,none,running
conveyor,1.31,10.21,71.65,0.85,376.48,2.01,overload,warning
conveyor,0.69,7.58,45.94,1.48,308.26,1.35,none,warning
conveyor,4.01,16.64,80.78,0.56,434.53,4.09,jam,fault
conveyor,5.21,13.37,55.45,0.08,486.56,4.37,jam,fault
conveyor,4.15,15.7,93.82,0.49,388.85,5.67,jam,fault
conveyor,3.22,13.96,56.09,1.39,232.51,6.89,overload,warning
conveyor,2.02,10.03,108.13,1.34,200.09,3.73,gearbox_overheating,fault
conveyor,4.82,12.18,74.4,0.51,474.16,10.69,jam,fault
conveyor,1.23,6.53,48.72,1.46,193.15,1.91,none,running
conveyor,0.76,7.39,39.58,1.65,143.75,4.46,none,running
conveyor,3.43,7.87,48.01,1.42,303.97,6.77,roller_bearing_failure,warning
conveyor,1.63,7.81,102.91,1.48,308.36,1.34,gearbox_overheating,fault
conveyor,1.98,7.38,52.96,1.55,218.6,2.41,roller_bearing_failure,running
conveyor,0.45,8.54,68.34,1.37,336.66,7.3,overload,warning
conveyor,4.31,16.49,62.92,0.79,602.13,11.51,jam,fault
conveyor,2.13,8.7,78.72,1.51,221.79,3.66,gearbox_overheating,warning
conveyor,3.7,9.39,47.61,1.56,228.5,1.85,roller_bearing_failure,warning
conveyor,2.34,17.79,94.23,0.03,407.26,3.57,jam,fault
conveyor,1.91,17.15,64.98,0.87,325.51,6.49,overload,fault
conveyor,2.17,10.89,60.76,1.46,183.28,5.76,gearbox_overheating,warning
conveyor,0.88,5.42,42.79,1.72,249.7,2.38,none,running
conveyor,3.65,7.33,48.62,1.37,341.34,3.21,roller_bearing_failure,warning
conveyor,2.13,7.3,53.12,1.6,217.41,3.81,roller_bearing_failure,warning
conveyor,1.11,11.9,45.45,1.11,139.13,6.28,belt_slip,warning
conveyor,4.97,8.43,52.96,1.45,182.07,1.87,roller_bearing_failure,fault
conveyor,1.27,10.44,50.28,1.61,247.72,8.51,belt_misalignment,warning
conveyor,2.96,16.71,70.29,0.33,483.12,4.94,jam,fault
conveyor,2.34,9.82,52.93,1.17,193.52,7.21,belt_misalignment,warning
conveyor,2.55,19.09,73.26,0.22,454.35,12.35,jam,fault
conveyor,3.35,13.39,74.22,0.42,529.23,8.24,jam,fault
conveyor,1.04,6.41,42.64,1.51,191.6,2.14,none,running
conveyor,1.64,14.54,100.73,1.26,260.95,3.95,gearbox_overheating,fault
conveyor,3.09,10.29,46.28,1.25,269.38,12.8,belt_misalignment,fault
conveyor,1.65,20.33,57.65,0.9,464.76,4.26,overload,fault
conveyor,0.86,8.8,101.5,1.25,176.01,4.06,gearbox_overheating,fault
conveyor,4.04,17.18,76.06,0.55,583.62,11.98,jam,fault
conveyor,0.96,9.03,62.29,0.89,126.97,3.76,belt_slip,running
conveyor,3.56,5.59,48.46,1.32,274.54,5.59,roller_bearing_failure,warning
conveyor,2.02,7.2,41.8,1.31,235.82,4.42,roller_bearing_failure,warning
conveyor,2.31,7.29,59.48,1.22,218.91,3.1,roller_bearing_failure,warning
conveyor,1.84,6.6,62.07,1.16,239.62,6.34,belt_misalignment,warning
conveyor,1.45,10.16,77.12,1.01,428.26,5.85,overload,fault
conveyor,0.82,7.4,47.38,1.44,275.41,2.84,none,running
conveyor,1.03,10.92,55.79,1.12,243,15.61,belt_misalignment,fault
conveyor,3.16,10.21,60.63,1.15,259.31,7.59,belt_misalignment,warning
conveyor,3.84,7.85,42.86,1.5,222.5,4.5,roller_bearing_failure,warning
conveyor,4.78,21.52,70.78,0.51,390.37,9.96,jam,fault
conveyor,5.13,7.1,40.86,1.32,266.84,1.88,roller_bearing_failure,fault
conveyor,5.55,16.27,80.42,0.08,383.41,7.66,jam,fault
conveyor,2.95,7.68,65.02,1.32,164.5,9.22,belt_misalignment,warning
conveyor,4.95,17.29,65.05,0.71,650,3.32,jam,fault
conveyor,1.8,9.15,56.23,1.51,286.94,5.79,belt_misalignment,warning
conveyor,0.77,13.76,64.21,1.07,275.83,3.41,overload,warning
conveyor,3.22,8.64,62.86,1.06,154.18,7.55,belt_slip,warning
conveyor,0.86,5.67,48.13,1.61,242.24,4.36,none,running
conveyor,1.45,10.26,66.23,1.1,237.24,3.92,belt_slip,warning
conveyor,1.93,12.9,59.3,0.51,162.72,5.53,belt_slip,warning
conveyor,1.58,11.37,55.64,0.43,227.42,7.93,belt_slip,warning
conveyor,1.24,7.17,43.35,1.53,181.5,3.73,none,running
conveyor,1.28,13.54,65.7,1.59,338.67,5.07,gearbox_overheating,warning
conveyor,3.01,14.68,87.1,0.33,405.36,3.34,jam,fault
conveyor,1.79,9.87,65.67,1.12,189.96,7.72,belt_misalignment,warning
conveyor,0.83,7.44,58.54,1.11,120.55,7.49,belt_slip,warning
conveyor,1.38,10.36,60.15,1.05,191.89,5.21,belt_slip,warning
conveyor,2.06,19.38,70.47,0.36,622.99,9.76,jam,fault
conveyor,2.72,8.99,76.91,1.19,297.32,2.65,gearbox_overheating,warning
conveyor,1.61,6.97,53.61,1.59,297.65,4.5,roller_bearing_failure,warning
conveyor,1.14,6.99,43.1,1.45,124.36,1.69,none,running
conveyor,4.84,19.83,62.98,0.16,516.72,5.2,jam,fault
conveyor,2.23,8.1,56.68,1.41,274.38,10.43,belt_misalignment,fault
conveyor,2.45,13.84,86.95,1.49,202.1,3.62,gearbox_overheating,fault
conveyor,1.99,8.01,49.19,1.43,339.65,2.46,roller_bearing_failure,warning
conveyor,3.07,9.77,54.84,1.36,275.18,12.71,belt_misalignment,fault
conveyor,3.09,7.49,48.45,0.99,241.74,5.74,overload,warning
conveyor,2.14,9.79,62.62,1.58,313.97,8.7,belt_misalignment,warning
conveyor,4.5,6.3,44.96,1.32,203.89,4,roller_bearing_failure,fault
conveyor,6.09,17,79.28,0.39,400.44,10.51,jam,fault
conveyor,4.9,8.49,51.78,1.27,209.15,5.31,roller_bearing_failure,fault
conveyor,0.99,7.84,56.91,0.66,226.99,1.94,belt_slip,running
conveyor,2.08,9.1,58.85,1.42,193.76,5.67,belt_misalignment,warning
conveyor,2.23,8.17,49.95,1.24,229.94,13.95,belt_misalignment,fault
conveyor,0.84,7.54,47.92,1.64,276.21,3.18,none,running
conveyor,0.84,6.06,41.86,1.59,160.58,1.9,none,running
conveyor,2.92,18.69,68.02,0.12,353.13,4.84,jam,fault
conveyor,3.05,15.7,65.19,0.85,346.69,4.87,overload,fault
conveyor,4.15,13.91,59.61,0.34,502.61,5.41,belt_slip,fault
conveyor,1.12,5.3,42.56,1.56,275.42,4.86,none,running
conveyor,5.81,15.09,90.39,0.27,387.24,4.1,jam,fault
conveyor,1.93,7.79,57.87,0.63,279.42,2.48,belt_slip,running
conveyor,0.84,7.8,61.34,1.25,232.52,11.83,belt_misalignment,fault
conveyor,1.68,8.49,56.97,0.84,317.67,6.07,overload,warning
conveyor,3.45,8.83,59.51,1.35,160.61,3.12,roller_bearing_failure,warning
conveyor,2.9,7.88,75.22,1.57,321.41,4.99,gearbox_overheating,warning
conveyor,1.82,8.34,43.74,1.09,271.28,10.1,belt_misalignment,fault
conveyor,1.86,9.71,99.3,1.39,367.84,4.08,gearbox_overheating,fault
conveyor,5.15,14.82,91.51,0.28,338.49,11.95,jam,fault
conveyor,3.18,7.25,44.22,1.56,315.46,10.2,belt_misalignment,fault
conveyor,3.93,8.2,48.9,1.7,203.88,3.07,roller_bearing_failure,warning
conveyor,1.4,7,36.41,1.43,233.26,2.3,none,running
conveyor,3.93,8.73,47.93,1.35,155.36,5.78,roller_bearing_failure,warning
conveyor,2.68,8.78,51.21,1.16,150.39,9.54,belt_misalignment,warning
conveyor,1.16,12.91,53.92,1.02,512.73,4.99,overload,fault
conveyor,2.68,7.31,53.91,1.32,207.55,8.79,belt_misalignment,warning
conveyor,1.99,10.4,52.83,1.28,264.51,6.35,belt_misalignment,warning
conveyor,3.78,17.16,83.65,0.59,571.68,5.24,jam,fault
conveyor,2.2,11.36,58.21,1.24,346.6,7.37,overload,warning
conveyor,2.47,6.21,62.09,1.23,243.82,11.26,belt_misalignment,fault
conveyor,2.13,10.07,57.93,1.04,176.64,3.56,belt_slip,warning
conveyor,2.5,13.08,105.38,1.38,206.58,3.66,gearbox_overheating,fault
conveyor,3.66,8.38,47.5,1.65,249.49,4.39,roller_bearing_failure,warning
conveyor,3.13,10.67,40.66,1.09,233.1,8.9,belt_misalignment,warning
conveyor,3.7,9.1,43.88,1.15,215.85,13.73,belt_misalignment,fault
conveyor,1.35,7.27,80.02,1.29,340.84,3.06,gearbox_overheating,fault
conveyor,2.1,6.88,63.24,1.59,244.61,7.31,belt_misalignment,warning
conveyor,1.62,7.88,54.4,1.44,364.51,5.3,overload,warning
conveyor,1.74,12.2,60.41,0.83,450.04,3.6,overload,fault
conveyor,0.71,9.96,76.26,1.47,298.98,5.18,gearbox_overheating,warning
conveyor,3.5,8.82,58.99,1.51,150.64,13.22,belt_misalignment,fault
conveyor,1.71,10.61,64.67,1.11,180,3.73,belt_slip,warning
conveyor,2.9,10.82,56.5,0.97,282.58,7.62,belt_slip,warning
conveyor,4.79,6.53,44.77,1.6,173.08,4.7,roller_bearing_failure,fault
conveyor,1.29,6.8,40.15,1.47,165.16,3.77,none,running
conveyor,3.2,8.09,56.89,1.58,261.79,2.18,roller_bearing_failure,warning
conveyor,1.66,13.02,73.43,0.98,470.7,4.39,overload,fault
conveyor,2.71,8.62,50.44,0.9,275.68,6.15,belt_slip,warning
conveyor,1.89,6.49,45.08,1.49,215.36,7.14,belt_misalignment,warning
conveyor,1.62,10.73,54.28,1.58,160.26,14.53,belt_misalignment,fault
conveyor,1.04,5.07,40.77,1.64,183.63,0.6,none,running
conveyor,2.53,9.36,52.68,0.89,229.93,4.41,belt_slip,warning
conveyor,1.82,8.47,60.99,1.18,202.02,3.43,roller_bearing_failure,running
conveyor,2.78,5.95,48.89,1.67,207.53,4.68,roller_bearing_failure,warning
conveyor,1.61,8.29,58.81,0.69,247.48,4.79,belt_slip,running
conveyor,2.63,6.77,64.33,0.52,169.98,5.15,belt_slip,warning
conveyor,5.78,17.25,66.43,0,529.44,10.55,jam,fault
conveyor,0.76,12.05,44.46,0.52,231.66,3.18,belt_slip,warning
conveyor,3.47,6.17,52.89,1.06,282.1,8.38,belt_misalignment,warning
conveyor,5.6,14.27,93.79,0.19,357.68,3.3,jam,fault
conveyor,2.53,9.7,46.25,1.28,195.66,9.25,belt_misalignment,warning
conveyor,3.08,12.68,75.18,0.97,491.95,6.53,overload,fault
conveyor,2.27,11.91,92.4,1.23,287.31,2.59,gearbox_overheating,fault
conveyor,0.86,6.71,41.94,1.4,122.61,3.99,none,running
conveyor,1.36,9.29,96.32,1.37,304.92,2.09,gearbox_overheating,fault
conveyor,2.6,8.35,48.75,1.32,330.28,3.32,overload,warning
conveyor,3.05,6.2,46.46,1.27,237.29,6.27,belt_misalignment,warning
conveyor,4.87,18.52,94.1,0.2,646.01,5.37,jam,fault
conveyor,1.12,5.65,49.86,1.43,164.34,3.83,none,running
conveyor,5.29,17.33,85.49,0.6,455.45,6.19,jam,fault
conveyor,4.95,19.34,68.19,0.22,486.42,4.08,jam,fault
conveyor,1.44,13.45,59.85,0.51,223.23,2.26,belt_slip,warning
conveyor,2.26,8.56,64.31,1.53,262.83,4.24,gearbox_overheating,warning
conveyor,2.16,7.93,58.82,0.99,147.46,4.74,belt_slip,warning
conveyor,1.65,12.46,59.36,0.44,178.79,3.84,belt_slip,warning
conveyor,4.36,21.39,55.76,0.29,552.3,3.44,jam,fault
conveyor,2.32,9.61,48.86,1.64,140.03,5.03,roller_bearing_failure,warning
conveyor,3.79,20.13,81.35,0.5,474.71,4.24,jam,fault
conveyor,0.68,9.88,52.04,1.23,282.46,8.56,belt_misalignment,warning
conveyor,1.77,8.96,71.51,1.3,405.51,3.68,gearbox_overheating,fault
conveyor,2.21,11.2,54.73,0.57,145.8,3.35,belt_slip,warning
conveyor,0.7,5.74,44.77,1.29,221.4,2.22,none,running
conveyor,3.06,7.21,61.53,1.54,232.26,3.72,roller_bearing_failure,warning
conveyor,1.85,11.98,91.84,1.62,232.46,5.35,gearbox_overheating,fault
conveyor,2.38,12.46,81.64,0.64,442.89,12.03,gearbox_overheating,fault
conveyor,1.23,11.69,51.1,1.29,424.93,4.52,overload,fault
conveyor,1.72,7.48,66.12,1.52,206.37,7.64,belt_misalignment,warning
conveyor,1.75,6.47,58.09,1.51,168.71,4.03,roller_bearing_failure,running
conveyor,2.25,9.37,85.05,1.57,291,4.31,gearbox_overheating,fault
conveyor,2.36,11.79,44.58,0.68,339.11,2.43,belt_slip,warning
conveyor,1.05,8.32,62.65,1.17,250.37,6.89,belt_misalignment,warning
conveyor,2.02,7.5,61.11,1.06,193.98,4.09,belt_slip,warning
conveyor,4.29,22.08,58.61,0.16,418.64,4.02,jam,fault
conveyor,0.9,5.64,55.76,1.03,282.78,4.34,overload,warning
conveyor,3.68,14.11,61.4,0.2,376.48,5.57,jam,fault
conveyor,4.89,20.72,69.65,0.6,650,7.38,jam,fault
conveyor,2.68,13.96,92.33,1.38,280.36,5.07,gearbox_overheating,fault
conveyor,1.95,10.22,47,1.39,118.18,8.18,belt_misalignment,warning
conveyor,0.82,5.5,48.77,1.57,128.49,3.33,none,running
conveyor,1.1,13.42,65.78,1.22,470.26,2.31,overload,fault
conveyor,3.38,13.04,42.19,0.97,208.93,5.76,belt_slip,warning
conveyor,0.79,7.04,38.79,1.64,230.54,3.01,none,running
conveyor,1.93,11.8,107.12,1.45,208,4.12,gearbox_overheating,fault
conveyor,1.79,11,72.66,1.09,451.02,2.25,overload,fault
conveyor,2.24,18.2,79.26,0.07,551.36,5.28,jam,fault
conveyor,3.5,6.79,45.56,1.3,194.77,2.72,roller_bearing_failure,warning
conveyor,2.64,8.01,62.27,1.52,262.74,12.15,belt_misalignment,fault
conveyor,3.65,6.8,91.09,1.54,189.29,4.05,gearbox_overheating,fault
conveyor,2.34,13.78,62,1.35,220.7,5.93,gearbox_overheating,warning
conveyor,2.38,21,75.94,0.6,319.35,6.73,jam,fault
conveyor,2.96,8.99,58.07,1.32,137.66,12.3,belt_misalignment,fault
conveyor,1.76,7.08,62.15,1.05,123.01,2.47,belt_slip,running
conveyor,2.4,18.14,85.08,0.34,485.45,2.86,jam,fault
conveyor,5.39,15.82,90.39,0.41,392.96,4.86,jam,fault
conveyor,3.48,7.81,53.85,1.38,218.56,4.71,roller_bearing_failure,warning
conveyor,2.36,7.52,56.89,0.5,271.59,7.36,belt_slip,warning
conveyor,2.55,16.96,60.94,0.48,441.76,7.61,jam,fault
conveyor,1.74,8.22,45.11,1.27,164.06,6.4,roller_bearing_failure,warning
conveyor,3.27,7.22,47.52,1.54,287.18,6.03,roller_bearing_failure,warning
conveyor,1.86,14.16,80.73,1.37,235.9,2.34,gearbox_overheating,fault
conveyor,0.75,6.44,46.48,1.45,221.7,0.97,none,running
conveyor,5.62,7.36,49.78,1.44,234.57,2.99,roller_bearing_failure,fault
conveyor,2.17,9.18,67.43,1.46,391.15,2.75,gearbox_overheating,fault
conveyor,2.6,12.79,58.48,0.58,187.39,7.68,belt_slip,warning
conveyor,0.9,6.47,40.67,1.35,129.99,1.75,none,running
conveyor,2.97,9.45,46.33,1.46,314.37,10.49,belt_misalignment,fault
conveyor,2.06,7.63,50.69,1.29,266.74,14.72,belt_misalignment,fault
conveyor,0.74,8.03,55.69,0.84,226.02,4.28,belt_slip,running
conveyor,1,5.73,45.98,1.5,180.14,2.55,none,running
conveyor,2.87,11.41,79.03,1.37,396.52,2.22,overload,fault
conveyor,1.91,12.66,51.6,0.48,251.03,3.39,belt_slip,warning
conveyor,3.98,18.85,94.45,0.36,411.83,8.93,jam,fault
conveyor,5.68,12.51,83.77,0.28,429.29,6.23,jam,fault
conveyor,2.26,15.35,66.29,0.83,499.77,5.76,overload,fault
conveyor,1.19,7.05,52.36,1.62,238.97,3.56,none,running
conveyor,1.81,11.43,71.25,1.62,389.07,4.59,gearbox_overheating,fault
conveyor,1.61,11.97,56.54,1.14,392.63,3.23,overload,fault
conveyor,1.04,11.41,50.19,0.89,218.36,3.88,belt_slip,warning
conveyor,2.08,11.82,65.86,0.67,210.18,7.94,belt_slip,warning
conveyor,1.82,13.71,55.86,0.85,183.4,7.14,belt_slip,warning
conveyor,1.03,8.35,72.7,1.65,301.78,4.03,gearbox_overheating,warning
conveyor,2.97,13.88,97.16,1.25,329.54,2.08,gearbox_overheating,fault
conveyor,1.7,17.82,93.98,0.29,465.74,9.83,jam,fault
conveyor,2.47,20.44,68.94,0,433.82,4.1,jam,fault
conveyor,3.11,4.92,47.38,1.57,329.6,3.22,roller_bearing_failure,warning
conveyor,2.25,14.36,50.55,1.12,211.12,5.22,overload,fault
conveyor,2.25,8.56,72.34,1.32,291.8,2.54,overload,warning
conveyor,0.55,6.96,50.87,1.52,239.22,11.57,belt_misalignment,fault
conveyor,1.43,7.86,39.18,1.61,163.89,1.8,none,running
conveyor,3.11,9.25,49.84,1.3,161.75,1.87,roller_bearing_failure,warning
conveyor,2.68,11.74,59.96,0.54,316.5,7.03,belt_slip,warning
conveyor,1.24,12.17,69.24,1.43,170.01,4.44,gearbox_overheating,warning
conveyor,0.83,5.24,51.63,1.4,137.06,0.49,none,running
conveyor,4.77,20.9,79.26,0.44,387.84,7.9,jam,fault
conveyor,0.91,6.76,44.98,1.53,213.61,1.55,none,running
conveyor,2.93,11.85,53.6,1.14,444.57,6.68,overload,fault
conveyor,2.89,11.31,44.1,0.88,192.81,1.78,belt_slip,warning
conveyor,3.93,12.85,60.79,0.44,278.01,5.44,jam,warning
conveyor,1.41,9.04,62.18,1.3,185.43,11,belt_misalignment,fault
conveyor,2.16,13.63,46.46,0.64,285.09,3.86,belt_slip,warning
conveyor,1.19,11.16,87.79,1.34,309.07,4.77,gearbox_overheating,fault
conveyor,1.65,7.5,65.59,0.67,275.07,5.87,belt_slip,warning
conveyor,1.51,10.93,59.7,0.75,394.33,3.46,overload,fault
conveyor,1.6,13.81,94.02,1.18,204.68,2.96,gearbox_overheating,fault
conveyor,2.7,20.13,87.7,0.52,561.12,7.76,jam,fault
conveyor,2.65,13.94,50.97,1.38,507.91,3.25,overload,fault
conveyor,1.02,13.09,68.26,1.33,338.97,4.51,overload,warning
conveyor,1.97,9.99,62.66,1.2,155.21,5.75,belt_misalignment,running
conveyor,2.53,12.34,67.9,0.12,530.34,6.76,jam,fault
conveyor,3.33,8.92,54.37,1.65,227.02,3.11,roller_bearing_failure,warning
conveyor,3.6,7.84,53.62,1.34,147.25,14.41,belt_misalignment,fault
conveyor,3.11,10.25,47.63,1.48,165.25,8.44,belt_misalignment,warning
conveyor,1.79,6.93,38.52,1.69,216.93,6.11,roller_bearing_failure,warning
conveyor,2.75,20.9,60.64,0.36,650,5.3,jam,fault
conveyor,2.75,10.01,60.71,0.84,260.98,3.28,belt_slip,warning
conveyor,1.59,12.85,90.31,1.27,186.74,2.05,gearbox_overheating,fault
conveyor,2.43,11.88,73.14,1.18,271.95,2.31,gearbox_overheating,warning
conveyor,1,6.58,44.12,1.41,234.32,4.09,none,running
conveyor,5.29,16.35,65.47,0.24,356.49,11.7,none,fault
conveyor,1.69,7.61,58.93,1.22,200.9,13.16,belt_misalignment,fault
conveyor,3.84,15.53,55.99,0.11,479.87,6.25,jam,fault
conveyor,4.5,6.83,42.22,1.35,189.27,3.93,roller_bearing_failure,fault
conveyor,1.29,7.84,60.43,0.44,283.1,4.61,belt_slip,warning
conveyor,1.79,12.75,59.24,0.88,256.41,7.62,belt_slip,warning
conveyor,3.54,15.89,97.73,0.31,322.79,4.66,jam,fault
conveyor,3.04,12.29,69.44,0.11,390.05,4.54,jam,fault
conveyor,2.05,13.51,77.99,1.25,200.14,6.9,gearbox_overheating,warning
conveyor,1.35,20.95,75.62,0.6,454.39,3.65,jam,fault
conveyor,0.74,5.54,47.26,1.7,232.57,2.44,none,running
conveyor,1.4,18.77,56.26,1.39,438.88,7.5,overload,fault
conveyor,0.99,7.59,42.59,1.69,154.02,4.91,none,running
conveyor,2.38,7.85,48.35,1.58,250.6,2.68,roller_bearing_failure,warning
conveyor,1.2,5.63,44.59,1.33,277.56,0.81,none,running
conveyor,2.61,9.44,57.1,1.53,186.87,10.79,belt_misalignment,fault
conveyor,1.05,6.79,43.36,1.45,183.32,3.18,none,running
conveyor,1.37,14,70.8,1.07,410.26,3.44,overload,fault
conveyor,1.87,11.4,65.78,0.51,194.36,3.77,belt_slip,warning
conveyor,1.85,11.42,68.12,1.32,291.15,4.72,gearbox_overheating,warning
conveyor,1.84,11.7,96.87,1.36,197.03,1.61,gearbox_overheating,fault
conveyor,3.06,15.08,58.03,0.35,510.41,8.97,jam,fault
conveyor,2.22,9.19,50.56,1.29,461.64,2.03,overload,fault
conveyor,2.69,10.35,51.63,1.05,258.68,4.93,belt_slip,warning
conveyor,1.46,11.44,52.42,0.78,257.24,2.83,belt_slip,warning
conveyor,2.66,5.75,52.01,1.62,228.3,4.98,roller_bearing_failure,warning
conveyor,2.07,17.89,74.45,0.15,568.65,3.56,jam,fault
conveyor,1.95,10.02,64.86,1.1,174.22,6.29,belt_misalignment,warning
conveyor,3.84,7.51,40.82,1.19,193.36,12.5,belt_misalignment,fault
conveyor,1.82,9.22,73.57,0.88,397.08,6.02,overload,fault
conveyor,1.1,11.36,55.81,0.69,175.65,2.98,belt_slip,warning
conveyor,4.39,8.83,40.74,1.3,269.33,2.05,roller_bearing_failure,fault
conveyor,4.74,5.63,48.87,1.58,189.65,3.6,roller_bearing_failure,fault
conveyor,3.12,11.95,50.21,0.52,243.66,2.61,belt_slip,warning
conveyor,5.7,7.12,52.09,1.61,176.51,4.88,roller_bearing_failure,fault
conveyor,3.36,9.72,55.05,0.59,264.79,8.21,belt_slip,warning
conveyor,3.01,16.44,58.94,1.2,487.05,6.21,overload,fault
conveyor,2.38,12.91,87,0.42,447.14,3.94,jam,fault
conveyor,1.16,7.43,48.82,1.45,130.74,1.81,none,running
conveyor,0.91,8.51,41.43,1.55,199.72,6.08,roller_bearing_failure,warning
conveyor,3.35,7.44,59.73,1.55,186.81,13.73,belt_misalignment,fault
conveyor,2.72,14.48,62.6,1.34,457.13,5.79,overload,fault
conveyor,2.17,11.25,63.43,0.85,166.58,7.49,belt_slip,warning
conveyor,5.17,8.12,44.2,1.64,265.56,4.43,roller_bearing_failure,fault
conveyor,4.84,19.64,86.72,0.67,411.81,7.14,jam,fault
conveyor,2.73,6.72,48.87,1.45,266.62,1.79,roller_bearing_failure,warning
conveyor,1.08,9.23,71.73,1.33,184.31,6.59,gearbox_overheating,warning
conveyor,1.87,10.62,64.59,0.71,151.36,5.05,belt_slip,warning
conveyor,3.12,14.68,71.32,0.51,478.65,11.47,jam,fault
conveyor,3.21,7,61.64,1.57,195.65,5.69,roller_bearing_failure,warning
conveyor,2.63,10.62,52.32,1.41,388.88,3.94,overload,fault
conveyor,3,21.71,83.84,0.58,231.26,7.36,jam,fault
conveyor,1.53,12.16,54.98,0.98,169.79,2.01,belt_slip,warning
conveyor,2.26,11.01,70.33,1.01,333.23,7.53,overload,warning
conveyor,2.88,10.47,60.37,1.38,228.16,14.65,belt_misalignment,fault
conveyor,1.74,12.37,59.2,0.47,395.01,4,jam,fault
conveyor,4.12,7.15,59.6,1.31,175.92,5.45,belt_misalignment,fault
conveyor,3.5,8.07,43.02,1.41,208.74,4.63,roller_bearing_failure,warning
conveyor,3.57,10.37,51.32,1.42,147.55,10.75,belt_misalignment,fault
conveyor,1.29,7.18,90.3,1.17,269.79,3.43,gearbox_overheating,fault
conveyor,2.77,11.98,55.48,1.02,229.68,6.98,belt_slip,warning
conveyor,4.41,8.17,55.47,1.64,222.11,3.88,roller_bearing_failure,fault
conveyor,2.2,8.89,66.4,0.77,237.41,3.26,belt_slip,warning
conveyor,1.94,9.27,46.67,1.23,136.44,11.71,belt_misalignment,fault
conveyor,1.34,8.88,52.97,0.53,241.48,6.96,belt_slip,warning
conveyor,1.42,16.8,56.64,1.06,487.79,2.24,overload,fault
conveyor,1.32,10.81,61.64,1,555.39,5.38,overload,fault
conveyor,1.88,14.11,65.85,0.82,410.61,5.89,overload,fault
conveyor,2.2,7.4,41.57,0.46,220.41,2.44,belt_slip,warning
conveyor,2.82,13.26,63.38,0.2,406.39,4.56,jam,fault
conveyor,1.43,7.53,53.21,0.44,117.21,3.86,belt_slip,running
conveyor,1.98,7.25,56.87,1.57,189.87,3.43,roller_bearing_failure,running
conveyor,5.67,18.48,83.74,0.58,419.61,6.62,jam,fault
conveyor,1.62,6.23,59.05,1.61,199.04,7.8,belt_misalignment,warning
conveyor,4.14,15.24,93.18,0.22,386.32,2.84,jam,fault
conveyor,2.13,11.61,55.15,0.71,72.92,9.25,belt_slip,warning
conveyor,0.1,14.18,90.46,1.33,247.9,3.23,gearbox_overheating,fault
conveyor,5.17,17.71,75.71,0,418.84,5.5,jam,fault
conveyor,5.39,14.11,89.58,0.19,380.99,11.29,jam,fault
conveyor,4.45,12.77,69.28,0.1,383.85,3,jam,fault
conveyor,1.11,5.51,38.13,1.52,213.57,3.11,none,running
conveyor,0.4,9.99,64.38,1.08,156.88,11.17,belt_misalignment,fault
conveyor,0.94,5.43,40.41,1.52,187.61,3.55,none,running
conveyor,2.91,13.16,59.89,0.87,200.9,2.77,belt_slip,warning
conveyor,3.5,15.09,93.77,0.59,613.33,9.85,jam,fault
conveyor,1.88,7.05,62.45,1.09,156.51,1.64,belt_slip,running
conveyor,1.25,19.92,67.24,1.01,475.56,5.79,overload,fault
conveyor,1.96,12.87,67.02,1.31,303.19,7.94,overload,warning
conveyor,0.87,7.6,105.33,1.2,192.76,4.61,gearbox_overheating,fault
conveyor,1,12.37,57.9,0.81,471.43,2.86,overload,fault
conveyor,5.03,7.52,58.41,1.29,257.81,4.56,roller_bearing_failure,fault
conveyor,2.71,11.13,54.15,1.1,239.01,7.48,belt_slip,warning
conveyor,0.61,7.09,41.95,1.39,147.51,2.76,none,running
conveyor,1.91,11.22,71.42,1.22,426.74,6.1,overload,fault
conveyor,3.76,18.32,74.5,0,567.51,8.02,jam,fault
conveyor,2.76,12.71,91.94,1.41,281.56,5.71,gearbox_overheating,fault
conveyor,1.03,7.21,37.51,1.42,219.99,1.94,none,running
conveyor,0.79,5.74,37.78,1.49,207.84,4.58,none,running
conveyor,1.99,9,47.76,1.36,155.82,6.53,roller_bearing_failure,warning
conveyor,2.72,13.08,91.7,1.38,284.24,3.79,gearbox_overheating,fault
conveyor,2.02,11.64,46.64,0.79,138.03,2.14,belt_slip,warning
conveyor,3.17,13.35,68.69,0.32,310.97,7.09,jam,warning
conveyor,1.82,12.68,80.97,1.31,377.54,6.91,gearbox_overheating,fault
conveyor,1.64,8.13,50.32,1.23,201.34,2.8,roller_bearing_failure,running
conveyor,2.88,10.62,50.9,1.21,163.48,6.9,belt_misalignment,warning
conveyor,0.61,7.95,48.71,1.4,182.43,0.77,none,running
conveyor,1.12,8.66,44.71,0.96,221.83,6,belt_slip,running
conveyor,1.77,7.37,59.94,1.35,169.55,5.72,roller_bearing_failure,running
conveyor,1.26,6.7,57.08,1.41,158.57,7.89,belt_misalignment,warning
conveyor,2.35,17.4,58.13,1.35,509.9,3.42,overload,fault
conveyor,2.54,8.13,56.97,1.49,299.67,10.76,belt_misalignment,fault
conveyor,1.61,7.57,84.65,1.5,366.36,6.93,gearbox_overheating,fault
conveyor,1.44,11.1,71.99,1.02,417.89,2.75,overload,fault
conveyor,2.23,17.77,60.88,0.85,497.06,2.53,overload,fault
conveyor,2.23,12.91,91.38,1.21,283.04,6.65,gearbox_overheating,fault
conveyor,3.11,7.63,39.5,1.39,226.98,2.51,roller_bearing_failure,warning
conveyor,2.09,10.55,48.69,1.2,338.11,12.94,belt_misalignment,fault
conveyor,3.08,6.01,44.05,1.33,241.81,5.86,roller_bearing_failure,warning
conveyor,3.43,7.42,48.89,1.41,266.91,4.69,roller_bearing_failure,warning
conveyor,3.53,10.16,50.27,1.5,291.4,11.09,belt_misalignment,fault
conveyor,1.61,16.87,68.33,1.03,292.68,3.52,overload,fault
conveyor,2.24,14.72,60.75,0.49,481.02,4.45,jam,fault
conveyor,1.83,7.15,43.54,1.55,211.28,5.34,belt_misalignment,running
conveyor,5.16,18.59,72.25,0.25,422.35,9.45,jam,fault
conveyor,1.7,10.34,50.84,0.51,190.47,5.7,belt_slip,warning
conveyor,2.26,7.64,67.48,0.82,266.14,6.64,belt_slip,warning
conveyor,1.43,10.21,47.09,1.16,228.4,14.08,belt_misalignment,fault
conveyor,2.73,12.79,59.1,0.26,379.84,10.86,jam,fault
conveyor,2.08,10.76,75.88,1.27,254.94,6.04,gearbox_overheating,warning
conveyor,1.79,16.2,61.08,0.9,346.67,4.32,overload,fault
conveyor,2.21,6.35,41.36,1.31,185.57,5,roller_bearing_failure,warning
conveyor,2.43,7.91,58.7,1.46,246,5.63,roller_bearing_failure,warning
conveyor,3.79,7.24,48.29,1.37,197.61,5.97,roller_bearing_failure,warning
conveyor,2.88,14.98,76.24,0.79,372.33,6.26,overload,fault
conveyor,2.02,11.85,101.26,1.57,177.45,5.34,gearbox_overheating,fault
conveyor,5.28,8.77,56.68,1.27,171.41,3.39,roller_bearing_failure,fault
conveyor,3.21,18.31,61.05,0.99,504.15,6.94,overload,fault
conveyor,0.54,9.36,48.84,1.11,160.81,12.5,belt_misalignment,fault
conveyor,3.96,6.87,56.76,1.29,186.34,13.51,belt_misalignment,fault
conveyor,1.01,8.11,49.92,1.68,195.85,1.3,none,running
conveyor,3.03,14.83,69.06,1.17,383.06,3.24,overload,fault
conveyor,2.38,8.41,96.09,1.59,175.83,4.25,gearbox_overheating,fault
conveyor,2.42,6.2,46.41,1.55,151.53,3.52,roller_bearing_failure,warning
conveyor,4.12,8.94,44.26,1.4,204.99,4.66,roller_bearing_failure,fault
conveyor,3.21,9.41,45.57,1.42,263.62,1.88,roller_bearing_failure,warning
conveyor,1.17,14.42,75.75,0.93,309.83,3.9,overload,fault
conveyor,3.19,20.85,59.87,0.45,533.81,4.16,jam,fault
conveyor,2.12,6.98,45.72,1.57,242.98,8.45,belt_misalignment,warning
conveyor,0.74,10.46,55.42,1.31,305.96,14.88,belt_misalignment,fault
conveyor,0.91,6.87,44.7,1.73,221.85,3.11,none,running
conveyor,0.93,5.64,37.3,1.39,155.33,2.31,none,running
conveyor,1.24,12.05,50.65,1.45,508.04,4.31,overload,fault
conveyor,3.52,15.16,69.97,0.43,477.49,3.06,jam,fault
conveyor,2.75,8.84,47.49,1.18,347.11,14.99,belt_misalignment,fault
conveyor,2.26,11.76,60.34,0.7,168.12,4.15,belt_slip,warning
conveyor,2.61,21.82,60.9,0.52,456.05,8.47,jam,fault
conveyor,1.42,11.53,61.5,0.5,178.05,1.99,belt_slip,warning
conveyor,0.99,6.85,43.39,1.45,182.59,3.51,none,running
conveyor,1.01,5.08,47.62,1.43,211.81,2.97,none,running
conveyor,2.21,11.69,64.24,1.24,232.95,4.17,gearbox_overheating,warning
conveyor,2.94,9.61,68.19,1.22,244.99,2.63,gearbox_overheating,warning
conveyor,2.39,14.36,85.02,0.36,403.06,2.98,jam,fault
conveyor,3.78,6.15,45.52,1.54,137.53,3.72,roller_bearing_failure,warning
conveyor,1.95,9.57,104.7,1.56,324.44,7.32,gearbox_overheating,fault
conveyor,2.52,6.1,57.53,1.64,280.95,3.42,roller_bearing_failure,warning
conveyor,4.06,21.16,96.34,0.52,391.26,9.42,jam,fault
conveyor,2.23,10.7,46.26,1.08,241.57,14.74,belt_misalignment,fault
conveyor,2.68,16.5,87.58,0.58,341.45,10.21,jam,fault
conveyor,2.43,7.78,39.4,1.59,229.37,6.71,roller_bearing_failure,warning
conveyor,4.17,19.14,55.84,0.6,623.29,7.91,jam,fault
conveyor,3.39,13.23,98.53,1.42,181.26,5.68,gearbox_overheating,fault
conveyor,1.51,12.71,42.16,0.71,160.05,6.53,belt_slip,warning
conveyor,2.07,20.09,89.84,0.7,616.89,11.28,jam,fault
conveyor,1.57,18.92,59.71,1.4,368.56,5.9,overload,fault
conveyor,1.79,11.96,47.64,0.62,135.25,8.33,belt_slip,warning
conveyor,1.14,8.56,56.13,1.52,258.08,4.9,roller_bearing_failure,running
conveyor,2.21,6.84,58.33,1.53,240.69,4.58,roller_bearing_failure,warning
conveyor,2.7,8.32,60.82,1.42,205.21,6.09,roller_bearing_failure,warning
conveyor,1.16,7.95,41.34,1.57,217.51,4.21,none,running
conveyor,1.12,13.82,82.96,1.38,328.72,3.07,gearbox_overheating,fault
conveyor,0.9,8.53,66.68,0.59,152.72,4.15,roller_bearing_failure,warning
conveyor,3.35,11.91,86.44,0.55,357.1,8.46,jam,fault
conveyor,2.16,12.68,57.2,0.6,176.92,1.64,belt_slip,warning
conveyor,1.83,7.76,58.7,0.43,255.48,7.89,belt_slip,warning
conveyor,1.79,8.98,74.05,1.26,302.82,2.6,overload,warning
conveyor,0.53,7.4,36.81,1.36,197.74,1.2,none,running
conveyor,3.2,6.54,63.08,1.34,193.94,9.7,belt_misalignment,warning
conveyor,3.63,20.18,66.17,0.26,449.51,4.14,jam,fault
conveyor,5.29,19,63.2,0.91,406.41,7.57,jam,fault
conveyor,1.8,7.53,53.77,0.66,183.58,5.32,belt_slip,running
conveyor,1.55,7.74,46.17,1.73,227.17,0.92,none,running
conveyor,1.62,15.92,65.09,1,407.18,4.53,overload,fault
conveyor,2.44,6.62,56.97,1.38,259.56,3.66,roller_bearing_failure,warning
conveyor,1.62,13.7,46.78,1.11,257.95,3.33,belt_slip,warning
conveyor,1.06,5.39,41.86,1.29,256.92,4.43,none,running
conveyor,1.61,10.5,45.65,1.31,167.64,11.73,belt_misalignment,fault
conveyor,2.37,9.49,87.63,1.18,309.15,6.33,gearbox_overheating,fault
conveyor,2.12,14.5,71.43,1.35,203.52,4.87,gearbox_overheating,fault
conveyor,4.14,16.52,90.74,0.29,437.83,3.49,jam,fault
conveyor,1.29,11.21,72.35,1.37,210.25,4.69,gearbox_overheating,warning
conveyor,2.14,11.1,45.05,0.94,170.05,5.77,belt_slip,warning
conveyor,4.81,19.75,82.34,0.42,527.62,9.52,jam,fault
conveyor,4.87,12.52,57.44,0.06,343.66,8.98,jam,fault
conveyor,3.34,9.01,45.55,1.17,419.29,4.24,overload,fault
conveyor,1.71,9.08,48.73,1.08,164.23,3.31,belt_slip,running
conveyor,3.22,7.38,67.12,0.86,168.65,5.83,belt_slip,warning
conveyor,2.22,11.51,56.92,1.37,337.67,4.65,overload,warning
conveyor,1.7,6.26,42.65,1.31,310.34,3.43,roller_bearing_failure,warning
conveyor,1.82,15.2,67.41,1.19,392.51,4.62,overload,fault
conveyor,2.95,8.06,63.23,1,224.35,7.76,belt_slip,warning
conveyor,0.87,13.89,62.46,1.45,326.59,3.03,gearbox_overheating,warning
conveyor,5.74,7.7,56.94,1.55,233.18,5.19,roller_bearing_failure,fault
conveyor,2.86,14,46.84,0.88,446.13,5.55,overload,fault
conveyor,5.59,8.17,50.47,1.43,218.06,5.07,roller_bearing_failure,fault
conveyor,1.82,13.38,70.76,1.36,246.22,6.99,gearbox_overheating,warning
conveyor,2.49,11.35,62.03,0.97,346.14,6.34,overload,warning
conveyor,0.87,7.09,41.95,1.39,213.81,4.29,none,running
conveyor,0.92,7.17,41.85,1.55,177.42,2.87,none,running
conveyor,2.78,12.84,91.81,1.37,196.54,6.92,gearbox_overheating,fault
conveyor,1.83,6.71,43.8,1.44,132.8,11.37,belt_misalignment,fault
conveyor,4.18,6.32,45.6,1.48,213.13,3.76,roller_bearing_failure,fault
conveyor,3.61,9.14,56.86,1.53,185.76,5.32,roller_bearing_failure,warning
conveyor,4.66,17.69,56.24,0.05,629.86,7.27,jam,fault
conveyor,2.26,7.37,103.4,1.18,316.49,5.8,gearbox_overheating,fault
conveyor,2.3,11.05,77.32,0.87,526.08,5.66,overload,fault
conveyor,5.74,16.28,84.14,0.32,300.3,3.04,jam,fault
conveyor,1.39,12.77,49.71,0.53,208.68,7.92,belt_slip,warning
conveyor,1.13,11.09,58.11,0.74,190.26,3.33,belt_slip,warning
conveyor,1.62,13.27,87.61,1.45,262.67,2.39,gearbox_overheating,fault
conveyor,3.9,7.49,44.51,1.29,259.31,13.79,belt_misalignment,fault
conveyor,1.41,10.75,43.59,1.48,214.59,14.34,belt_misalignment,fault
conveyor,1.26,11.49,67.9,1.24,279.93,3.06,gearbox_overheating,warning
conveyor,3.32,11.54,56.28,0.89,196.95,4.15,belt_slip,warning
conveyor,1.36,12.78,43.6,1.09,248.14,3.74,belt_slip,warning
conveyor,1.29,11.17,46.78,1.09,89.71,5.61,belt_slip,warning
conveyor,1.27,9.31,73.2,1.47,349.82,1.96,gearbox_overheating,warning
conveyor,1.38,9.72,68.13,1.6,321.38,5.28,gearbox_overheating,warning
conveyor,3.53,8.23,44.68,1.55,112.38,2.71,roller_bearing_failure,warning
conveyor,0.3,10.23,40.73,1.14,222.09,13.63,belt_misalignment,fault
conveyor,1.82,8.06,57.08,1.08,100.16,2.81,belt_slip,running
conveyor,1.98,7.75,48.52,1.44,122.78,5.13,roller_bearing_failure,running
conveyor,1.38,7.22,41.53,1.56,256.16,6.17,roller_bearing_failure,warning
conveyor,1.31,9.81,93.47,1.27,332.91,6.16,gearbox_overheating,fault
conveyor,0.43,5.7,46.83,1.47,179.88,2.89,none,running
conveyor,2.56,9.65,67.99,1.35,256.46,2.88,gearbox_overheating,warning
conveyor,1.56,8.04,62.83,0.91,124.79,7.02,belt_slip,warning
conveyor,0.92,9.74,70.54,1.52,313.73,6.44,gearbox_overheating,warning
conveyor,1.33,11.02,67.39,1.2,258.84,6.02,overload,warning
conveyor,2.45,9.08,43.84,1.49,268.82,5.38,roller_bearing_failure,warning
conveyor,2.42,12.43,42.51,0.97,139.78,2.96,belt_slip,warning
conveyor,2.36,10.26,60.02,1.37,228.66,11.66,belt_misalignment,fault
conveyor,4.58,6.78,52.23,1.37,272.58,4.99,roller_bearing_failure,fault
conveyor,2.48,9.87,58.62,1.12,107.33,5.46,belt_slip,warning
conveyor,0.48,6.02,45.58,1.48,190.33,2.87,none,running
conveyor,3.46,20.28,92.82,0.43,369.84,4.39,jam,fault
conveyor,2.51,11.2,67.51,1.3,176.7,6.75,gearbox_overheating,warning
conveyor,1.13,6.77,39.55,1.42,155.34,1.72,none,running
conveyor,2.49,12.55,69.34,0.52,509.6,10.23,jam,fault
conveyor,3.62,6.45,41.09,1.44,192.15,2.37,roller_bearing_failure,warning
conveyor,0.6,6.55,42.61,1.4,248.46,2.88,none,running
conveyor,0.6,11.72,96.88,1.61,261.37,3.12,gearbox_overheating,fault
conveyor,2.41,6.79,48.47,1.29,187.19,3.38,roller_bearing_failure,warning
conveyor,2.31,10.7,65.4,1.1,166.47,4.92,belt_slip,warning
conveyor,1.35,13.46,71.61,1.4,270.85,7.08,gearbox_overheating,warning
conveyor,1.77,6.53,54.21,1.32,223.92,4.62,roller_bearing_failure,running
conveyor,3.2,18.44,65.56,0.65,626.98,3.78,jam,fault
conveyor,3.91,7.08,39.07,1.64,164.68,4.79,roller_bearing_failure,warning
conveyor,5.14,9.09,51.68,1.47,134.09,2.85,roller_bearing_failure,fault
conveyor,0.82,6.82,41.59,1.34,237.88,2.03,none,running
conveyor,1.88,8.97,64.16,0.55,227.92,3.8,belt_slip,running
conveyor,2.94,7.07,53.12,1.24,268.07,7.9,roller_bearing_failure,warning
conveyor,1.78,19.39,68.9,1.45,376.16,3.96,overload,fault
conveyor,3.81,13.13,91.58,1.63,337.49,4.24,gearbox_overheating,fault
conveyor,1.13,7.9,46.89,1.57,181.61,3.44,none,running
conveyor,3.1,14.3,71.78,0.05,336.14,10.53,jam,fault
conveyor,1.15,18.41,74.6,1.23,521.86,4.3,overload,fault
conveyor,2.32,8.99,61.55,1.44,162.38,7.67,belt_misalignment,warning
conveyor,5,6.6,44.76,1.37,254.5,2.08,roller_bearing_failure,fault
conveyor,5.54,8.59,49.66,1.48,140.52,4.03,roller_bearing_failure,fault
conveyor,0.98,5.63,50.17,1.53,180.21,0.53,none,running
conveyor,4.56,8.71,63.48,1.48,181.21,3.22,overload,fault
conveyor,2.35,14.25,85.82,0.4,354.61,9.32,jam,fault
conveyor,4.33,21.64,89.31,0.36,534.64,4.12,jam,fault
conveyor,2.66,7.02,46.15,1.45,238.91,1.94,roller_bearing_failure,warning
conveyor,3.21,19.58,73.96,1.28,510.12,4.23,overload,fault
conveyor,5.79,18.22,64.47,0.28,406.62,7.09,jam,fault
conveyor,0.7,13.28,46.97,1.36,395.21,4.84,overload,fault
conveyor,2.51,8.78,66.12,1.49,178.26,1.78,gearbox_overheating,warning
conveyor,1.34,8.79,41.9,0.73,229.88,4,belt_slip,running
conveyor,1.36,5.94,37.76,1.62,182.27,2.09,none,running
conveyor,2.74,11.87,79.02,0.38,361.69,7.26,jam,warning
conveyor,3.04,7.24,51.45,1.39,179.78,10.23,belt_misalignment,fault
conveyor,1.16,14,64.87,1.24,496.19,7.36,overload,fault
conveyor,0.89,11.15,59.47,1.09,251.07,10.12,belt_misalignment,fault
conveyor,1.34,9.25,40.8,1.12,175.38,12.8,belt_misalignment,fault
conveyor,0.78,9.21,59.08,1.01,241.58,7.51,overload,warning
conveyor,1.97,10.95,57.97,1.41,175.61,12.79,belt_misalignment,fault
conveyor,0.79,8.02,42.91,1.44,129.03,1.89,none,running
conveyor,1.86,13.07,48.19,1.3,487.87,3.67,overload,fault
conveyor,2.58,21.39,69.13,0.47,585.98,11.43,jam,fault
conveyor,2.69,16.79,65.68,0.22,536.16,10,jam,fault
conveyor,1.81,18.95,74.63,0.09,536.44,8.89,jam,fault
conveyor,1.63,6.75,58.56,0.99,138.92,6.65,belt_slip,warning
conveyor,3.53,8.87,60.82,1.5,216.75,5.34,roller_bearing_failure,warning
conveyor,1.05,6.58,42.78,1.37,141.62,3.69,none,running
conveyor,2.58,8,68.23,0.98,179.32,6.39,belt_slip,warning
conveyor,2.01,10.27,55.87,1.36,228.95,11.25,belt_misalignment,fault
conveyor,2.05,7.5,61.31,0.85,178.93,3.37,belt_slip,warning
conveyor,2.07,10.29,61.18,1.46,217.04,13.23,belt_misalignment,fault
conveyor,2.26,7.39,58.15,0.88,274.34,3.18,belt_slip,warning
conveyor,0.75,7.22,38.65,1.52,159.02,2.02,none,running
conveyor,3.5,21.06,88.29,0.15,512.23,10.97,jam,fault
conveyor,3.53,10.17,57.63,0.88,251.05,4.4,belt_slip,warning
conveyor,1.96,9.19,49.08,1.13,173.62,7.06,belt_slip,warning
conveyor,2.01,10.79,46.49,1.11,191.27,12.06,belt_misalignment,fault
conveyor,1.3,7.23,51.12,1.55,210.64,3.93,none,running
conveyor,2.29,12.25,63,1.07,212.15,3.62,belt_slip,warning
conveyor,1.03,5.57,37.84,1.51,184.34,4.07,none,running
conveyor,4.57,7.17,50.26,1.42,184.62,1.68,roller_bearing_failure,fault
conveyor,0.7,10.63,53.73,0.96,349.14,2.07,overload,warning
conveyor,2.19,12.36,74.96,0.83,570.82,3.27,overload,fault
conveyor,4.86,8.25,58.93,1.53,127.4,5.48,roller_bearing_failure,fault
conveyor,2.42,16.13,70.65,0.05,502.39,9.29,jam,fault
conveyor,3.51,12.89,75.53,0.2,535.89,10.36,jam,fault
conveyor,0.98,7.22,42.36,1.43,155.29,2.45,none,running
conveyor,3.46,8.21,46.54,1.45,235.04,2.06,roller_bearing_failure,warning
conveyor,2.34,15.44,62.86,1.42,241.92,4.16,overload,fault
conveyor,3.44,7.15,42.72,1.22,212.9,3.57,roller_bearing_failure,warning
conveyor,1.55,11.01,43.79,1.24,276.4,13.54,roller_bearing_failure,fault
conveyor,2.76,9.31,60.05,0.4,178.39,3.68,belt_misalignment,warning
conveyor,3.49,13.83,102.35,1.26,260.28,4.21,gearbox_overheating,fault
conveyor,1.83,16.68,69.41,1.02,375.5,3.78,overload,fault
conveyor,3.17,12.58,70.44,0.38,438.83,7.59,jam,fault
conveyor,4.28,6.09,60.58,1.38,270.1,6.57,roller_bearing_failure,fault
conveyor,3.5,7.57,41.87,1.27,224.94,3.39,roller_bearing_failure,warning
conveyor,2.57,12.53,56.91,0.76,197.62,7.21,belt_slip,warning
conveyor,0.73,11.96,48.04,1.01,291.15,4.57,overload,warning
conveyor,2.21,11.09,93.52,1.41,297.13,1.76,gearbox_overheating,fault
conveyor,1.34,8.34,44,1.14,254.97,6.69,belt_misalignment,warning
conveyor,1.74,8.02,63.75,0.92,175.3,6.79,belt_slip,warning
conveyor,0.72,6.93,41.22,1.61,264,1.62,none,running
conveyor,1.7,12.58,57.07,0.36,347.18,6.65,jam,warning
conveyor,1.87,12.28,92.29,1.62,256.77,2.52,gearbox_overheating,fault
conveyor,0.87,9.13,52.78,1.63,212.31,14.95,belt_misalignment,fault
conveyor,2.25,12.43,44.18,0.63,273.75,5.21,belt_slip,warning
conveyor,2.43,7.04,55.38,0.83,306.54,5.96,overload,warning
conveyor,4.67,17.59,59.21,0.37,650,7.76,jam,fault
conveyor,1.74,10.24,54.13,1.18,292.91,6.46,belt_misalignment,warning
conveyor,3.98,15.95,75.86,0.65,634.15,8.58,jam,fault
conveyor,5.12,18.35,80.84,0.62,287.57,5.71,jam,fault
conveyor,2,9.42,43.74,1.62,195.7,9.25,belt_misalignment,warning
conveyor,1.73,8.03,42.27,1.53,111.9,2.07,none,running
conveyor,2.91,12.39,57.08,0.78,236.5,6.61,belt_slip,warning
conveyor,0.97,13.79,71.78,1.34,445.31,6.89,overload,fault
conveyor,1.59,16.84,61.84,1.38,434.47,4.03,overload,fault
conveyor,1.83,14.05,58.41,0.85,413.07,3.05,overload,fault
conveyor,2.6,8.13,48.67,1.59,287.27,3.5,roller_bearing_failure,warning
conveyor,5.6,9,54.16,1.31,300.35,6.17,roller_bearing_failure,fault
conveyor,2.27,7.02,42.77,1.63,169.42,6.81,roller_bearing_failure,warning
conveyor,1.32,13.7,53.44,0.6,228.44,2,belt_slip,warning
conveyor,1.08,6.31,37.18,1.61,233.17,1.45,none,running
conveyor,3.59,20.02,84.85,0.53,427.11,8.72,jam,fault
conveyor,0.83,5.13,37.42,1.61,250.44,1.76,none,running
conveyor,3.41,8.71,45.25,1.64,199.75,4.57,roller_bearing_failure,warning
conveyor,2.27,13.49,96.42,0.48,538.53,7.18,jam,fault
conveyor,1.53,16.93,55.94,1.16,321.08,3.87,overload,fault
conveyor,2.28,14.95,60.26,0.67,411.91,5.52,jam,fault
conveyor,1.44,21.52,77.44,0.28,384.04,8.82,jam,fault
conveyor,4.78,6.3,46.38,1.6,227.89,1.35,overload,fault
conveyor,1.89,12.92,57.42,1.12,265.57,3.56,belt_slip,warning
conveyor,1.15,15.51,46.54,1.25,478.89,5.96,overload,fault
conveyor,1.31,12.27,69.06,0.93,280.57,7.12,belt_slip,warning
conveyor,2.15,8.79,51.73,1.48,265.78,2.1,roller_bearing_failure,warning
conveyor,5.22,21.28,55.13,0.1,556.43,8.12,jam,fault
conveyor,0.8,7.51,49.54,0.68,250.56,2.45,belt_slip,running
conveyor,2.65,10.38,106.18,1.2,362.59,6.55,gearbox_overheating,fault
conveyor,3.34,17.51,73.78,0.38,432.17,5.85,jam,fault
conveyor,3.16,7.35,40.4,1.42,238.8,11.53,belt_misalignment,fault
conveyor,0.8,6.14,50.32,1.67,228.03,3.86,none,running
conveyor,1.35,7.54,47.13,1.65,215.92,3.9,none,running
conveyor,0.69,6.34,36.9,1.31,171.81,2.45,none,running
conveyor,3.34,7.62,75.08,1.46,279.55,4.84,gearbox_overheating,warning
conveyor,2.33,9.93,85.64,1.49,204.06,5.64,gearbox_overheating,fault
conveyor,3.02,11.67,54,1.34,556.6,2.9,overload,fault
conveyor,2.19,12.99,110.81,1.34,248.75,4.66,gearbox_overheating,fault
conveyor,1.19,5.37,37.97,1.34,206.88,3.26,none,running
conveyor,1.9,11.07,57.82,0.99,245.1,3.35,belt_slip,warning
conveyor,1.96,5.91,42.09,1.05,223.57,6.71,belt_slip,warning
conveyor,4.21,8.25,52.9,1.6,234.24,2.1,roller_bearing_failure,fault
conveyor,0.97,12.41,55.68,0.98,383.01,3.22,overload,fault
conveyor,1.51,13.55,81.54,0.5,529.36,8.03,jam,fault
conveyor,0.68,6.86,47.88,1.47,259.2,1.11,none,running
conveyor,1.53,9.84,103.15,1.48,220.12,2.62,gearbox_overheating,fault
conveyor,3.64,8.15,43.95,1.64,192.71,6.03,roller_bearing_failure,warning
conveyor,2.47,9.65,49,1.35,360.52,4.19,overload,warning
conveyor,2.99,7.99,55.36,1.57,261.96,14.19,belt_misalignment,fault
conveyor,2.68,11.27,68.11,0.99,185.36,3.51,belt_slip,warning
conveyor,6.02,14.85,77.29,0.36,461.81,12.33,jam,fault
conveyor,2.12,8.03,49.88,1.21,225.15,6.86,belt_slip,warning
conveyor,3.47,9.96,44.33,1.14,559.49,4.53,overload,fault
conveyor,3.22,6.46,60.17,1.23,304.7,2.21,roller_bearing_failure,warning
conveyor,1.67,13.12,97.01,1.21,283.84,5.57,gearbox_overheating,fault
conveyor,2.39,12.38,44.48,1.05,169.92,3.06,belt_slip,warning
conveyor,0.89,7.16,38.15,1.63,157.34,2.98,none,running
conveyor,0.58,9.62,56.89,0.94,174.21,5.64,belt_slip,running
conveyor,0.98,5.99,42.28,1.34,130.09,3.9,none,running
conveyor,3.38,8.79,52.8,1.49,170.46,13.07,belt_misalignment,fault
conveyor,0.62,5.58,46.11,1.67,231.43,4.45,none,running
conveyor,3.22,7.87,84.9,1.31,258.47,2.25,gearbox_overheating,fault
conveyor,2.24,12.29,90.35,1.45,211.46,6.31,gearbox_overheating,fault
conveyor,1.01,4.82,47.12,1.36,138.86,1.54,none,running
conveyor,2.59,8.92,54.59,1.01,203.3,5.93,belt_slip,warning
conveyor,3.03,9.84,50.7,0.9,159.02,3.97,belt_slip,warning
conveyor,2.69,10.15,50.13,1.4,221.04,9.92,belt_misalignment,warning
conveyor,0.82,7.18,35.56,1.62,192.6,1.5,none,running
conveyor,3.14,16.67,59.49,0.99,302.24,3.24,overload,fault
conveyor,2.72,10.07,44.54,0.83,291.62,2.73,belt_slip,warning
conveyor,3,9.57,50.05,1.47,225.35,12.41,belt_misalignment,fault
conveyor,1.63,13.86,65.81,1.35,177.51,5.71,gearbox_overheating,warning
conveyor,1.52,7.96,62.59,0.56,201.22,6.33,belt_slip,warning
conveyor,2.61,11.18,54.58,1.06,186.98,5.77,belt_slip,warning
conveyor,2.84,8.76,72.16,1.46,310.16,1.83,overload,warning
conveyor,1.2,8.22,63.07,0.68,199.53,3.53,belt_slip,running
conveyor,2.74,12.62,70.53,0.08,609.08,9.14,jam,fault
conveyor,2.89,7.81,82.13,1.57,225.02,3.73,gearbox_overheating,fault
conveyor,1.76,14.41,83.72,0.09,443.07,7.03,jam,fault
conveyor,3.15,8.31,54.51,1.47,169.93,2.94,roller_bearing_failure,warning
conveyor,0.56,5.11,38.94,1.46,261.9,5.58,none,running
conveyor,2.66,10.52,103.24,1.54,296.13,4.85,gearbox_overheating,fault
conveyor,3.31,10.77,110.9,1.44,268.62,4.38,gearbox_overheating,fault
conveyor,1.61,17.52,75.89,1.26,431.63,5.12,overload,fault
conveyor,2.82,12.6,65.72,1.06,548.99,2.6,overload,fault
conveyor,1.26,8.15,48.17,1.3,209.45,12.92,belt_misalignment,fault
conveyor,2.35,12.93,48.52,0.57,329.18,5.82,belt_slip,warning
conveyor,3.13,10.77,47.89,1.37,172.8,14.31,belt_misalignment,fault
conveyor,3.2,7.71,58.69,1.04,238.73,6.2,belt_slip,warning
conveyor,1.97,8.67,60.06,1.47,182.96,5.77,belt_misalignment,running
conveyor,1.43,13.71,71.26,1.34,260.67,4.88,gearbox_overheating,warning
conveyor,4.16,7.31,41.34,1.53,153.34,2.87,roller_bearing_failure,fault
conveyor,0.9,5.94,43.33,1.37,171.34,0.81,none,running
conveyor,2.93,13.7,49.93,1.26,285.35,6.21,overload,warning
conveyor,1.67,12.57,64.7,1.07,249.91,5.48,belt_slip,warning
conveyor,1.16,7.42,65.29,1.24,225.76,4.07,gearbox_overheating,warning
conveyor,3.32,18.03,67.96,0.06,397.39,5.27,jam,fault
conveyor,2.47,6.5,58.31,1.51,166.73,2.07,roller_bearing_failure,warning
conveyor,3.72,9.09,75.2,1.34,359.2,5.32,overload,warning
conveyor,3.26,6.66,42.66,1.63,196.72,4.2,roller_bearing_failure,warning
conveyor,1.27,6.43,64.02,1.28,218.88,14.9,belt_misalignment,fault
conveyor,1.2,8.64,73,1.3,344.38,6.43,gearbox_overheating,warning
conveyor,1.34,17.36,89.75,0.44,296.44,7.61,jam,fault
conveyor,1.05,13.82,73.33,1.51,140.74,3.39,gearbox_overheating,warning
conveyor,2.08,14.16,88.75,1.24,283.82,6.19,gearbox_overheating,fault
conveyor,2.86,16.93,71.56,0.14,523.76,6.5,jam,fault
conveyor,2.58,8.66,57.77,0.59,178.44,7.95,belt_slip,warning
conveyor,3.64,19.22,63.51,0.64,624.08,11.41,jam,fault
conveyor,1.04,8.18,47.22,1.73,166.81,2.5,none,running
conveyor,1.97,10.71,61,1.42,395.22,1.74,overload,fault
conveyor,2.34,9.79,55.17,1.4,194.54,5.67,roller_bearing_failure,warning
conveyor,0.84,7.03,40.36,1.56,175.51,2.45,none,running
conveyor,1.59,8.4,43.61,1.21,261.65,7.74,belt_misalignment,warning
conveyor,4.5,12.31,70.18,0.14,636.06,4.54,jam,fault
conveyor,3.42,17.06,70.64,0.84,579.21,7.82,overload,fault
conveyor,4.12,15.39,95.16,0,463.37,6.97,jam,fault
conveyor,3.62,7.65,53.27,1.2,170.04,4.65,roller_bearing_failure,warning
conveyor,1.22,9.26,51.64,1.04,242.1,5.63,belt_slip,running
conveyor,5.43,22.15,66.44,0.21,448.33,11.65,jam,fault
conveyor,2.12,6.91,62.55,1.13,236.3,8.1,belt_misalignment,warning
conveyor,2.15,16.56,65.03,0.66,246.65,3.56,jam,fault
conveyor,1.37,12.32,75.76,1.27,427.98,4.89,overload,fault
conveyor,1.06,7.32,44.03,1.39,137.89,3.37,none,running
conveyor,1.94,6.83,46.37,1.09,225.83,14.4,belt_misalignment,fault
conveyor,5.58,16.52,66.13,0.52,261.39,7.59,jam,fault
conveyor,2.1,8.19,49.52,0.9,245.49,7.48,belt_slip,warning
conveyor,3.65,6.19,60.99,1.38,223.96,4.73,roller_bearing_failure,warning
conveyor,2.22,12.16,57.62,0.75,187.9,5.99,belt_slip,warning
conveyor,1.11,10.73,50.31,1.63,247.36,6.93,belt_misalignment,warning
conveyor,3.45,14.57,73.13,1.23,429.05,3.92,overload,fault
conveyor,1.67,11.42,46.45,1.02,309.73,2.61,overload,warning
conveyor,5.21,12.77,85.37,0.28,521.83,11.28,jam,fault
conveyor,1.32,12.81,53.27,0.74,252.82,2.21,belt_slip,warning
conveyor,2.05,21.88,78.97,0.47,263.3,7.15,jam,fault
conveyor,2.86,11,106.18,1.16,315.97,6.34,gearbox_overheating,fault
conveyor,1.44,10.09,52.21,1.18,460.96,5.14,overload,fault
conveyor,5.11,18.32,83.44,0.47,513.86,2.49,jam,fault
conveyor,4.48,6.3,51.67,1.37,248.93,5.51,roller_bearing_failure,fault
conveyor,0.67,5.27,48.2,1.58,209.81,1.89,none,running
conveyor,1.36,5.14,48.85,1.64,190.79,1.75,none,running
conveyor,1.18,11.52,48.86,0.66,120.58,2.81,belt_slip,warning
conveyor,1.79,16.56,49.9,1.46,464.61,7.7,overload,fault
conveyor,4.42,6.02,51.73,1.22,152.28,2.5,roller_bearing_failure,fault
conveyor,2.37,13.68,64.14,0.39,210.64,8.08,belt_slip,warning
conveyor,2.18,6.89,104.19,1.51,200.95,1.67,gearbox_overheating,fault
conveyor,0.93,6.85,46.34,1.6,188.53,1.26,none,running
conveyor,3.04,18.68,86.03,0.13,309.26,7.02,jam,fault
conveyor,1.78,5.91,53.39,1.68,191.81,3.25,roller_bearing_failure,running
conveyor,1.92,8.36,54.62,1.28,319.63,10.75,belt_misalignment,fault
conveyor,2.67,18.67,67.43,0.48,353.18,9.27,jam,fault
conveyor,1.09,7.02,41.19,1.43,245.4,3.52,none,running
conveyor,1.75,12.43,70.01,1.32,421.66,6.83,overload,fault
conveyor,0.89,11.38,63.94,1.07,206.16,11.5,belt_misalignment,fault
conveyor,3.51,10.75,54.62,1.17,285.64,4.31,belt_slip,warning
conveyor,2.04,11.71,82.88,1.37,365.6,5.88,gearbox_overheating,fault
conveyor,1.29,12.51,77.12,1.04,185.17,3.37,gearbox_overheating,warning
conveyor,4.28,4.39,57.17,1.52,274.48,5.73,roller_bearing_failure,fault
conveyor,0.45,6.96,44.11,1.52,206.2,3.07,none,running
conveyor,0.88,6.29,43.45,1.35,257.71,0.53,none,running
conveyor,2.29,8.44,90.08,1.54,180.17,2.46,gearbox_overheating,fault
conveyor,1.23,10.96,47.32,1.04,203.35,7.53,belt_misalignment,warning
conveyor,5,12.84,61.19,0.27,475.29,2.83,jam,fault
conveyor,0.85,7.85,41.25,1.67,165.24,0.95,none,running
conveyor,4.42,20,62.75,0.43,509.06,11.51,jam,fault
conveyor,5.03,19.3,85.59,0.37,382.47,5.45,jam,fault
conveyor,1.79,8.28,71.95,1.34,173.8,2.48,gearbox_overheating,warning
conveyor,4.48,13.07,56.91,0.59,432.83,8.78,jam,fault
conveyor,0.76,13.57,64.07,1.49,216.04,3.83,gearbox_overheating,warning
conveyor,1.34,8.36,68.39,0.8,342.41,5.14,overload,warning
conveyor,4.17,14.05,69.08,0.08,516.4,6.73,jam,fault
conveyor,1.85,13.47,92.84,1.35,137.02,3.45,gearbox_overheating,fault
conveyor,1.31,5.4,45.13,1.66,153.54,2.2,none,running
conveyor,1.76,21.29,52.7,0.96,594.94,6.98,overload,fault
conveyor,2.03,8.1,100.37,1.38,354.03,1.56,gearbox_overheating,fault
conveyor,1.08,6.8,48.6,1.4,137.66,3.04,none,running
conveyor,1.5,11.73,80.26,1.36,400.47,4.82,gearbox_overheating,fault
conveyor,1.76,12.02,83.35,1.52,264.13,6.47,gearbox_overheating,fault
conveyor,0.95,11.3,55,0.9,388.05,7.18,overload,fault
conveyor,2.07,9.66,47.01,1.09,229.27,6.88,belt_slip,warning
conveyor,0.84,5.8,37.24,1.69,181.56,2.39,none,running
conveyor,2.63,8.15,62.07,1.46,183.62,9.92,belt_misalignment,warning
conveyor,1.14,7.52,49.11,0.74,190.43,2.46,belt_slip,running
conveyor,5.14,13.34,91.72,0.37,555.29,8.32,jam,fault
conveyor,3.36,9.46,56.64,1.5,152.77,4.78,roller_bearing_failure,warning
conveyor,3.63,6.52,47.78,1.22,185.76,5.56,roller_bearing_failure,warning
conveyor,1.97,10.05,71.82,0.97,424.74,5.39,overload,fault
conveyor,6.41,5.4,42.93,1.37,232.58,3.8,roller_bearing_failure,fault
conveyor,4.61,8.58,43.53,1.5,137.77,4.58,roller_bearing_failure,fault
conveyor,1.64,19.34,52.84,1.06,450.38,1.46,overload,fault
conveyor,1.93,14.88,56.31,1,287.28,4.57,overload,fault
conveyor,2.37,6.25,58.62,1.47,161.32,3.73,roller_bearing_failure,warning
conveyor,1.97,9.37,86.53,1.28,173.28,2.42,gearbox_overheating,fault
conveyor,3.31,18.71,91.94,0.53,493.82,5.36,jam,fault
conveyor,2.32,9.87,64.28,0.46,95.71,2.63,belt_slip,warning
conveyor,2.4,8.41,57.2,1.49,253.86,13.79,belt_misalignment,fault
conveyor,0.64,7.5,43.95,1.36,163.78,1.18,none,running
conveyor,1.22,12.25,88.12,0.22,457.19,11.35,jam,fault
conveyor,0.76,6.53,41.26,1.29,280.59,3.03,none,warning
conveyor,1.04,11.46,87.83,1.35,165.42,4.99,gearbox_overheating,fault
conveyor,1.05,5.53,43.77,1.5,205.47,1.59,none,running
conveyor,1.32,12.97,57.33,0.61,196.86,6.87,belt_slip,warning
conveyor,3.1,7.43,45.81,1.49,241.01,3.03,roller_bearing_failure,warning
conveyor,1.03,14.23,48.84,1.03,316.32,2.58,overload,fault
conveyor,0.53,6.66,44.35,1.47,113.27,0.95,none,running
conveyor,3.18,12.05,66.95,1.6,179.64,4.56,gearbox_overheating,warning
conveyor,1.94,9.95,62.47,1.44,294.65,2.02,gearbox_overheating,warning
conveyor,1.6,7.8,87.64,1.29,350.62,2.68,gearbox_overheating,fault
conveyor,2.94,16.4,53.23,1.16,495.9,3.53,overload,fault
conveyor,1.6,15,73.24,1.09,341.91,6.02,overload,fault
conveyor,1.61,13.05,76.93,0.95,384.63,4.83,overload,fault
conveyor,2.18,10.78,43.02,1.48,226.41,14.89,belt_misalignment,fault
conveyor,2.46,13.16,84.67,1.31,251.81,4.91,gearbox_overheating,fault
conveyor,2.42,7.39,55.85,0.51,99.35,4.35,belt_slip,warning
conveyor,0.97,12.67,75.11,1.41,159.89,2.63,gearbox_overheating,warning
conveyor,1.25,9.11,63.74,1.35,311.95,6.21,overload,warning
conveyor,2.07,12,80.74,1.52,391.74,1.84,gearbox_overheating,fault
conveyor,1.58,11.84,75.59,1.33,374.9,4.4,gearbox_overheating,warning
conveyor,1.19,15.68,51.93,1.25,427.22,5.79,overload,fault
conveyor,1.14,9.38,67.42,1.21,242.63,4.57,gearbox_overheating,warning
conveyor,2.77,12.2,62.46,1.05,168.58,2.31,belt_slip,warning
conveyor,2.12,10.21,62.39,0.79,133.81,5.78,belt_slip,warning
conveyor,4.99,9.2,55.05,1.39,193.44,2.8,roller_bearing_failure,fault
conveyor,1.56,7.17,67.44,0.93,222.18,5.43,belt_slip,warning
conveyor,1.91,13.58,61.12,1.32,182.62,2.23,gearbox_overheating,warning
conveyor,1.36,6.69,48.47,1.38,139.06,2.81,none,running
conveyor,2.51,6.9,87.22,1.25,218.68,2.93,gearbox_overheating,fault
conveyor,3.03,7.33,41.87,0.97,196.01,6.62,belt_slip,warning
conveyor,2.04,9.08,75.38,1.49,310.35,2.38,overload,warning
conveyor,2.34,16.38,92.3,0.25,378.87,8.95,jam,fault
conveyor,1.38,16.75,57.4,1.04,399.63,6.54,overload,fault
conveyor,4.32,19.68,77.06,0.32,474.36,5.21,jam,fault
conveyor,1.92,10.63,42.5,1.56,259.82,7.84,belt_misalignment,warning
conveyor,3.11,10.54,60.01,1.46,250.16,13.6,belt_misalignment,fault
conveyor,1.95,12.94,49.41,1.16,357.23,3.91,overload,warning
conveyor,2.62,10.68,59.81,1.07,142.79,5.61,belt_slip,warning
conveyor,3.29,8.41,52.9,0.56,268.34,6.7,belt_slip,warning
conveyor,1.24,10.63,81.55,1.24,290.93,2.98,gearbox_overheating,fault
conveyor,0.52,12.21,88.89,1.64,192.71,5.34,gearbox_overheating,fault
conveyor,3.72,15.85,71.67,1.06,391.13,6.71,overload,fault
conveyor,1,6.28,43.15,1.47,201.36,4.47,none,running
conveyor,1.96,9.89,85.6,1.33,300.68,6.15,gearbox_overheating,fault
conveyor,0.79,7.66,47.52,1.63,132.14,1.55,none,running
conveyor,1.64,10.28,91.9,1.56,218.77,6.45,gearbox_overheating,fault
conveyor,2.57,15.6,69.2,0.49,517.21,3.07,jam,fault
conveyor,3.12,8.78,59.3,1.62,255.09,14.31,belt_misalignment,fault
conveyor,0.69,5.96,47.19,1.66,177.77,2.47,none,running
conveyor,3.21,15.64,57.31,0.26,380.23,7.08,jam,fault
conveyor,5.21,8.77,50.67,1.51,181.27,6.73,roller_bearing_failure,fault
conveyor,2.69,10.49,52.48,1.22,311.6,5.78,overload,warning
conveyor,0.8,7.39,42.71,1.45,263.67,1.56,none,running
conveyor,1.88,8.99,43.13,1.63,211.71,12.53,belt_misalignment,fault
conveyor,1.88,7.13,61.01,1,250.19,6.92,belt_slip,warning
conveyor,2.96,9.37,51.02,0.8,305.11,3.49,belt_slip,warning
conveyor,3.42,8.99,81.47,1.08,405.47,4.54,overload,fault
conveyor,2.64,9.32,61.72,0.75,151.38,2.2,belt_slip,warning
conveyor,1.46,10.4,47.64,1.21,270.31,14.48,belt_misalignment,fault
conveyor,0.84,7.41,53.07,1.48,149.46,5.96,belt_misalignment,running
conveyor,2.3,10.51,67.62,1.23,270.93,7.09,gearbox_overheating,warning
conveyor,2.84,9.25,52.02,1.28,159.1,6.54,roller_bearing_failure,warning
conveyor,3.93,8.13,42.22,1.3,172.4,7.62,belt_misalignment,warning
conveyor,1.65,13.87,75.97,1.23,153.98,5.49,gearbox_overheating,warning
conveyor,3.99,20.32,58.43,0.61,394.55,3.92,jam,fault
conveyor,2.63,6.81,51.37,1.27,147.47,12.88,belt_misalignment,fault
conveyor,1.04,5.91,44.04,1.41,260.6,1.29,none,running
conveyor,2.93,12.51,70.08,1.52,206.48,3.31,gearbox_overheating,warning
conveyor,2.9,9.46,52.06,1.42,317.52,10.44,belt_misalignment,fault
conveyor,0.82,5.75,45.4,1.44,207.18,2.96,none,running
conveyor,1.48,10.65,50.19,1.31,204.56,9.25,belt_misalignment,warning
conveyor,2.57,13.31,80.36,0.52,546.18,3.93,jam,fault
conveyor,1.9,8.91,45.66,1.22,219.64,9.01,belt_misalignment,warning
conveyor,3.38,9.3,51.56,0.66,109.64,3.69,belt_slip,warning
conveyor,1.2,7.35,37.45,1.33,261.23,1.17,none,running
conveyor,2.66,7.36,52.94,1.28,285.18,4.7,roller_bearing_failure,warning
conveyor,1.54,8.11,64.75,0.97,233.96,7.19,belt_slip,warning
conveyor,1.26,7.36,41.85,1.65,195.04,2.03,none,running
conveyor,3.3,16.25,75.07,0.5,395.07,6.66,jam,fault
conveyor,3.64,10,56.19,1.45,236.65,5.89,roller_bearing_failure,warning
conveyor,1.7,16.35,78.15,1.07,538.46,4.2,overload,fault
conveyor,0.92,7.2,48.83,1.71,207.51,1.95,none,running
conveyor,3.72,19.29,68.02,0.38,458.13,7.77,jam,fault
conveyor,0.69,16.48,49.36,1.25,296.2,2.9,overload,fault
conveyor,1.75,10.68,44.12,0.74,136.15,6.01,belt_slip,warning
conveyor,1.64,8.85,50.56,0.79,174.23,5.11,belt_slip,running
conveyor,0.7,15.88,61.02,1.46,349.84,6.17,overload,fault
conveyor,1.63,7.64,53.48,1.45,245.56,12.74,belt_misalignment,fault
conveyor,4.34,7.23,45.64,1.26,165.41,3.03,roller_bearing_failure,fault
conveyor,0.45,5.11,42.02,1.52,184.21,4.14,none,running
conveyor,0.59,10.3,64.27,1.14,348.08,5.98,overload,warning
conveyor,4.33,9.31,42.73,1.68,303.23,3.67,roller_bearing_failure,fault
conveyor,4.08,8.3,44.54,1.24,274.69,2.93,roller_bearing_failure,fault
conveyor,4.98,14.13,79.24,0.45,557.89,11.46,jam,fault
conveyor,1.88,13,62.77,1.04,260.52,6.27,belt_slip,warning
conveyor,3.88,12.86,78.49,0.39,473.16,4.27,jam,fault
conveyor,3.51,13.41,57.16,0.4,449.12,3.39,jam,fault
conveyor,3.23,12.32,52.6,0.94,424.39,6.79,overload,fault
conveyor,5.69,9.1,58.49,1.25,348.21,3.24,roller_bearing_failure,fault
conveyor,1.35,11.77,105.83,1.25,239.29,5.02,gearbox_overheating,fault
conveyor,1.21,13.46,71.29,0.92,371,7.08,overload,warning
conveyor,1.66,9.23,64.48,1.31,134.89,6.27,belt_misalignment,warning
conveyor,2.35,9.14,104.43,1.2,139.66,5.17,gearbox_overheating,fault
conveyor,5.09,8.5,42.64,1.38,227.09,4.25,roller_bearing_failure,fault
conveyor,1.65,16.04,76.24,0.99,440.49,5.67,overload,fault
conveyor,2.88,7.51,55.54,0.64,221.66,7.22,belt_slip,warning
conveyor,2.78,6.83,42.67,0.65,164.25,4.02,belt_slip,warning
conveyor,3.96,6.19,55.08,1.47,286.92,2.58,roller_bearing_failure,warning
conveyor,2.24,12.17,64.22,0.59,102.47,5.03,belt_slip,warning
conveyor,4.2,8.21,41.21,1.26,142.25,4.64,roller_bearing_failure,fault
conveyor,1.63,18,49.04,1.03,459.31,3.95,overload,fault
conveyor,1.25,7.36,43.79,1.13,166.39,8.71,belt_misalignment,warning
conveyor,2.51,6.26,43.95,1.41,244.19,6.98,roller_bearing_failure,warning
conveyor,2.52,10.1,48.14,0.75,214.19,2.49,belt_slip,warning
conveyor,2.62,13.87,101.86,1.41,326.95,7.16,gearbox_overheating,fault
conveyor,3.93,9.75,47.79,1.14,262.79,14.65,belt_misalignment,fault
conveyor,1.97,13.15,58.76,0.42,223.18,3.61,belt_slip,warning
conveyor,1.95,8.12,66.75,1.33,300.42,5.43,gearbox_overheating,warning
conveyor,1.84,11.51,45.36,1,281.43,6.76,belt_slip,warning
conveyor,2.14,7.68,42.58,1.14,262.41,13.41,belt_misalignment,fault
conveyor,1.11,8.15,78.37,1.43,340.25,6.88,gearbox_overheating,warning
conveyor,2.74,9.33,39.18,1.47,169.03,5.02,roller_bearing_failure,warning
conveyor,1.02,5.37,46.34,1.38,196.86,1.26,none,running
conveyor,1.34,11.08,50.72,0.94,292.21,7.52,belt_slip,warning
conveyor,3.56,10.88,57.29,1.28,166.28,7.37,belt_misalignment,warning
conveyor,1.92,9.09,65.88,0.79,115.82,5.08,belt_slip,warning
conveyor,2.8,8.96,51.71,1.1,175.54,5.38,belt_slip,warning
conveyor,1.01,5.4,40.61,1.66,221.24,1.62,none,running
conveyor,2.05,9.87,53.28,1.31,237.01,3.99,roller_bearing_failure,warning
conveyor,1.44,14.38,48.65,1.29,432.85,7.16,overload,fault
conveyor,3.43,17.33,63.38,0.42,327.09,4.23,jam,fault
conveyor,1.56,9.41,50.73,1.45,154.89,2.73,roller_bearing_failure,running
conveyor,1.43,15.07,65.61,0.79,569.39,2.54,overload,fault
conveyor,4.94,8.75,46.43,1.59,185.87,6.18,roller_bearing_failure,fault
conveyor,1.87,12.68,47.19,0.97,348.59,2.9,overload,warning
conveyor,1.3,8.45,47.84,1.42,300.96,7.22,belt_misalignment,warning
conveyor,1.26,8.92,60.68,1.33,417.86,7.65,overload,fault
conveyor,4.8,16.27,88.52,0.46,266.52,7.82,jam,fault
conveyor,1.68,9.46,39.97,1.42,220.03,3.94,roller_bearing_failure,running
conveyor,1,6.27,36.55,1.43,232,0.57,none,running
conveyor,4.14,12.78,59.67,0.19,399.89,4.24,jam,fault
conveyor,2.28,11.08,57.16,1.5,190.36,6.52,belt_misalignment,warning
conveyor,5.56,20.24,77.35,0.46,476.64,3.47,jam,fault
conveyor,3.27,9.21,57.76,1.36,217.29,1.91,roller_bearing_failure,warning
conveyor,1.34,6.44,45.62,1.39,190.81,1.34,none,running
conveyor,3.47,20.34,82.57,0.57,384.97,3.2,jam,fault
conveyor,0.46,7.48,35.29,1.62,123.74,3.89,none,running
conveyor,4.38,13.44,62.53,0.21,383.42,7.71,jam,fault
conveyor,3.16,18.42,49.33,1.23,430.49,3.34,overload,fault
conveyor,1.75,8.94,48.58,1.45,247.37,5.18,roller_bearing_failure,running
conveyor,3.08,18.44,88.85,0.19,421.27,11.25,jam,fault
conveyor,2.86,9.71,85.87,1.39,226.04,2.45,gearbox_overheating,fault
conveyor,1.71,11.4,77.15,0.99,400.6,6.52,belt_slip,fault
conveyor,0.96,8.97,82.67,1.29,361.2,5.3,gearbox_overheating,fault
conveyor,1.72,19.59,53.08,1.04,353.26,1.47,overload,fault
conveyor,4.75,14.34,75.19,0.65,645.85,4.73,jam,fault
conveyor,2.18,11.83,77.22,1.52,354.59,5.71,gearbox_overheating,warning
conveyor,3.13,8.91,62.91,1.53,172.74,6.71,belt_misalignment,warning
conveyor,1.09,7.14,49.44,1.67,175.07,1.13,none,running
conveyor,1.88,15.49,68.91,0.39,396.51,10.53,jam,fault
conveyor,1.9,7.24,95.72,1.23,238.01,3.19,gearbox_overheating,fault
conveyor,3.2,19.97,87.24,0.45,444.99,2.25,jam,fault
conveyor,2.22,19.45,77.23,0.57,460.93,5.95,jam,fault
conveyor,0.64,10.97,52.73,0.88,398.18,2.12,overload,fault
conveyor,4.07,6.89,46.59,1.35,263.75,3.74,roller_bearing_failure,fault
conveyor,1.73,11.37,64.04,0.95,150.81,5.86,belt_slip,warning
conveyor,0.1,5.81,47.36,1.41,117.43,4.15,none,running
conveyor,1.85,10.06,60.53,1.11,269.96,4.37,belt_slip,warning
conveyor,3.94,12.68,65.84,0.54,475.83,5.34,jam,fault
conveyor,2,8.57,61.68,0.93,146.58,7.48,belt_slip,warning
conveyor,1.71,8.67,74.19,1.48,295.59,6.93,gearbox_overheating,warning
conveyor,1.89,12.39,56.59,0.37,451.15,8.38,jam,fault
conveyor,1.84,18.29,64.98,0.84,309.82,3.27,overload,fault
conveyor,1.31,8.47,50.15,1.07,101.21,8.49,belt_slip,warning
conveyor,1.14,6.9,39.1,1.37,217.64,3.6,none,running
conveyor,0.88,7.6,44.36,1.3,231.72,3.81,none,running
conveyor,2.98,20.21,50.07,1.28,346.8,7.38,overload,fault
conveyor,2.26,7.83,62.98,1.43,287.97,4.01,gearbox_overheating,warning
conveyor,1.41,12.29,61.02,1.1,146.19,6.87,belt_slip,warning
conveyor,2.67,13.44,67.03,1.3,235.17,3.64,overload,warning
conveyor,2.18,9.75,47.55,0.44,152.76,7.18,belt_slip,warning
conveyor,3.24,22.48,62.2,0.35,627.55,8.62,jam,fault
conveyor,0.89,6.22,39.67,1.56,157.9,4.02,none,running
conveyor,1.83,10.81,51.42,1.14,131.27,10.44,belt_misalignment,fault
conveyor,3.4,13.81,70.38,0.36,320.51,2.92,jam,warning
conveyor,0.49,6.93,44.48,1.38,202.99,0.2,none,running
conveyor,3.3,13.77,61.13,1.43,258.84,3.72,overload,warning
conveyor,1.73,8.67,98.34,1.61,273.03,2.81,gearbox_overheating,fault
conveyor,5.85,18.06,80.54,0.05,354.72,10.12,jam,fault
conveyor,2.34,19.28,72.55,1.5,520.46,4.36,overload,fault
conveyor,2.01,12.17,100.02,1.5,179.26,2.97,gearbox_overheating,fault
conveyor,1.46,12.74,61.59,1.44,221.11,4.84,gearbox_overheating,warning
conveyor,0.8,6.49,43.68,1.46,182.73,1.29,none,running
conveyor,3.17,15.28,76.45,0.25,305.23,4.35,jam,fault
conveyor,2.34,8.16,50.9,1.56,215.61,5.37,roller_bearing_failure,warning
conveyor,1.41,9.77,52.14,0.89,175.06,4.96,belt_slip,running
conveyor,1.61,10.21,74.43,1.26,261.55,5.91,gearbox_overheating,warning
conveyor,2.43,7.63,55.86,1.51,203.06,10.39,belt_misalignment,fault
conveyor,1.57,13.97,62.68,0.17,318.97,11.22,jam,fault
conveyor,0.89,11.89,54.81,0.62,201.92,5.79,belt_slip,warning
conveyor,2.37,8.5,45.93,1.16,151.85,9.92,belt_misalignment,warning
conveyor,1.16,15.95,69.07,1.06,473.35,5.18,overload,fault
conveyor,0.88,11.13,62.58,0.87,196.11,8.23,belt_slip,warning
conveyor,1.12,6.12,36.81,1.52,222.16,2.57,none,running
conveyor,4.03,7.93,59.28,1.41,313.92,5.66,roller_bearing_failure,fault
conveyor,2.43,15.98,67.96,1.44,502.63,3.97,overload,fault
conveyor,1.34,5.52,47.32,1.31,150.29,2.72,none,running
conveyor,1.27,8.01,53.1,1.29,233.73,10.88,belt_misalignment,fault
conveyor,1.58,9.8,46.87,1.56,245.7,15.46,belt_misalignment,fault
conveyor,3.8,7.72,50.24,1.53,221.15,1.37,roller_bearing_failure,warning
conveyor,1.05,6.81,40.34,1.58,187.69,0.9,none,running
conveyor,1.05,11.61,67.29,0.88,520.02,3.03,overload,fault
conveyor,0.6,5.61,45.96,1.68,159.2,2.56,none,running
conveyor,3.82,16.27,83.16,0.09,412.35,7.38,jam,fault
conveyor,4.34,15.2,82.12,0.31,318.79,3.9,jam,fault
conveyor,2.21,7.87,62.53,0.9,153.11,6.03,belt_slip,warning
conveyor,1.8,11.95,101.12,1.34,330.14,6.71,belt_slip,fault
conveyor,0.75,7.02,51.85,1.59,136.76,3.94,none,running
conveyor,0.1,10.93,88.89,1.53,234.61,5.09,gearbox_overheating,fault
conveyor,1.05,11.57,74.08,1.4,172.92,3.99,gearbox_overheating,warning
conveyor,1.09,7.12,48.71,1.64,196.22,2.13,none,running
conveyor,1.77,13.89,96.42,1.48,423.53,5.87,gearbox_overheating,fault
conveyor,3.8,7.46,60.87,1.26,294.29,2.13,roller_bearing_failure,warning
conveyor,2.04,11.22,48.63,0.76,368.29,7.24,belt_slip,warning
conveyor,1.28,8.82,57.61,1.35,130.67,6.7,belt_misalignment,warning
conveyor,2.94,7.75,61.11,0.99,234.26,3.55,belt_slip,warning
conveyor,2.66,11.3,72.33,0.91,296.19,5.27,overload,warning
conveyor,2.87,7.77,44.39,1.2,175.6,2.25,roller_bearing_failure,warning
conveyor,1.4,18.23,63.22,1.3,345.51,5.92,overload,fault
conveyor,1.08,7.4,43.03,1.47,188.36,1.16,none,running
conveyor,5.32,9.06,41.21,1.48,274.04,2.23,roller_bearing_failure,fault
conveyor,2.27,18.17,64.85,0.5,346.01,9.29,jam,fault
conveyor,3.42,10.93,97.39,1.24,362.23,4.91,gearbox_overheating,fault
conveyor,4.54,7.96,54.64,1.49,199.89,5.22,roller_bearing_failure,fault
conveyor,4.38,16.57,63.57,0.54,553.29,7.93,jam,fault
conveyor,1.04,5.28,46.27,1.39,205.89,1.64,none,running
conveyor,0.79,6.91,48.63,1.67,165.31,2.31,none,running
conveyor,4.29,7.31,39.22,1.37,225.99,6.05,roller_bearing_failure,fault
conveyor,1.1,9.9,79.92,1.24,191.86,1.47,gearbox_overheating,warning
conveyor,2.3,8.24,65.54,1.27,152.39,3.53,gearbox_overheating,warning
conveyor,0.96,6.41,41.68,1.41,200.5,2.74,none,running
conveyor,1.23,13.05,77.6,1.12,261.38,3.4,gearbox_overheating,warning
conveyor,2.68,9.94,51.94,0.71,163.67,5.2,belt_slip,warning
conveyor,1.46,9.57,79.88,1.01,307.65,5.26,overload,warning
conveyor,2.07,19.58,96.07,0.16,423.69,4.66,jam,fault
conveyor,2.47,7.74,103.5,1.49,308.68,5.72,gearbox_overheating,fault
conveyor,1.75,8.2,57.4,0.62,105.01,7.61,belt_slip,warning
conveyor,3.75,18.97,78.26,0.49,499.35,11.16,jam,fault
conveyor,1.23,9.21,59.41,1.22,162.1,11.96,belt_misalignment,fault
conveyor,2.97,8.7,46.54,0.66,195.44,7.79,belt_slip,warning
conveyor,3.01,7.3,54.73,1.54,284.31,10.36,belt_misalignment,fault
conveyor,3.68,12.44,73.66,1.57,302.63,6.53,gearbox_overheating,warning
conveyor,3.01,12.38,65,1.52,145.87,4.26,gearbox_overheating,warning
conveyor,2.56,19.41,63.01,0.43,591.62,7.35,jam,fault
conveyor,1.43,10.31,107.66,1.35,312.35,4.86,gearbox_overheating,fault
conveyor,1.42,10.65,51.08,1.47,196.24,6.25,belt_misalignment,warning
conveyor,2.9,11.86,71.63,0.87,553.86,4.48,overload,fault
conveyor,0.16,8.47,51.15,1.43,278.04,3.87,none,running
conveyor,1.69,9.04,58.95,1.55,245.6,6.92,belt_misalignment,warning
conveyor,2.31,7.27,76.92,1.48,174.13,6.1,gearbox_overheating,warning
conveyor,2.78,9.65,49.3,0.76,161.39,3.7,belt_slip,warning
conveyor,2.7,11.16,67.03,0.87,151.89,5.52,belt_slip,warning
conveyor,0.75,7.54,44.86,1.37,184.84,2.04,none,running
conveyor,1.8,12.25,45.97,0.64,245.52,7.3,belt_slip,warning
conveyor,2.96,6.74,60.8,1.52,189.33,11.74,belt_misalignment,fault
conveyor,1.77,13.01,44.34,0.46,226.41,3.49,belt_slip,warning
conveyor,4.21,9.29,56.95,1.58,277.31,1.65,roller_bearing_failure,fault
conveyor,3.67,8.88,54.46,1.2,197.86,12,belt_misalignment,fault
conveyor,3.39,8.39,42.84,1.6,166.09,1.81,roller_bearing_failure,warning
conveyor,3.33,16.42,62.6,0.61,379.62,6.64,jam,fault
conveyor,3.59,6.86,60.3,1.26,226.47,1.74,roller_bearing_failure,warning
conveyor,2.45,14.8,59.01,0.84,183.31,4.12,belt_slip,fault
conveyor,1.88,9.63,97.46,1.29,207.55,3.2,gearbox_overheating,fault
conveyor,1.28,5.96,45.72,1.45,145.37,1.56,none,running
conveyor,2.3,8.2,66.22,1.18,206.92,10.33,belt_misalignment,fault
conveyor,2.2,10.89,109.06,1.57,282.83,5.22,gearbox_overheating,fault
conveyor,4.95,20.65,63.53,0,432.39,11.98,jam,fault
conveyor,2.24,6.54,44.21,1.36,173.36,2.65,roller_bearing_failure,warning
conveyor,0.93,17.44,54.61,1.11,434.84,4.88,overload,fault
conveyor,1.08,7.44,42.31,1.63,286.38,1.64,none,warning
conveyor,1.76,9.43,52.55,1.32,161.21,5.79,roller_bearing_failure,running
conveyor,4.39,15.94,80.42,0.31,397.17,10.14,jam,fault
conveyor,0.49,8.06,39.35,1.57,155.64,1.27,none,running
conveyor,3.07,9.79,58.85,0.57,282.47,6.5,belt_slip,warning
conveyor,2.09,9.01,65.3,1.27,300.88,6.22,gearbox_overheating,warning
conveyor,3.01,11.42,70.51,1.24,319.74,3.48,overload,warning
conveyor,3.28,9.57,58.28,1.51,225.78,10.62,belt_misalignment,fault
conveyor,0.66,6.46,41.19,1.5,212.21,1.92,none,running
conveyor,2.12,10.18,47.74,1.53,250.92,12.49,belt_misalignment,fault
conveyor,1.31,8.6,50.6,1.42,242.68,9.64,belt_misalignment,warning
conveyor,1.6,14.58,54.49,1.22,345.72,6.76,overload,fault
conveyor,2.55,10.61,63.04,1.26,191.64,8.06,belt_misalignment,warning
conveyor,0.93,6.12,45.06,1.22,151.13,11.72,roller_bearing_failure,fault
conveyor,1.57,10.99,54.15,1.2,197.04,10,belt_misalignment,warning
conveyor,1.11,7.35,50.02,1.35,169.96,4.72,none,running
conveyor,1.77,9.17,48.11,1.17,220.7,8.43,belt_misalignment,warning
conveyor,2.65,13.02,64.17,0.6,149.14,6.53,belt_slip,warning
conveyor,3.46,8.43,50.82,1.48,282.39,2.54,roller_bearing_failure,warning
conveyor,0.89,6.98,58.95,0.86,192.83,7.66,belt_slip,warning
conveyor,1.9,10.43,51.33,1.36,187.62,13.48,belt_misalignment,fault
conveyor,1.27,13.18,96.98,1.21,225.04,3.12,gearbox_overheating,fault
conveyor,3.87,7.64,59.05,1.26,143.56,3.9,roller_bearing_failure,warning
conveyor,3.03,9.81,48.21,0.97,293.58,5.68,overload,warning
conveyor,4.44,14.39,67.97,0.43,250.23,11.02,gearbox_overheating,fault
conveyor,1.6,8.15,60.59,1.46,255.36,11.75,belt_misalignment,fault
conveyor,0.85,5.21,42.03,1.35,284.8,3.37,none,warning
conveyor,2.17,7.74,50.31,1.3,149.08,6.22,none,warning
conveyor,2.14,7.94,57.88,1.11,291.09,4,belt_slip,warning
conveyor,0.81,12.71,45.74,0.8,223.99,4.94,belt_slip,warning
conveyor,1.58,8.29,57.12,1.14,398.49,6.85,overload,fault
conveyor,5.84,16.58,81.97,0.17,267.58,11.82,jam,fault
conveyor,1.15,7.07,48.72,1.61,183.03,3.03,none,running
conveyor,2.41,6.06,48.27,1.09,189.53,8.72,belt_misalignment,warning
conveyor,2.72,5.37,45.63,1.66,190.43,6.59,roller_bearing_failure,warning
conveyor,4.12,7.62,59.12,1.48,174.12,4.13,roller_bearing_failure,fault
conveyor,3.2,14,91.19,0.16,451.81,11.86,jam,fault
conveyor,2.3,6.74,52.21,0.53,156.26,2.86,belt_slip,warning
conveyor,3.31,7.59,57.86,1.41,188.74,2.68,roller_bearing_failure,warning
conveyor,2.17,9.12,60.49,1.4,151.13,7.01,belt_misalignment,warning
conveyor,1.95,9.16,77.36,1.25,350.4,4.93,gearbox_overheating,warning
conveyor,2.73,9.14,59.57,0.63,122.77,6.58,belt_slip,warning
conveyor,4.54,8.62,54.6,1.34,225.73,3.38,roller_bearing_failure,fault
conveyor,2.92,8.73,42.43,1.47,186.58,2.24,roller_bearing_failure,warning
conveyor,2.08,10.34,63.03,1.08,194.38,2.83,belt_slip,warning
conveyor,0.56,6.62,42.85,1.72,189.7,1.56,none,running
conveyor,0.96,6.92,49.66,1.62,268.12,4.55,none,running
conveyor,0.38,7.89,45.03,1.31,207.42,2.7,none,running
conveyor,1.47,10.9,49.56,1.12,155.58,5.57,belt_slip,warning
conveyor,1.28,13.21,43.85,0.87,140.4,8.14,belt_slip,warning
conveyor,2.04,18.59,91.83,0.17,465.96,9.49,jam,fault
conveyor,2.13,9.96,56.41,1.27,366.98,4.63,overload,warning
conveyor,2.07,7.6,59.81,0.78,216.44,5.1,belt_slip,warning
conveyor,3.11,7.37,61.54,1.22,318.64,6.64,belt_misalignment,warning
conveyor,4.79,13.81,70.39,0.05,379.25,4.98,jam,fault
conveyor,1.92,9,59.91,1.36,240.51,5.92,roller_bearing_failure,running
conveyor,0.7,7.22,48.01,1.29,237.93,2.28,none,running
conveyor,1.16,12.04,89.9,1.23,225.18,4.84,gearbox_overheating,fault
conveyor,0.99,7.3,47.27,1.44,252.72,4.37,none,running
conveyor,4.65,22.1,57.18,0.57,463.15,5.68,jam,fault
conveyor,1.78,8.25,64.37,0.91,227.89,3.75,belt_slip,running
conveyor,2.43,9.89,57.72,1.49,286.64,6.01,belt_misalignment,warning
conveyor,3,8.16,62.73,1.02,185.22,6.15,belt_slip,warning
conveyor,0.96,7.05,47.88,1.66,217.1,2.34,none,running
conveyor,2.06,6.98,42.17,1.3,253.58,4.81,roller_bearing_failure,warning
conveyor,4.24,17.65,77.86,0.36,470.13,7.02,jam,fault
conveyor,1.13,12.25,92.83,0.27,320.97,8.74,jam,fault
conveyor,1.45,13.02,98.17,1.54,289.23,4.08,gearbox_overheating,fault
conveyor,0.91,7.29,38.43,1.6,146.64,4.3,none,running
conveyor,1.04,5.12,41.84,1.58,143.22,1.22,none,running
conveyor,4.27,9.54,46.1,1.59,185.54,4.44,roller_bearing_failure,fault
conveyor,0.61,7.09,48.56,1.31,174.81,3.05,none,running
conveyor,1.09,6.11,46.03,1.45,202.3,4.17,none,running
conveyor,3.82,7.83,45.02,1.3,234.91,3.4,roller_bearing_failure,warning
conveyor,1.62,11.25,102.19,1.36,235.91,3.82,gearbox_overheating,fault
conveyor,3.29,20.49,74.67,0.79,473.96,6.06,overload,fault
conveyor,4.2,13.35,73.74,0.01,483.31,11.09,jam,fault
conveyor,3.36,6.57,52.13,1.51,257.99,4.45,roller_bearing_failure,warning
conveyor,1.29,9.02,59.31,1.29,252.37,14.18,belt_misalignment,fault
conveyor,0.89,7.11,43.71,1.41,218.5,3.34,none,running
conveyor,2.44,11.77,57.16,1.35,387.82,4.47,overload,fault
conveyor,5.06,7.66,41.71,1.57,269.38,4.22,roller_bearing_failure,fault
conveyor,1.53,8.02,99.63,1.57,216.04,6.48,gearbox_overheating,fault
conveyor,2.19,9.38,50.3,1.29,266.83,2.63,none,warning
conveyor,4.96,16.79,56.16,0.51,358.47,7.3,jam,fault
conveyor,0.88,5.6,39.48,1.6,150.9,1.97,none,running
conveyor,1.65,7.48,59.74,0.99,227.34,3.18,belt_slip,running
conveyor,1.33,9.45,47.98,0.75,218.69,2.87,belt_slip,running
conveyor,0.93,7.97,45.44,1.58,187.16,4.58,none,running
conveyor,1.17,4.81,50.83,1.51,146.55,2.63,none,running
conveyor,6.69,15.75,82.25,0.34,575.68,8.36,jam,fault
conveyor,2.16,8.01,47.97,0.68,301.6,7.74,belt_slip,warning
conveyor,3.53,21.95,72.52,0.47,389.85,5.98,jam,fault
conveyor,1.1,11.72,89.61,1.34,234.85,3.5,gearbox_overheating,fault
conveyor,2.03,9.93,59.31,1.32,274.34,3.96,overload,warning
conveyor,2.66,11.73,61.69,1.08,286.13,1.8,belt_slip,warning
conveyor,2.3,6.26,43.38,1.52,142.55,3.44,roller_bearing_failure,warning
conveyor,1.52,8.42,102.77,1.5,214.56,1.56,gearbox_overheating,fault
conveyor,0.82,7.24,41.41,1.42,241.5,3.58,none,running
conveyor,4.37,7.64,40.73,1.42,230.77,4.89,roller_bearing_failure,fault
conveyor,3.47,8.16,40.16,1.6,299.53,6.57,roller_bearing_failure,warning
conveyor,2.49,9.66,63.07,1.25,267.35,9.62,belt_misalignment,warning
conveyor,2.06,9.65,45.98,1.13,275.98,14.4,belt_misalignment,fault
conveyor,5.21,13.53,74.1,0.4,329.37,7.36,jam,fault
conveyor,1.82,12.47,55.14,0.4,204.71,2.02,belt_slip,warning
conveyor,0.51,5.43,43.73,1.62,188.57,1.35,none,running
conveyor,3.31,19.97,89.87,0.58,347.36,7.58,jam,fault
conveyor,1.69,13.55,59.77,1.16,217.04,7.78,belt_slip,warning
conveyor,4.46,6.03,50.08,1.45,207.96,2.13,roller_bearing_failure,fault
conveyor,3.01,12.97,97.33,1.38,315.92,5.61,gearbox_overheating,fault
conveyor,1.68,7.52,54.48,0.65,117.36,7.89,belt_slip,warning
conveyor,0.79,5.89,37.31,1.6,196.52,2.15,none,running
conveyor,1.58,8.33,43.06,1.11,269.73,7.13,belt_misalignment,warning
conveyor,2.36,16.79,64.27,1.37,432.08,3.98,overload,fault
conveyor,1.22,10.59,65.4,1.23,403.24,2.42,gearbox_overheating,fault
conveyor,2.11,10.73,53.74,0.73,246.7,8.3,belt_slip,warning
conveyor,2.25,11.75,56.65,0.23,321.03,6.32,jam,warning
conveyor,1.14,16.06,73.56,0.96,422.74,3.16,overload,fault
conveyor,5.4,9.99,49.21,1.65,278.09,3.5,roller_bearing_failure,fault
conveyor,1.05,10.48,49.22,0.92,305.95,2.6,overload,warning
conveyor,2.12,8.26,76.61,0.82,305.72,6.12,overload,warning
conveyor,2.27,12.38,56.37,0.97,241.28,5.96,belt_slip,warning
conveyor,1.58,10.19,67.13,0.59,105.2,6.47,belt_slip,warning
conveyor,1.55,9.46,62.3,1.41,284.47,4.96,roller_bearing_failure,warning
conveyor,1.8,14.39,52.9,1.06,383.86,7.62,overload,fault
conveyor,5.25,9.12,53.66,1.22,135.15,4,roller_bearing_failure,fault
conveyor,2.88,8.77,61.32,1.51,223,2.23,roller_bearing_failure,warning
conveyor,3.04,12.6,68.45,1.49,255.04,2.57,gearbox_overheating,warning
conveyor,2.26,12.98,77.11,0.66,482.67,7.04,jam,fault
conveyor,4.7,9.74,56.86,1.64,135.87,6.76,roller_bearing_failure,fault
conveyor,2.16,11.31,54.15,1.2,445.74,5.25,overload,fault
conveyor,2.56,7.4,54.52,1.47,210.14,2.88,roller_bearing_failure,warning
conveyor,1.91,7.7,103.62,1.3,288.69,3.51,gearbox_overheating,fault
conveyor,1.38,9.67,52.04,1.04,134.77,4.64,belt_slip,running
conveyor,2.48,14.77,87.94,0,551.41,5.66,jam,fault
conveyor,0.76,6.5,42.69,1.63,150.91,2.05,none,running
conveyor,3.12,11.12,75.16,1.07,557.43,8.16,overload,fault
conveyor,1.05,6.01,39.44,1.38,232.68,2.69,none,running
conveyor,1.04,11.71,54.84,1.06,164.31,4.47,belt_slip,warning
conveyor,3.53,21.25,99.46,0.55,537.54,11.07,jam,fault
conveyor,2.29,6.57,56.33,1.49,159.74,4.31,roller_bearing_failure,warning
conveyor,2.14,19.46,71.96,1.06,577.04,6.04,overload,fault
conveyor,2.28,7.87,47.88,1.31,209.71,6.52,belt_misalignment,warning
conveyor,2.98,8.69,50.74,1.26,154.97,3.14,roller_bearing_failure,warning
conveyor,2.45,12.53,48.97,0.71,249.42,3.31,belt_slip,warning
conveyor,4.7,6.02,43.46,1.6,172.03,3.84,roller_bearing_failure,fault
conveyor,1.82,12.03,50.49,1.02,272.67,6.2,belt_slip,warning
conveyor,1.15,6.85,41.26,1.72,226.94,2.7,none,running
conveyor,0.6,12.42,60.57,0.54,245.76,7.68,belt_slip,warning
conveyor,2.2,10.94,63.56,1.08,159.43,4.69,belt_slip,warning
conveyor,2.08,8.74,92.74,1.29,247.68,3.92,gearbox_overheating,fault
conveyor,1.6,8.82,50.19,1.14,252.36,14.46,belt_misalignment,fault
conveyor,0.58,14.06,92.28,1.52,278.08,4.37,gearbox_overheating,fault
conveyor,3.41,18.4,79.73,0.26,349.92,5.23,jam,fault
conveyor,1.94,22.16,56.86,0.29,367.44,8.52,jam,fault
conveyor,4.57,16.68,84.98,0.05,552.09,5.19,jam,fault
conveyor,1.64,9.01,63.57,1.14,175.89,10.25,belt_misalignment,fault
conveyor,1.33,18.06,54.78,1.1,354.09,4.01,overload,fault
conveyor,4.71,7.59,41.01,1.36,231.41,4.45,roller_bearing_failure,fault
conveyor,2.63,9.95,59.3,0.91,267.09,4.44,belt_slip,warning
conveyor,0.34,5.17,44.5,1.56,163.06,3.79,none,running
conveyor,2.69,12.87,104.33,1.52,220.08,6.04,gearbox_overheating,fault
conveyor,2.04,10.07,42.65,1.06,192.03,6.11,belt_misalignment,warning
conveyor,3.44,5.89,50.69,1.29,192.78,3.02,roller_bearing_failure,warning
conveyor,1.2,8.38,51.97,0.76,160.52,2.31,belt_slip,running
conveyor,3.82,15.94,78.86,0,545.1,4.89,jam,fault
conveyor,2.91,9.53,74.74,1.19,289.71,7.82,overload,warning
conveyor,4.1,5.98,42.03,1.46,198.87,6.13,roller_bearing_failure,fault
conveyor,1.39,7.2,48.82,1.64,221.52,3.8,none,running
conveyor,1.1,14.91,54,0.82,496.36,5.99,overload,fault
conveyor,1.63,9.75,63.03,1.23,153.46,5.27,belt_misalignment,running
conveyor,1.73,8.91,63.03,1.23,220.39,3.26,gearbox_overheating,running
conveyor,0.49,5.8,45.13,1.52,234.99,2.53,none,running
conveyor,5.34,19.06,57.59,0.09,388.44,5.85,jam,fault
conveyor,1.28,6.05,46.5,1.61,205.84,2.72,none,running
conveyor,2.17,14.23,70.64,1.26,389.57,6.55,overload,fault
conveyor,3.23,7.18,99.66,1.15,354.38,5.3,jam,fault
conveyor,1.32,12.28,82.7,0.31,521.33,3.17,jam,fault
conveyor,2.59,18.59,90.78,0.36,548.97,3.47,jam,fault
conveyor,4.84,18.85,62.73,0.56,650,3.72,jam,fault
conveyor,2.89,16.02,60.94,0.61,290,10.95,jam,fault
conveyor,2.29,13.98,93.27,0.11,415.08,5,jam,fault
conveyor,1.82,14.05,85.21,0.56,482.33,11.82,jam,fault
conveyor,0.45,10.42,96.28,1.15,289.3,6.87,gearbox_overheating,fault
conveyor,0.98,6.91,48.54,1.49,151.34,3.59,none,running
conveyor,2.21,6.28,48.86,1.23,139.24,5.49,belt_misalignment,warning
conveyor,3.57,9.9,69.76,1.36,382.55,2.26,overload,fault
conveyor,0.88,4.78,45.98,1.49,164.06,4.26,none,running
conveyor,2.68,10.19,56.34,0.85,401.68,6.72,overload,fault
conveyor,2.11,18.87,66.68,0.55,387.41,9.02,jam,fault
conveyor,0.97,11.47,47.71,0.7,225.26,5.7,belt_slip,warning
conveyor,3.26,6.68,50.44,1.56,213.27,14.96,belt_misalignment,fault
conveyor,0.93,8.53,73.25,1.15,330.67,5.15,gearbox_overheating,warning
conveyor,4.32,22.03,67.44,0.6,632.74,9.41,jam,fault
conveyor,2,9.5,64.57,1.5,314.76,4.63,gearbox_overheating,warning
conveyor,3.67,13.3,75.53,0.29,340.67,4.89,jam,warning
conveyor,1.13,8.68,67.18,0.76,140.16,7.52,belt_slip,warning
conveyor,1.56,9.27,66.87,1.57,184.01,14.12,belt_misalignment,fault
conveyor,3.76,6.06,55.7,1.43,259.29,3.59,roller_bearing_failure,warning
conveyor,5.45,14.62,94.99,0.79,545.73,11.28,jam,fault
conveyor,1.45,9.18,65.15,1.31,294.36,6.58,belt_misalignment,warning
conveyor,2.15,19.39,75.78,0.52,492.6,8.59,jam,fault
conveyor,0.57,5.37,41.71,1.56,162.54,3.53,none,running
conveyor,1.98,8.28,58.9,0.73,159.56,4.14,belt_slip,running
conveyor,2.2,9.73,45.65,1.4,195.46,6.28,belt_misalignment,warning
conveyor,1.34,10.78,46.79,1.44,259.84,5.15,belt_misalignment,warning
conveyor,2.79,14.69,70.16,1.16,496.21,1.63,overload,fault
conveyor,5.35,13.75,74.44,0.34,513.32,11.67,jam,fault
conveyor,1.1,6.27,42.89,1.39,227.01,1.29,none,running
conveyor,0.69,7.16,47.85,1.46,226.09,2.49,none,running
conveyor,1.2,10.8,93.95,1.5,183.63,3.88,gearbox_overheating,fault
conveyor,2.4,7.13,53.1,1.01,320.57,5.87,belt_slip,warning
conveyor,4.25,9.79,50.14,1.4,296.69,4.1,roller_bearing_failure,fault
conveyor,3.22,7.7,48.46,1.33,257.25,5.31,roller_bearing_failure,warning
conveyor,5.57,16.11,73.85,0.07,512.8,3.09,jam,fault
conveyor,1.4,10.76,69.81,0.91,333.95,6.27,overload,warning
conveyor,1.75,6.44,47.17,1.73,166.37,4.46,none,running
conveyor,3.22,10.53,54.96,1.39,356.36,3.71,overload,warning
conveyor,3.66,7.85,57.52,1.63,264.61,5.2,roller_bearing_failure,warning
conveyor,3.44,9.17,76.66,1.18,207.55,3.99,gearbox_overheating,warning
conveyor,2.48,11.32,89.22,1.41,328.19,3.79,gearbox_overheating,fault
conveyor,3.44,14.98,58.15,1.28,311.34,3.91,overload,fault
conveyor,2.09,9.54,41.91,1.3,178.88,2.79,none,warning
conveyor,2.15,17.43,77.91,1.2,415.67,5.58,overload,fault
conveyor,4.24,15.05,82.19,0.38,384.62,7.75,jam,fault
conveyor,3.77,8.95,41.64,1.42,131.42,1.54,roller_bearing_failure,warning
conveyor,2.55,13.45,94.99,1.18,324.49,5.26,belt_misalignment,fault
conveyor,2.58,11.11,70.5,0.83,381.33,5.53,overload,fault
conveyor,0.71,7.23,39.38,1.35,198.75,2.84,none,running
conveyor,3.34,13.18,75.37,1.16,390.18,2.78,overload,fault
conveyor,6.17,8.15,46.76,1.63,216.1,2.02,roller_bearing_failure,fault
conveyor,2.41,7.64,108.82,1.36,171.16,4.37,gearbox_overheating,fault
conveyor,2.13,8.15,52.05,1.49,319.23,12.99,belt_misalignment,fault
conveyor,4.09,12.49,92.58,0,372.84,9.36,jam,fault
conveyor,3.3,8.09,46.96,1.28,210,2.1,roller_bearing_failure,warning
conveyor,2.39,7.05,47.47,1.57,128.17,1.98,roller_bearing_failure,warning
conveyor,0.62,5.52,46.75,1.42,255.28,2.03,none,running
conveyor,1.85,12.68,71.43,1.57,287.3,5.14,gearbox_overheating,warning
conveyor,3.16,9.38,59.85,1.35,140.08,8.72,belt_misalignment,warning
conveyor,2.79,16.25,75.67,0.87,309.83,7.56,overload,fault
conveyor,0.45,6.03,45.46,1.4,271.84,2.49,none,running
conveyor,1.72,17.51,65.43,0.77,479.4,2.89,overload,fault
conveyor,1.61,11.16,55.5,1.32,267.97,12.76,belt_misalignment,fault
conveyor,2.53,18.37,66.73,0.55,492.73,9.77,jam,fault
conveyor,2.86,11.31,42.92,1.39,219.32,13.11,belt_misalignment,fault
conveyor,1.44,8.54,69.97,1.22,304.71,5.13,none,warning
conveyor,1.91,12.61,102.63,1.38,213.26,2.65,gearbox_overheating,fault
conveyor,1.87,11.76,61.72,0.76,278.99,7.03,belt_slip,warning
conveyor,2.01,7.75,46.72,1.54,188.34,11.34,belt_misalignment,fault
conveyor,1.38,11.74,48.15,1.12,253.44,3.05,belt_slip,warning
conveyor,1.7,8.63,47.2,1.25,216.99,1.79,roller_bearing_failure,running
conveyor,5.87,15.62,83.62,0.51,438,9.68,jam,fault
conveyor,1.57,7.74,81.04,1.67,215.23,2.52,gearbox_overheating,fault
conveyor,1.31,8.23,45.98,1.57,179.61,14.59,roller_bearing_failure,fault
conveyor,3.55,20.6,79.04,0.51,602.52,8.82,jam,fault
conveyor,2.18,10.14,63.03,0.73,286.12,6.65,roller_bearing_failure,warning
conveyor,2.44,9.34,88.8,1.21,371.27,3.25,gearbox_overheating,fault
conveyor,4.21,7.19,46.73,1.36,183.55,2.41,roller_bearing_failure,fault
conveyor,3.82,16.39,55.2,0.36,441.13,9.54,jam,fault
conveyor,2.28,7.71,58.4,1.49,259.99,5.3,roller_bearing_failure,warning
conveyor,4.52,21.05,64.24,0.26,602.86,5.98,jam,fault
conveyor,3.5,8.8,49.05,1.38,129.77,2.67,roller_bearing_failure,warning
conveyor,1.04,7.03,40.15,1.59,253.12,4.66,none,running
conveyor,1.59,9,66.44,1.38,319.4,6.89,overload,warning
conveyor,3.02,14.2,69.19,1.47,309.16,5.57,gearbox_overheating,fault
conveyor,1.65,10.33,88.8,1.57,188.72,2.89,gearbox_overheating,fault
conveyor,1.98,17.24,73.31,0.04,509,12.11,jam,fault
conveyor,2.76,21.33,60.24,0.59,444.75,5.27,jam,fault
conveyor,2.62,13.57,58.19,0.85,178.2,2.37,belt_slip,warning
conveyor,1.39,7.6,54.96,0.53,276.3,6.87,belt_slip,warning
conveyor,1.15,6.52,38.84,1.65,294.11,4.31,none,warning
conveyor,1.68,10.96,77.61,1.46,352.15,4.95,gearbox_overheating,warning
conveyor,0.76,5.03,40.95,1.68,193.84,3.13,none,running
conveyor,1.18,12.95,58.13,0.82,315.95,7.25,overload,warning
conveyor,2.9,6.02,43.94,1.63,227.51,5.79,roller_bearing_failure,warning
conveyor,5.48,15.29,94.63,0.63,571.4,7.42,jam,fault
conveyor,2,8.99,43.98,0.71,170.83,4.22,belt_slip,running
conveyor,2.86,11.59,63.14,0.92,361.04,7.44,overload,warning
conveyor,1.47,12.08,68.7,1,181.46,8.4,belt_slip,warning
conveyor,3.97,14.8,64.87,0.12,335.61,9.66,jam,fault
conveyor,0.92,5.62,49.07,1.63,247.98,4.36,none,running
conveyor,2.55,9.9,110.43,1.19,229.14,4.27,gearbox_overheating,fault
conveyor,3.52,5.62,47.91,1.4,218.19,1.88,roller_bearing_failure,warning
conveyor,2.17,7.31,56.23,1.62,191.59,4.34,roller_bearing_failure,warning
conveyor,2.5,14.12,85.67,1.52,366.69,2.43,gearbox_overheating,fault
conveyor,1.15,8.94,59.37,1.32,206.27,9.49,belt_misalignment,warning
conveyor,3.4,17.06,65.26,0.13,336.63,3.44,jam,fault
conveyor,1.34,6.75,40.98,1.56,165.92,4.29,none,running
conveyor,3.15,11.08,47.5,1.46,212.73,7.42,belt_misalignment,warning
conveyor,2.32,10.02,94.03,1.15,169.67,3.31,gearbox_overheating,fault
conveyor,2.75,8.18,43.23,1.27,148.66,3.6,roller_bearing_failure,warning
conveyor,3.33,8.23,55.41,1.63,272.06,5.11,roller_bearing_failure,warning
conveyor,1.86,10.57,70.27,1.35,233.6,1.59,gearbox_overheating,warning
conveyor,1.38,10.33,69.73,1.2,420.2,3.15,overload,fault
conveyor,2.82,17.24,92.9,0.29,480.46,7.83,jam,fault
conveyor,2.58,13.01,63.91,0.9,162.23,4.16,belt_slip,warning
conveyor,3,12.71,49.53,1.38,312.72,7.34,overload,warning
conveyor,2.27,8.01,54.1,1.64,192.97,4.09,roller_bearing_failure,warning
conveyor,3.93,7.97,45.91,1.5,209.35,2.81,roller_bearing_failure,warning
conveyor,0.97,8.21,53.33,0.74,220.19,6.85,belt_slip,warning
conveyor,4.05,5.45,50.1,1.25,342.42,2.21,roller_bearing_failure,fault
conveyor,3.46,9.57,51.25,1.44,256.51,2.46,roller_bearing_failure,warning
conveyor,4.84,20.69,57.37,0.48,408.82,5.28,jam,fault
conveyor,1.59,11.85,67.82,0.43,123.34,5.79,belt_slip,warning
conveyor,1.51,9.45,70.03,1.24,277.26,6.68,overload,warning
conveyor,1.6,17.15,71.28,0.69,556.36,3.5,jam,fault
conveyor,3.51,8.25,44.06,1.56,274.71,4.39,roller_bearing_failure,warning
conveyor,2.65,18.18,91.49,0.17,537.31,8.61,jam,fault
conveyor,1.28,11.16,65.42,1.48,394.24,2.12,overload,fault
conveyor,2.01,9.61,47.2,0.59,192.05,2.26,belt_slip,warning
conveyor,2.75,8.41,53,1.59,330.31,1.84,roller_bearing_failure,warning
conveyor,2.11,9.54,48.61,1.3,159.78,2.5,roller_bearing_failure,warning
conveyor,1.07,10.27,67.99,0.98,344.06,3.15,overload,warning
conveyor,2.72,10.83,59.77,1.39,229.17,14.28,belt_misalignment,fault
conveyor,2.29,7.68,60.64,1.29,240.48,5.57,roller_bearing_failure,warning
conveyor,2.27,5.42,58.7,1.17,144.62,4.68,roller_bearing_failure,warning
conveyor,2.45,10.88,87.89,1.64,370.48,4.43,gearbox_overheating,fault
conveyor,1.62,12.18,60.05,0.77,273.97,3.94,belt_slip,warning
conveyor,3.61,6.5,49.97,1.25,177.58,3.2,roller_bearing_failure,warning
conveyor,1.7,11.72,67.28,1.03,246.31,5.5,belt_slip,warning
conveyor,2.49,16.89,49.96,0.91,402.48,6.62,overload,fault
conveyor,3.46,11.32,65.95,0.4,165.47,4.87,belt_slip,warning
conveyor,2.56,8.33,44.44,1.41,165.31,6.26,belt_misalignment,warning
conveyor,3.42,8.66,47.67,1.23,163.33,5.78,roller_bearing_failure,warning
conveyor,0.72,7.25,45.12,1.52,184.11,1.8,none,running
conveyor,1.21,5.77,41.62,1.62,212.95,1.95,none,running
conveyor,4.06,17.11,88.3,0.23,467.41,4.45,gearbox_overheating,fault
conveyor,3.27,6.43,45.38,1.34,159.19,6.09,roller_bearing_failure,warning
conveyor,2.6,20.14,64.81,0.2,407.03,9.25,jam,fault
conveyor,2.61,6.78,64.96,1.12,246.13,12.07,roller_bearing_failure,fault
conveyor,3.16,13.46,66.13,1.07,612.33,3.36,overload,fault
conveyor,0.9,5.71,49.56,1.52,164.6,1.59,none,running
conveyor,4.31,8.49,52.62,1.29,285.74,5.19,roller_bearing_failure,fault
conveyor,1.29,12.14,61.12,0.94,208.37,7.19,belt_slip,warning
conveyor,3.58,5.93,47.98,1.67,263.93,6.66,roller_bearing_failure,warning
conveyor,3.57,6.45,50.11,1.47,171.21,3.21,roller_bearing_failure,warning
conveyor,4.31,16.84,64.93,0.19,450.46,8.98,jam,fault
conveyor,2.17,11.29,65.46,1.35,197.06,11.13,belt_misalignment,fault
conveyor,3.33,6.14,51.75,1.51,185.75,4.19,roller_bearing_failure,warning
conveyor,3.56,12.01,72.9,0.91,533.95,7.99,overload,fault
conveyor,1.19,8.62,65.19,0.53,178.97,6.45,belt_slip,warning
conveyor,2.66,15.08,77.15,0.88,342.98,2.71,overload,fault
conveyor,1.36,8.44,89.71,1.26,288.06,3.09,gearbox_overheating,fault
conveyor,1.41,8.3,55.82,1.44,203.74,9.29,belt_misalignment,warning
conveyor,2.52,18.84,94.34,0.35,382.99,5.53,jam,fault
conveyor,1.2,7.94,59.83,1.18,283.76,10.68,belt_misalignment,fault
conveyor,2.8,12.39,78.86,1.49,226.02,5.22,gearbox_overheating,warning
conveyor,0.66,5.05,43.63,1.37,244.14,3.35,none,running
conveyor,2.3,8.24,62.3,0.66,147.87,7.52,belt_slip,warning
conveyor,1.44,7.42,36.88,1.62,205.9,4.03,roller_bearing_failure,running
conveyor,2.21,12.92,98.96,1.46,257.02,2.36,gearbox_overheating,fault
conveyor,0.89,7.14,35.72,1.57,196.96,3.04,none,running
conveyor,1.12,9.05,51.76,0.61,196.65,6.14,belt_slip,warning
conveyor,0.72,11.66,98.4,1.22,410.53,6.38,gearbox_overheating,fault
conveyor,2.22,17.14,64.15,0.6,507.67,8.33,jam,fault
conveyor,2.15,12.46,60.71,0.11,319.82,4.32,jam,warning
conveyor,2.37,12.63,42.96,1.09,258.06,2.18,belt_slip,warning
conveyor,3.71,21.3,65.99,0.25,328.91,6.31,jam,fault
conveyor,2.79,13.72,53.55,1.32,331.28,6.11,overload,warning
conveyor,2.33,7.46,45.85,1.46,215.68,2.59,roller_bearing_failure,warning
conveyor,2.6,14.48,81.03,0.26,300.28,6.44,jam,fault
conveyor,1.46,8.02,61.85,1.14,150.72,12.25,belt_misalignment,fault
conveyor,0.94,6.46,44.65,1.38,150.7,2.6,none,running
conveyor,4.38,12.88,93.79,0.49,357.41,5.87,jam,fault
conveyor,1.03,6.28,63.49,1.3,209.13,8.85,belt_misalignment,warning
conveyor,1.09,12.24,62.65,0.67,167.19,4.9,belt_slip,warning
conveyor,2.51,10.44,55.9,0.58,157.5,6.51,belt_slip,warning
conveyor,3.37,11.8,79.23,1.31,318.23,3.05,gearbox_overheating,warning
conveyor,1.17,9.66,63.66,1.26,180.5,12.51,belt_misalignment,fault
conveyor,2.25,13.21,69.72,0.96,325.04,3.66,overload,warning
conveyor,3.3,9.52,106.11,1.48,198.44,3.29,overload,fault
conveyor,3.74,19.69,66.52,0.33,605.1,4.52,jam,fault
conveyor,1.22,7.06,46.79,1.63,265.95,2.58,roller_bearing_failure,running
conveyor,2.08,13.27,74.68,0.15,499.85,6.11,jam,fault
conveyor,0.91,12.46,46.78,0.7,144.37,2.86,belt_slip,warning
conveyor,0.92,7.11,38.38,1.64,156.5,3.25,none,running
conveyor,2.82,15.91,67.7,0.8,439.43,4.27,overload,fault
conveyor,3.96,8.86,42.53,1.35,156.86,4.03,roller_bearing_failure,warning
conveyor,2.24,10.12,63.87,1.36,199.88,11.71,belt_misalignment,fault
conveyor,1.02,7.39,42.01,1.63,213.36,2.36,none,running
conveyor,1.53,9.95,62.55,0.84,245.68,6.16,belt_slip,warning
conveyor,1.58,7.8,47.2,0.73,113.79,4.26,belt_slip,running
conveyor,2.09,12.2,49.53,1.42,363.67,4.88,overload,warning
conveyor,2.57,7.5,64.12,1.48,235.49,4.9,roller_bearing_failure,warning
conveyor,1.28,18.71,73.9,1.18,463.84,2.83,overload,fault
conveyor,1.48,6.57,53.28,1.14,186.25,10.92,belt_misalignment,fault
conveyor,2.47,8.64,43.82,1.27,197.04,3.69,roller_bearing_failure,warning
conveyor,2.27,7.51,58.83,0.98,253.18,2,belt_slip,warning
conveyor,1.28,11.64,92.33,1.55,172.73,3.78,roller_bearing_failure,fault
conveyor,2.03,7.2,56.02,1,209.44,2.77,belt_slip,warning
conveyor,2.08,13.87,69.31,1.27,307.62,5.79,gearbox_overheating,warning
conveyor,5.87,11.77,88.98,0.42,485.27,10.15,jam,fault
conveyor,2.5,12.21,50.8,0.94,351.1,4.26,overload,warning
conveyor,1.77,15.5,62,0.27,498.51,2.68,jam,fault
conveyor,2.58,13.9,108.23,1.34,278.54,3.05,gearbox_overheating,fault
conveyor,0.96,8.43,55.08,0.83,172.09,2.49,belt_slip,running
conveyor,3.59,12.05,65.86,0.72,357.21,5.76,jam,warning
conveyor,3.25,9.18,61.36,1.36,103.27,12.48,belt_misalignment,fault
conveyor,2.83,10.21,51.16,1.39,253.34,9.94,belt_misalignment,warning
conveyor,1.28,11.17,65.91,0.92,338.41,7.3,overload,warning
conveyor,2.48,10.6,65.69,0.86,276.89,7.12,belt_slip,warning
conveyor,2.48,20.47,55.95,0.4,465.11,7.98,jam,fault
conveyor,2.91,12.21,88.89,0.57,560.28,6.43,jam,fault
conveyor,2.76,12.64,70.83,0.12,337.12,9.48,jam,warning
conveyor,3.33,11.12,60.96,1.13,432.85,2.48,overload,fault
conveyor,0.64,5.31,44.34,1.47,192.44,3.53,none,running
conveyor,2.43,11.68,67.53,0.95,348.07,3.82,overload,warning
conveyor,0.92,5.67,47.85,1.48,196.21,3.97,none,running
conveyor,2.42,11.35,59.31,0.86,134.95,6.32,belt_slip,warning
conveyor,2.12,17.58,61.34,0.58,373.04,5,jam,fault
conveyor,0.97,12.38,53.89,1.25,351.6,7.69,overload,warning
conveyor,2.88,19.08,91,0.29,500.95,10.93,roller_bearing_failure,fault
conveyor,2.89,10.07,50.06,0.64,160.98,3.08,belt_slip,warning
conveyor,0.97,5,50.43,1.41,178.59,1.21,none,running
conveyor,0.88,5.02,43.39,1.61,145.88,4.13,none,running
conveyor,3.06,10.8,65.09,1.12,146.19,2.46,belt_slip,warning
conveyor,5.38,16.47,76.7,0.14,611.07,10.17,jam,fault
conveyor,2.04,17.26,60.56,1.38,411.97,5.93,overload,fault
conveyor,2.92,10.33,55.43,0.75,258.19,2.4,overload,warning
conveyor,4.7,17.16,66.81,0.68,597.1,6.62,jam,fault
conveyor,4.81,17.4,55.75,0.12,475.58,6.13,jam,fault
conveyor,1.4,10.48,57.76,1.21,352.41,5.84,belt_misalignment,warning
conveyor,4.2,9.02,56.63,1.51,249.94,3.11,roller_bearing_failure,fault
conveyor,2.13,14.55,66.82,0.45,562.6,3.12,jam,fault
conveyor,3.25,12.53,56.99,0.78,343.83,7.06,overload,warning
conveyor,1.53,11.83,48.38,0.93,183.61,5.3,belt_slip,warning
conveyor,5.41,7.22,55.15,1.43,205.52,3.85,roller_bearing_failure,fault
conveyor,0.54,7.96,50.08,1.51,167.5,1.61,none,running
conveyor,2.65,18.02,89.21,0.6,650,6.3,jam,fault
conveyor,1.13,13.4,99.55,1.38,325.75,6.16,gearbox_overheating,fault
conveyor,1.05,8.55,61.53,0.9,269.29,4.73,belt_slip,running
conveyor,2.18,9.26,93.44,1.38,293.87,6.22,gearbox_overheating,fault
conveyor,2.84,6.71,60.05,1.24,238.6,15.22,belt_misalignment,fault
conveyor,3,19.55,76.47,0.19,374.65,7.98,jam,fault
conveyor,3.69,8.3,48.61,1.56,237.4,4.4,roller_bearing_failure,warning
conveyor,2.91,6.44,53.03,1.66,158.54,3.91,roller_bearing_failure,warning
conveyor,1.97,19.32,73.21,1.03,483.24,5.51,overload,fault
conveyor,2.29,16.05,90.03,0.22,476.6,10.21,jam,fault
conveyor,2.95,7.22,60.53,0.89,207.96,6.99,belt_slip,warning
conveyor,1.78,13.18,59.82,0.61,211.8,3.72,belt_slip,warning
conveyor,3.11,16.11,72.17,0.82,439.62,2.6,overload,fault
conveyor,3.14,6.99,52.59,1.05,180.91,13.91,belt_misalignment,fault
conveyor,2.18,9.56,47.38,0.51,117.69,6.08,belt_slip,warning
conveyor,2.52,8.22,57.05,1.3,185.38,3.51,roller_bearing_failure,warning
conveyor,0.7,10.3,99.31,1.35,230.82,3.53,gearbox_overheating,fault
conveyor,2.11,12.73,42.9,1.01,153.94,6.24,belt_slip,warning
conveyor,2.04,8.92,56.18,1.34,272.89,12.41,belt_misalignment,fault
conveyor,3.92,6.94,52.04,1.27,284.97,5.99,roller_bearing_failure,warning
conveyor,1.28,15.67,51.3,1.17,401.96,2.71,overload,fault
conveyor,0.51,5.94,46.66,1.64,183.61,1.43,none,running
conveyor,1.61,7.05,60.14,1.29,297.97,5.94,belt_misalignment,warning
conveyor,1.82,11.23,75.24,1.32,290.65,4.89,gearbox_overheating,warning
conveyor,4.68,18.95,70.9,0.54,346.25,9.06,jam,fault
conveyor,3.67,16.01,83.34,0.24,472.91,4.29,jam,fault
conveyor,2.86,8.56,51.34,1.45,220.82,3.47,roller_bearing_failure,warning
conveyor,1.08,10.2,60.79,0.96,430.18,5.8,overload,fault
conveyor,1.82,10.87,59.66,1.38,213.78,6.93,belt_misalignment,warning
conveyor,1.12,7.26,41.39,1.33,241.54,1.76,none,running
conveyor,1.5,15.36,71.49,1.39,375.3,6.28,overload,fault
conveyor,1.36,12.57,89.03,0.07,551.83,3.55,jam,fault
conveyor,2.22,9.03,42.99,1.14,136.44,7.21,belt_misalignment,warning
conveyor,0.62,6.61,44.57,1.35,202.52,3.81,none,running
conveyor,3.11,12.71,106.49,1.34,256.4,1.81,gearbox_overheating,fault
conveyor,2.02,8.5,59.01,1.24,221.56,10.18,belt_misalignment,fault
conveyor,1.96,14.56,72.62,1.09,333.27,1.93,overload,fault
conveyor,0.66,6.11,43.06,1.34,192.39,2.42,none,running
conveyor,1.02,10.04,92.71,1.55,255.28,1.86,gearbox_overheating,fault
conveyor,3.17,13.26,73.43,0.24,463.72,9.6,jam,fault
conveyor,2.53,5.79,49.58,1.34,286.9,6.23,roller_bearing_failure,warning
conveyor,2.47,7.79,75.66,1.29,360.04,5.57,gearbox_overheating,warning
conveyor,1.84,7.82,46.63,1.25,224.21,11.11,belt_misalignment,fault
conveyor,2.01,10.32,55,1.43,207.56,8.31,belt_misalignment,warning
conveyor,2.16,12.56,47.93,0.49,265.8,2.27,belt_slip,warning
conveyor,2.41,7.35,60.96,1.39,174.87,6.32,belt_misalignment,warning
conveyor,1.35,10.75,50.97,0.95,269.93,7.49,belt_slip,warning
conveyor,1.83,10.59,64.5,0.92,415.29,6.55,overload,fault
conveyor,1.87,9.08,47.36,1.37,192.41,10.37,belt_misalignment,fault
conveyor,3.76,8.6,60.03,1.3,271.38,9.83,belt_misalignment,warning
conveyor,1.61,9.93,62.51,1.18,333.75,3.77,overload,warning
conveyor,3.09,6.97,57.38,1.4,218.87,9.07,belt_misalignment,warning
conveyor,3.13,9.54,43.8,1.1,133.07,4.24,belt_slip,warning
conveyor,1.34,6.94,37.35,1.47,225.45,1.51,none,running
conveyor,1.2,6.73,44.89,1.62,128.24,0.89,none,running
conveyor,1.21,8.15,62.55,1.47,274.32,10.47,belt_misalignment,fault
conveyor,1.21,11.97,59.27,1.49,484.24,7.29,overload,fault
conveyor,0.87,5.83,47.05,1.72,222.47,3.86,none,running
conveyor,2.3,12.27,105.51,1.29,364.84,4.54,gearbox_overheating,fault
conveyor,2.83,9.65,54.51,0.58,244.91,3.51,belt_slip,warning
conveyor,0.62,6.51,45.21,1.48,178.49,1.74,none,running
conveyor,1.17,6.18,40.21,1.41,191.51,3.3,none,running
conveyor,4.19,9.22,55.83,1.32,147.1,6.87,roller_bearing_failure,fault
conveyor,1.81,13.69,82.01,1.37,261.17,3.04,gearbox_overheating,fault
conveyor,2.61,8,46.35,1.64,260.64,3.05,roller_bearing_failure,warning
conveyor,2.63,13.08,106.2,1.27,183.19,4.47,gearbox_overheating,fault
conveyor,2.92,14.21,97.13,1.33,170.51,4.63,gearbox_overheating,fault
conveyor,2.96,8.37,50.64,1.36,154.17,9.19,belt_misalignment,warning
conveyor,1.16,6.1,41.39,1.51,180.59,1.34,none,running
conveyor,2.22,8.65,51.05,1.47,329.27,1.59,roller_bearing_failure,warning
conveyor,3.24,6.29,58.9,1.52,176.12,4.19,roller_bearing_failure,warning
conveyor,4.4,7.71,45.99,1.46,265.12,3.31,roller_bearing_failure,fault
conveyor,1.49,15.11,60.21,0.41,383.74,3.58,jam,fault
conveyor,1.23,8.31,78.03,1.3,302.26,6.17,gearbox_overheating,warning
conveyor,3.06,14.23,68.99,0.66,502.57,5.51,jam,fault
conveyor,3.52,12.63,85.97,0.19,426.74,4.26,jam,fault
conveyor,1.48,19.37,73.81,1.08,383.24,4.01,overload,fault
conveyor,3.11,9.27,45.16,1.62,242.36,1.8,roller_bearing_failure,warning
conveyor,0.68,5.56,42.06,1.64,226.25,3.98,none,running
conveyor,2.59,9.74,108.9,1.12,380.16,6.54,gearbox_overheating,fault
conveyor,2.44,8.32,82.58,1.36,275.99,2.13,gearbox_overheating,fault
conveyor,1.08,6.9,39.87,1.42,132.69,2.26,none,running
conveyor,1.92,7.36,49.58,1.37,249.93,3.35,overload,running
conveyor,2.84,13.34,92.85,1.35,233.18,4.93,gearbox_overheating,fault
conveyor,2.18,5.86,45.85,1.41,269.67,7.77,roller_bearing_failure,warning
conveyor,3.1,14.15,68.35,1.39,179.62,3.44,gearbox_overheating,fault
conveyor,2,7.46,60.78,1.25,185.11,9.42,belt_misalignment,warning
conveyor,1.96,13.22,76.42,0.41,434.32,6.11,jam,fault
conveyor,4.38,7.77,51.16,1.18,301.58,3.57,roller_bearing_failure,fault
conveyor,1.96,12.5,64.05,1.59,408.8,6.45,gearbox_overheating,fault
conveyor,1.86,14.34,63.9,0.93,513.78,6.39,overload,fault
conveyor,3.04,9.45,44.26,0.73,141.51,2.35,belt_slip,warning
conveyor,4.99,8.23,46.01,1.36,278.52,4.57,roller_bearing_failure,fault
conveyor,5.92,12.26,88.37,0.04,338.1,11.06,gearbox_overheating,fault
conveyor,0.4,9.02,47.36,1,134.13,7.25,belt_misalignment,warning
conveyor,1.94,8,55.76,1.41,156.99,11.89,belt_misalignment,fault
conveyor,2.43,14.93,60.12,0.02,315.21,5.89,jam,fault
conveyor,0.5,4.93,45.77,1.6,166.38,3.12,none,running
conveyor,0.35,5.62,40.46,1.49,109.74,2.06,none,running
conveyor,4.73,7.3,51.71,1.34,297.74,3.03,roller_bearing_failure,fault
conveyor,1.75,10.18,48.68,0.84,174.78,5.26,belt_slip,warning
conveyor,2.89,8.08,59.67,1.34,272.39,8.5,belt_misalignment,warning
conveyor,2.46,13.34,66.87,1.29,351.68,5.93,overload,warning
conveyor,4.27,21.69,66.55,0.42,466.35,10.87,jam,fault
conveyor,1.37,8.8,55.26,0.62,221.45,4.87,belt_slip,running
conveyor,1.19,10.58,45.34,1.42,224.55,13.91,belt_misalignment,fault
conveyor,4.03,8.66,48.72,1.48,243.16,6.55,roller_bearing_failure,fault
conveyor,3.22,12.85,92.65,0.46,650,7.41,jam,fault
conveyor,1.28,12.3,57.5,1.37,436.74,5.47,overload,fault
conveyor,2.68,13.19,50.52,1.41,494.03,6.21,overload,fault
conveyor,1.11,12.86,75,1.48,176.28,6.72,gearbox_overheating,warning
conveyor,2.15,13.26,45.39,0.64,262.81,4.49,belt_slip,warning
conveyor,2.05,8.27,50.9,1.05,177.71,8.73,belt_misalignment,warning
conveyor,2.45,10.99,58.61,0.87,380.28,2.84,overload,fault
conveyor,0.96,14.78,73.43,0.78,348.74,6.92,overload,fault
conveyor,2.16,10.71,52.45,0.92,140.92,7.03,belt_slip,warning
conveyor,1.39,6.5,47.01,1.15,252.57,7.54,belt_misalignment,warning
conveyor,3.95,8.45,41.04,1.52,186.54,5.56,roller_bearing_failure,warning
conveyor,3.62,19.73,82.56,0.6,297.52,7.56,jam,fault
conveyor,1.03,6.98,39.53,1.51,106.9,2.27,none,running
conveyor,3.82,18.63,86.68,0.23,443.13,7.27,jam,fault
conveyor,1.15,6.32,47.52,1.69,206.45,2.76,none,running
conveyor,0.63,6.38,46.43,1.55,153.52,3.13,none,running
conveyor,3.63,10.82,84.86,1.49,389.68,3.28,gearbox_overheating,fault
conveyor,1.81,11.26,53.19,1.18,238.38,13.02,belt_misalignment,fault
conveyor,2.78,18.92,66.94,0.95,375.71,3.08,overload,fault
conveyor,1.44,7.82,64.15,1.16,296.2,10.79,belt_misalignment,fault
conveyor,2.75,13.96,81.42,1.46,434.13,6.55,gearbox_overheating,fault
conveyor,0.83,10.87,55.31,1.37,249.19,4.91,overload,warning
conveyor,4.33,7.46,45.51,1.56,298.57,4.39,roller_bearing_failure,fault
conveyor,1.48,15.55,51.72,0.9,411.22,7.33,overload,fault
conveyor,0.73,6.21,51.32,1.45,121.92,0.95,none,running
conveyor,1.69,10.11,65.13,1.36,296.47,3.99,overload,warning
conveyor,3.46,11.1,56.41,0.87,554.99,6.53,overload,fault
conveyor,3.98,5.76,50.08,1.5,185.47,6.15,roller_bearing_failure,warning
conveyor,3.32,17.29,88.78,0.17,469.05,6.59,jam,fault
conveyor,1.65,12.16,108.42,1.44,298.17,6.15,belt_slip,fault
conveyor,0.9,18.03,51.2,1.04,414.48,4.48,overload,fault
conveyor,1.11,12.72,50.54,0.75,386.24,3.67,overload,fault
conveyor,3.09,19.19,78.45,0.55,358.18,7.64,jam,fault
conveyor,1.66,12.33,69.96,1.49,365.57,6.33,gearbox_overheating,warning
conveyor,2.71,20.53,61.01,1.24,314.43,5.54,overload,fault
conveyor,1.96,10.53,59.86,1.35,266.1,4.7,overload,warning
conveyor,4.03,9.05,61.09,1.57,301.18,4.74,roller_bearing_failure,fault
conveyor,1.86,8.88,58.6,1.15,192.12,4.17,belt_slip,running
conveyor,1.98,11.21,49.88,1.2,447.11,5.85,overload,fault
conveyor,2.53,7.57,83.39,1.35,361.01,5.96,gearbox_overheating,fault
conveyor,1.36,11.61,43.7,1.16,152.69,8.27,belt_slip,warning
conveyor,3.29,14.87,67.23,0.13,337.55,3.86,jam,fault
conveyor,1.57,10.88,111.32,1.45,226.62,4.78,gearbox_overheating,fault
conveyor,0.95,12.56,93.71,1.48,223.48,2.3,gearbox_overheating,fault
conveyor,2.7,9.58,52.09,1.46,241.55,1.65,roller_bearing_failure,warning
conveyor,0.81,8.18,50.5,0.57,205.65,2.82,belt_slip,running
conveyor,2.9,11.43,79.19,1.29,318.19,6.52,gearbox_overheating,warning
conveyor,3.74,8.48,52.45,1.36,275.46,5.11,roller_bearing_failure,warning
conveyor,3.56,17.14,67.52,0.2,369.84,10.53,jam,fault
conveyor,0.62,6.04,44.17,1.55,286.07,2.61,none,warning
conveyor,1.95,11.86,59.17,0.75,288.11,6.04,overload,warning
conveyor,4.59,12.96,67.57,0.44,409.87,9.59,jam,fault
conveyor,0.85,8.36,56.06,1.33,258.28,8.26,belt_misalignment,warning
conveyor,2.74,11.1,67.07,1.08,471.14,3.44,overload,fault
conveyor,1.74,9.31,48.94,1.2,204.54,13.77,belt_misalignment,fault
conveyor,4.02,7.13,70.9,1.4,284.15,9.4,belt_misalignment,fault
conveyor,2.37,7,61.8,0.79,138.99,7.41,belt_slip,warning
conveyor,2.37,11.59,43.23,0.87,101.27,4.14,belt_slip,warning
conveyor,1.03,5.89,41.86,1.46,227.38,3.58,none,running
conveyor,4.29,8.69,39.79,1.6,250.35,1.94,roller_bearing_failure,fault
conveyor,2.12,8.29,53.45,0.93,216.07,2.84,belt_slip,warning
conveyor,3.54,18.29,84.21,0.13,466.07,6.08,jam,fault
conveyor,1.98,7.87,68.26,1.41,364.04,5.89,overload,warning
conveyor,1.95,11.79,48.39,0.76,254.14,6.49,belt_slip,warning
conveyor,0.9,6.8,82.59,1.21,256.49,6.95,gearbox_overheating,fault
conveyor,3.83,12.97,74.93,0.35,503.79,9.66,jam,fault
conveyor,1.9,20.56,71.45,1.19,589.29,4.77,overload,fault
conveyor,2.84,15.68,82.39,0.03,492.29,10.92,jam,fault
conveyor,2.77,8.69,78.4,1.2,312.19,2.49,gearbox_overheating,warning
conveyor,1.98,10.79,64.17,1.34,211.33,13.64,belt_misalignment,fault
conveyor,2.11,15.19,65.34,1.15,328.62,1.4,overload,fault
conveyor,1.59,11.44,65.63,0.65,125.8,4.53,belt_slip,warning
conveyor,1.88,8.38,49.69,1.28,277.88,6.25,belt_misalignment,warning
conveyor,2.52,11.52,69.36,1.41,188.86,1.68,gearbox_overheating,warning
conveyor,3.3,11.7,72.03,1.38,304.95,4.24,gearbox_overheating,warning
conveyor,3.42,18.37,57.64,0.24,449.91,7.62,jam,fault
conveyor,2.54,6.78,41.38,1.2,195.89,13.13,belt_misalignment,fault
conveyor,1.19,7.65,51.28,1.49,185.2,3.14,none,running
conveyor,2.5,8.69,59.2,1.44,273.13,1.71,roller_bearing_failure,warning
conveyor,1.96,7.59,48.51,1.27,182.3,12.27,belt_misalignment,fault
conveyor,1.36,6.39,39.94,1.6,226.78,1.72,none,running
conveyor,0.97,5.08,45.76,1.67,180.79,1.98,none,running
conveyor,3.17,9.09,74,0.74,470.67,1.43,overload,fault
conveyor,3.32,17.92,67.89,0.18,541.49,10.76,jam,fault
conveyor,2.22,13.81,61.88,1.31,501.53,3.48,overload,fault
conveyor,0.68,6.21,38.09,1.5,220.78,3.74,none,running
conveyor,3.16,8.26,45.5,1.26,197.75,14.74,belt_misalignment,fault
conveyor,2.39,14.14,64.75,0.07,329.25,10.59,jam,fault
conveyor,3.49,6.44,43.71,1.4,131.66,5.35,roller_bearing_failure,warning
conveyor,2.26,7.66,100.18,1.25,302.2,5.69,gearbox_overheating,fault
conveyor,3.55,20.46,59.47,0.5,530.73,5.69,jam,fault
conveyor,1.13,6.68,41.34,1.45,194.38,0.65,none,running
conveyor,3.08,10.05,49.21,1.26,197.91,10.4,belt_misalignment,fault
conveyor,5.82,16.23,69.15,0.36,315.23,8.58,jam,fault
conveyor,1.67,11.14,67.35,1.07,184.28,5.47,belt_slip,warning
conveyor,2.68,9.22,42.79,1.44,182.83,14.42,belt_misalignment,fault
conveyor,1.72,13.35,47.22,1.38,483.27,4.02,overload,fault
conveyor,2.37,19.17,65.97,0.86,584.51,1.95,overload,fault
conveyor,2.66,13.47,68.71,1.27,260.74,5.54,overload,warning
conveyor,2.76,13.42,99.86,1.55,368.28,5.48,gearbox_overheating,fault
conveyor,3.04,12.54,83.74,1.31,214.2,1.51,gearbox_overheating,fault
conveyor,0.72,5.67,44.17,1.6,278.56,1.12,none,running
conveyor,1,9.17,94.51,1.33,241.53,5.36,gearbox_overheating,fault
conveyor,2.13,10.98,54.59,1.55,180.52,7.38,belt_misalignment,warning
conveyor,0.75,8.84,46.8,1.48,252.15,13.72,belt_misalignment,fault
conveyor,1.69,13.02,65.08,0.55,253.95,7.52,belt_slip,warning
conveyor,3.36,8.86,45.43,1.42,117.4,8.56,belt_misalignment,warning
conveyor,1.05,5,46.52,1.51,177.05,0,none,running
conveyor,1.69,9.13,49.02,1.39,166.87,12.04,belt_misalignment,fault
conveyor,3.62,10.55,70.55,1.54,215.76,4.65,gearbox_overheating,warning
conveyor,1.61,13.84,77.98,1,381.7,6.87,overload,fault
conveyor,0.52,7.77,49.36,1.42,199.76,4.04,none,running
conveyor,2.4,13.11,46.19,0.68,194.11,2.93,belt_slip,warning
conveyor,3.6,7.33,45.4,1.11,281.85,9.62,belt_misalignment,warning
conveyor,1.8,21.33,85.87,0.38,458.49,8.93,jam,fault
conveyor,1.22,11.52,58.5,1.43,234.46,11.66,belt_misalignment,fault
conveyor,1.14,4.86,44.71,1.52,153.85,1.71,none,running
conveyor,2.59,6.41,46.2,1.57,257.2,8.6,overload,warning
conveyor,3.34,18.16,77.25,0.16,360.01,9.92,jam,fault
conveyor,1.94,11.44,52.99,1.53,245.46,11.25,belt_misalignment,fault
conveyor,1.29,5.79,46.28,1.65,117.44,3.21,none,running
conveyor,2.86,8.33,49.95,1.3,152.42,13.61,belt_misalignment,fault
conveyor,4.64,7.19,46.74,1.24,172.94,5.45,roller_bearing_failure,fault
conveyor,1.62,7.22,41.78,1.6,259.78,3.87,roller_bearing_failure,running
conveyor,3.75,6.23,43.75,1.29,357.61,1.84,roller_bearing_failure,warning
conveyor,4.9,20.45,87.38,0.12,451.42,7.62,jam,fault
conveyor,1.31,8.83,51.61,0.54,208.72,6.6,belt_slip,warning
conveyor,0.68,6.78,42.69,1.38,253.85,1.27,none,running
conveyor,2.68,9.44,76.65,1.18,143.69,4.08,gearbox_overheating,warning
conveyor,0.66,5.45,42.74,1.49,173.72,1.25,none,running
conveyor,2.02,11.5,63.04,1.48,263.49,3.25,gearbox_overheating,warning
conveyor,2.75,13.1,54.23,0.92,381.24,6.69,overload,fault
conveyor,1.04,9.13,49.33,0.5,175.21,5.72,belt_slip,running
conveyor,1.26,7.26,65.29,1.35,263.19,11.1,belt_misalignment,fault
conveyor,1.72,19.59,75.35,0.76,485.8,3.78,overload,fault
conveyor,2.13,11.93,72.21,1.27,256.3,2.63,gearbox_overheating,warning
conveyor,3.15,15.1,65.76,1.05,304.44,7.35,overload,fault
conveyor,2.79,8.35,109.52,1.54,338.99,4.25,gearbox_overheating,fault
conveyor,1.64,10.04,92.93,1.22,273.07,2.79,gearbox_overheating,fault
conveyor,5.77,19.72,58.78,0.32,347.52,11.45,jam,fault
conveyor,1.02,6.83,43.27,1.44,240.95,4.03,none,running
conveyor,2.15,11.65,55.69,1.43,367.36,5.79,overload,warning
conveyor,0.95,7.67,55.34,0.44,139.42,1.67,belt_slip,running
conveyor,1.26,8.23,51.22,1.29,214.72,9.6,belt_misalignment,warning
conveyor,1.67,10.33,47.77,1.24,276.33,9.28,belt_misalignment,warning
conveyor,2.38,12.63,54.77,0.8,267.35,4.87,belt_slip,warning
conveyor,1.94,9.96,45.47,0.55,220.29,4.02,belt_slip,running
conveyor,0.66,4.91,44.61,1.43,237.46,4.47,none,running
conveyor,4.04,12.55,91.7,0.48,617.52,4.93,jam,fault
conveyor,5.22,7.94,60.21,1.22,185.19,2.74,roller_bearing_failure,fault
conveyor,1.48,9.36,44.02,0.89,204.76,3.78,belt_slip,running
conveyor,0.98,5.34,46.64,1.43,205.06,2.03,none,running
conveyor,2.1,12.27,71.19,0.76,456.84,1.73,overload,fault
conveyor,2.09,10.65,65.41,0.98,164.36,4.49,belt_slip,warning
conveyor,0.78,5.9,45.66,1.31,239.43,1.63,none,running
conveyor,1.24,7.45,43.53,1.37,138.85,3.82,none,running
conveyor,1.53,10.4,61.68,1.31,432.03,6.42,gearbox_overheating,fault
conveyor,3.52,21.01,90.77,0.46,442.03,5.6,jam,fault
conveyor,1.86,14.08,53.8,0.83,257.09,3.64,belt_slip,fault
conveyor,1.65,6.96,52.53,1.45,239.34,7.54,belt_misalignment,warning
conveyor,2.15,13.74,80.34,1.47,266.79,3.68,gearbox_overheating,fault
conveyor,2.56,18.63,70.74,0.26,397.1,4.77,jam,fault
conveyor,1.72,10.03,65.45,0.71,235.97,4.55,belt_slip,warning
conveyor,1.33,9.6,60.67,1.61,166.61,7.02,belt_misalignment,warning
conveyor,2.11,9.97,47.65,1.43,391.34,2.33,overload,fault
conveyor,1.16,11.01,68.55,1.02,294.49,2.13,overload,warning
conveyor,1.39,7.97,55.98,0.57,143.87,5.75,belt_slip,running
conveyor,4.3,16.49,90.81,0.34,327.07,9.91,jam,fault
conveyor,2.55,9.5,63.06,0.81,286.63,5.33,belt_slip,warning
conveyor,1.11,5.6,47.14,1.61,156.47,1.02,none,running
conveyor,1.7,8.79,49.57,1.19,179.25,10.67,belt_misalignment,fault
conveyor,2.21,8.56,65.85,0.72,185.54,5.48,belt_slip,warning
conveyor,1.93,15.6,55.83,1.24,440.49,2.58,overload,fault
conveyor,0.92,12.16,92.65,1.2,274.88,3.77,gearbox_overheating,fault
conveyor,2.18,13.54,55,0.46,204.53,3.21,belt_slip,warning
conveyor,2.12,7.97,78.19,1.43,171.2,4.3,gearbox_overheating,warning
conveyor,0.83,6.98,47.59,1.56,148.61,3.57,none,running
conveyor,1.26,6.19,44.25,1.62,183.1,1.76,none,running
conveyor,1.98,9.08,45.36,1.3,218.35,2.86,roller_bearing_failure,running
conveyor,1.29,11.23,57.32,0.6,172.71,5.74,belt_slip,warning
conveyor,3.86,8.27,92.57,1.4,188.33,6.29,gearbox_overheating,fault
conveyor,1.25,7.19,46.33,1.47,137.23,2.58,none,running
conveyor,1.54,9.36,75.52,1.54,327.86,3.88,gearbox_overheating,warning
conveyor,3.27,14.5,65.41,0.22,402.61,6.53,jam,fault
conveyor,1.27,8.38,76.05,1.5,333.48,7.04,gearbox_overheating,warning
conveyor,1.01,7.52,37.97,1.44,139.04,3.82,none,running
conveyor,3.15,10.02,74.22,1.61,229.61,6.56,gearbox_overheating,warning
conveyor,0.64,7.71,43.21,1.41,113.86,3.66,none,running
conveyor,3.76,10.17,67.13,1.3,419.17,3.83,gearbox_overheating,fault
conveyor,1.18,12.32,104.46,1.61,333.28,6.09,gearbox_overheating,fault
conveyor,1.91,17.52,60.51,0.89,391.61,2.8,overload,fault
conveyor,0.86,5.54,43.45,1.56,258.99,1.27,none,running
conveyor,2.17,7.92,42.9,1.53,177.86,8.32,belt_misalignment,warning
conveyor,2.29,14.45,62.51,1.36,404.8,3.27,overload,fault
conveyor,5.13,15.31,74.57,0.12,477.35,5.99,jam,fault
conveyor,4.13,5.74,42.45,1.41,279.68,1.63,roller_bearing_failure,fault
conveyor,1.27,19.62,61.41,1,532.66,2.67,overload,fault
conveyor,3.04,8.64,40.92,1.49,210.69,6.11,roller_bearing_failure,warning
conveyor,1.42,6.78,45.85,1.46,229.96,3.01,roller_bearing_failure,running
conveyor,2.93,10.85,66.25,0.72,147.65,1.84,belt_slip,warning
conveyor,1.65,9.95,77.39,0.91,274.54,5.98,overload,warning
conveyor,0.75,8.41,46.62,1.68,125.44,3.89,none,running
conveyor,2.21,8.39,94.18,1.55,247.14,6.8,gearbox_overheating,fault
conveyor,4.27,9.45,57.44,1.44,217.12,5.95,roller_bearing_failure,fault
conveyor,1.89,6.34,42.9,1.36,230.18,4.36,roller_bearing_failure,running
conveyor,2.49,15.82,50.8,1.41,549.26,6.08,overload,fault
conveyor,3.83,8.38,104.92,1.44,163.72,2.44,gearbox_overheating,fault
conveyor,0.98,7.4,38.86,1.47,206.16,2,none,running
conveyor,1.28,7.95,65.07,1.03,257.81,7.69,belt_slip,warning
conveyor,1.52,10.29,54.28,0.95,233.02,7.67,belt_slip,warning
conveyor,1.3,7.91,51.51,1.4,214.71,12.75,belt_misalignment,fault
conveyor,4.3,9.59,52.09,1.66,289.32,5.77,roller_bearing_failure,fault
conveyor,1.05,5.65,43.61,1.6,144.59,4.92,none,running
conveyor,0.66,6.16,43.49,1.44,257.82,1.96,none,running
conveyor,2.58,9.82,47.02,0.83,445,6.78,overload,fault
conveyor,2.91,11.91,56,0.97,381.18,2.79,overload,fault
conveyor,3.8,18.29,85.4,0.51,438.56,11.97,jam,fault
conveyor,1.89,13.03,61.47,1.4,294.78,4.32,overload,warning
conveyor,3.57,20.46,62.39,0.47,405.86,9.12,jam,fault
conveyor,2.92,5.61,59.52,1.36,167.22,2.38,roller_bearing_failure,warning
conveyor,2.68,16.4,48.27,1.45,530.36,4.07,overload,fault
conveyor,2.68,14.38,66.84,0.59,264.07,8.52,jam,fault
conveyor,2.04,13.25,46.41,0.66,260.31,5.88,belt_slip,warning
conveyor,0.84,11.32,105.42,1.31,150.81,4.68,gearbox_overheating,fault
conveyor,1.09,6.62,46.24,1.62,156.19,4.24,none,running
conveyor,2.93,8.02,49.85,1.42,167.16,4.2,roller_bearing_failure,warning
conveyor,1.94,8.16,81.74,1.59,148.2,4.22,gearbox_overheating,fault
conveyor,1.72,8.61,63.26,0.75,213.56,3.26,belt_slip,running
conveyor,2.15,9.24,53.25,1.09,213.07,7.66,belt_misalignment,warning
conveyor,1.08,8.49,67.68,1.21,374.01,2.08,overload,warning
conveyor,1.31,10.08,71.49,1.28,260.27,4.95,gearbox_overheating,warning
conveyor,3.32,20.01,59.09,0.54,353.74,3.09,jam,fault
conveyor,0.57,5.66,48.56,1.57,267.5,2.86,none,running
conveyor,2.55,4.6,59.71,1.26,195,1.45,roller_bearing_failure,warning
conveyor,2.76,20.04,88.97,0.62,326.77,9.52,jam,fault
conveyor,1.18,7.81,48.59,1.48,187.68,3.15,none,running
conveyor,3.3,11.31,97.66,1.26,165.94,1.73,gearbox_overheating,fault
conveyor,4.24,8.12,48.12,1.23,228.57,2.37,gearbox_overheating,fault
conveyor,3.68,14.77,77.01,0.56,588.87,10.07,jam,fault
conveyor,2.43,6.78,49.36,1.24,281.38,4.53,roller_bearing_failure,warning
conveyor,2.48,10.83,49.97,1.48,183.34,13.66,belt_misalignment,fault
conveyor,2.89,11.25,48.75,1.48,191.6,10.52,belt_misalignment,fault
conveyor,1.18,9.09,91.06,1.29,343.75,5.33,gearbox_overheating,fault
conveyor,1.97,13.87,78.75,1.26,281.25,2.01,gearbox_overheating,warning
conveyor,3.65,8.93,57.02,1.63,193.7,5.26,roller_bearing_failure,warning
conveyor,2.03,11.34,50.71,0.56,99.89,6.81,belt_slip,warning
conveyor,2.97,11.74,111.11,1.32,331,3.93,gearbox_overheating,fault
conveyor,2.43,10.21,48.34,1.6,183.2,15.01,belt_misalignment,fault
conveyor,2.5,17.57,50.06,1.04,480.25,1.99,overload,fault
conveyor,2.5,16.71,77.07,0.97,440.34,4.35,overload,fault
conveyor,1.72,13.58,70.38,1.34,264.94,2.65,gearbox_overheating,warning
conveyor,1.08,6.99,39.66,1.71,269.87,3.58,none,running
conveyor,1.84,5.23,42.05,1.57,224.83,0.68,none,running
conveyor,3.74,6.2,45.41,1.39,204.57,3.92,roller_bearing_failure,warning
conveyor,3.1,9.06,99.78,1.53,276.48,3.71,gearbox_overheating,fault
conveyor,2.33,9.27,43.18,1.4,174.21,3.2,roller_bearing_failure,warning
conveyor,1.14,5.83,45.5,1.52,248.69,2.51,none,running
conveyor,4.57,6.19,44.6,1.43,237.49,5.43,roller_bearing_failure,fault
conveyor,3.17,7.36,82.67,1.49,289.94,6.31,gearbox_overheating,fault
conveyor,2.92,22.1,88.28,0.4,462.64,8.58,jam,fault
conveyor,2.59,20.3,64.11,0.1,541.5,11.08,jam,fault
conveyor,1.29,7.66,108.15,1.63,222.95,3.34,belt_misalignment,fault
conveyor,1.16,6.81,50.83,1.48,123.11,2.25,none,running
conveyor,0.67,11.15,45.05,1.2,259,10.22,belt_misalignment,fault
conveyor,1.49,10.75,56.4,0.45,209.71,4.12,belt_slip,warning
conveyor,0.91,7.59,41.34,1.51,273.78,2.27,none,running
conveyor,0.68,6.75,41.8,1.53,199.52,1.56,none,running
conveyor,2.58,7.89,45.96,1.33,239.87,5.49,roller_bearing_failure,warning
conveyor,1.17,13.5,66.03,1.14,193.9,7.12,gearbox_overheating,warning
conveyor,2.48,8.26,44.52,1.43,183.68,6.52,roller_bearing_failure,warning
conveyor,5.5,13.19,76.9,0.03,280.7,10.57,jam,fault
conveyor,2.27,9.29,106.56,1.34,242.24,1.89,gearbox_overheating,fault
conveyor,2.04,11.62,52.43,0.56,205.09,5.03,belt_slip,warning
conveyor,0.59,6.69,39.63,1.36,137.8,2.58,none,running
conveyor,1.53,9.89,69.01,1.27,385.42,4.8,overload,fault
conveyor,1.01,6.22,35.58,1.34,215.68,3.8,none,running
conveyor,2.42,9.06,108.7,1.13,369.98,2.1,jam,fault
conveyor,1.09,5.11,42.63,1.42,211.68,3.52,none,running
conveyor,2.95,11.25,60.25,1.18,339.12,5.84,overload,warning
conveyor,0.94,5.98,40.5,1.4,199.39,0.93,none,running
conveyor,2.38,8.53,56.73,1.65,207.96,4.07,roller_bearing_failure,warning
conveyor,2.31,10.12,50.94,1.4,436.52,4.27,overload,fault
conveyor,2.93,7.88,61.1,1.59,252.55,8.23,belt_misalignment,warning
conveyor,1.66,9.78,66.9,0.61,303.19,5.7,belt_slip,warning
conveyor,2.58,9.66,44.53,0.77,111.47,3.17,belt_slip,warning
conveyor,0.83,6.7,63.49,0.75,266.6,5.23,belt_slip,running
conveyor,2.89,11.09,59.24,1.4,411.59,4.83,overload,fault
conveyor,2.59,8.25,65.17,1.08,165.78,5.61,belt_slip,warning
conveyor,0.74,6.35,45.55,1.61,162.33,3.68,none,running
conveyor,3.75,19.99,66.91,0.5,351.35,5.79,jam,fault
conveyor,1.76,6.68,39.29,1.51,156.81,4.51,roller_bearing_failure,running
conveyor,2.92,7.18,62.61,1.56,250.35,4.34,roller_bearing_failure,warning
conveyor,1.05,7.62,44.72,1.61,254.62,2.25,none,running
conveyor,4.96,9.04,47.77,1.61,271.69,1.84,roller_bearing_failure,fault
conveyor,5.82,13.46,89.12,0.13,289.57,7.98,jam,fault
conveyor,1.6,16.45,75.57,1.28,448.97,3.72,overload,fault
conveyor,2.93,8.33,42.94,1.47,165.88,6.14,roller_bearing_failure,warning
conveyor,1.02,5.38,46.83,1.45,189.18,4.25,none,running
conveyor,1.13,10.46,51.54,0.76,178.63,7.28,belt_slip,warning
conveyor,0.67,7.84,44.75,1.49,178.35,4.37,none,running
conveyor,4.72,20.2,71.16,0.12,532.88,5.61,jam,fault
conveyor,2.93,14.08,66.06,1.45,286.96,2.4,gearbox_overheating,fault
conveyor,1.06,5.61,51.72,1.74,260.58,3.3,none,running
conveyor,2.13,7.4,53.92,1.16,335.79,5.56,overload,warning
conveyor,2.65,8.43,79.82,1.22,245.49,4.73,gearbox_overheating,warning
conveyor,1.53,8.97,46.25,0.7,187.42,3.25,belt_slip,running
conveyor,1.86,10.06,76.8,1.1,175,5.91,gearbox_overheating,warning
conveyor,2.42,10.53,62.15,1.15,247.29,13.07,belt_misalignment,fault
conveyor,2.04,11.03,54.98,1.11,551.63,2.61,overload,fault
conveyor,1.33,6.76,61.9,1.17,333.58,7.29,belt_misalignment,warning
conveyor,1.18,6.81,50.92,1.39,162.62,8.67,belt_misalignment,warning
conveyor,1.32,12.84,91.53,1.31,319.84,4.79,gearbox_overheating,fault
conveyor,0.95,17.85,52.74,1.38,550.15,1.5,overload,fault
conveyor,1.42,11.63,48.61,0.77,230.94,6.11,belt_slip,warning
conveyor,3.76,20.64,79.51,0.58,260.78,10.65,jam,fault
conveyor,2.94,7.38,57.29,1.38,158.2,14.11,belt_misalignment,fault
conveyor,3.24,8.75,55.32,1.48,143.12,11.22,belt_misalignment,fault
conveyor,2.54,9.21,60.68,0.61,129.27,4.08,belt_slip,warning
conveyor,0.79,5.71,43.15,1.58,170.59,2.06,none,running
conveyor,3.3,15.09,87.79,0.22,308.72,6.57,jam,fault
conveyor,1.89,8.3,89.49,1.56,305.2,5.62,gearbox_overheating,fault
conveyor,1.02,7.62,41.64,1.48,161.09,1.87,none,running
conveyor,2.54,15.79,71.15,1.37,459.7,2.79,overload,fault
conveyor,2.1,9.36,77.71,1.64,297.49,4.17,gearbox_overheating,warning
conveyor,1.97,8.29,54.9,1.16,294.78,13.52,belt_misalignment,fault
conveyor,1.78,12.47,58.43,1.05,243.85,4.38,belt_slip,warning
conveyor,4.25,7.11,47.14,1.37,149.68,4.16,roller_bearing_failure,fault
conveyor,2.8,7.88,64.89,0.56,198.62,4.59,belt_slip,warning
conveyor,2.69,17.74,59.63,0.86,324.13,3.44,overload,fault
conveyor,0.65,7.16,52.25,1.57,180.42,7.36,belt_misalignment,warning
conveyor,1.13,12.84,58.28,0.87,436.83,2.43,overload,fault
conveyor,1.2,5.91,47.49,1.62,214.2,3.31,none,running
conveyor,3.53,14.95,87.69,0.04,271.07,4.59,jam,fault
conveyor,2.24,8.37,61.63,0.65,191.67,7.11,belt_slip,warning
conveyor,0.88,9.57,86.78,1.29,318.5,3.29,gearbox_overheating,fault
conveyor,4.45,16.04,68.96,0,416.26,4.48,jam,fault
conveyor,0.82,10.37,69.56,1.15,429.57,3.34,overload,fault
conveyor,2.07,14.38,75.53,1.04,398.92,4.74,overload,fault
conveyor,1.82,12.93,62.4,0.85,331.59,6.47,overload,warning
conveyor,1.52,8.74,49.65,1.04,221.72,3.9,belt_slip,running
conveyor,2.33,10.02,46.99,1.1,212.75,13.79,belt_misalignment,fault
conveyor,1.06,8.87,94.77,1.34,263.88,3.27,gearbox_overheating,fault
conveyor,0.56,9.96,76.76,1.47,303.21,1.96,gearbox_overheating,warning
conveyor,0.73,7.2,42.27,1.3,142.64,3.52,none,running
conveyor,2.32,5.44,39.77,1.46,203.84,2.95,roller_bearing_failure,warning
conveyor,1.16,12.49,61.74,0.93,216.51,4.85,belt_misalignment,warning
conveyor,2.96,13.25,44.96,1.08,191.51,6.12,belt_slip,warning
conveyor,2.93,8.19,66.05,1.12,144.96,7.2,belt_slip,warning
conveyor,3.02,6.41,59.19,1.15,176.93,12.37,belt_misalignment,fault
conveyor,2.26,8.68,92.4,1.23,157.61,2.37,gearbox_overheating,fault
conveyor,1.17,7.09,62.33,1.11,210.73,6.41,belt_misalignment,warning
conveyor,4.32,7.41,43.14,1.26,194.09,4.64,roller_bearing_failure,fault
conveyor,3.48,18.58,69.35,0.54,415.8,7.09,jam,fault
conveyor,1.44,16.41,67.72,1.07,485.18,1.99,overload,fault
conveyor,4.48,17.97,58.07,0.51,569.05,7.57,jam,fault
conveyor,2.16,13.57,49.13,1.14,550.91,4.52,overload,fault
conveyor,1.17,7.62,44.81,1.39,287.57,3.41,roller_bearing_failure,warning
conveyor,2.62,10.55,51.98,1.32,243.74,10.68,belt_misalignment,fault
conveyor,3.09,7.79,47.7,1.5,212.31,5.27,roller_bearing_failure,warning
conveyor,4.67,8.84,45.75,1.22,178.36,5.5,roller_bearing_failure,fault
conveyor,1.35,6.76,49.86,1.15,242.85,12.97,belt_misalignment,fault
conveyor,2.34,13.41,92.25,1.5,325.9,6.5,gearbox_overheating,fault
conveyor,2.46,11.69,91.73,0.36,495.85,4.1,jam,fault
conveyor,1.87,14,47.43,1.2,360.67,2.07,overload,warning
conveyor,0.48,11.37,95.16,1.27,297.08,4.24,gearbox_overheating,fault
conveyor,0.85,5.45,42.06,1.45,168.96,1.81,none,running
conveyor,0.89,10.93,53.12,1.51,158.18,12.15,belt_misalignment,fault
conveyor,2.33,12.17,58.69,0.8,227.49,1.89,belt_slip,warning
conveyor,0.71,6.19,43.15,1.62,178.01,3.09,none,running
conveyor,2.47,8.94,54.59,1.08,248.2,13.18,belt_misalignment,fault
conveyor,1.18,13.49,101.08,1.26,421.4,3.68,gearbox_overheating,fault
conveyor,3.14,9.92,98.39,1.21,301.58,2.04,gearbox_overheating,fault
conveyor,1.43,8.92,61.55,1.14,216.52,10.07,belt_misalignment,fault
conveyor,4.13,8.86,44.17,1.48,207.67,14.47,none,fault
conveyor,3.31,12.11,67.24,1.63,293.63,2.88,gearbox_overheating,warning
conveyor,5.75,17.61,62.62,0.04,528.6,8.97,jam,fault
conveyor,2.35,9.66,47.17,1.03,246.77,2.92,belt_slip,warning
conveyor,2.25,15.57,52.73,1.37,444,5.18,overload,fault
conveyor,1.22,6.07,45.02,1.37,147.63,2.64,none,running
conveyor,1.35,9.71,42,1.27,205.58,8.62,belt_misalignment,warning
conveyor,1.89,10.84,56.67,1.09,189.6,3.35,belt_slip,warning
conveyor,1.8,12.28,52.03,0.96,203.88,7.21,belt_slip,warning
conveyor,0.64,7.96,42.09,1.63,283.59,1.85,none,warning
conveyor,1.74,10.12,87.55,1.57,235.25,5.74,gearbox_overheating,fault
conveyor,1.83,10.01,54.72,1.07,204.68,14.38,belt_misalignment,fault
conveyor,0.96,13.21,95.91,1.46,283.18,2.83,gearbox_overheating,fault
conveyor,2.43,10.03,45.6,0.78,230.15,3.15,belt_slip,warning
conveyor,1.97,16.33,82.38,0.05,336.65,4.71,jam,fault
conveyor,1.25,9.72,70.67,1.24,367.44,6.07,overload,warning
conveyor,3.84,8.21,57.72,1.42,185.9,3.64,roller_bearing_failure,warning
conveyor,4.18,6.84,54.54,1.3,259.46,1.19,roller_bearing_failure,fault
conveyor,0.92,6.2,46.81,1.57,195.99,1.86,none,running
conveyor,2.99,7.11,51.67,1.34,267.91,14.54,belt_misalignment,fault
conveyor,1.79,18.19,78.51,0.33,647.4,12.07,jam,fault
conveyor,2.56,6.54,61.29,1.06,126.36,12.77,belt_misalignment,fault
conveyor,1.42,10.37,58.97,1.14,338.51,6.33,overload,warning
conveyor,1.79,12.18,61.04,1.02,220.68,7.82,belt_slip,warning
conveyor,5.08,18.29,69.76,0.26,408.68,11.72,jam,fault
conveyor,1.62,10.89,75.13,1.13,228.84,6,gearbox_overheating,warning
conveyor,1.81,9.17,76.41,1.3,267.76,4.64,gearbox_overheating,warning
conveyor,3.18,19.95,54.68,0.27,340.36,3.89,jam,fault
conveyor,2.82,7.32,58.45,1.45,174.96,5.36,roller_bearing_failure,warning
conveyor,1.99,9.34,58.52,0.73,106.17,3.76,belt_slip,running
conveyor,2.33,21.61,81.64,0.24,650,3.81,jam,fault
conveyor,2.95,10.68,89.24,1.57,273.94,2.13,gearbox_overheating,fault
conveyor,2.73,16.04,75.16,1.2,562.15,3.58,overload,fault
conveyor,1.76,8.91,56.9,1.14,267.82,14.66,belt_misalignment,fault
conveyor,4.06,16.66,65.56,0.13,381.96,4.84,jam,fault
conveyor,5.15,5.43,40.69,1.63,135.16,5.11,roller_bearing_failure,fault
conveyor,2.61,11.44,74.18,1.28,414.23,7.04,overload,fault
conveyor,2.45,10.77,55.93,1.34,186.18,11.31,belt_misalignment,fault
conveyor,0.62,8.73,35.56,1.57,205.35,3.04,none,running
conveyor,1.07,8.87,42.64,1.37,275.08,12.62,belt_misalignment,fault
conveyor,3.72,9.07,43.98,1.44,153.81,4.32,roller_bearing_failure,warning
conveyor,0.78,13.51,53.61,1.35,320.18,4.52,overload,warning
conveyor,0.61,7.73,44.08,1.56,178.61,2.07,none,running
conveyor,1.54,10.29,45.47,0.8,163.64,4.35,belt_slip,warning
conveyor,1.82,9.59,57.51,1.43,226.3,3.98,roller_bearing_failure,running
conveyor,3.68,11.36,76.96,1.36,260.55,6.72,gearbox_overheating,warning
conveyor,4.15,5.31,49.4,1.27,276.3,5.57,roller_bearing_failure,fault
conveyor,3.02,16.23,83.89,0.42,402.72,9.54,jam,fault
conveyor,0.4,10.1,60.12,0.52,245.49,6.96,belt_slip,warning
conveyor,3.32,13.8,94.76,0.58,538.32,10.94,jam,fault
conveyor,2.92,6.15,46.21,1.32,229.81,2.36,roller_bearing_failure,warning
conveyor,1.04,8.03,39.15,1.47,217.74,1.93,none,running
conveyor,1.91,12.56,84.85,0.46,459.04,3.94,jam,fault
conveyor,5.12,8.28,52.03,1.69,174.02,2.15,roller_bearing_failure,fault
conveyor,5.25,8.75,60.76,1.37,223.13,4.88,roller_bearing_failure,fault
conveyor,0.25,7.94,57.85,1.53,223.19,10.94,belt_misalignment,fault
conveyor,1,12.28,60.89,0.5,205.69,4.83,belt_slip,warning
conveyor,0.81,13.55,60.85,0.76,397.37,6.96,overload,fault
conveyor,1.54,12.88,61.03,1.24,301.7,4.03,gearbox_overheating,warning
conveyor,3.3,10.37,58.12,1.32,183.24,7.46,belt_misalignment,warning
conveyor,1.52,9.11,61.56,1.27,173.15,13.35,belt_misalignment,fault
conveyor,3.8,6.86,39.81,1.38,306.38,5.34,roller_bearing_failure,warning
conveyor,2.28,21.06,78.32,0.38,444.91,8.53,jam,fault
conveyor,1.55,10.09,48.26,0.96,398.55,4.61,overload,fault
conveyor,1.58,10.83,64.34,1.52,290.93,6.9,gearbox_overheating,warning
conveyor,1.57,10.79,67.45,1.46,304.24,2.83,gearbox_overheating,warning
conveyor,0.87,10.1,56.75,1.44,258.32,10.89,overload,fault
conveyor,1.59,6.1,42.73,1.08,247.24,11.7,jam,fault
conveyor,1.5,7.63,77.61,1.22,250.61,5.94,gearbox_overheating,warning
conveyor,1.4,12.45,64.76,0.76,130.39,7.43,belt_slip,warning
conveyor,5,8.52,48.12,1.46,251.13,3.82,roller_bearing_failure,fault
conveyor,1.31,10.9,42.96,0.92,133.14,4.31,belt_slip,warning
conveyor,0.77,6.55,42.42,1.32,169.86,3.08,none,running
conveyor,0.98,10.73,48.33,0.76,222.58,3.32,belt_slip,warning
conveyor,1.31,8.77,44.88,0.82,214.07,7.49,belt_slip,warning
conveyor,2.47,7.23,85.26,1.35,242.94,1.66,gearbox_overheating,fault
conveyor,3.71,9.45,63.56,1.53,221.88,7.04,belt_misalignment,warning
conveyor,3.18,8.04,50.23,1.26,238.22,11.79,belt_misalignment,fault
conveyor,3.15,13.18,104.8,1.42,244.45,2.25,gearbox_overheating,fault
conveyor,0.83,7.64,46.68,1.66,185.03,2.64,none,running
conveyor,2.1,8.18,67.17,1.36,377.07,2.18,gearbox_overheating,warning
conveyor,0.5,8.12,41.06,1.36,294.82,2.99,none,warning
conveyor,4.19,7.24,56.69,1.45,196.13,5.02,roller_bearing_failure,fault
conveyor,1.06,7.28,41.06,1.5,283.12,1.41,none,warning
conveyor,2.06,7.2,55.77,1.29,185.6,3.22,roller_bearing_failure,warning
conveyor,2.18,5.81,54.32,1.28,144.9,2.6,roller_bearing_failure,warning
conveyor,2.15,7.55,40.66,1.24,205.69,11.06,belt_misalignment,fault
conveyor,1.62,10.71,51.66,1.5,212.44,13.22,belt_misalignment,fault
conveyor,1.56,9.93,46.57,0.73,190.84,7.68,belt_slip,warning
conveyor,0.97,7.51,40,1.65,167.17,3.04,none,running
conveyor,2.82,17.81,81.52,0.07,401.01,8.92,jam,fault
conveyor,2.04,10.91,63,0.71,144.15,7.76,belt_slip,warning
conveyor,1.68,7.72,44.37,1.4,301.36,8.14,belt_misalignment,warning
conveyor,4.43,19.8,95.82,0.32,508.89,7.24,jam,fault
conveyor,1.53,9.45,70.1,0.94,442.53,3.4,overload,fault
conveyor,1.32,8.2,51.72,1.31,252.65,12.93,belt_misalignment,fault
conveyor,2.83,9.28,46.63,1.38,196.67,5.34,roller_bearing_failure,warning
conveyor,1.48,14.33,81.64,0.18,376.29,6.78,jam,fault
conveyor,2.36,8.65,48.75,1.17,328.11,3.84,overload,warning
conveyor,2.27,14.2,47.69,1.46,341.17,4.32,overload,fault
conveyor,2.73,12.01,53.32,0.74,166.23,2.48,belt_slip,warning
conveyor,1.34,13.75,61.16,0.74,223,4.12,belt_slip,warning
conveyor,1.66,8.23,46.91,1.44,287.45,7.83,belt_misalignment,warning
conveyor,1.99,17.1,72.17,0.94,326.89,5.58,overload,fault
conveyor,3.62,11.98,96.08,1.51,178.32,4.38,gearbox_overheating,fault
conveyor,2.54,9.49,60.57,1.69,291.02,6.49,roller_bearing_failure,warning
conveyor,1.98,7.75,61.94,1.47,222.86,14.95,jam,fault
conveyor,2.88,8.92,72.94,1.25,290.89,4.06,gearbox_overheating,warning
conveyor,1.87,13.27,68,1.31,217.22,6.78,jam,warning
conveyor,5.41,6.64,56.86,1.18,215.56,4.47,roller_bearing_failure,fault
conveyor,6.46,17.18,59.59,0.09,397.18,5.12,jam,fault
conveyor,3.71,16.76,76.16,0.25,343.98,10.59,jam,fault
conveyor,5.56,7.01,58.36,1.69,245.92,3.28,roller_bearing_failure,fault
conveyor,1.59,12.76,47.24,0.79,167.92,6.62,belt_slip,warning
conveyor,3.1,18.64,91.99,0.54,376.61,4.18,jam,fault
conveyor,1.77,11.95,57.81,0.68,195.67,5.58,belt_slip,warning
conveyor,1.1,15.17,70.84,1.3,343.14,6.9,overload,fault
conveyor,1.29,7.46,44.2,1.41,236.52,4.06,none,running
conveyor,5.65,8.14,52.27,1.63,225.93,3.91,roller_bearing_failure,fault
conveyor,2.75,14.1,52.98,1.02,295.73,3.51,overload,fault
conveyor,4.8,6.8,61.12,1.48,300.81,1.27,roller_bearing_failure,fault
conveyor,3.21,6.55,57.17,1.36,272.91,7.16,overload,warning
conveyor,4.96,13.38,54.04,0.32,524.71,4.24,jam,fault
conveyor,2.04,10.79,47.25,0.56,199.64,4.05,belt_slip,warning
conveyor,2.62,7.46,50.58,0.53,238.51,2.35,belt_slip,warning
conveyor,1.79,10.2,50.31,1.38,154.74,9.62,belt_misalignment,warning
conveyor,1.8,17.98,57.51,1.41,521.7,3.19,overload,fault
conveyor,2.13,7.03,58.13,1.58,186.2,12.85,belt_misalignment,fault
conveyor,1.65,10.31,59.57,0.89,136.59,3.55,belt_slip,warning
conveyor,3.59,12.78,79.02,0.06,323.46,9.14,jam,warning
conveyor,3.69,10.31,46.54,1.32,180.65,10.21,belt_misalignment,fault
conveyor,3.44,17.14,59.98,0.02,421.24,4.48,jam,fault
conveyor,0.75,6.35,47.84,1.48,184.68,2.02,none,running
conveyor,1.01,8.35,61.74,1.1,216.97,11.6,belt_misalignment,fault
conveyor,2.12,19.5,72.33,0.06,628.43,4.99,jam,fault
conveyor,2.64,7.34,44.48,1.1,174.94,8.15,belt_misalignment,warning
conveyor,1.58,13.25,72.88,0.81,280.08,3.62,overload,warning
conveyor,1.07,7.78,45.89,1.43,270.4,6.32,overload,warning
conveyor,2.69,18.49,74.17,0.33,368.08,11.39,jam,fault
conveyor,2.81,11.61,47.58,1.16,236.89,12.6,belt_misalignment,fault
conveyor,2.11,12.2,43.85,0.91,276.47,2.6,belt_slip,warning
conveyor,0.57,7.32,44.08,1.47,245.45,2.71,none,running
conveyor,1.88,6.63,39.84,1.59,164.82,5.91,roller_bearing_failure,running
conveyor,2.46,11.09,61.26,1.08,259.63,4.08,overload,warning
conveyor,1.13,7.94,50.78,1.44,164.95,2.1,none,running
conveyor,5.96,21.22,73.6,0.09,342.12,3.76,jam,fault
conveyor,2.71,9.13,42.08,1.25,169.93,4.34,roller_bearing_failure,warning
conveyor,2.5,13.34,59.33,0.44,552.7,11.44,jam,fault
conveyor,4.31,8.78,50.89,1.38,333.45,2.12,roller_bearing_failure,fault
conveyor,2.02,19.52,48.3,1.14,507.71,5.95,overload,fault
conveyor,0.71,9.66,47.14,1.17,273.71,10.86,belt_misalignment,fault
conveyor,5.06,14.15,63.86,0.37,345.44,9.75,jam,fault
conveyor,3.25,21.02,66.03,0.1,358.62,4.55,jam,fault
conveyor,0.76,7.79,63.01,1.56,296.76,4.8,gearbox_overheating,warning
conveyor,1.37,7.02,92.59,1.4,269.3,4.48,gearbox_overheating,fault
conveyor,3.13,14.3,86.15,1.24,287.23,6.6,gearbox_overheating,fault
conveyor,3.32,19.68,66.72,1.05,497.78,3.11,overload,fault
conveyor,1.93,13.3,59.12,0.56,125.7,5.26,belt_slip,warning
conveyor,0.54,6.63,44.14,1.4,216.55,2.46,none,running
conveyor,1.08,5.9,38.81,1.64,215.35,3.98,none,running
conveyor,5.01,7.28,52.89,1.31,191.58,1.61,roller_bearing_failure,fault
conveyor,5.45,9.16,59.51,1.53,204.37,2.09,roller_bearing_failure,fault
conveyor,3.84,7.49,50.69,1.31,167.16,5.21,roller_bearing_failure,warning
conveyor,1.58,14.2,72.06,1.27,403.12,4.22,overload,fault
conveyor,2.81,9.69,62.12,1.46,225.9,4.35,gearbox_overheating,warning
conveyor,1.15,5.34,43.15,1.39,277.39,2.83,none,running
conveyor,2.68,5.46,53.99,1.41,276.47,2.22,roller_bearing_failure,warning
conveyor,4.57,8.73,54.69,1.37,196.99,4.52,roller_bearing_failure,fault
conveyor,3.79,18.37,73.79,0.14,650,6.93,jam,fault
conveyor,1.84,9.63,60.26,1.35,200.23,6.02,belt_misalignment,warning
conveyor,2.9,9.4,52.3,0.69,219.85,3.98,belt_slip,warning
conveyor,1.58,20.84,67.16,1.07,488.06,6.52,overload,fault
conveyor,0.88,7.51,42.24,1.41,170.85,4.22,none,running
conveyor,2.72,7.54,51.95,0.94,279.47,7.5,overload,warning
conveyor,2.1,9.91,41.54,0.73,211.38,4.66,belt_slip,warning
conveyor,1.69,13.71,108.21,1.22,300.35,3.47,gearbox_overheating,fault
conveyor,1.52,7.44,53.72,1.48,133.29,10.19,belt_misalignment,fault
conveyor,2.46,10.17,51.61,1.27,352.19,5.76,overload,warning
conveyor,5.87,18.97,92.04,0.55,375.59,11.21,jam,fault
conveyor,1.32,5.96,42.01,1.63,151.31,1.09,none,running
conveyor,0.87,11.03,47.99,0.89,209.29,6.12,belt_slip,warning
conveyor,2.79,6.93,47.1,1.6,134.03,4.01,roller_bearing_failure,warning
conveyor,0.63,5.4,46.01,1.48,130.34,3.54,none,running
conveyor,3.98,6.67,55.35,1.51,222.88,2.84,roller_bearing_failure,warning
conveyor,2.57,13.57,51.85,0.91,360.93,6.79,overload,warning
conveyor,5.46,14.04,83.12,0.51,357.87,3.99,jam,fault
conveyor,2.78,7.18,52.88,1.46,216.05,1.96,roller_bearing_failure,warning
conveyor,2.16,9.5,45.56,0.73,152.32,2.58,belt_slip,warning
conveyor,1.42,10.93,55.2,0.62,147.2,4.73,belt_slip,warning
conveyor,2.07,7.64,45.8,1.48,256.38,7.67,belt_misalignment,warning
conveyor,1.09,5.66,51.04,1.51,179.62,1.59,none,running
conveyor,0.95,8.82,60.65,1.03,266.3,4.11,belt_slip,running
conveyor,3.09,5.48,46.62,1.46,287.87,2.22,roller_bearing_failure,warning
conveyor,2.35,8.43,46.53,1.1,199.37,9.99,belt_misalignment,warning
conveyor,2.07,9.89,68.21,0.87,366.67,5.75,overload,warning
conveyor,2.92,7.75,93.44,1.27,317.66,3.1,gearbox_overheating,fault
conveyor,0.88,6.31,35.67,1.34,177.89,3.16,none,running
conveyor,2.58,10.72,90.94,1.37,222.73,4.64,gearbox_overheating,fault
conveyor,1.98,10.57,42.88,1.48,175.63,8.16,belt_misalignment,warning
conveyor,2.27,10.97,56.03,1.49,177.86,10.55,belt_misalignment,fault
conveyor,3.43,5.36,57.97,1.6,165.86,5.27,roller_bearing_failure,warning
conveyor,2.57,12.27,58.51,1.22,315.63,6.23,overload,warning
conveyor,2.65,10.93,56.05,0.99,392.86,3.28,overload,fault
conveyor,4.92,14.32,60.97,0.38,394.14,9.21,jam,fault
conveyor,2.13,13.84,48.11,1.26,234.36,5.4,overload,warning
conveyor,1.34,8.4,48.63,0.95,291.9,4.31,overload,warning
conveyor,3.16,7.07,41.68,1.53,184.42,5.94,roller_bearing_failure,warning
conveyor,1.21,5.37,49.27,1.41,223.16,0.6,none,running
conveyor,2.22,10.99,49.16,0.73,131.53,3.95,belt_slip,warning
conveyor,3.02,10.81,47.7,1.49,243.1,10.08,belt_misalignment,fault
conveyor,0.94,10.48,48.43,1.52,178.52,8.6,belt_misalignment,warning
conveyor,0.6,7.29,47.34,1.37,266.5,4.48,none,running
conveyor,2.72,7.42,51.27,1.17,208.88,10.86,belt_misalignment,fault
conveyor,1.75,8.41,91.55,1.41,288.91,2.22,gearbox_overheating,fault
conveyor,2.1,9.52,60.2,1.44,236.72,3.34,roller_bearing_failure,warning
conveyor,1.03,8.4,45.24,0.59,245.71,7.91,belt_slip,warning
conveyor,5.26,5.42,54.82,1.26,141.98,2.39,roller_bearing_failure,fault
conveyor,4.83,8.85,60.97,1.47,146.73,5.39,roller_bearing_failure,fault
conveyor,1.72,6.28,45.49,1.17,176.71,5.35,roller_bearing_failure,running
conveyor,0.42,6.42,47.55,1.39,166.03,1.31,none,running
conveyor,4.49,9.09,53.99,1.63,163.78,5.13,roller_bearing_failure,fault
conveyor,4.13,18.5,76.83,0.49,462.28,5.57,jam,fault
conveyor,1.73,8.95,60.89,0.54,190.6,1.7,belt_slip,running
conveyor,2,9.07,83.03,1.17,236.1,3.02,gearbox_overheating,fault
conveyor,3.86,18.94,62.18,0.84,459.69,4.78,overload,fault
conveyor,3.62,7.59,40.23,1.18,203.56,10.1,belt_misalignment,fault
conveyor,4.92,17.67,68.33,0.6,605.54,11.52,jam,fault
conveyor,0.83,6.7,43.67,1.58,238.25,1.45,none,running
conveyor,3.39,7.54,57.59,1.23,252.77,14.58,belt_misalignment,fault
conveyor,2.54,9.64,65.6,1.02,216.47,2.51,belt_slip,warning
conveyor,0.87,6.59,38.09,1.5,137.25,1.73,none,running
conveyor,5.16,5.96,61.78,1.46,212.54,5.12,roller_bearing_failure,fault
conveyor,0.85,12.37,57.12,0.55,213.71,6.86,belt_slip,warning
conveyor,4.21,5.48,49.07,1.46,147.63,3.99,roller_bearing_failure,fault
conveyor,5.12,5.98,59.2,1.47,194.24,2.92,roller_bearing_failure,fault
conveyor,1.77,16.53,72.15,1.27,486.2,4.53,overload,fault
conveyor,3.04,19.11,66.77,0.27,399.25,4.96,jam,fault
conveyor,1.48,6.76,42.98,1.35,202.59,11.5,belt_misalignment,fault
conveyor,1.67,9.76,45.38,0.62,266.79,4.56,belt_slip,running
conveyor,0.72,6.5,44.69,1.43,200.27,4.19,none,running
conveyor,2.5,16.49,69,0.51,453.3,10.3,jam,fault
conveyor,1.37,6.45,45.1,1.55,215.75,1.78,none,running
conveyor,1.71,9.48,62.56,0.43,283.02,5.6,belt_slip,warning
conveyor,1.3,9.99,80.3,1.4,319.96,6.17,roller_bearing_failure,fault
conveyor,1.23,7.37,74.57,1.57,176.45,4.53,gearbox_overheating,warning
conveyor,4.82,5.95,41.54,1.42,218.29,4.3,roller_bearing_failure,fault
conveyor,2.22,9.64,48.81,1.36,225.86,1.62,roller_bearing_failure,warning
conveyor,1.74,9.41,42.52,1.39,153.4,13.72,belt_misalignment,fault
conveyor,1.05,8,44.26,1.59,207.53,3.58,none,running
conveyor,1.91,16.06,60.28,0.47,373.59,6.15,jam,fault
conveyor,1.19,7.69,46.8,1.51,171.87,0.7,none,running
conveyor,1.55,10.05,57.38,1.24,214.25,3,roller_bearing_failure,warning
conveyor,4.9,12.91,65.42,0.22,650,7.76,jam,fault
conveyor,2.51,16.63,92.66,0.26,608.02,4.94,jam,fault
conveyor,3.67,19.61,91.95,0.85,487.03,6.38,jam,fault
conveyor,1.6,10.23,75.55,0.85,507.87,4.07,overload,fault
conveyor,2.61,8.49,51.99,0.75,129.66,7.08,belt_slip,warning
conveyor,3.78,8.32,49.93,1.46,290.84,4.49,roller_bearing_failure,warning
conveyor,2.43,12.42,108.96,1.25,312.91,6.29,belt_slip,fault
conveyor,4.35,18.41,57.3,0.37,303.48,10.46,jam,fault
conveyor,2.25,10.12,98.72,1.37,301.73,2.59,gearbox_overheating,fault
conveyor,5.89,13.76,58.88,0.58,416.24,5.72,jam,fault
conveyor,1.53,8.52,78.74,1.58,190.88,2.5,gearbox_overheating,warning
conveyor,4.22,17.05,59.62,0.4,614.88,6.1,jam,fault
conveyor,1.32,6.24,39.58,1.39,219.16,1.82,none,running
conveyor,1.53,16.56,69.55,0.5,456.7,3.26,jam,fault
conveyor,3.61,10.31,46.99,1.43,224.23,13.66,belt_misalignment,fault
conveyor,2.42,9.8,44.73,1.43,180.74,4.8,roller_bearing_failure,warning
conveyor,1.46,15.85,58.86,1.24,453.02,4.15,overload,fault
conveyor,2.03,7.77,60.75,1.22,205.1,10.37,belt_misalignment,fault
conveyor,2.27,18.54,64.3,0.13,501.32,9.69,jam,fault
conveyor,0.61,6.87,38.38,1.42,211.26,0.88,none,running
conveyor,2.2,15.49,79.5,0.23,359.17,8.41,jam,fault
conveyor,2.02,11.35,48.26,1.15,174.02,2.6,belt_slip,warning
conveyor,1.24,5.98,38.37,1.57,214.21,4.04,none,running
conveyor,4.01,10,61.96,1.44,118.75,5.97,belt_misalignment,fault
conveyor,3.11,20.35,92.1,0.35,271.09,8.79,jam,fault
conveyor,1.47,8.3,87.6,1.32,324.03,3.28,gearbox_overheating,fault
conveyor,2.11,13,65.07,1.48,307.39,6.84,gearbox_overheating,warning
conveyor,1.9,10.76,58.24,0.64,186.21,6.97,belt_slip,warning
conveyor,0.69,6.65,44,1.51,152.94,2.09,none,running
conveyor,2.79,11.47,94.53,1.14,219.55,2.25,gearbox_overheating,fault
conveyor,5.24,7.41,52.06,1.28,174.08,1.4,roller_bearing_failure,fault
conveyor,1.76,16.65,55.51,0.85,318.74,2.26,overload,fault
conveyor,2.38,18.34,70.88,0.88,481.35,8.28,jam,fault
conveyor,1.35,7.42,46.17,0.94,187.8,3.48,belt_slip,running
conveyor,1.58,7.12,50.09,1.35,323.15,11.61,belt_misalignment,fault
conveyor,2.26,19.27,68.72,0.12,516.37,5.97,jam,fault
conveyor,2.86,7.01,43.84,1.5,173.34,2.65,roller_bearing_failure,warning
conveyor,5.03,16.38,72.4,0,522.73,4.69,jam,fault
conveyor,2.28,6.77,48.5,1.34,209.9,13.33,belt_misalignment,fault
conveyor,1.28,7.48,41.53,1.52,188.89,3.11,none,running
conveyor,1.12,12.09,51.38,0.91,162.43,4.44,belt_slip,warning
conveyor,0.67,5.95,36.98,1.54,184.77,4.62,none,running
conveyor,0.57,5.85,38.03,1.46,211.77,4.47,none,running
conveyor,1.87,18.89,47.36,0.91,336.64,5.74,overload,fault
conveyor,0.1,6.28,45.64,1.6,183.5,1.71,none,running
conveyor,2.5,12.15,54.78,1.05,390.9,4.83,overload,fault
conveyor,0.85,6.25,35.19,1.62,213.77,4,none,running
conveyor,0.79,5.36,46.88,1.51,231.26,0.82,none,running
conveyor,1.92,21.1,70.32,1.31,406.17,3.18,overload,fault
conveyor,2.33,20.25,65.79,0.6,437.33,3.92,jam,fault
conveyor,5.14,20.21,56.82,0.47,631.46,9.31,jam,fault
conveyor,2.22,12.99,80.26,0.32,305.17,4.22,jam,fault
conveyor,0.75,6.94,43.66,1.66,213.04,2.85,none,running
conveyor,1.97,10.91,62.44,1.23,278.87,6.31,belt_misalignment,warning
conveyor,2.4,10.54,54.82,1.37,231.4,14.54,belt_misalignment,fault
conveyor,2.5,13.01,63.72,1.47,289.93,3.75,gearbox_overheating,warning
conveyor,2.96,6.91,49.38,1.48,239.45,4.53,belt_misalignment,warning
conveyor,1.59,16.8,62.74,1.36,360.17,6.76,overload,fault
conveyor,3.1,15.18,91.86,0.09,411.17,8.51,jam,fault
conveyor,2.02,7.08,60.42,1.43,214.87,7.07,belt_misalignment,warning
conveyor,2.4,16.6,91.76,0.18,503.45,3.65,gearbox_overheating,fault
conveyor,1.6,7.15,54.79,1.53,307.44,3.76,none,warning
conveyor,0.96,11.96,68.86,1.58,204.72,2.76,gearbox_overheating,warning
conveyor,4.18,8.92,54.44,1.35,172.53,2.59,roller_bearing_failure,fault
conveyor,4.21,8.68,39.67,1.28,222.54,3.68,roller_bearing_failure,fault
conveyor,1.69,14.43,70.28,1.29,338.12,3.94,overload,fault
conveyor,3.1,6.41,54,1.06,308.87,3.71,belt_slip,warning
conveyor,2.07,10.53,52.44,1.07,210.91,2.08,belt_slip,warning
conveyor,2.98,12.42,64.04,1.13,444.93,6.14,overload,fault
conveyor,1.86,9.9,104.4,1.34,161.88,3.9,gearbox_overheating,fault
conveyor,5.37,19.35,67.38,0.59,530.15,4.18,jam,fault
conveyor,3.37,9.3,82.68,1.23,324.33,6.26,gearbox_overheating,fault
conveyor,5.35,8.65,53.46,1.27,247.79,3.97,roller_bearing_failure,fault
conveyor,0.93,5.56,37.44,1.63,144.13,2.4,none,running
conveyor,0.74,7.63,46.06,1.44,230.22,1.52,none,running
conveyor,4.72,20.07,70.69,0.38,619.27,3.43,jam,fault
conveyor,1.34,12.62,51.66,0.63,157.31,2.95,belt_slip,warning
conveyor,3.53,16.89,71.42,0.14,500.58,11.55,jam,fault
conveyor,5.58,19.49,86.16,0.3,381.41,6.77,jam,fault
conveyor,3.32,15.2,67.19,1.3,381.17,5.55,overload,fault
conveyor,2.71,12.43,61.42,1.17,327.87,5.39,overload,warning
conveyor,1.11,10.43,56.27,1.23,262.67,11.63,belt_misalignment,fault
conveyor,2.21,10.37,78.35,1.25,235.52,3.77,gearbox_overheating,warning
conveyor,1.42,11.66,56.36,1.31,503.72,7.79,overload,fault
conveyor,2.61,8.08,55.28,1.23,204.69,6.95,belt_misalignment,warning
conveyor,6.05,13.45,59.66,0.52,526.17,9.06,jam,fault
conveyor,4.65,12.84,77.6,0.66,446.67,10.07,jam,fault
conveyor,1.56,12.79,55.8,1.01,209.46,3.17,belt_slip,warning
conveyor,1.48,18.89,53.36,0.43,650,11.48,jam,fault
conveyor,3.23,8.4,56.89,1.21,309.18,9.73,belt_misalignment,warning
conveyor,4.35,8.87,57.62,1.39,260.87,3.89,roller_bearing_failure,fault
conveyor,1.46,8.05,53.58,0.89,204.73,3.28,belt_slip,running
conveyor,1.02,6.87,36.31,1.35,176.16,1.24,none,running
conveyor,0.59,5.83,47.83,1.43,210.83,3.01,none,running
conveyor,1.05,7.51,43.18,1.35,199.69,3.99,none,running
conveyor,0.55,6.53,45.84,1.53,198.51,3.49,none,running
conveyor,1.18,7.58,49.56,1.61,196.07,1.64,roller_bearing_failure,running
conveyor,2.26,12.87,55,0.85,266.52,3.3,belt_slip,warning
conveyor,1.9,10.06,47.96,1.24,181.73,6.96,belt_misalignment,warning
conveyor,2.7,6.64,58.69,1.33,125.34,4.42,roller_bearing_failure,warning
conveyor,3.25,19.95,63.09,0.93,465.81,3.19,overload,fault
conveyor,1.43,8.15,39.41,1.45,206.21,3.14,none,running
conveyor,2.11,8.9,44.48,1.6,149.82,0.76,roller_bearing_failure,warning
conveyor,0.77,11.94,66.68,0.71,170.84,5.94,belt_slip,warning
conveyor,1.01,12.39,75.64,0.8,327.36,2.85,overload,warning
conveyor,1.04,6.83,41.4,1.49,189.23,1.99,none,running
conveyor,0.67,10.4,72.41,1.16,397.82,2.51,overload,fault
conveyor,1.75,9.35,56.18,1.25,149.68,6.16,belt_misalignment,warning
conveyor,2.74,10.89,74.63,1.12,440.44,4.55,overload,fault
conveyor,2.76,14.42,67.25,0.91,480.53,1.87,overload,fault
conveyor,3.06,11.98,85.4,1.23,197.53,3.07,gearbox_overheating,fault
conveyor,1.08,8.84,97.1,1.54,361.23,2.01,gearbox_overheating,fault
conveyor,2.41,9.54,52.97,1.13,197.58,13.8,belt_misalignment,fault
conveyor,4.16,17.3,87.14,0.63,650,9.2,jam,fault
conveyor,1.29,15.06,57.91,1.2,431.97,5.87,jam,fault
conveyor,4.02,13.55,91.6,0.59,408.48,6.2,jam,fault
conveyor,2.67,20.51,94.89,0.78,592.92,10.02,jam,fault
conveyor,4.76,9.62,49.57,1.63,285.77,3.9,roller_bearing_failure,fault
conveyor,2.88,10.23,90.03,1.39,372.48,6.97,gearbox_overheating,fault
conveyor,4.1,9.31,45.06,1.61,196.41,6.35,roller_bearing_failure,fault
conveyor,2.55,13.14,40.85,0.73,234.86,3.52,belt_slip,warning
conveyor,2.84,8.34,79.8,1.57,345.06,2.81,gearbox_overheating,warning
conveyor,1.1,6.39,42.9,1.57,245.9,4.2,none,running
conveyor,2.56,8.92,108.33,1.31,320.92,5.13,gearbox_overheating,fault
conveyor,2.52,10.33,57.64,0.76,109.46,6.2,belt_slip,warning
conveyor,2.96,6.06,60.21,1.41,178.56,4.88,roller_bearing_failure,warning
conveyor,2.18,8.19,54.57,1.51,218.7,10.55,belt_misalignment,fault
conveyor,0.8,6.14,47.71,1.48,169.45,3.86,none,running
conveyor,0.63,13.09,69.21,1.17,270.06,6.47,gearbox_overheating,warning
conveyor,3.18,7.8,92.61,1.36,307.91,4.7,gearbox_overheating,fault
conveyor,2.59,8.55,44.73,0.54,164.17,2.2,belt_slip,warning
conveyor,1.11,6.66,43.83,1.34,208.47,1.17,none,running
conveyor,2.38,10.3,54.26,1.29,218.92,12.48,belt_misalignment,fault
conveyor,4.49,10.17,103.07,1.61,285.33,5.39,gearbox_overheating,fault
conveyor,1.01,6.75,50.43,1.48,158.3,2.81,none,running
conveyor,4.35,8.17,46.47,1.54,234.88,4.31,roller_bearing_failure,fault
conveyor,5.53,6.06,52.22,1.36,204.38,4.81,roller_bearing_failure,fault
conveyor,1.72,12.77,48.14,0.99,166.94,6.73,belt_slip,warning
conveyor,2.09,10.87,52.13,1.2,261.52,9.72,belt_misalignment,warning
conveyor,0.69,11.63,60.91,0.43,175.44,5.85,belt_slip,warning
conveyor,4.18,9.37,47.19,1.35,292.72,4.46,roller_bearing_failure,fault
conveyor,0.53,8.7,48.2,1.36,244.16,8.17,belt_misalignment,warning
conveyor,0.77,11.51,87.93,1.55,335.03,3.65,gearbox_overheating,fault
conveyor,2.35,7.28,53.97,1.38,234.7,8.04,belt_misalignment,warning
conveyor,2.98,11.58,67.58,0.95,283.16,4.17,belt_slip,warning
conveyor,1.82,6.54,46.65,1.37,195.58,12.25,belt_misalignment,fault
conveyor,2.34,8.56,59.3,1.28,173.32,14.94,belt_misalignment,fault
conveyor,4.69,9.49,63.16,1.33,230.45,3.34,roller_bearing_failure,fault
conveyor,3.4,8.09,54.73,1.37,210.24,5.82,roller_bearing_failure,warning
conveyor,1.36,12.76,101.01,1.51,194.62,5.33,gearbox_overheating,fault
conveyor,1.12,8.79,65.05,0.74,144.9,4.27,belt_slip,warning
conveyor,2.67,11.57,71.47,1.25,504.32,2.66,overload,fault
conveyor,3.9,14.06,74.76,0.37,490.69,2.8,jam,fault
conveyor,2.6,13.2,57.96,0.83,507.06,2.21,overload,fault
conveyor,0.95,9.76,64.21,0.74,186.27,2.65,belt_slip,running
conveyor,3.28,11.95,69.97,1.4,418.59,2.34,overload,fault
conveyor,1.65,16.82,53.89,0.92,503.9,1.82,overload,fault
conveyor,1.28,8.14,67.8,1.41,284.89,2.97,gearbox_overheating,warning
conveyor,2.97,7.19,51.04,1.53,229.02,2.86,roller_bearing_failure,warning
conveyor,1.6,9.52,68.54,1.27,191.98,6.43,gearbox_overheating,warning
conveyor,2.43,8.02,72.09,1.66,193.98,7.27,gearbox_overheating,warning
conveyor,2.58,7.43,55.41,1.45,217.09,14.99,belt_misalignment,fault
conveyor,1.26,6.8,39.46,1.62,215.5,1.75,none,running
conveyor,1.68,13.5,58.89,0.56,160.78,8,belt_slip,warning
conveyor,3.33,10.71,76.43,1.44,292.95,4.33,gearbox_overheating,warning
conveyor,2.46,7.62,46.51,0.47,161.65,5.99,belt_slip,warning
conveyor,3.73,14.52,65.61,1.17,241.02,4.25,gearbox_overheating,fault
conveyor,2.43,15.54,56.15,1.31,496.58,3.37,overload,fault
conveyor,1.36,8,66.64,1.47,198,5.04,gearbox_overheating,warning
conveyor,3.63,12.35,76.96,0.82,280.02,6.28,overload,warning
conveyor,1.21,10.84,86.77,1.35,308.54,3.52,gearbox_overheating,fault
conveyor,1.41,7.32,81.09,1.56,377.21,3.02,gearbox_overheating,fault
conveyor,3.74,16.74,94.57,0.19,511.4,4.51,jam,fault
conveyor,1.18,5.17,48.21,1.38,262.47,2.06,none,running
conveyor,2.37,8.24,50.77,1.39,155.07,3.45,overload,warning
conveyor,1.52,5.57,41.45,1.31,213.51,3.64,none,running
conveyor,3.55,15.2,73.88,1.15,438.62,5.61,none,fault
conveyor,1.5,9.55,53.27,1.35,241.16,6.07,belt_misalignment,warning
conveyor,2.51,8.01,47.33,1.01,145.14,2.64,belt_slip,warning
conveyor,3.42,10.67,97.24,1.2,197.88,2.73,gearbox_overheating,fault
conveyor,1.79,6.55,69.7,1.31,207.77,2.93,gearbox_overheating,warning
conveyor,5.02,16.34,79.89,0.34,508.43,3.22,jam,fault
conveyor,2.06,8.49,71.97,1.49,185.12,4.62,gearbox_overheating,warning
conveyor,4.28,14.67,75.4,0.23,590.21,6.16,jam,fault
conveyor,3.83,7.44,49,1.51,212.59,3.31,roller_bearing_failure,warning
conveyor,2.85,8.2,105.99,1.57,245.01,2.47,gearbox_overheating,fault
conveyor,1.64,10.27,75.99,0.97,497.25,3.16,overload,fault
conveyor,3.18,12.45,63.92,0.86,159.25,3.5,belt_slip,warning
conveyor,1.57,9,58.86,0.97,297.88,2.46,belt_slip,warning
conveyor,0.87,7.47,42.71,1.52,184.42,1.39,none,running
conveyor,1.17,7.5,39.17,1.54,210.55,1.32,none,running
conveyor,1.15,14.09,103.42,1.61,175.21,4.01,gearbox_overheating,fault
conveyor,3.11,11.17,61.33,0.89,296.47,2.4,overload,warning
conveyor,3.8,8.88,59.38,1.5,231.15,3.11,roller_bearing_failure,warning
conveyor,5.07,12.61,79.46,0.19,540.65,10.21,jam,fault
conveyor,0.83,7.86,44.02,1.42,194.38,1.99,none,running
conveyor,1.63,18.86,62.57,0.09,650,7.28,jam,fault
conveyor,2.98,11.36,91.91,1.34,238.24,2.3,gearbox_overheating,fault
conveyor,0.98,6.04,36.16,1.59,142.32,2.14,none,running
conveyor,4.03,6.63,48.09,1.57,210.42,1.88,roller_bearing_failure,fault
conveyor,4.05,9.5,48.45,1.14,227.49,13.57,belt_misalignment,fault
conveyor,1.05,7.43,46.7,1.28,163.55,1.08,none,running
conveyor,1.29,13.09,55.73,0.82,349.42,2.37,overload,warning
conveyor,3.18,9.46,57.98,1.51,228.97,2.52,roller_bearing_failure,warning
conveyor,2.45,6.57,74.12,1.14,355.98,1.58,gearbox_overheating,warning
conveyor,1.61,11.34,102.85,1.42,280.67,3.81,gearbox_overheating,fault
conveyor,3.08,8.54,52.78,1.35,271.51,9.39,belt_misalignment,warning
conveyor,2.18,18.43,64.43,0.94,498.74,7.07,overload,fault
conveyor,2.47,18.78,70.43,1.3,503.7,2.93,overload,fault
conveyor,1.38,5.87,60.07,1.23,269.6,2.96,roller_bearing_failure,running
conveyor,3,9.28,90.55,1.41,270.5,3.65,gearbox_overheating,fault
conveyor,2.77,9.57,106.83,1.47,259.52,3.84,gearbox_overheating,fault
conveyor,1.06,9.57,90.37,1.24,275.21,1.42,gearbox_overheating,fault
conveyor,2.62,11.02,45.6,1.1,186.64,9.6,belt_misalignment,warning
conveyor,2.11,9.53,43.52,1.41,172.5,11.24,belt_misalignment,fault
conveyor,3.54,9.09,54.81,1.43,255.31,1.25,roller_bearing_failure,warning
conveyor,2.43,9.17,62.67,1.46,284.36,4.14,gearbox_overheating,warning
conveyor,1.66,11.81,80.68,1.18,188.89,3.83,gearbox_overheating,fault
conveyor,1.14,7.43,36.21,1.67,168.48,2.97,none,running
conveyor,0.65,6.36,50.4,1.46,270.14,3.47,none,running
conveyor,4.07,19.82,82.14,0.15,525.35,3.96,jam,fault
conveyor,1.92,17.92,61.11,1.18,411.84,6.64,overload,fault
conveyor,2.37,17.77,87.51,0.45,420.3,4.23,jam,fault
conveyor,5.54,19.49,91.95,0.58,626.63,3.17,jam,fault
conveyor,3.09,12.27,71.34,0.25,593.69,6.98,jam,fault
conveyor,1.95,10.57,57.15,1.22,204.74,10.4,belt_misalignment,fault
conveyor,1.58,10.25,85.55,1.26,223.49,3.81,none,fault
conveyor,3.71,5.13,39.69,1.31,250.85,4.32,roller_bearing_failure,warning
conveyor,0.96,10.83,68.54,0.91,542.23,6.04,overload,fault
conveyor,1.49,10.99,46.14,1.38,233.61,9.45,belt_misalignment,warning
conveyor,3.54,5.17,36.9,1.46,237.56,6.19,roller_bearing_failure,warning
conveyor,2.11,7.28,50.83,1.29,242.09,5.13,roller_bearing_failure,warning
conveyor,2.34,10.72,42.99,1.22,194.9,9.88,belt_misalignment,warning
conveyor,0.53,6.73,42.21,1.52,183.6,1.63,none,running
conveyor,0.16,9.1,50.47,0.51,202.34,2.05,belt_slip,running
conveyor,0.94,6.84,38.15,1.36,219.65,2.86,none,running
conveyor,1.68,15.18,48.71,1.3,414.8,4.16,overload,fault
conveyor,4.68,7.94,48.35,1.47,163.15,2.13,roller_bearing_failure,fault
conveyor,1.43,12.61,64.33,0.57,215.67,6.18,belt_slip,warning
conveyor,1.67,15.61,63.28,1.12,327.1,4.26,overload,fault
conveyor,2.38,6.93,48.62,1.35,245.08,2.04,roller_bearing_failure,warning
conveyor,2.6,8.37,59.65,1.44,174.81,5.77,belt_misalignment,warning
conveyor,1.05,5.65,42.24,1.58,163.81,1.78,none,running
conveyor,1.72,9.02,47.73,1.29,198.99,14.67,belt_misalignment,fault
conveyor,0.8,6.07,49.41,1.44,215.46,1.47,none,running
conveyor,1.74,13.41,66.52,0.87,365.84,6.71,overload,warning
conveyor,5.25,7.42,60.13,1.31,201.78,5.99,roller_bearing_failure,fault
conveyor,1.07,10.33,65.85,1.55,206.81,12.43,belt_misalignment,fault
conveyor,1.84,11.9,47.5,1.2,400.04,5.61,overload,fault
conveyor,2.2,8.74,55,1.49,186.29,14.14,belt_misalignment,fault
conveyor,0.79,5.88,38.52,1.59,156.01,0.75,none,running
conveyor,2.43,9.49,107.63,1.25,218.81,3.24,gearbox_overheating,fault
conveyor,1.61,10.98,58.46,0.9,286.61,6.29,belt_slip,warning
conveyor,3.3,13.39,81.22,0.24,488.34,6.21,jam,fault
conveyor,1.43,8,43.4,1.56,241.07,2.34,roller_bearing_failure,running
conveyor,1.51,13.57,75.52,1.54,339.5,4.57,gearbox_overheating,warning
conveyor,1.35,12.95,95.6,1.54,248,4.16,gearbox_overheating,fault
conveyor,1.28,10.03,94.46,1.53,270.28,6.13,gearbox_overheating,fault
conveyor,3.01,8.02,41.56,1.5,165.57,6.52,roller_bearing_failure,warning
conveyor,1.61,7.66,49.79,0.58,193.04,7.11,belt_slip,warning
conveyor,0.99,5.02,43.53,1.32,170.5,3.39,none,running
conveyor,0.81,5.69,36.4,1.5,212.99,0.63,none,running
conveyor,2.33,7.66,54.5,1.34,177.58,6.05,belt_misalignment,warning
conveyor,1.69,8.15,59.63,1.13,349.09,6.59,overload,warning
conveyor,0.9,5.77,43.87,1.64,203.34,1.53,none,running
conveyor,0.66,15.63,72.13,0.98,300.23,3.84,overload,fault
conveyor,2.53,14.96,92.35,0.62,452.93,10.25,jam,fault
conveyor,2.28,7.86,96.9,1.3,273.58,6.37,gearbox_overheating,fault
conveyor,1.29,11.6,62.42,0.76,134.85,3.89,belt_slip,warning
conveyor,2.75,9.26,50.83,1.42,165.68,14.22,belt_misalignment,fault
conveyor,2.54,11.07,61.96,1.16,198.16,13.86,belt_misalignment,fault
conveyor,2.19,11.45,55.16,0.58,211.36,6.48,belt_slip,warning
conveyor,2.33,13.31,69.85,0.58,506.48,5.56,jam,fault
conveyor,2.1,9.94,47.11,1.25,245.08,13.96,belt_misalignment,fault
conveyor,5.11,5.38,54.96,1.22,248.68,8.15,roller_bearing_failure,fault
conveyor,1.89,9.79,51.63,1.55,279.99,10.9,belt_misalignment,fault
conveyor,4.49,16.18,81.71,0.52,370.7,6.88,jam,fault
conveyor,2.44,6.49,61.15,1.61,222.62,2.26,roller_bearing_failure,warning
conveyor,2,9.07,44.14,1.23,192.48,10.66,belt_misalignment,fault
conveyor,2.11,9.98,71.11,1.11,564.42,3.17,overload,fault
conveyor,1.92,13.7,77.35,0.82,370.13,5.01,overload,warning
conveyor,0.9,6.56,39.37,1.39,293.94,3.29,none,warning
conveyor,1.36,12.11,103.52,1.43,264.72,6.12,gearbox_overheating,fault
conveyor,2.56,8.85,47.45,1.68,194.02,5.73,roller_bearing_failure,warning
conveyor,2.01,18.7,55.83,0.53,548.64,10.69,jam,fault
conveyor,1.01,6.7,39.85,1.54,204.33,2.9,none,running
conveyor,0.89,6.65,47.41,1.36,219.43,1.11,none,running
conveyor,2.56,8.62,62.14,0.86,165.46,7.34,belt_slip,warning
conveyor,1.15,5.12,36.94,1.49,119.65,0.97,none,running
conveyor,2.58,12.67,55.47,0.58,214.61,5.09,belt_slip,warning
conveyor,0.88,9.38,94.23,1.56,215.98,1.89,gearbox_overheating,fault
conveyor,2.16,10.77,103.21,1.58,257.87,1.7,gearbox_overheating,fault
conveyor,0.7,5.94,42.63,1.58,145.75,3.22,none,running
conveyor,1.91,12.14,89.8,1.17,201.72,2.32,gearbox_overheating,fault
conveyor,1.11,7.83,48.66,1.49,169.05,2.68,none,running
conveyor,1.61,10.54,72.07,1.23,227.79,4.37,gearbox_overheating,warning
conveyor,1.53,6.38,46.78,1.28,196.83,0.66,none,running
conveyor,2.91,8.98,55.95,0.7,244.72,7.27,belt_slip,warning
conveyor,2.27,10.37,64.48,1.32,280.58,5.22,overload,warning
conveyor,0.46,5.91,37.73,1.7,261.38,4.03,none,running
conveyor,4.5,19.58,63.26,0.33,296.26,6.34,jam,fault
conveyor,3.04,10.52,77.05,1.61,290.08,6.68,gearbox_overheating,warning
conveyor,1.29,7.63,50.64,1.53,259.68,3.06,none,running
conveyor,1.25,10.26,57.43,1.01,142.16,7.37,belt_slip,warning
conveyor,1.68,10.87,51.45,1.43,259,7.14,belt_misalignment,warning
conveyor,2.08,9.28,70.31,1.21,369.45,6.47,gearbox_overheating,warning
conveyor,0.63,13.45,67.26,0.51,222.32,6.05,belt_slip,warning
conveyor,2.27,18.49,83.31,0.26,283.71,3.88,jam,fault
conveyor,0.84,6.38,47.65,1.47,242.68,0.65,none,running
conveyor,3.66,7.33,43.71,1.43,243.89,5.53,roller_bearing_failure,warning
conveyor,3.18,17.53,70.97,0.08,413.68,6.26,none,fault
conveyor,0.67,18.91,59.88,1.41,308.34,1.77,overload,fault
conveyor,1.11,4.71,37.74,1.55,243.39,3.32,none,running
conveyor,2.95,8.55,51.91,1.21,431.61,7.1,overload,fault
conveyor,2.13,6.69,45.89,1.58,282.7,5.54,roller_bearing_failure,warning
conveyor,1.1,7.52,45.4,1.3,179.41,3.24,none,running
conveyor,1.56,11.71,107.53,1.43,273.42,6.1,gearbox_overheating,fault
conveyor,4.79,13.92,77.38,0.59,392.82,5.74,jam,fault
conveyor,4.48,7.34,47.31,1.42,291.99,3.68,roller_bearing_failure,fault
conveyor,1.07,6.75,44.58,1.48,136.55,3.74,none,running
conveyor,1.5,17.26,77.99,1.4,339.37,5.59,overload,fault
conveyor,1.04,6,46.46,1.54,229.89,1.96,none,running
conveyor,2.3,14.1,87.98,0.14,502.32,3.58,jam,fault
conveyor,3.63,7.98,61.76,1.57,256.57,6.53,roller_bearing_failure,warning
conveyor,2.14,10.77,48.28,1.45,175.03,11.33,belt_misalignment,fault
conveyor,2.14,11.34,82.82,1.44,188.84,1.53,gearbox_overheating,fault
conveyor,4.2,6.25,55.03,1.48,196.34,6.57,roller_bearing_failure,fault
conveyor,3.11,13.29,64.53,1.31,326.34,3.37,gearbox_overheating,warning
conveyor,1.49,13.64,91.29,1.39,274.23,6.46,gearbox_overheating,fault
conveyor,3.04,10.7,48.64,1.49,198.02,10.8,belt_misalignment,fault
conveyor,0.98,7.58,40.75,1.56,241.18,1.35,none,running
conveyor,2.13,10.94,57.08,1.47,242.21,10.17,belt_misalignment,fault
conveyor,0.95,8.51,50.48,0.76,203.93,6.87,belt_slip,warning
conveyor,3.49,8.39,89.09,1.67,324.61,3.22,gearbox_overheating,fault
conveyor,3.03,9.77,57.76,1.46,152.53,4.52,roller_bearing_failure,warning
conveyor,2.61,7.86,46.12,1.16,303.04,11.04,belt_misalignment,fault
conveyor,2.56,13.78,86.67,0.3,648.84,9.44,jam,fault
conveyor,1.94,7.01,55.34,1.59,223.2,11.45,belt_misalignment,fault
conveyor,3.89,19.28,62.13,0.06,486.83,5.78,jam,fault
conveyor,0.99,5.83,50.58,1.48,240.05,0.22,none,running
conveyor,4.22,8.08,54.84,1.36,224.77,4.66,roller_bearing_failure,fault
conveyor,6.3,15.11,71.87,0.36,358.44,10.15,jam,fault
conveyor,0.61,6.95,40.29,1.52,146.9,4.39,none,running
conveyor,1.69,9.66,41.25,1.19,178.96,6.75,belt_misalignment,warning
conveyor,2.66,9.81,45.41,1.54,206.27,4.9,roller_bearing_failure,warning
conveyor,3,14.09,84.13,0.26,433.54,9.26,jam,fault
conveyor,4.07,7.05,51.58,1.45,187.75,5.77,roller_bearing_failure,fault
conveyor,1.96,9.84,93.8,1.16,295.56,4.56,gearbox_overheating,fault
conveyor,1.18,6.43,45.09,1.68,183.59,1.39,none,running
conveyor,2.01,18.72,68.97,1.27,543.78,6.11,overload,fault
conveyor,3.33,8.97,44.22,1.43,184.91,12.63,belt_misalignment,fault
conveyor,3.9,17.26,71.58,0.59,629.58,10.32,none,fault
conveyor,3,13.36,61.54,0.09,433.59,8.02,roller_bearing_failure,fault
conveyor,3.07,8.3,108.43,1.54,217.33,3.54,gearbox_overheating,fault
conveyor,1.72,7.33,63.74,1.44,272.46,8.89,belt_misalignment,warning
conveyor,1.03,7.6,46.97,1.31,266.41,4.01,none,running
conveyor,0.91,6.53,47.66,1.36,193.99,4.66,none,running
conveyor,1.33,11.54,98.36,1.21,299.15,5.83,gearbox_overheating,fault
conveyor,1.16,7.63,50.11,1.34,224.43,1.8,none,running
conveyor,3.04,10.53,55.36,1.56,173.35,10.87,belt_misalignment,fault
conveyor,3.07,11.13,74.91,1.24,293.34,3.92,gearbox_overheating,warning
conveyor,1.32,9.47,65.22,1.48,322.84,3.29,gearbox_overheating,warning
conveyor,1.73,9.23,60.91,1.35,224.43,11.75,belt_misalignment,fault
conveyor,0.98,12.3,58.12,1.22,274.57,6.72,overload,warning
conveyor,1.53,15.94,48.79,0.95,499.35,6.83,overload,fault
conveyor,1.52,12.07,56.91,0.52,225.94,4.62,belt_slip,warning
conveyor,0.97,10.8,66.42,0.92,224.95,4.89,belt_slip,warning
conveyor,0.74,12.78,66.46,0.79,201.43,7.22,belt_slip,warning
conveyor,1.7,5.87,45.46,0.99,210.53,5.37,belt_slip,running
conveyor,1.07,12.43,72.34,0.82,375.44,6.45,overload,warning
conveyor,1.45,13.04,53.28,0.52,281.76,3.05,belt_slip,warning
conveyor,1.79,9.43,80.46,1.33,207.67,4.99,gearbox_overheating,fault
conveyor,3.63,13.63,89.67,0,464.19,9.87,jam,fault
conveyor,2.5,10.2,51.23,1.25,182.72,14.18,belt_misalignment,fault
conveyor,2.62,10.78,65.63,1.08,233.35,5.21,belt_slip,warning
conveyor,2.49,6.82,50.85,1.62,198.78,6.05,roller_bearing_failure,warning
conveyor,1,7.55,39.86,1.57,203.23,3.89,none,running
conveyor,2.18,12.71,46.77,0.59,115.71,7.67,belt_slip,warning
conveyor,3.11,10.36,51.89,1.25,245.97,5.42,overload,warning
conveyor,0.93,7.36,44.19,1.5,153.23,1.2,none,running
conveyor,2.79,7.86,42.05,1.23,180.81,12.17,belt_misalignment,fault
conveyor,0.55,6.72,38.42,1.39,208.62,4.62,none,running
conveyor,2.72,14.96,71.18,0.44,577.37,4.59,jam,fault
conveyor,0.92,7.11,41.96,1.61,190.46,3.37,none,running
conveyor,1.29,4.98,43.23,1.39,216,4.37,none,running
conveyor,2.32,11.9,56.62,1.12,166.9,2.84,belt_slip,warning
conveyor,1.9,11.84,75.6,0.9,389.31,1.67,overload,fault
conveyor,2.25,7.28,53.22,0.45,267.18,3.58,belt_slip,warning
conveyor,2.62,13.05,84.68,0,423.41,10.97,jam,fault
conveyor,1.1,4.89,44.98,1.7,174.84,4.58,none,running
conveyor,1.3,10.32,53.19,1.34,283.76,9.71,belt_misalignment,warning
conveyor,1.19,7.63,63.26,0.45,222.19,5.95,belt_slip,running
conveyor,2.08,18.05,60.13,0.46,353.02,5.07,jam,fault
conveyor,1.79,11.77,83.57,1.5,318.67,6.03,gearbox_overheating,fault
conveyor,5.03,15.58,61.89,0.35,465.01,10.35,jam,fault
conveyor,1.14,12.66,59.79,0.84,287.95,2.44,belt_slip,warning
conveyor,2.51,12.01,46.63,0.65,255.91,2.22,belt_slip,warning
conveyor,1.99,11.66,63.86,1.34,270.62,2.11,gearbox_overheating,warning
conveyor,1.49,18.86,66.46,1.04,580.77,3.77,overload,fault
conveyor,0.94,7.88,41.6,1.63,212.36,3.55,none,running
conveyor,5.55,7.92,41.18,1.48,192.6,1.81,roller_bearing_failure,fault
conveyor,5.6,15.87,67.44,0.12,537.37,5.78,jam,fault
conveyor,1.2,10.22,51.33,1.08,164.94,4.1,belt_slip,warning
conveyor,0.74,6.34,41.32,1.38,165.57,2.06,none,running
conveyor,2.97,10.02,55.21,0.94,167.07,2.69,belt_slip,warning
conveyor,2.39,7.36,51.54,0.94,207.77,6.68,belt_slip,warning
conveyor,2.75,6.58,41.55,1.33,185.9,13.03,belt_misalignment,fault
conveyor,3.93,12.22,91.37,0.42,329.75,8.68,jam,fault
conveyor,5.26,7.48,43.11,1.48,243.42,6.98,roller_bearing_failure,fault
conveyor,0.85,7.21,43.61,1.65,157.33,4.32,none,running
conveyor,5.07,6.01,47.39,1.43,243.65,5.45,roller_bearing_failure,fault
conveyor,2.13,21.56,78.55,0.46,418.9,11.21,jam,fault
conveyor,3.19,11.34,50.73,0.96,329.1,3.14,overload,warning
conveyor,4.11,5.67,47.9,1.4,252.16,3.52,roller_bearing_failure,fault
conveyor,0.75,8.67,69.92,1.16,250.17,6.01,gearbox_overheating,warning
conveyor,2.89,8.44,107.49,1.47,383.66,5.36,gearbox_overheating,fault
conveyor,1.8,6.99,53.89,1.23,246.87,4.15,roller_bearing_failure,running
conveyor,2.35,12.56,88.78,1.52,285.04,3,gearbox_overheating,fault
conveyor,2.26,11.83,44.91,0.69,205.74,2.61,belt_slip,warning
conveyor,2.95,11.14,47.94,1.08,229.47,8.01,belt_misalignment,warning
conveyor,4.76,7.19,47.55,1.29,243.86,3.54,roller_bearing_failure,fault
conveyor,1.96,7.65,45.72,1.53,277.51,9.08,belt_misalignment,warning
conveyor,1.06,10.07,64.41,1.09,244.61,5.2,belt_slip,warning
conveyor,2.01,7.57,40.25,1.18,122.47,3.5,none,warning
conveyor,1.61,9.85,42.94,1.23,229.91,9.29,belt_misalignment,warning
conveyor,2.45,10.17,81.55,1.31,292.22,2.22,gearbox_overheating,fault
conveyor,2.31,21.01,62.45,0.02,373.86,10.24,jam,fault
conveyor,2.93,9.05,50.92,1.43,225.74,7.28,belt_misalignment,warning
conveyor,4.2,7.06,54.45,1.35,160.43,2.64,roller_bearing_failure,fault
conveyor,0.85,7.65,48.36,1.53,241.44,1.3,none,running
conveyor,1.93,11.72,69,1.34,348.45,2,overload,warning
conveyor,2.42,12.19,51.21,0.92,397.12,6.7,overload,fault
conveyor,1.58,11.56,47.36,0.48,164.27,4.09,belt_slip,warning
conveyor,1.9,10.18,64.04,0.95,538.68,3.79,overload,fault
conveyor,2.09,9.74,43.38,1.04,151.66,5.07,belt_slip,warning
conveyor,0.96,6.97,46.73,1.61,263.19,4.9,none,running
conveyor,1.73,10,63.2,0.6,113.23,3.16,belt_slip,running
conveyor,1.05,8.71,61.57,1,203.79,7.1,belt_slip,warning
conveyor,1.53,17.41,70.52,1.08,360.13,3.57,overload,fault
conveyor,1.28,14.59,75.79,1.41,323.38,3.01,gearbox_overheating,fault
conveyor,1.55,9.68,47.11,1.14,205.63,7.09,belt_misalignment,warning
conveyor,1.89,12.84,63.42,0.8,141.05,3.26,belt_slip,warning
conveyor,1.91,15.12,87.65,0.05,374.13,6.44,jam,fault
conveyor,2.53,8.26,44.46,1.3,220.88,2.22,roller_bearing_failure,warning
conveyor,1.02,6.4,39.47,1.44,123.58,1.88,none,running
conveyor,2.41,6.78,52.69,1.12,178.72,6.89,belt_misalignment,warning
conveyor,3.02,15.6,68.58,1.29,363.21,4.09,overload,fault
conveyor,1.03,11.28,47.2,1.15,207.83,13.89,belt_misalignment,fault
conveyor,0.45,7.49,61.73,1.1,216.95,13.15,belt_misalignment,fault
conveyor,2.38,8.55,59.65,0.96,130.92,4.52,belt_slip,warning
conveyor,5.48,20,55.13,0.68,492.4,9.25,jam,fault
conveyor,0.9,6.45,37.14,1.45,169.47,3.38,none,running
conveyor,2.54,8.85,48.08,0.87,156.63,1.48,belt_slip,warning
conveyor,3.09,10.98,42.52,0.76,181.22,4.45,belt_slip,warning
conveyor,3.36,12.94,58.65,0.44,409.28,8.3,jam,fault
conveyor,1.9,8.11,56.65,0.96,225.5,5.46,belt_slip,running
conveyor,1.32,12.01,77.2,1.29,439.83,7.68,overload,fault
conveyor,1.02,7.19,40.6,1.61,209.06,6.85,roller_bearing_failure,warning
conveyor,0.67,6.05,38.99,1.45,197.1,2.66,none,running
conveyor,3.63,9.23,41.26,1.26,139.96,5,roller_bearing_failure,warning
conveyor,4.09,7.9,40.2,1.25,258.49,6.33,roller_bearing_failure,fault
conveyor,1.18,10.51,63.49,0.78,246.85,5.13,belt_slip,warning
conveyor,2.32,12.1,67.5,0.08,466.03,5.24,jam,fault
conveyor,1.79,7.87,62.64,0.61,210.5,7.31,belt_slip,warning
conveyor,3.12,8.14,73.66,1.23,258.85,3.75,gearbox_overheating,warning
conveyor,1.6,11.7,56.71,1.18,449.72,6.6,overload,fault
conveyor,1.76,9.86,59.03,1.28,230.3,13.13,belt_misalignment,fault
conveyor,1.83,9.73,48.9,1.37,289.35,6.23,overload,warning
conveyor,3,6.69,47.1,1.16,206.08,6.96,belt_misalignment,warning
conveyor,0.69,16.58,51.49,1.41,331.36,4.14,overload,fault
conveyor,1,5.86,47.2,1.7,144.67,3.73,none,running
conveyor,2.04,7.24,65.23,1.18,157.13,10.17,belt_misalignment,fault
conveyor,2.1,19.57,75.23,0.58,314.34,5.05,jam,fault
conveyor,2.07,6.89,55.02,1.39,150.86,12.68,belt_misalignment,fault
conveyor,2.37,13.61,67.07,0.24,319.6,9.43,jam,warning
conveyor,1.61,15.22,72.23,1.14,442.33,2.16,overload,fault
conveyor,3.67,7.87,60.8,1.29,309.47,11.07,belt_misalignment,fault
conveyor,2.31,8.4,85.8,1.32,159,2.04,gearbox_overheating,fault
conveyor,0.1,4.92,37.4,1.27,193.4,1.74,none,running
conveyor,3.31,7.41,71.02,1.53,164.28,6.42,gearbox_overheating,warning
conveyor,1.86,12.01,47.07,1.12,623.93,1.85,overload,fault
conveyor,1.01,9.89,106.58,1.28,348.84,4.97,gearbox_overheating,fault
conveyor,2.16,7.31,85.95,1.15,311.45,4.32,gearbox_overheating,fault
conveyor,4.21,5.61,52.43,1.58,169.41,6.01,roller_bearing_failure,fault
conveyor,5.92,12.68,82.2,0.29,650,7.51,jam,fault
conveyor,2.25,12.27,106.09,1.26,156,6.73,gearbox_overheating,fault
conveyor,3.6,9.75,44.95,1.52,272.6,4.09,roller_bearing_failure,warning
conveyor,1.77,7.79,44.52,1.32,230.72,6.33,roller_bearing_failure,warning
conveyor,1.25,10.02,97.83,1.55,236.2,2.01,gearbox_overheating,fault
conveyor,1.01,11.27,66.03,1.14,408.43,3.45,overload,fault
conveyor,2.04,7.64,59.2,1.44,203.55,3.78,roller_bearing_failure,warning
conveyor,2.83,9.29,107.34,1.49,174.6,2.04,gearbox_overheating,fault
conveyor,3.41,9.04,45.24,1.19,280.07,7.32,belt_misalignment,warning
conveyor,3.48,11.61,70.83,0.7,130.12,2.74,belt_slip,warning
conveyor,3.47,6.36,42.72,1.18,209.32,2.43,roller_bearing_failure,warning
conveyor,2.86,19.84,56.53,0.58,525.21,7.59,jam,fault
conveyor,3.84,16.23,57.86,1.28,448.02,3.32,overload,fault
conveyor,0.97,13.98,104.32,1.26,257.89,2.82,gearbox_overheating,fault
conveyor,1.52,14.47,83.25,0.41,501.59,6.11,jam,fault
conveyor,2.31,10.15,50.2,1.12,277.1,2.54,overload,warning
conveyor,5.63,12.58,78.26,0.34,425.78,5.77,jam,fault
conveyor,0.68,5.09,46.76,1.38,211.15,2.16,none,running
conveyor,2.14,11.08,47.67,1.12,310.88,1.54,overload,warning
conveyor,2.45,7.88,48.03,0.82,204.84,8.31,belt_slip,warning
conveyor,3.1,8.4,58.46,1.29,304.35,10.71,belt_misalignment,fault
conveyor,2.85,9.03,56.76,0.72,258.33,3.67,belt_slip,warning
conveyor,2.81,12.92,78.76,1.39,605.45,4.95,overload,fault
conveyor,1.98,12.11,78.52,0.05,612.04,10.3,jam,fault
conveyor,0.9,11.56,53.27,0.7,153.85,6.23,belt_slip,warning
conveyor,2.61,15.9,74.11,1.09,434.78,4.85,overload,fault
conveyor,4.96,15.01,69.12,0.5,470.32,3.37,jam,fault
conveyor,1.16,9.33,89.89,1.49,250.2,4.73,gearbox_overheating,fault
conveyor,2.42,15.42,55.95,1.42,413.71,2.44,overload,fault
conveyor,3.38,6.56,59.01,1.63,298.96,2.89,roller_bearing_failure,warning
conveyor,1.51,9.29,58.68,1.54,177.81,4.88,roller_bearing_failure,running
conveyor,0.76,11.79,62.44,1.24,243.62,3.83,overload,warning
conveyor,3.57,7.12,58.07,1.34,209.44,1.8,roller_bearing_failure,warning
conveyor,2.62,18.33,63.44,0.28,539.49,5.92,jam,fault
conveyor,3.18,16.21,64.67,1.27,493.67,5.62,overload,fault
conveyor,3.61,9.61,60.75,1.6,190.6,14,belt_misalignment,fault
conveyor,1.81,9.71,61.28,1.54,266.31,8.35,belt_misalignment,warning
conveyor,4.04,6.41,37.04,1.19,276.86,4.59,roller_bearing_failure,fault
conveyor,0.96,6.94,43.95,1.52,201.79,4.36,none,running
conveyor,1.71,9.5,64.33,1.41,385.86,3.58,overload,fault
conveyor,1.3,12.06,59.9,0.78,236.44,5.7,belt_slip,warning
conveyor,4.86,9.6,58.57,1.59,228.99,1.97,roller_bearing_failure,fault
conveyor,2.13,6.37,42.68,1.25,208.04,4.94,roller_bearing_failure,warning
conveyor,0.76,8.67,47.6,1.03,163.27,7.24,belt_slip,warning
conveyor,1.96,8.67,55.64,0.78,123.06,4.03,belt_slip,running
conveyor,2.19,13.2,76.84,0.81,327.59,6.35,overload,warning
conveyor,3.07,7.15,48.68,1.47,243.45,9.94,belt_misalignment,warning
conveyor,1.83,17.87,53.28,1.13,295.24,6.8,overload,fault
conveyor,1.81,12.89,76.69,1.34,426.62,3.26,overload,fault
conveyor,3.12,6.68,49.56,1.44,237.71,4.97,roller_bearing_failure,warning
conveyor,3.27,21.06,76.06,0.27,394.51,2.97,jam,fault
conveyor,2.9,12.7,81.9,1.57,252.3,2.63,gearbox_overheating,fault
conveyor,1.54,10.54,42.88,1.29,267.57,5.35,belt_misalignment,warning
conveyor,3.39,22.42,66.85,0.12,388.68,7.83,jam,fault
conveyor,0.67,7.36,62.9,1.48,198.83,11.11,belt_misalignment,fault
conveyor,1.88,8.55,53.91,1.44,257.15,7.46,belt_misalignment,warning
conveyor,2.93,8.33,47.55,0.98,128.83,4.41,belt_slip,warning
conveyor,0.92,12.45,54.49,0.86,377.43,2.2,overload,warning
conveyor,3.37,7.61,47.48,1.6,142.45,3.57,roller_bearing_failure,warning
conveyor,0.56,6.5,44.4,1.51,212.72,4,none,running
conveyor,1.81,9.59,82.52,1.21,156.24,3.34,gearbox_overheating,fault
conveyor,2.55,8.11,63.3,0.85,362.31,4.04,overload,warning
conveyor,2.15,6.77,41.99,1.5,226.78,12.54,belt_misalignment,fault
conveyor,3.67,19.74,66.6,0.42,503.11,6.6,jam,fault
conveyor,3.44,8.4,52.56,1.64,232.96,3.63,roller_bearing_failure,warning
conveyor,3.11,9.04,59.26,1.36,229.81,13.26,belt_misalignment,fault
conveyor,0.92,10.44,46.61,1.49,334.52,1.88,overload,warning
conveyor,4.38,15.94,83.69,0.3,411.85,11.32,jam,fault
conveyor,4.89,17.66,90.59,0.25,488.77,9.32,jam,fault
conveyor,3.96,12.63,72.72,0.39,459.41,5.77,jam,fault
conveyor,2.46,13.48,61.86,1.46,243.58,2.76,gearbox_overheating,warning
conveyor,3.71,5.79,48.91,1.64,245.3,5.09,roller_bearing_failure,warning
conveyor,1.45,12.28,55.83,1.38,431.12,4.62,overload,fault
conveyor,0.4,3.87,48.1,1.54,265.67,2.27,none,running
conveyor,2.76,7.12,41.04,1.22,265.35,4.91,roller_bearing_failure,warning
conveyor,1.86,17.64,73.84,1.39,402.94,5.41,overload,fault
conveyor,1.93,7.47,43.67,1.44,241.36,1.56,roller_bearing_failure,running
conveyor,2.38,11.42,67.48,0.99,390.44,4.89,overload,fault
conveyor,1.42,13.6,76.13,1.43,343.67,2.65,gearbox_overheating,warning
conveyor,1.08,6.23,43.94,1.37,188.14,1.52,none,running
conveyor,1.28,13.23,68.89,1.28,302.99,3.39,gearbox_overheating,warning
conveyor,0.96,7.99,54.57,0.57,147.03,6.98,belt_slip,warning
conveyor,3,7.92,48.82,1.57,211.35,8.02,belt_misalignment,warning
conveyor,2.24,9.22,58.96,0.59,225.33,5.94,belt_slip,warning
conveyor,1.3,12.06,48.86,0.95,116.19,1.86,belt_slip,warning
conveyor,1.12,8.87,58.16,0.52,215.15,8.22,belt_slip,warning
conveyor,1.87,11.38,51.78,1.12,339.85,5.85,overload,warning
conveyor,2.95,8.82,59,1.5,220.33,5.31,roller_bearing_failure,warning
conveyor,2.64,11.94,67.63,1.26,540.26,5.91,overload,fault
conveyor,1.03,7.51,48.22,1.6,203.51,2.34,none,running
conveyor,3.85,6.3,39.78,1.39,111.23,3.23,roller_bearing_failure,warning
conveyor,2.93,16.1,65.2,0.56,309.04,9.94,jam,fault
conveyor,2.81,11.33,84.78,1.6,220.64,5.55,gearbox_overheating,fault
conveyor,3.13,15.51,75.42,1.3,277.21,6.31,overload,fault
conveyor,1.59,10.64,49.96,1.09,247.95,14.78,belt_misalignment,fault
conveyor,1.96,9.23,59.27,1.31,274.62,5.18,roller_bearing_failure,running
conveyor,1.22,12.61,84.67,1.57,302.4,6.25,gearbox_overheating,fault
conveyor,1.04,7.4,39.91,1.64,159.59,4.09,none,running
conveyor,1.73,16.63,68.28,1.11,399.58,2.24,overload,fault
conveyor,2.41,19.25,61.99,0.15,362.89,4.12,jam,fault
conveyor,2.19,12.61,66.33,1.23,469.81,7.34,overload,fault
conveyor,1.86,10.8,57.11,1.14,512.01,3.29,overload,fault
conveyor,2.1,9.77,69.87,1.25,225.26,1.73,gearbox_overheating,warning
conveyor,5.28,8.02,47.61,1.34,189.23,5.36,roller_bearing_failure,fault
conveyor,2.33,14.16,52.97,1.28,404.05,4.98,overload,fault
conveyor,3.52,16.23,59.69,0.02,416.82,4.39,jam,fault
conveyor,1.42,10.77,56.72,1.31,396.13,5.07,overload,fault
conveyor,1.78,6.83,50.55,1.33,254.79,1.64,roller_bearing_failure,running
conveyor,3.18,7.6,42,1.37,159.64,2.8,roller_bearing_failure,warning
conveyor,0.79,5.25,35.89,1.57,180.17,1.14,none,running
conveyor,2.72,13.31,73.52,1.19,223.19,3.81,gearbox_overheating,warning
conveyor,3.01,7.8,88.78,1.59,367.49,6.4,gearbox_overheating,fault
conveyor,1.23,8.02,62.44,0.97,162.88,5.13,belt_slip,running
conveyor,4.17,18.04,61.08,0.55,294.31,5.2,jam,fault
conveyor,4.54,7.89,43.75,1.65,232.71,6.86,roller_bearing_failure,fault
conveyor,2.06,8.41,45.74,0.8,187.01,3.15,belt_slip,warning
conveyor,2.57,20.84,66.04,0.54,343.99,10.84,jam,fault
conveyor,3.32,14.16,81.32,0.22,464.3,8.2,jam,fault
conveyor,2.87,20.36,81.31,0.57,532.92,7.91,jam,fault
conveyor,0.91,5.86,48.73,1.35,213.62,3.71,none,running
conveyor,3.38,11.86,60.9,1.36,377.6,5.37,overload,warning
conveyor,1.93,16.68,82.89,0.18,484.13,8.63,jam,fault
conveyor,1.65,10.87,61.06,1,158.63,5.78,belt_slip,warning
conveyor,1.02,10.22,52.88,1.21,307.6,3.98,overload,warning
conveyor,3.22,7.46,43.01,1.32,260.9,3.11,roller_bearing_failure,warning
conveyor,3.54,6.35,52.19,1.36,243.13,1.95,roller_bearing_failure,warning
conveyor,1.12,7.41,46.43,1.55,212.1,0.99,none,running
conveyor,1.34,5.73,50.39,1.68,197.32,2.12,none,running
conveyor,1.16,12.04,59.94,1.24,268.89,7.49,overload,warning
conveyor,3.14,7.73,44.76,1.59,172.55,5.64,belt_misalignment,warning
conveyor,4.43,8.84,44.12,1.28,223.38,1.73,roller_bearing_failure,fault
conveyor,3.25,12.58,64.77,1.35,303.35,1.54,overload,warning
conveyor,0.77,5.32,43.88,1.67,172.21,4.01,none,running
conveyor,0.52,7.36,42.08,1.36,141.98,1.18,none,running
conveyor,0.83,7.27,44.61,1.41,263.3,2.93,none,running
conveyor,2.02,6.47,42.69,1.19,234.56,3.32,roller_bearing_failure,warning
conveyor,3.03,18.97,79.39,0.85,520.77,6.41,overload,fault
conveyor,2.13,12.23,86.08,1.41,299.33,6.56,gearbox_overheating,fault
conveyor,2.51,6.81,56.47,1.27,284.78,5.13,roller_bearing_failure,warning
conveyor,2.44,9.55,63.31,1.11,352.27,2.17,overload,warning
conveyor,1.69,10.37,53,0.78,244.04,3.63,overload,warning
conveyor,3.4,15.3,76.25,0.49,378.77,10.47,jam,fault
conveyor,3.13,12.18,71.61,1.46,287.59,4.21,gearbox_overheating,warning
conveyor,2.56,12.17,50.54,0.58,181.66,8.16,belt_slip,warning
conveyor,1.2,7.2,36.88,1.56,173.42,4.75,none,running
conveyor,1.98,7.02,100.72,1.64,293.4,2.93,gearbox_overheating,fault
conveyor,1.87,13.44,89.51,1.49,155.59,6.01,gearbox_overheating,fault
conveyor,2.97,9.42,56.22,1.28,251.4,4.84,roller_bearing_failure,warning
conveyor,2.55,6.85,62.13,0.86,196.67,3.31,belt_slip,warning
conveyor,0.99,6.06,41.45,1.3,222.78,6.06,roller_bearing_failure,warning
conveyor,2.96,9.41,42.93,1.29,240.25,6.97,roller_bearing_failure,warning
conveyor,3.18,12.64,53.36,1.41,453.77,6.58,overload,fault
conveyor,1.49,10.36,53,1.2,414.96,2.77,overload,fault
conveyor,1.27,11.59,58.65,1.02,309.26,3.12,overload,warning
conveyor,2.04,7.41,47.91,0.6,218.38,2.68,belt_slip,warning
conveyor,2.53,8,46.93,1.39,287.83,8.74,belt_misalignment,warning
conveyor,2.54,9.01,60.37,1.47,305.96,5.63,roller_bearing_failure,warning
conveyor,1.31,13.63,102.35,1.46,260.28,6.82,gearbox_overheating,fault
conveyor,2.34,7.82,45.49,1.38,214.46,8.43,belt_misalignment,warning
conveyor,3.21,19.45,75.78,0.28,488.98,8.46,jam,fault
conveyor,0.78,5.86,49.37,1.43,142.67,3.3,none,running
conveyor,6.31,13.86,72.29,0.27,582.56,6.06,jam,fault
conveyor,2.33,9.46,75.43,1.2,530.22,4.71,overload,fault
conveyor,1.05,7.13,49,1.48,153.45,1.27,none,running
conveyor,2.66,18.74,76.17,0.16,394.03,9.13,jam,fault
conveyor,2.74,12.15,52.42,0.25,599.29,5.46,jam,fault
conveyor,2.99,10.77,56.12,1.05,358.41,15.81,belt_misalignment,fault
conveyor,2.6,10.2,56.9,1.2,487.38,6.6,gearbox_overheating,fault
conveyor,0.69,9.82,78.07,1.55,203.87,4.92,gearbox_overheating,warning
conveyor,4.85,17.61,59.07,0.57,397.94,5.36,jam,fault
conveyor,2.52,12.03,73.72,0.74,394.65,1.94,overload,fault
conveyor,0.93,7.4,41.13,1.52,247.22,2.9,none,running
conveyor,1.12,5.66,41.12,1.65,196.44,2.89,none,running
conveyor,0.94,7.73,36.26,1.38,133.54,1.27,none,running
conveyor,2.84,17.56,70.9,1.32,510.43,6.07,overload,fault
conveyor,1.05,6.36,47.8,1.33,260.14,0.56,none,running
conveyor,2.74,9.2,50.07,1.33,176.28,6.46,roller_bearing_failure,warning
conveyor,1.14,7.18,57.14,0.94,118.47,5.35,belt_slip,running
conveyor,3.33,15.59,72.96,0.33,553.81,4.24,jam,fault
conveyor,1.3,13.29,65.84,1.17,561.36,7.27,overload,fault
conveyor,3.4,8.64,48.04,1.42,220.55,2.53,roller_bearing_failure,warning
conveyor,2.94,8.8,86.15,1.36,325.5,2.42,gearbox_overheating,fault
conveyor,0.94,7.66,42.53,1.53,265.73,4.1,none,running
conveyor,1.64,10.84,52.82,0.67,177.08,5.23,belt_slip,warning
conveyor,1.08,7.96,45.04,1.55,239.34,3.3,none,running
conveyor,1.27,12.89,51.82,0.82,387.6,4.91,overload,fault
conveyor,1.06,17.39,76.22,0.02,593.91,5.23,jam,fault
conveyor,1.62,11.84,60.31,1.26,260.02,2.69,gearbox_overheating,warning
conveyor,0.76,7.27,41.8,1.62,202.42,3.88,none,running
conveyor,1.2,12.75,61.36,0.91,221.25,5.85,belt_slip,warning
conveyor,1.53,16.36,67.5,1.31,288.02,1.54,overload,fault
conveyor,2.03,10.24,57.65,0.67,260.2,2.8,belt_slip,warning
conveyor,2.2,6.19,56.65,1.6,174.51,4.44,roller_bearing_failure,warning
conveyor,1.68,9.18,57.33,1.33,190,5.25,belt_misalignment,running
conveyor,1.84,8.62,41.21,1.45,159.24,13.1,belt_misalignment,fault
conveyor,2.98,9.97,57.23,0.5,180.97,5.86,belt_slip,warning
conveyor,2.37,10.18,51.54,1.17,237.42,9.11,belt_misalignment,warning
conveyor,4.54,18.57,58.88,0.29,383.25,9.56,jam,fault
conveyor,0.56,6.06,43.52,1.47,282.48,4.3,none,warning
conveyor,1.17,5.32,36.63,1.32,155.41,0.76,none,running
conveyor,1.67,16.64,51.29,0.84,393.7,7.32,overload,fault
conveyor,2.28,11.71,53.06,0.76,148.85,6.71,belt_slip,warning
conveyor,3.6,8.23,46.7,1.37,244.73,4.3,roller_bearing_failure,warning
conveyor,1.32,7.64,43.45,1.35,163.65,1.07,none,running
conveyor,1.58,9.38,56.24,1.33,339.54,9,belt_misalignment,warning
conveyor,1.67,7.07,70.68,1.39,236.39,5.41,gearbox_overheating,warning
conveyor,2.32,11.08,98.81,1.28,328.17,3.64,gearbox_overheating,fault
conveyor,1.7,10.32,45.66,1.56,198.59,10.63,belt_misalignment,fault
conveyor,4.17,19.91,80.25,0.29,574.15,11.08,jam,fault
conveyor,0.65,16.16,73.71,1.35,284.79,3.31,jam,fault
conveyor,2.1,7.12,60.47,1.31,229.25,6.05,belt_misalignment,warning
conveyor,1.02,11.79,59.52,1.11,203.4,6.88,belt_slip,warning
conveyor,2.93,11.11,44.72,0.45,277.59,5.45,belt_slip,warning
conveyor,5.58,7.81,39.97,1.68,167.48,3.94,roller_bearing_failure,fault
conveyor,1.4,18,79.04,1.23,347.57,5.01,overload,fault
conveyor,1.58,11.75,72.96,0.92,368,3.32,jam,warning
conveyor,0.72,11.87,64.57,0.9,95.15,6.46,belt_slip,warning
conveyor,2.4,10.51,51.1,1.32,239.89,12.49,belt_misalignment,fault
conveyor,3.28,7.04,46.71,1.59,240.79,3.84,roller_bearing_failure,warning
conveyor,3.99,21.55,90.37,0.41,479.99,4.16,jam,fault
conveyor,2.51,8.93,47.75,1.53,183.09,4.24,roller_bearing_failure,warning
conveyor,2.63,10.78,63.74,0.96,466.35,7.69,overload,fault
conveyor,2.58,8.82,107.16,1.45,283,2.87,gearbox_overheating,fault
conveyor,2.72,8.91,49.61,1.47,298.45,5.11,roller_bearing_failure,warning
conveyor,3,16.47,88.87,0.35,463.15,9.81,jam,fault
conveyor,2.39,9.69,78.75,1.45,360.54,5.45,gearbox_overheating,warning
conveyor,0.62,6.87,37.11,1.56,206.7,2.97,none,running
conveyor,1.72,9.73,83.72,1.36,303.77,3.22,gearbox_overheating,fault
conveyor,2.49,6.68,42.75,1.43,231.2,2.28,roller_bearing_failure,warning
conveyor,3.69,18.47,59.29,0.35,286.58,10.66,jam,fault
conveyor,1.81,9.87,67.1,0.97,134.42,5.22,belt_slip,warning
conveyor,1.1,8.33,46.55,1.39,172.37,8.44,belt_misalignment,warning
conveyor,1.47,11.71,79.38,0.99,251.08,6.15,overload,warning
conveyor,1.18,7.9,43.64,1.46,157.54,2.04,none,running
conveyor,3.04,10.22,61.39,1.71,323.91,13.43,belt_misalignment,fault
conveyor,2.73,8.63,51.55,1.26,170.15,3.89,roller_bearing_failure,warning
conveyor,1.99,20.92,70.09,1.54,302.57,6.89,overload,fault
conveyor,1.44,14.95,56.57,1.09,381.42,5.2,overload,fault
conveyor,5.47,7.31,59.23,1.48,158.43,5.25,roller_bearing_failure,fault
conveyor,2.22,8.03,52.19,1.46,250.19,3.7,roller_bearing_failure,warning
conveyor,2.66,9.22,60.28,1.53,276.64,13.48,belt_misalignment,fault
conveyor,3.01,8.33,53.46,1.43,342.75,2.97,roller_bearing_failure,warning
conveyor,0.97,5.24,47.41,1.51,262.88,3.59,none,running
conveyor,1.95,5.69,59.88,1.34,171.44,4.01,roller_bearing_failure,running
conveyor,2.63,18.94,63.45,0.94,463.64,6.25,overload,fault
conveyor,1.72,12.16,76.86,1.5,340.52,2.33,gearbox_overheating,warning
conveyor,0.7,9.8,52.15,1.01,184.39,2.4,belt_slip,running
conveyor,2.36,17.53,81.83,0.34,331.05,11.24,jam,fault
conveyor,2.51,9.64,58.75,1.39,233.82,3.17,roller_bearing_failure,warning
conveyor,0.78,7.4,42.14,1.33,150.56,3.49,none,running
conveyor,1.24,8.69,51.49,0.91,169.79,7.3,belt_slip,warning
conveyor,3.54,10.59,80.2,1.35,285.95,3.08,gearbox_overheating,fault
conveyor,2.27,7.84,43.88,1.33,259.94,10.21,belt_misalignment,fault
conveyor,1.13,7.65,38.65,1.6,124.38,0.48,none,running
conveyor,2.56,8.59,46.42,1.51,208.3,9.81,belt_misalignment,warning
conveyor,3.57,10.44,47.93,1.06,236,9.51,belt_misalignment,warning
conveyor,2.42,20.05,77.98,0.48,617.1,5.45,jam,fault
conveyor,2.47,19.9,91.69,0.55,529.31,6.37,jam,fault
conveyor,3.95,8.01,45.87,1.45,241.09,4.15,roller_bearing_failure,warning
conveyor,2.03,8.11,80.11,1.52,175.69,1.59,gearbox_overheating,fault
conveyor,1.23,10.03,69.02,1.26,172.45,2.08,gearbox_overheating,warning
conveyor,3.48,8.66,42.61,1.6,230.8,5.06,roller_bearing_failure,warning
conveyor,2.46,14.27,66.89,1.47,254.94,4.1,overload,fault
conveyor,1.68,20.02,62.35,0.84,522.86,6.2,overload,fault
conveyor,1.61,11.48,65,0.8,280.78,3.37,belt_slip,warning
conveyor,4.67,6.3,46.94,1.31,275.12,4.88,roller_bearing_failure,fault
conveyor,5.61,18.67,61.71,0.41,403.3,10.09,jam,fault
conveyor,0.57,12.61,101.54,1.4,333.78,3.23,gearbox_overheating,fault
conveyor,3.29,9.33,42,1.29,251.01,8.35,belt_misalignment,warning
conveyor,0.93,7.49,56.55,1.55,195.51,4.95,roller_bearing_failure,running
conveyor,1.55,12.22,76.5,1.43,352.84,5.48,gearbox_overheating,warning
conveyor,2.21,14.62,64.62,1.09,229.15,6.54,overload,fault
conveyor,1.37,8.67,62.62,1.46,176.77,9.64,belt_misalignment,warning
conveyor,2.51,13.58,71.3,1.23,454.35,5.04,overload,fault
conveyor,2.31,8.49,55.25,1.59,217.81,4.32,roller_bearing_failure,warning
conveyor,2.91,16.87,70.11,0.57,496.67,9.56,jam,fault
conveyor,2.23,18.88,64.49,0.47,307.49,3.54,jam,fault
conveyor,3.03,12.72,79.25,1.62,231.52,6.37,gearbox_overheating,warning
conveyor,1.44,16.29,86.41,0.42,539.7,9.7,jam,fault
conveyor,3.91,6.41,65.37,1.22,184.23,14.54,belt_misalignment,fault
conveyor,2.16,12.65,49.53,0.66,219.27,5.81,belt_slip,warning
conveyor,0.8,5.81,46.19,1.46,266.01,3.69,none,running
conveyor,2.56,16.4,57.69,1.21,501.24,6.53,overload,fault
conveyor,3.88,6.08,47.99,1.26,286.37,5,roller_bearing_failure,warning
conveyor,0.7,7.42,39.28,1.41,100.63,2.86,none,running
conveyor,3.14,20.78,85.02,0.39,447.68,9.02,jam,fault
conveyor,4.73,6.33,58.2,1.46,319.64,3.03,roller_bearing_failure,fault
conveyor,3.25,8.93,47.43,1.56,157.65,4.25,roller_bearing_failure,warning
conveyor,1.54,12.77,58.15,1.07,198.25,3.47,belt_slip,warning
conveyor,1.9,6.07,56.07,1.45,282.88,5.38,roller_bearing_failure,warning
conveyor,0.71,7.11,45.4,1.39,88.99,1.42,none,running
conveyor,1.21,12.02,66.4,0.55,90.61,6.91,belt_slip,warning
conveyor,1.07,6.89,38.97,1.46,194.53,1.74,none,running
conveyor,0.63,8.25,49.03,1.58,176.82,0.81,none,running
conveyor,2.92,13.36,71.41,1.04,412.82,3.31,overload,fault
conveyor,0.85,12.08,72.81,0.96,279.37,2.73,overload,warning
conveyor,2.17,8.28,52.43,1.34,226.57,2.8,roller_bearing_failure,warning
conveyor,5.62,16.31,80.12,0,566.72,6.46,jam,fault
conveyor,1.85,12.45,49.25,0.79,146.62,7.42,belt_slip,warning
conveyor,2.25,12.56,59.15,1.06,151.2,3.19,belt_slip,warning
conveyor,3.59,19.17,86.66,0.34,555.12,9.67,jam,fault
conveyor,2.34,10.2,53.58,1.31,261.15,9.31,belt_misalignment,warning
conveyor,5.25,6.82,42.25,1.34,199.05,2.01,roller_bearing_failure,fault
conveyor,4.6,6.39,51.03,1.54,205.38,1.91,roller_bearing_failure,fault
conveyor,3.5,6.36,46.01,1.3,117.27,5.93,roller_bearing_failure,warning
conveyor,0.62,6.81,48.17,1.43,206.97,1.58,none,running
conveyor,0.76,13.24,73.06,1.33,186.39,6.83,gearbox_overheating,warning
conveyor,3.61,9.07,61.95,1.13,149.71,5.98,belt_misalignment,warning
conveyor,1.55,13.66,63.8,1.35,357.98,4.81,belt_misalignment,warning
conveyor,3.06,13.44,84.05,0.09,411.64,8.47,jam,fault
conveyor,2.87,13.88,69.79,1.36,409.56,6.1,overload,fault
conveyor,2.73,15.6,60.1,1.06,481.24,8.65,overload,fault
conveyor,1.86,6.9,41.56,1.05,281.26,7.64,belt_misalignment,warning
conveyor,5.77,13.15,72.26,0.04,290.74,11.03,jam,fault
conveyor,3.86,19.62,77.86,0.49,449.44,5.75,jam,fault
conveyor,1.5,6.86,42.94,0.55,204.91,6.26,belt_slip,warning
conveyor,1.24,5.25,46.14,1.43,221.14,3.93,none,running
conveyor,2.04,6.23,46.68,1.24,226.45,5.81,roller_bearing_failure,warning
conveyor,2.53,14.16,82.23,0.27,520.18,7.18,jam,fault
conveyor,1.85,14.62,53.85,0.91,425.17,1.64,overload,fault
conveyor,1.65,10.5,52.94,1.21,309.65,3.9,overload,warning
conveyor,2.5,12.56,57.28,1.13,126.45,3.45,belt_slip,warning
conveyor,3.27,5.8,45.78,1.41,247.32,4.92,roller_bearing_failure,warning
conveyor,1.33,11.16,46.14,1.44,262.41,12.6,belt_misalignment,fault
conveyor,1.07,18.55,76.62,1.13,337.81,3.84,overload,fault
conveyor,1.92,11.65,63.1,0.95,203.77,5.24,belt_slip,warning
conveyor,4.29,20.32,75.18,0.16,412.8,9.83,jam,fault
conveyor,1.06,7.55,99.7,1.44,258.52,6.47,gearbox_overheating,fault
conveyor,0.99,10.8,45.46,1.12,284.78,3.42,overload,warning
conveyor,3.2,5.62,58.35,1.34,106.61,4.32,roller_bearing_failure,warning
conveyor,3.09,7.29,39.2,1.53,221.29,6.16,roller_bearing_failure,warning
conveyor,4.74,16.84,67.75,0.61,347.95,11.68,jam,fault
conveyor,1.26,9.29,57.42,1.43,203.74,9.39,belt_misalignment,warning
conveyor,1.38,10.96,52.07,1.27,276.06,14.4,belt_misalignment,fault
conveyor,1.08,13.68,77.05,1.01,366.08,6.94,overload,warning
conveyor,1.21,11.47,83.78,1.6,331.33,5.14,gearbox_overheating,fault
conveyor,1.49,10.27,61.1,1.1,242.29,12.28,belt_misalignment,fault
conveyor,1.38,9.75,105.82,1.28,293.83,1.12,gearbox_overheating,fault
conveyor,2.1,11.66,58.53,0.48,212.39,4.84,belt_slip,warning
conveyor,0.97,11.04,66.73,1.47,342.79,2.14,gearbox_overheating,warning
conveyor,0.87,12.7,47.02,0.5,181.06,7.01,belt_slip,warning
conveyor,1.88,8.85,53.51,1.43,244.55,6.25,roller_bearing_failure,warning
conveyor,1.88,8.12,62.47,1.49,253.92,7.21,gearbox_overheating,warning
conveyor,1.18,8.22,56.01,0.98,277.82,3.69,belt_slip,running
conveyor,4.51,16.21,71.48,0.34,469.99,5.09,jam,fault
conveyor,2.17,8.72,61.4,1.13,333.54,13.7,belt_misalignment,fault
conveyor,3.16,8.34,52.22,1.35,210.72,7.8,belt_misalignment,warning
conveyor,0.83,9.25,49.3,1.2,278.85,2.15,overload,running
conveyor,2.15,12.41,48.74,1.15,233.03,7.7,belt_slip,warning
conveyor,2.84,10.28,44.05,0.68,253.76,2.84,belt_slip,warning
conveyor,2.45,8.27,46.95,1.56,280.94,2.14,roller_bearing_failure,warning
conveyor,1.18,9.63,64.76,1.49,271.09,7.48,roller_bearing_failure,warning
conveyor,2.09,12.47,52.09,0.93,366.4,4.72,overload,warning
conveyor,2.02,12.59,87.08,1.49,331.5,7.37,gearbox_overheating,fault
conveyor,1.58,7.41,61.68,1.48,179.05,11.29,belt_misalignment,fault
conveyor,1.31,16.42,55.53,0.14,547.94,10.91,jam,fault
conveyor,1.36,6.8,45.96,1.49,190.41,2.93,none,running
conveyor,2.31,17.44,55.25,1.33,302.19,3.01,overload,fault
conveyor,0.6,7.92,49.34,1.62,166.15,2.01,none,running
conveyor,2.44,13.67,68.52,1.48,581.82,4.42,overload,fault
conveyor,5.55,8.15,49.38,1.5,279.99,3.3,roller_bearing_failure,fault
conveyor,1.08,8.47,50.24,1.12,292.98,12.81,belt_misalignment,fault
conveyor,1.15,6,44.53,1.41,143.85,3.45,none,running
conveyor,0.76,6.14,38.28,1.63,228.38,2.67,none,running
conveyor,1.18,13.29,69.54,1.23,258.74,3.87,gearbox_overheating,warning
conveyor,2.43,5.78,54.86,1.29,180.54,5.99,roller_bearing_failure,warning
conveyor,0.64,6.31,45.14,1.63,156.69,2.6,none,running
conveyor,1.34,6.03,39.68,1.58,208,2.51,none,running
conveyor,3.03,15.41,81.21,0.35,509.61,5.48,jam,fault
conveyor,1.26,8,80.92,1.29,262.27,4.39,gearbox_overheating,fault
conveyor,2.78,18.68,71.36,0.4,303.84,8.44,jam,fault
conveyor,2.49,13.11,55.66,0.6,291.81,3.49,belt_slip,warning
conveyor,2.92,10.42,64.57,1.42,271.92,6.61,gearbox_overheating,warning
conveyor,1.38,13.34,46.99,1.29,466.68,5.09,overload,fault
conveyor,2.95,7.66,53.52,1.21,342.81,5.55,roller_bearing_failure,warning
conveyor,0.77,5.91,45.24,1.42,212.74,3.24,none,running
conveyor,1.01,8.99,56.2,1.15,257.42,7.25,belt_slip,warning
conveyor,2.05,18.03,56.11,0.85,362.07,2.46,overload,fault
conveyor,2.37,8.84,53.96,1.11,208.1,7.45,belt_misalignment,warning
conveyor,1.36,11.33,61.57,0.63,247.32,5.92,belt_slip,warning
conveyor,4.58,18.11,71.68,0.65,341.36,8.03,jam,fault
conveyor,1.21,13.76,89.44,1.46,414.91,3.09,gearbox_overheating,fault
conveyor,0.1,5.69,47.55,1.38,173.69,1.09,none,running
conveyor,2.79,10.32,74.3,1.63,256.88,1.83,gearbox_overheating,warning
conveyor,2.22,14.46,63.96,1.3,252.05,1.93,gearbox_overheating,fault
conveyor,1.01,6.45,46.56,1.56,171.51,2.71,none,running
conveyor,2.08,7.46,55.11,1.42,141.27,6.01,belt_misalignment,warning
conveyor,3.27,11.52,95.3,1.24,169.34,5.03,gearbox_overheating,fault
conveyor,1.06,6.48,35.74,1.7,166.89,3.35,none,running
conveyor,0.89,8.59,50.48,1.21,142.43,7.69,belt_misalignment,warning
conveyor,3.07,20.06,80.01,0.08,650,5.61,jam,fault
conveyor,3.2,18.24,68.03,0.08,364.01,4.06,jam,fault
conveyor,1.43,19.85,81.44,0.22,445.87,8.38,jam,fault
conveyor,3.66,9.9,45.46,1.19,162.37,4.45,roller_bearing_failure,warning
conveyor,1.29,10.06,48.57,0.98,176.43,4.02,belt_slip,warning
conveyor,2.5,21.91,90.67,0.19,650,5.83,jam,fault
conveyor,2.68,8,47.51,1.52,228.66,5.02,roller_bearing_failure,warning
conveyor,1.92,9.44,64.23,0.85,369.4,6.48,overload,warning
conveyor,0.97,9.21,54.47,0.77,226.64,1.8,belt_slip,running
conveyor,2.45,9.26,46.26,1.62,232.26,4.25,roller_bearing_failure,warning
conveyor,3.2,9.89,54.31,1.16,151.81,11.37,belt_misalignment,fault
conveyor,1.2,6.47,43.65,1.52,156.3,2.49,none,running
conveyor,4.6,15.4,89.38,0.48,297.75,12.25,jam,fault
conveyor,0.79,6.9,45.33,1.63,162,4.13,none,running
conveyor,2.15,16.33,67.56,0.57,398.07,11.34,jam,fault
conveyor,1.24,7.9,43.9,1.65,170.08,3.76,none,running
conveyor,2.23,10.9,64.56,0.81,160.58,6.83,belt_slip,warning
conveyor,2.6,9.26,98.68,1.67,320.63,3.12,gearbox_overheating,fault
conveyor,1.39,11.01,65.46,1.28,183.93,6.23,belt_misalignment,warning
conveyor,2.99,13.18,67.99,0.42,345.43,3.52,jam,warning
conveyor,1.19,20.88,73.29,0.58,569.11,6.16,jam,fault
conveyor,4.75,14.53,90.14,0.39,436.44,11.15,jam,fault
conveyor,1.02,7.06,37.7,1.59,203.01,1.24,none,running
conveyor,3.59,16.42,60.13,0.18,459.83,9.33,jam,fault
conveyor,2.19,7.7,41.75,1.41,198.29,2.23,roller_bearing_failure,warning
conveyor,3.98,11.99,72.34,0.16,601.98,4.92,jam,fault
conveyor,2.24,8.93,66.68,1.18,275.14,3.08,overload,warning
conveyor,3.36,8.99,67.43,1.42,212.01,4.41,gearbox_overheating,warning
conveyor,1.29,11.62,78.8,1.16,249.62,4.95,gearbox_overheating,warning
conveyor,1.61,8.88,62.75,0.81,246.95,3.23,belt_slip,running
conveyor,3.56,12.81,62.65,1.42,276.67,6.24,gearbox_overheating,warning
conveyor,3.11,20.51,57.29,0.63,334.45,11.24,jam,fault
conveyor,2.5,7.53,54.31,0.68,184.57,3.63,roller_bearing_failure,warning
conveyor,2.22,6.14,59.06,1.49,312.12,2.63,roller_bearing_failure,warning
conveyor,2.49,11.83,48.62,1,165.67,4.23,belt_slip,warning
conveyor,1.5,14.01,62.98,1.14,551.84,7.26,overload,fault
conveyor,2.24,8.35,55.55,0.75,185.3,7.45,belt_slip,warning
conveyor,2.76,8.68,53.91,1.22,175.21,9.51,belt_misalignment,warning
conveyor,1.24,7.8,61.91,0.86,201.58,6.87,belt_slip,warning
conveyor,1.53,12.13,45.29,0.82,229.77,4.15,belt_slip,warning
conveyor,1.8,14.77,52.97,0.8,420.13,6.51,overload,fault
conveyor,6.15,6.84,52.17,1.46,132.41,2.57,roller_bearing_failure,fault
conveyor,1.23,7.55,49.47,1.07,248.11,8.04,belt_slip,warning
conveyor,1.44,11.94,71.3,1.25,419.57,4.12,gearbox_overheating,fault
conveyor,1.18,14.21,79.92,1.16,174.04,3.5,gearbox_overheating,fault
conveyor,0.75,5.71,42.28,1.39,207.13,2.47,none,running
conveyor,0.72,7.68,45.16,1.65,215.67,3.12,none,running
conveyor,1.95,11.56,50.04,0.86,255.22,4.89,belt_slip,warning
conveyor,1.85,11.19,102.21,1.37,187.04,6.68,gearbox_overheating,fault
conveyor,1.04,6.23,48.04,1.44,148.14,2.35,none,running
conveyor,4.44,7.35,41.48,1.36,278.32,4.97,roller_bearing_failure,fault
conveyor,3.34,13.34,79.03,0.23,440.71,9.49,jam,fault
conveyor,2.44,8.18,46.56,0.5,282.55,7.58,belt_slip,warning
conveyor,1,7.28,45.04,1.36,125.57,4.11,none,running
conveyor,2.57,12.18,74.85,1.37,524.9,4.92,overload,fault
conveyor,1.2,14.47,49.72,1.37,500.25,4.58,overload,fault
conveyor,2.88,17.05,53.01,1.33,433.62,3.69,overload,fault
conveyor,0.75,10.6,73.88,1.4,269.83,6.12,gearbox_overheating,warning
conveyor,3.46,20.98,84.38,0.54,359.07,11.01,jam,fault
conveyor,2.07,12.78,49.7,0.51,200.79,4.4,belt_slip,warning
conveyor,2.38,9.19,57.81,1.14,427.68,3.38,overload,fault
conveyor,3.67,20.44,62.76,0.53,493.25,9.54,jam,fault
conveyor,3.79,16.34,78,0.48,475.07,8.57,jam,fault
conveyor,3.74,13.56,61.6,1.59,291.9,3.43,gearbox_overheating,warning
conveyor,2.99,7.85,79.15,1.24,178.69,3.81,gearbox_overheating,warning
conveyor,2.53,11.03,54.56,1.22,278.6,11.1,belt_misalignment,fault
conveyor,2.67,7.03,75.98,1.55,246.7,5.02,gearbox_overheating,warning
conveyor,2.56,9.34,44.79,1.18,231.12,2.97,roller_bearing_failure,warning
conveyor,2.09,11.02,47.25,1.55,196.11,10.03,belt_misalignment,fault
conveyor,3.62,8.79,64.17,1.6,214.93,13.72,belt_slip,fault
conveyor,2.49,11.21,62.74,0.73,102.28,7.26,belt_slip,warning
conveyor,2.26,12.62,50.43,0.81,182.64,6.16,belt_slip,warning
conveyor,2,9.7,53.71,1.43,159.34,14.02,belt_misalignment,fault
conveyor,2.26,9.16,58.83,1.05,239.52,6.78,belt_slip,warning
conveyor,1.08,5.41,41.5,1.43,198,0.71,none,running
conveyor,1.88,20.48,65.97,0.96,510.55,3.7,overload,fault
conveyor,4.62,18.09,66.86,0.32,451.1,8.43,jam,fault
conveyor,0.66,5.29,47.24,1.46,158.69,2.14,none,running
conveyor,2.15,8.91,58.26,1.43,224.8,10.92,belt_misalignment,fault
conveyor,4.57,21.65,63.35,0.19,650,12.86,jam,fault
conveyor,2.49,7.82,76.15,1.65,286.61,2.73,gearbox_overheating,warning
conveyor,1.99,10.31,102.8,1.35,325.63,5.42,gearbox_overheating,fault
conveyor,4.06,17.19,56.8,0.17,447.75,6.89,jam,fault
conveyor,0.74,5.36,37.66,1.43,224.02,0.78,none,running
conveyor,2.23,9.62,60.08,0.8,211.24,4.7,belt_slip,warning
conveyor,2.2,20.82,62.73,0.31,375.22,6.05,jam,fault
conveyor,0.77,8.62,59.48,1.32,298.3,2.37,overload,warning
conveyor,1.83,13.99,86.62,1.22,324.82,2.57,gearbox_overheating,fault
conveyor,2.56,7.28,60.92,1.45,128.99,9.12,belt_misalignment,warning
conveyor,2.01,11.45,72.05,0.78,615.5,3.26,overload,fault
conveyor,3.17,11.77,96.07,1.3,239.36,6.87,gearbox_overheating,fault
conveyor,1.19,19.37,68.68,1.48,346.78,7.21,overload,fault
conveyor,1.59,6.2,60.36,1.17,150.16,10.8,belt_misalignment,fault
conveyor,1.51,13.83,74.86,1.48,221.85,3.84,gearbox_overheating,warning
conveyor,0.9,8.27,48.05,1.38,246.98,4.02,none,running
conveyor,3.43,9,44.6,1.31,316.47,5.06,roller_bearing_failure,warning
conveyor,0.1,4.73,37.44,1.56,118.97,1.61,none,running
conveyor,4.81,16.45,58.69,0.41,516.5,3.9,jam,fault
conveyor,2.04,6.28,53.71,1.47,224.85,2.96,roller_bearing_failure,warning
conveyor,2.22,13.55,73.55,0.5,550.17,2.97,jam,fault
conveyor,3.05,16.94,69.93,0.07,467.61,9.21,jam,fault
conveyor,1.37,10.21,46.44,1.05,263.72,3.15,belt_slip,warning
conveyor,0.84,6.77,39.24,1.51,219.29,4.26,none,running
conveyor,1.5,8.05,64.87,0.92,163.47,6.75,belt_slip,warning
conveyor,3.51,8.51,55.01,1.48,314.28,3.14,roller_bearing_failure,warning
conveyor,2.82,8.01,51.65,1.5,196.04,8.5,belt_misalignment,warning
conveyor,4.95,21.48,72.77,0.08,426.27,11,jam,fault
conveyor,1.94,13.06,92.19,1.13,319.4,6.3,gearbox_overheating,fault
conveyor,4.44,21.61,70.91,0.34,417.12,9.42,jam,fault
conveyor,0.75,5.63,47.27,1.56,224.76,1.74,none,running
conveyor,2.72,18.26,76.61,0.56,349.93,9.43,jam,fault
conveyor,1.93,8.89,66.36,1.31,275.09,4.01,gearbox_overheating,warning
conveyor,1.77,11.57,54.43,1.03,255.33,3.8,belt_slip,warning
conveyor,3.48,16.56,64.36,1.05,585.58,3.43,overload,fault
conveyor,3.21,11.91,48.37,1.02,235.18,4.31,belt_slip,warning
conveyor,2.07,13.28,80.42,1.48,154.63,5.93,gearbox_overheating,fault
conveyor,0.91,7.62,39.53,1.54,201.74,2.7,none,running
conveyor,0.92,6.79,37.32,1.43,187.48,3.29,none,running
conveyor,2.51,12.86,51.98,0.45,166.23,1.97,belt_slip,warning
conveyor,3.28,8.47,43.17,1.6,229.85,2.57,roller_bearing_failure,warning
conveyor,2.26,12.95,97.98,1.22,194.05,5.15,gearbox_overheating,fault
conveyor,1.61,10.88,72.77,1.55,245.83,3.23,gearbox_overheating,warning
conveyor,2.09,10.31,64.72,1.13,270.27,14.46,belt_misalignment,fault
conveyor,0.6,10.16,54.15,1.43,192.56,13.51,belt_misalignment,fault
conveyor,1.22,9.08,58.91,1.49,255.43,9.79,belt_misalignment,warning
conveyor,0.12,4.43,47.95,1.55,206.62,1.26,none,running
conveyor,2.93,12.57,101.63,1.33,299.76,3.37,gearbox_overheating,fault
conveyor,0.62,6.01,48.02,1.44,177.27,4.46,none,running
conveyor,2.19,11.27,57.19,0.79,146.03,2.71,belt_slip,warning
conveyor,2.57,8.56,42.01,1.49,156.28,1.33,roller_bearing_failure,warning
conveyor,0.68,6.03,49.13,1.42,149.15,3.43,none,running
conveyor,1.56,7.92,64.41,1.33,308.72,2.96,gearbox_overheating,warning
conveyor,1.52,8.99,49.02,1.47,284.01,3.91,roller_bearing_failure,warning
conveyor,1.76,19.63,80.6,0.05,546.06,4.73,jam,fault
conveyor,1.29,12.35,72.37,0.94,345.2,5.57,overload,warning
conveyor,2.29,9,47.67,1.48,256.6,6.43,belt_misalignment,warning
conveyor,1.62,7.65,42.69,1.37,292.52,3.24,none,warning
conveyor,4.75,17.84,60.94,0.19,324.98,8.84,jam,fault
conveyor,2.31,9.9,45.13,1.08,262.33,9.26,belt_misalignment,warning
conveyor,2.61,6.81,91.71,1.57,145.44,7.42,gearbox_overheating,fault
conveyor,1.38,7.99,87.73,1.52,186.61,2.93,gearbox_overheating,fault
conveyor,0.79,6.67,45.63,1.5,168.09,4.33,none,running
conveyor,3.72,7.14,47.24,1.57,233.61,3.02,roller_bearing_failure,warning
conveyor,1.66,8.6,64.42,1.55,302.52,10.84,belt_misalignment,fault
conveyor,2.29,11.79,62.63,0.85,240.76,6.93,belt_slip,warning
conveyor,2.82,9.72,42.55,1.14,265.46,9.08,belt_misalignment,warning
conveyor,1.42,7.22,47.52,1.52,168.56,2.75,none,running
conveyor,1.34,9.42,55.42,1.22,185.31,10.66,belt_misalignment,fault
conveyor,3.86,17.12,81.44,0.49,429.61,2.63,jam,fault
conveyor,3.06,8.36,74.75,1.53,262.96,4.99,gearbox_overheating,warning
conveyor,4.09,5.78,43.98,1.58,254.53,1.74,roller_bearing_failure,fault
conveyor,3.65,7.71,48.65,1.34,224.57,7.78,belt_misalignment,warning
conveyor,1.64,9.01,62.15,1.49,268.34,14.02,belt_misalignment,fault
conveyor,1.18,6.58,38.84,1.46,220.43,2.59,none,running
conveyor,1.89,17.62,56.05,1.27,494.42,4.8,overload,fault
conveyor,0.84,7.11,51.74,1.48,209.1,1.91,none,running
conveyor,0.92,6.05,36.52,1.51,201.37,4.49,none,running
conveyor,3.02,12,83.93,0.62,322.03,12.14,jam,fault
conveyor,2.93,12.66,57.93,0.27,319.63,9.54,jam,warning
conveyor,1.72,7.57,45.45,1.37,146.24,1.75,roller_bearing_failure,running
conveyor,2.59,14.22,61.79,0.46,483.71,5.9,jam,fault
conveyor,1.79,10.91,54.31,1.48,237,9.86,belt_misalignment,warning
conveyor,1.1,5.92,37.46,1.43,155.82,1.57,none,running
conveyor,2.58,7.77,58.06,1.53,244.64,4.67,roller_bearing_failure,warning
conveyor,1.96,6.5,41.42,1.37,301.92,8.56,belt_misalignment,warning
conveyor,0.98,12.76,60.34,1.17,399.57,2.18,overload,fault
conveyor,0.66,6.54,48.05,1.64,257.38,0.84,none,running
conveyor,3.67,7.52,42.03,1.55,245.29,6.74,jam,warning
conveyor,4.85,6.66,55.2,1.37,264.8,3.82,roller_bearing_failure,fault
conveyor,3.2,12.17,65.98,1.53,274.25,2.68,gearbox_overheating,warning
conveyor,3.71,7.35,49.8,1.56,222.69,4.87,roller_bearing_failure,warning
conveyor,2.81,8.43,47.39,1.14,191.56,9.18,belt_misalignment,warning
conveyor,2.63,8.88,72.88,1.13,277.48,6.97,gearbox_overheating,warning
conveyor,1.96,12.42,67.23,1.41,430.83,2.06,overload,fault
conveyor,1.28,11.99,63.5,0.51,170.34,4.04,belt_slip,warning
conveyor,1.45,15.69,69.6,1.33,302.25,3.02,overload,fault
conveyor,3.89,10.58,110.32,1.44,247.02,7.21,gearbox_overheating,fault
conveyor,2.15,11.53,50.65,0.98,139.79,4.08,belt_slip,warning
conveyor,3.17,6.84,58.78,1.52,158.78,10.78,belt_misalignment,fault
conveyor,3.37,6.94,43.13,1.25,206.89,4.28,roller_bearing_failure,warning
conveyor,1.59,8.26,54.54,1.44,125.45,5.85,roller_bearing_failure,running
conveyor,0.91,13.71,110.61,1.2,378.03,4.95,gearbox_overheating,fault
conveyor,2.29,6.63,46.7,0.74,245.45,6.14,belt_slip,warning
conveyor,1.32,10.89,44.16,0.56,164.86,7.33,belt_slip,warning
conveyor,1.84,10.94,52.35,0.97,177.97,4.24,belt_slip,warning
conveyor,1.41,10.45,59.74,1.28,294.62,8.51,belt_misalignment,warning
conveyor,2.19,9.89,71.71,1.46,277.18,4.02,gearbox_overheating,warning
conveyor,3.64,7.41,49.63,1.3,182.2,6.1,roller_bearing_failure,warning
conveyor,1.42,17.79,66.62,1.14,544.7,4.41,overload,fault
conveyor,2,17.9,78.37,0.35,399,10.18,jam,fault
conveyor,1.21,7.82,54.71,1.52,174.24,14.66,belt_misalignment,fault
conveyor,0.77,10.38,107.5,1.32,236.54,2.64,gearbox_overheating,fault
conveyor,2.46,8.94,76.46,1.18,467.48,5.92,overload,fault
conveyor,2.62,11.49,64.63,1.49,259.03,8.51,belt_misalignment,warning
conveyor,3.26,12.32,70.12,0.88,565.65,3.38,overload,fault
conveyor,4.18,19.92,72.4,0.39,435.22,11.14,jam,fault
conveyor,1.76,10.15,61.8,1.37,163.69,8.73,roller_bearing_failure,warning
conveyor,0.49,7.64,35.72,1.51,191.29,1.31,none,running
conveyor,2.03,17.18,76.4,0.14,537,2.2,jam,fault
conveyor,2.75,6.69,49.78,1.62,191.98,4.06,roller_bearing_failure,warning
conveyor,5.9,13.68,92.09,0.63,578.85,5.91,overload,fault
conveyor,2.43,17.78,65.9,0.12,586.51,5.83,jam,fault
conveyor,1.54,10.04,100.65,1.48,296.12,2.26,gearbox_overheating,fault
conveyor,1.16,9.95,48.73,0.9,491.57,2.62,overload,fault
conveyor,4.9,7.48,53.73,1.23,159.28,5.43,roller_bearing_failure,fault
conveyor,3.25,16.71,60.82,0.61,601.29,10.14,jam,fault
conveyor,1.03,9.32,87.62,1.28,361.84,5.51,gearbox_overheating,fault
conveyor,1.28,7.31,64.03,1.34,263.42,6.05,belt_misalignment,warning
conveyor,1.09,10.88,57.08,0.96,428.91,2.74,overload,fault
conveyor,4.28,22.24,86.88,0.19,531.67,11.26,jam,fault
conveyor,4.65,8.07,47.13,1.38,167,4.81,roller_bearing_failure,fault
conveyor,3.39,17.69,90.08,0.55,497.29,5.61,jam,fault
conveyor,3.49,16.6,75.27,0.08,650,10.33,jam,fault
conveyor,1.21,7.06,59.3,1.2,197.86,6.04,belt_misalignment,warning
conveyor,1.42,10.85,50.08,1.43,264.77,9.76,belt_misalignment,warning
conveyor,1.05,6.98,39.84,1.48,129.3,1.49,none,running
conveyor,0.75,11.19,73.78,1.56,305.01,2.1,gearbox_overheating,warning
conveyor,1.18,6.65,48.42,1.64,293.1,2.4,none,warning
conveyor,1.54,10.23,93.94,1.45,235.84,3.99,gearbox_overheating,fault
conveyor,3.69,6.31,50.4,1.34,311.77,3.51,roller_bearing_failure,warning
conveyor,0.63,7.07,47.34,1.45,169.86,2.24,none,running
conveyor,1.44,7.79,51.89,1.43,238.14,2.68,none,running
conveyor,3.31,12.71,76.79,0.25,599.94,6.11,jam,fault
conveyor,0.71,9.64,83.24,1.29,193.83,3.7,gearbox_overheating,fault
conveyor,1.39,11.22,88.63,1.53,282.73,3.17,gearbox_overheating,fault
conveyor,1.91,7.31,61.48,1.59,205.75,10.65,belt_misalignment,fault
conveyor,1.53,12.35,54.19,1.12,297.74,3.89,overload,warning
conveyor,2.12,11.93,87.37,1.24,172.9,7.23,gearbox_overheating,fault
conveyor,1.02,5.7,49.72,1.66,211.3,3.25,none,running
conveyor,3.4,14.25,64.33,1.41,443.13,6.27,overload,fault
conveyor,0.84,12.28,55.71,1.42,513.59,6.13,overload,fault
conveyor,1.18,7.52,80.22,1.48,273.3,1.98,gearbox_overheating,fault
conveyor,2.42,8.65,44.43,0.93,138.82,3.93,belt_slip,warning
conveyor,2.83,8.96,39.53,1.24,187.63,4.88,roller_bearing_failure,warning
conveyor,2.08,10.91,48.66,0.84,112.72,4.01,belt_slip,warning
conveyor,1.98,15.62,69.32,1.11,273.24,3.25,overload,fault
conveyor,2.17,7.22,47.26,1.39,299.09,5.31,belt_misalignment,warning
conveyor,2.34,7,49.86,1.39,266.93,6.61,belt_misalignment,warning
conveyor,0.69,7.8,41.7,1.48,137.7,2.38,none,running
conveyor,1.95,16.65,63.15,1.23,490.27,4.56,overload,fault
conveyor,4.35,20.04,54.82,0,515.1,7.9,jam,fault
conveyor,2.08,19.57,66.67,0.49,527.67,8.04,jam,fault
conveyor,1.16,14.55,57.36,1.08,445.72,2.92,overload,fault
conveyor,2.39,18.87,62.11,0.21,409.89,3.61,jam,fault
conveyor,4.42,14.96,94.42,0,431.4,8.43,jam,fault
conveyor,4.6,21.57,86.69,0.11,394.79,8.77,jam,fault
conveyor,3.22,13.35,51.03,0.76,190.09,4.47,belt_slip,warning
conveyor,3.8,6.66,49.05,1.39,263.7,5.49,roller_bearing_failure,warning
conveyor,1.09,10.55,60.73,0.72,181.98,6.89,belt_slip,warning
conveyor,2.38,7.02,41.53,1.25,257.96,3.37,roller_bearing_failure,warning
conveyor,3.09,7.26,44.73,1.43,309.15,8.06,belt_misalignment,warning
conveyor,1.55,8.89,50.75,1.34,233.3,11.72,belt_misalignment,fault
conveyor,2.61,14.32,50.65,1.38,529.74,4.45,overload,fault
conveyor,2.01,15.94,72.6,0.13,382.24,6.64,jam,fault
conveyor,2.51,16.61,86.13,0.47,531.13,9.67,jam,fault
conveyor,1.44,9.7,62.67,1.29,150.67,7.53,belt_misalignment,warning
conveyor,2.28,13.66,66.69,1.31,197.83,3.99,gearbox_overheating,warning
conveyor,2.26,8.15,66.98,1.25,344.83,3.97,gearbox_overheating,warning
conveyor,2.51,17.43,58.83,1.48,496.86,6.83,overload,fault
conveyor,1.55,10.11,48.65,1.15,159.72,11.29,belt_misalignment,fault
conveyor,2.1,14.15,102.69,1.12,199.47,2.61,gearbox_overheating,fault
conveyor,1.98,8.15,62.49,0.55,172.04,5.76,belt_slip,running
conveyor,3.08,8.92,55.01,1.51,207.56,5.26,roller_bearing_failure,warning
conveyor,1.36,19.02,54.15,1.25,556.02,4.67,overload,fault
conveyor,4.98,21.98,80.54,0.05,566.78,10.16,jam,fault
conveyor,2.35,15.65,76.05,1.12,487.58,6.66,overload,fault
conveyor,1.06,10.67,74.68,1.46,406.72,2.76,overload,fault
conveyor,2.44,6.35,47.36,1.12,224.59,8.33,belt_misalignment,warning
conveyor,1.41,9.91,67.68,1.54,200.56,7.06,gearbox_overheating,warning
conveyor,3.21,10.16,61.7,1.58,159.52,8.47,belt_misalignment,warning
conveyor,1.69,12.97,97.27,1.27,217.85,4.62,gearbox_overheating,fault
conveyor,1.63,7.9,48.06,1.34,220.28,14.82,belt_misalignment,fault
conveyor,1.24,17.17,45.32,0.88,509.16,3.38,overload,fault
conveyor,1.79,8.49,52,1.38,167.26,6.3,roller_bearing_failure,warning
conveyor,1.02,11.11,72.97,0.99,427.42,5.79,overload,fault
conveyor,3.03,8.89,60.78,1.03,214.76,10.46,belt_misalignment,fault
conveyor,1.41,12.29,62.62,0.79,157.8,6.91,belt_slip,warning
conveyor,3.75,14.44,64.27,0.29,284.16,10.13,jam,fault
conveyor,0.84,6.08,37.36,1.54,219.4,3.45,none,running
conveyor,2.12,11.2,56.23,0.88,289.42,4.25,belt_slip,warning
conveyor,2.57,14.14,61.12,1.27,462.43,4.44,overload,fault
conveyor,2.72,11.44,61.55,1.15,358.99,4.44,gearbox_overheating,warning
conveyor,2.1,7.61,49.43,1.38,255.1,6.84,belt_misalignment,warning
conveyor,2.22,21.25,80.51,0,573.04,10.4,jam,fault
conveyor,0.81,9.88,49.4,0.97,149.15,6.82,belt_slip,warning
conveyor,3.04,7.37,65.21,1.5,239.58,7.19,belt_misalignment,warning
conveyor,1.21,11.43,45.35,0.62,209.38,7.62,belt_slip,warning
conveyor,1.24,6.3,40.15,1.25,231.72,1.26,roller_bearing_failure,running
conveyor,1.29,6.98,34.26,1.58,316.68,0.3,none,warning
conveyor,1.55,8.21,102.15,1.3,145.59,6.59,gearbox_overheating,fault
conveyor,3.39,20.74,92.67,0.92,526.62,4.31,jam,fault
conveyor,1.92,8.68,61.98,1.23,166.44,6.58,belt_misalignment,warning
conveyor,4.42,8.8,42.38,1.41,175.36,2.23,overload,fault
conveyor,3.29,8.93,60.98,1.5,168.53,3.85,roller_bearing_failure,warning
conveyor,1.69,8.23,48.3,0.88,299.93,6.96,overload,warning
conveyor,2.09,7.45,48.95,1.55,223.54,0.99,none,warning
conveyor,2.82,10.61,66.26,1.37,219.92,4.64,gearbox_overheating,warning
conveyor,6.25,18.94,87.44,0.44,436.74,7.24,jam,fault
conveyor,0.89,5.73,44.18,1.41,246.68,4.74,none,running
conveyor,4.14,5.98,52.55,1.34,215.73,1.59,roller_bearing_failure,fault
conveyor,0.68,8.98,44.33,0.89,259.55,2.4,belt_slip,running
conveyor,2.29,8.3,51.92,1.49,284.11,2.59,roller_bearing_failure,warning
conveyor,1.9,9.71,61.97,1.63,162.46,6.16,gearbox_overheating,warning
conveyor,1.29,12.14,54.33,1.44,313.58,2.19,overload,warning
conveyor,4.27,21.19,79.62,0.49,399.51,10.55,jam,fault
conveyor,3.08,11.66,102.36,1.32,283.57,5.62,gearbox_overheating,fault
conveyor,1.09,12.49,60.88,1.12,144.6,6.34,belt_slip,warning
conveyor,1.31,11.05,90.09,1.18,341.17,3.67,gearbox_overheating,fault
conveyor,2.78,14.45,95.43,0.53,461.66,8.05,jam,fault
conveyor,4.17,8.87,48.8,1.44,186.54,5.8,roller_bearing_failure,fault
conveyor,1.5,15.07,54.93,0.84,294.82,2.68,overload,fault
conveyor,2.98,19.6,78.1,1.03,357.11,3.87,overload,fault
conveyor,0.97,19.32,61.44,1.37,487.06,5.41,overload,fault
conveyor,4.55,13.01,70.4,0.18,327.12,8.79,jam,fault
conveyor,1.79,8,47.86,0.9,220.36,3.56,belt_slip,running
conveyor,1.62,11.94,93.55,1.33,181.26,6.17,gearbox_overheating,fault
conveyor,4.98,8.6,55.26,1.55,308.47,3.77,roller_bearing_failure,fault
conveyor,4.33,7.45,58.32,1.4,122.56,1.44,roller_bearing_failure,fault
conveyor,1.54,7.18,40.77,1.56,269.86,9.4,belt_misalignment,warning
conveyor,0.94,7.64,42.12,1.48,237.13,2.03,none,running
conveyor,3.19,16.15,93.71,0.56,331.12,11.7,jam,fault
conveyor,0.77,8.67,55.6,1.01,207.41,5.64,belt_slip,running
conveyor,3.25,11.04,99.72,1.49,366.66,8.65,gearbox_overheating,fault
conveyor,2.24,19.32,56.45,0.17,588.43,10.73,jam,fault
conveyor,1.93,9.63,44.23,1,164.4,4.05,belt_slip,running
conveyor,2.13,9.27,90.72,1.41,310.08,3.19,gearbox_overheating,fault
conveyor,2.64,9.39,69.68,1.43,253.68,2.07,overload,warning
conveyor,1.66,8.85,104.25,1.2,202.67,2.92,gearbox_overheating,fault
conveyor,1.5,9.4,52.16,1.39,274.24,7.45,belt_misalignment,warning
conveyor,2.26,12.63,70.17,0.35,495.32,7.85,jam,fault
conveyor,1.03,18.65,53.69,1.02,553.68,2.02,overload,fault
conveyor,3.25,8.8,53.71,1.29,206.85,5.3,gearbox_overheating,warning
conveyor,3.1,17.75,65.74,1.15,316.77,5.97,overload,fault
conveyor,3.28,10.57,49.24,1.29,366.85,4.89,overload,warning
conveyor,1.62,11.6,56.41,0.73,279.11,4.56,belt_slip,warning
conveyor,2.25,10.19,51.06,1.41,181.51,10.43,belt_misalignment,fault
conveyor,1.65,9.69,49.66,1.06,153.65,2.72,belt_slip,running
conveyor,1.95,10.76,57.1,1.28,336.05,5.19,overload,warning
conveyor,0.77,6.19,46.5,1.37,145.47,1.17,none,running
conveyor,0.71,10.29,93.1,1.17,269.31,3.64,belt_slip,fault
conveyor,3.5,17.66,62.23,1.39,417.68,2.45,overload,fault
conveyor,1.49,11.04,66.3,0.92,190.82,8.05,belt_slip,warning
conveyor,1.83,13.93,88.73,1.38,185.87,2.34,gearbox_overheating,fault
conveyor,2.61,8.51,50.01,1.15,128.59,13.6,belt_misalignment,fault
conveyor,1.51,6.76,51.14,1.13,237.76,10.54,belt_misalignment,fault
conveyor,2.7,6.61,49.91,1.12,225.72,12.18,belt_misalignment,fault
conveyor,3.82,19.95,89.79,0.24,346.39,11.78,jam,fault
conveyor,1.96,9.73,86.82,1.26,325.41,2.79,gearbox_overheating,fault
conveyor,1.72,8.93,91.05,1.25,137.9,4.5,gearbox_overheating,fault
conveyor,0.93,6.97,45.95,1.37,199.97,1.72,none,running
conveyor,1.46,15.59,63.27,0.94,344.92,6.08,overload,fault
conveyor,1.15,7.68,56.48,0.57,201.35,3.65,belt_slip,running
conveyor,1.54,6.43,51.18,1.47,227.33,2.67,roller_bearing_failure,running
conveyor,2.25,8.61,46.93,0.66,194.53,4.77,belt_slip,warning
conveyor,1.28,7.61,40.74,1.72,208.47,1,none,running
conveyor,1.68,12.65,73.83,1.24,267.2,6.95,overload,warning
conveyor,6.36,15.22,80.29,0.44,418.87,8.87,jam,fault
conveyor,2.49,13.19,60.86,1.08,134.12,2.31,belt_slip,warning
conveyor,1.95,7.95,42.42,1.59,175.39,5.08,roller_bearing_failure,running
conveyor,2.2,9.83,74.55,1.51,177.06,4.23,gearbox_overheating,warning
conveyor,2.58,21,71.08,0.34,478.81,10.29,jam,fault
conveyor,2.88,6.65,48.85,1.53,225.2,2.25,roller_bearing_failure,warning
conveyor,1.5,13.31,61.77,0.57,213.22,6.41,belt_slip,warning
conveyor,2.33,12.8,47.76,0.43,176.54,3.89,belt_slip,warning
conveyor,2.09,6.97,46.32,1.46,228.78,4.84,roller_bearing_failure,warning
conveyor,3.39,19.3,82.41,0.33,301.07,10.99,jam,fault
conveyor,1.22,5.27,43.48,1.34,193.41,2.31,none,running
conveyor,2.23,6.94,55.71,1.42,248.87,9.6,belt_misalignment,warning
conveyor,2.59,8.09,50.89,1.57,258.3,3.73,roller_bearing_failure,warning
conveyor,1.75,6.5,56.26,1.29,194.53,5.15,roller_bearing_failure,running
conveyor,1.8,9.34,49.59,1.41,291.63,9.21,belt_misalignment,warning
conveyor,4.88,18.3,80.55,0.53,458.42,11.75,jam,fault
conveyor,2.36,6.24,42.74,1.41,204.43,3.89,roller_bearing_failure,warning
conveyor,0.83,5.77,40.09,1.56,132.04,1.7,none,running
conveyor,3.32,12.8,75.96,1.18,437.52,6.9,overload,fault
conveyor,0.97,14.09,68.02,1.31,144.99,6.32,gearbox_overheating,fault
conveyor,1.23,7.17,52.05,1.41,147.38,4.97,roller_bearing_failure,running
conveyor,2.23,10.57,60.74,0.83,137.77,5.16,belt_slip,warning
conveyor,2.84,11.67,55.98,0.85,227.15,2.39,belt_slip,warning
conveyor,2.3,7.15,49.57,1.53,238.07,3.55,roller_bearing_failure,warning
conveyor,2.9,8.22,48.03,1.24,291.21,3.67,overload,warning
conveyor,1.45,7.81,43.88,0.6,225.78,7.96,belt_slip,warning
conveyor,2.08,8.68,42.15,1.44,140.73,1.72,roller_bearing_failure,warning
conveyor,3.57,18.98,96.07,0.33,430.19,4.25,jam,fault
conveyor,4.23,12.33,66.09,0.15,387.23,10.95,jam,fault
conveyor,1.54,11.8,105.75,1.59,283.24,4.82,gearbox_overheating,fault
conveyor,2.17,7.5,64.33,0.96,274.86,3.33,belt_slip,warning
conveyor,2.14,10.26,55.61,1.37,153.15,12.23,belt_misalignment,fault
conveyor,0.58,7.44,38.07,1.61,139.94,4.71,none,running
conveyor,1.39,12.19,52.15,0.59,208.16,3.34,belt_slip,warning
conveyor,4.27,8.56,63.89,1.47,207.1,0.51,roller_bearing_failure,fault
conveyor,1.04,5.81,42.59,1.71,249.26,4.04,none,running
conveyor,2.79,10.26,50.86,0.56,223.38,6.4,belt_slip,warning
conveyor,2.32,9.2,58.54,0.85,143.94,7.71,belt_slip,warning
conveyor,1.31,7.64,39.95,1.63,219.1,4.93,none,running
conveyor,1,9.74,88,1.53,238.56,3.75,gearbox_overheating,fault
conveyor,0.86,7.18,41.88,1.36,177.67,2.11,none,running
conveyor,2.55,8.6,56.4,0.55,110.41,4.27,belt_slip,warning
conveyor,3.51,6.59,42.87,1.47,164.63,3.11,roller_bearing_failure,warning
conveyor,1.88,7.62,43.1,0.72,201.42,2.64,belt_slip,running
conveyor,1.33,9.68,53.85,0.72,305.41,3.98,belt_slip,warning
conveyor,1.92,12.85,101.29,1.19,239.47,4.58,gearbox_overheating,fault
conveyor,2.46,8.34,97.89,1.51,166.65,4.91,gearbox_overheating,fault
conveyor,0.58,7.59,66.58,0.43,242.55,4.81,belt_slip,warning
conveyor,1.4,6.2,43.3,1.54,159.72,1.99,none,running
conveyor,3.02,12.46,101.66,1.23,198.08,3.64,gearbox_overheating,fault
conveyor,3.52,13.16,48.59,0.53,283.33,7.24,belt_slip,warning
conveyor,2.09,7.55,62.51,1.66,177.01,4.62,roller_bearing_failure,warning
conveyor,3.15,10.38,61.05,1.4,120.13,9.34,belt_misalignment,warning
conveyor,3.95,7.53,43.99,1.33,276.72,1.9,roller_bearing_failure,warning
conveyor,1.89,7.87,42.92,0.57,173.03,7.95,belt_slip,warning
conveyor,2.83,11.59,70.14,1.31,409.41,7.69,overload,fault
conveyor,3.53,11.64,68.83,1.01,387.02,4.62,overload,fault
conveyor,5.35,9.56,51.5,1.39,292.07,4.77,roller_bearing_failure,fault
conveyor,1.6,10.33,53.74,0.82,187.55,5.23,belt_misalignment,warning
conveyor,5.43,13.18,68.76,0.18,650,11.01,jam,fault
conveyor,2.26,7.76,44.62,1.29,152.97,4.66,roller_bearing_failure,warning
conveyor,2.64,11.48,85.88,1.26,201.17,3.67,gearbox_overheating,fault
conveyor,2.86,7.16,63.97,1.2,154.87,14.51,belt_misalignment,fault
conveyor,3.29,12.09,62.56,1.4,458.67,4.14,overload,fault
conveyor,2.99,9.62,61.77,1.07,183.46,5.88,belt_misalignment,warning
conveyor,4.02,7.16,56.14,1.34,218.99,6.52,roller_bearing_failure,fault
conveyor,2.22,18.74,89.1,0.11,507.04,5.84,jam,fault
conveyor,3.62,8.1,49.78,1.54,256.68,4.34,belt_misalignment,warning
conveyor,2.48,7.71,45.38,1.22,236.01,2.1,roller_bearing_failure,warning
conveyor,3.12,11.33,93.63,1.19,268.74,0.8,gearbox_overheating,fault
conveyor,4.49,6.5,58.4,1.31,180.72,5.25,roller_bearing_failure,fault
conveyor,2.89,14.64,87.16,0.17,421.25,4.56,gearbox_overheating,fault
conveyor,2.25,12.12,63.88,0.54,212.9,8.19,belt_slip,warning
conveyor,1,12.24,57.83,0.64,203.6,8.29,belt_slip,warning
conveyor,0.68,12,68.08,1.02,125.13,2.94,belt_slip,warning
conveyor,2.77,10.17,59.96,1.17,281.88,6.44,belt_misalignment,warning
conveyor,1,5.52,42.31,1.68,194.99,3.89,none,running
conveyor,3.74,8.29,57.1,1.35,268.15,2.21,roller_bearing_failure,warning
conveyor,2.05,13.12,67.63,0.95,300.27,5.78,overload,warning
conveyor,1.76,8.34,83.54,1.5,319.69,1.89,gearbox_overheating,fault
conveyor,1.2,6.75,44.53,1.4,206.03,0.28,none,running
conveyor,2.61,6.99,64.27,1.42,265.62,7.43,belt_misalignment,warning
conveyor,0.92,6.25,46.06,1.63,146.61,1.44,none,running
conveyor,1.97,9.24,104.23,1.31,268.27,4.82,gearbox_overheating,fault
conveyor,1.24,8.89,59.11,1.11,216.31,7.22,belt_slip,warning
conveyor,4.13,7.9,50.15,1.64,167.83,4.69,roller_bearing_failure,fault
conveyor,2.36,9.38,65.06,1.16,267.02,1.67,gearbox_overheating,warning
conveyor,1.04,6.93,43.9,1.63,145.31,1.43,none,running
conveyor,0.1,6.4,39.57,1.69,239.65,2.77,none,running
conveyor,2.81,8.98,58.16,1.32,157,3.84,roller_bearing_failure,warning
conveyor,0.56,5.72,47.53,1.57,154.02,1.4,none,running
conveyor,1.26,5.69,43.57,1.44,136.26,2.76,none,running
conveyor,2.93,16.09,48.35,0.85,605.29,4.88,overload,fault
conveyor,1.39,12.34,94.96,1.56,181.18,6.94,gearbox_overheating,fault
conveyor,2.7,12.91,67.54,1.07,232.47,4.4,belt_slip,warning
conveyor,2.95,12.63,76.72,0.83,346.42,7.32,overload,warning
conveyor,0.85,6.15,41.82,1.66,240,4.14,none,running
conveyor,0.37,8.6,52.45,1.39,456.89,3.12,overload,fault
conveyor,1.98,13.76,92.92,1.37,214.95,3.35,gearbox_overheating,fault
conveyor,2.83,9.01,65.27,1.2,188.01,6.79,gearbox_overheating,warning
conveyor,2.89,12.41,75.83,1.26,259.72,2.6,gearbox_overheating,warning
conveyor,4.34,16.83,88.67,0.55,412.88,4.57,jam,fault
conveyor,3.47,7.73,50.83,1.58,241.61,2.48,roller_bearing_failure,warning
conveyor,0.71,9.16,61.55,1.04,283.57,2.93,belt_slip,warning
conveyor,3.55,16.65,79.53,0.53,603.43,4.37,jam,fault
conveyor,3.27,10.64,59.81,1.2,270.62,6.42,belt_misalignment,warning
conveyor,1.72,15.66,50.49,1.29,379.24,2.97,overload,fault
conveyor,1.8,10.18,67.46,0.76,371.09,2.92,overload,warning
conveyor,2.85,9.23,58.75,1.21,294.81,6.52,roller_bearing_failure,warning
conveyor,0.7,6.88,46.78,1.59,191.84,2.81,none,running
conveyor,0.57,6.39,42.66,1.38,222.94,1.93,none,running
conveyor,1.23,6.76,35.49,1.61,247.5,4.14,none,running
conveyor,4.45,17.79,73.27,0,355.59,7.19,jam,fault
conveyor,2.5,7.27,43.26,0.53,227.85,3.58,belt_slip,warning
conveyor,1.82,9.11,74.43,1.06,343.56,2.32,overload,warning
conveyor,2.12,13.13,71.48,0.83,393.33,2.38,gearbox_overheating,fault
conveyor,0.77,6.88,43.83,1.35,156.24,4.57,none,running
conveyor,2.27,10.66,57.88,0.84,161.82,2.85,belt_slip,warning
conveyor,4.73,12.29,91.84,0.03,333.35,8.58,jam,fault
conveyor,2.07,18.2,82.67,0,469,3.43,jam,fault
conveyor,2.86,10.28,75.14,1.53,271.74,5.34,gearbox_overheating,warning
conveyor,0.74,7.79,42.89,1.56,161.05,4.01,none,running
conveyor,5.24,8.62,45.43,1.38,187.04,4.92,roller_bearing_failure,fault
conveyor,0.69,8.48,47.48,1.19,267.79,12.84,belt_misalignment,fault
conveyor,2.25,9.6,46.63,0.78,180.45,6.1,belt_slip,warning
conveyor,1.73,11.57,50.14,1.29,490.34,3.44,overload,fault
conveyor,3.13,7,74.23,1.41,190.67,5.05,gearbox_overheating,warning
conveyor,1.91,11.19,52.77,1.57,211.91,7.87,belt_misalignment,warning
conveyor,1.64,10.44,61.85,1.05,306.27,9.75,belt_misalignment,warning
conveyor,3.37,10.09,58.54,1.17,176.44,11.11,belt_misalignment,fault
conveyor,2.88,8.75,57.67,1.13,160.91,13.09,belt_misalignment,fault
conveyor,5.78,16.2,59.81,0.38,400.39,5.03,jam,fault
conveyor,4.44,7.22,48.21,1.33,209.85,5.29,roller_bearing_failure,fault
conveyor,2.84,12.26,70.34,0.57,564.1,4.28,jam,fault
conveyor,5.13,12.92,84.62,0.15,397.49,10.9,jam,fault
conveyor,2.99,11.7,77.18,1.53,153.78,6.37,gearbox_overheating,warning
conveyor,1.54,11.02,72.01,0.93,258.85,5.92,overload,warning
conveyor,2.52,9.72,89.61,1.33,164.98,3.93,gearbox_overheating,fault
conveyor,2.43,15.11,59.18,0.42,573.99,7.35,jam,fault
conveyor,1.82,9.34,90.58,1.48,147.16,3.09,gearbox_overheating,fault
conveyor,1.11,14.76,69.03,0.9,327.02,3.6,overload,fault
conveyor,1.75,9.3,43.5,1.19,216.81,8.14,belt_misalignment,warning
conveyor,5.64,15.44,86.76,0.27,579.42,6.97,jam,fault
conveyor,1.47,10.66,74.53,1.41,288.06,1.85,gearbox_overheating,warning
conveyor,1.96,6.72,56.25,1.24,190.71,11.23,belt_misalignment,fault
conveyor,2.66,13.04,54.92,0.84,534.61,6.53,overload,fault
conveyor,0.61,5.48,46.36,1.48,151.25,3.91,none,running
conveyor,3.7,19.65,81.55,0.16,505.45,5.58,jam,fault
conveyor,1.31,12.88,66.07,1.47,367.59,4.86,gearbox_overheating,warning
conveyor,1.29,13.39,60.27,0.03,478.37,10.46,jam,fault
conveyor,1.95,13.46,80.04,0.53,534.13,8.64,jam,fault
conveyor,1.04,12.05,76.72,1.36,255.19,5.69,gearbox_overheating,warning
conveyor,1.47,9.16,69.72,1.27,274.01,5.17,gearbox_overheating,warning
conveyor,3.74,15.87,78.01,0.54,650,7.75,jam,fault
conveyor,1.02,7.03,45.13,1.57,182.17,4.42,none,running
conveyor,1.53,10.26,53,0.48,230.52,7.28,belt_slip,warning
conveyor,4.08,19.59,59.66,0.49,590.4,10.27,jam,fault
conveyor,1.91,7.34,49.77,1.63,222.49,3.36,none,running
conveyor,3.77,13.32,57.07,0.53,360.7,7.93,jam,warning
conveyor,0.97,8.43,51.82,0.83,272.22,5.1,roller_bearing_failure,running
conveyor,3.09,9.26,59.66,1.4,241.15,11.45,belt_misalignment,fault
conveyor,2.82,12.58,45.59,0.5,219.08,7.53,belt_slip,warning
conveyor,3.14,19.49,87.56,0,650,10.53,jam,fault
conveyor,2.27,7.66,44.8,1.34,222.9,2.67,roller_bearing_failure,warning
conveyor,1.97,12.64,106.24,1.48,223.57,6.16,gearbox_overheating,fault
conveyor,1.01,5.84,47.41,1.37,177.12,3.75,none,running
conveyor,1.7,7.79,56.71,1.36,332.95,14.42,belt_misalignment,fault
conveyor,3.69,5.07,59.98,1.27,174.41,3.18,roller_bearing_failure,warning
conveyor,2.46,13.05,49.04,0.75,231.09,3.93,belt_slip,warning
conveyor,0.71,13.46,53.04,1.1,268.98,4.85,belt_slip,warning
conveyor,3.72,7.77,49.75,1.62,153.66,4.84,roller_bearing_failure,warning
conveyor,1.11,12.81,84.69,1.27,177.45,3.54,gearbox_overheating,fault
conveyor,2.47,9.57,49.46,1.56,224.49,6.24,roller_bearing_failure,warning
conveyor,4.33,5.8,57.63,1.55,181.19,5.32,roller_bearing_failure,fault
conveyor,3.59,8.73,42.94,1.13,150.71,7.66,belt_misalignment,warning
conveyor,1.29,12.87,80.45,1.25,200.15,2.36,gearbox_overheating,fault
conveyor,3.45,7.27,41.98,1.39,256.98,8.9,belt_slip,warning
conveyor,2.52,10.49,53.4,1.16,158.81,12.18,belt_misalignment,fault
conveyor,1.51,10.55,74.13,0.83,362.12,6.38,overload,warning
conveyor,2.95,17.73,61.1,1.05,335.39,6.67,overload,fault
conveyor,2.49,12.8,99.05,1.42,299.3,4.06,belt_misalignment,fault
conveyor,2.73,11.37,67.2,0.82,347.63,5.36,overload,warning
conveyor,3.61,8.45,62.09,1.21,198.29,5.93,belt_misalignment,warning
conveyor,1.76,11.63,108.9,1.54,349.34,5.48,gearbox_overheating,fault
conveyor,0.75,9.46,53.65,1.16,146.47,4.67,belt_slip,running
conveyor,1.32,10.18,77.44,1.41,154.3,1.78,gearbox_overheating,warning
conveyor,1.03,13.06,86.22,1.5,213.23,3.46,gearbox_overheating,fault
conveyor,0.91,7.48,44.67,1.46,183.85,1.95,none,running
conveyor,2.5,10.27,61.02,0.48,192.19,6.19,belt_slip,warning
conveyor,2.56,9.11,50.47,0.57,188.32,3.58,belt_slip,warning
conveyor,2.06,16.59,64.03,1.43,481.45,2.63,jam,fault
conveyor,1.04,5.12,38.61,1.6,202.91,2.37,none,running
conveyor,1.11,5.88,48.18,1.45,235.72,1.78,none,running
conveyor,1.91,10.56,52.49,1.11,134.2,5.72,belt_slip,warning
conveyor,1.57,12.71,53.66,0.95,484.18,6.92,overload,fault
conveyor,2.04,10.63,64.25,1.38,249.41,5.66,gearbox_overheating,warning
conveyor,1.59,7.23,43.13,1.14,241.11,9.6,belt_misalignment,warning
conveyor,2.66,8.99,54.8,1.06,196.66,2.55,belt_slip,warning
conveyor,1.91,9.57,51.96,0.93,217.79,4.91,belt_slip,running
conveyor,0.88,12.32,70.09,1.33,631.47,2.17,overload,fault
conveyor,1.19,5.93,46.83,1.49,143.98,2.3,none,running
conveyor,2.37,13.54,79.7,1.43,210.63,6.47,gearbox_overheating,warning
conveyor,5.13,8.59,50.87,1.57,233.81,6.74,roller_bearing_failure,fault
conveyor,1.74,9.3,46.87,1.32,203.79,9.41,belt_misalignment,warning
conveyor,2.31,13.81,92.13,0.31,385.91,5.89,jam,fault
conveyor,1.85,17.06,78.05,1.21,467.01,3.13,overload,fault
conveyor,3.2,12.86,87.81,1.32,307,3.37,gearbox_overheating,fault
conveyor,2.58,9.05,47.84,1.26,199.75,5.97,belt_misalignment,warning
conveyor,1.84,18.43,53.6,1.39,474.82,6.81,overload,fault
conveyor,3.41,19.23,89.31,0.16,633.58,6.03,jam,fault
conveyor,0.63,6.55,41.92,1.47,167.49,3.79,none,running
conveyor,2.67,12.07,64.71,1.23,273.99,4.66,gearbox_overheating,warning
conveyor,2.75,10.1,56.95,0.61,245.61,7.24,belt_slip,warning
conveyor,2.27,8.32,91.72,1.47,359.05,4.75,gearbox_overheating,fault
conveyor,4.61,8.66,43.9,1.58,187.51,3.43,roller_bearing_failure,fault
conveyor,3.31,22.14,86.54,0.41,516.49,3.11,jam,fault
conveyor,2.38,10.52,59.75,1.42,258.99,11.94,belt_misalignment,fault
conveyor,1.84,7.04,45.41,1.39,210.35,8.63,belt_misalignment,warning
conveyor,2.34,7.31,54.06,1.65,212.3,5.55,roller_bearing_failure,warning
conveyor,3.24,7.46,54.73,1.2,197.28,3.44,roller_bearing_failure,warning
conveyor,0.84,6.07,48.93,1.48,185.84,2.5,none,running
conveyor,3.28,11.65,87.08,0.65,427.18,5.91,jam,fault
conveyor,2.7,9,50.85,1.63,207.51,7.5,belt_misalignment,warning
conveyor,3.79,13.21,89.12,0.24,514.34,3.42,jam,fault
conveyor,3.15,10.11,51.26,1.54,251.71,13.05,belt_misalignment,fault
conveyor,1.33,10.66,54.99,1.18,214.87,9.5,belt_misalignment,warning
conveyor,4.13,8.32,40.94,1.19,199.12,4.94,roller_bearing_failure,fault
conveyor,2.48,8.35,53.87,1.41,277.41,2.62,roller_bearing_failure,warning
conveyor,1.46,9.86,56.22,0.97,244.04,6.12,belt_slip,warning
conveyor,1.63,8.47,58.58,0.82,141.43,4.62,belt_slip,running
conveyor,0.98,7.54,59.17,1.13,219.22,3.7,belt_slip,running
conveyor,2.14,16.31,74.45,1.22,548.77,7.22,overload,fault
conveyor,1.66,14.29,52.3,1.2,262.56,1.51,overload,fault
conveyor,2.06,12.07,46.83,1.33,306.53,6.9,overload,warning
conveyor,3.65,7.88,51.54,1.13,245.72,6.91,belt_misalignment,warning
conveyor,1.36,9.54,74.43,1.31,321.8,2.81,gearbox_overheating,warning
conveyor,1.77,13.84,110.74,1.43,270.18,6.08,none,fault
conveyor,5.42,8.88,42.73,1.48,214.88,2.67,roller_bearing_failure,fault
conveyor,0.73,6.72,48.57,1.44,212.43,3.82,none,running
conveyor,1.43,16.51,62.43,0.9,379.71,2.66,overload,fault
conveyor,2.37,7.91,57.81,1.15,232.51,11.25,belt_misalignment,fault
conveyor,1.52,18.68,56.31,1.22,475.53,1.75,overload,fault
conveyor,2.76,20.49,91.54,0.56,433.11,5.62,jam,fault
conveyor,3.76,20.19,88.89,0.5,396.1,6.41,jam,fault
conveyor,1.56,8.64,61.98,0.86,389.08,1.17,overload,fault
conveyor,0.99,7.4,39.05,1.47,137.85,2.57,none,running
conveyor,0.9,5.81,37.33,1.7,184.59,3.18,none,running
conveyor,1.12,7.43,39.54,1.57,173.26,2.97,none,running
conveyor,2.1,22.37,59.54,0.21,466.39,4.78,jam,fault
conveyor,2.04,9.68,43.74,1.62,222.91,8.6,belt_misalignment,warning
conveyor,2.26,11.25,103.61,1.13,249.13,6.68,gearbox_overheating,fault
conveyor,2.93,6.26,47.51,1.28,179.06,5.77,roller_bearing_failure,warning
conveyor,2.68,6.89,49.07,1.47,230.31,3.77,roller_bearing_failure,warning
conveyor,1.14,5.52,38.87,1.6,159.11,2.25,none,running
conveyor,1.66,11.44,63.84,1.2,202.69,1.8,gearbox_overheating,warning
conveyor,0.96,7.82,51.84,0.83,260.78,6.92,belt_slip,warning
conveyor,2.26,12.32,65.9,1.73,234.31,7.8,gearbox_overheating,warning
conveyor,2.01,11.08,67.14,1.49,306.03,4.77,gearbox_overheating,warning
conveyor,3.7,13.44,80.81,1.6,403.94,6.47,gearbox_overheating,fault
conveyor,2.09,15.64,96.92,0.43,328.47,3.51,jam,fault
conveyor,2.75,14.68,68.73,0.13,505.35,9.59,jam,fault
conveyor,1.26,5.21,49.58,1.3,154.78,0.73,none,running
conveyor,2.72,10.31,70.26,1.14,218.06,3.71,gearbox_overheating,warning
conveyor,0.93,16.19,81.24,0.61,422.76,9.39,jam,fault
conveyor,3.8,15.29,62.54,0.61,459.72,4.7,jam,fault
conveyor,0.85,13.11,106.75,1.47,264.16,6.65,gearbox_overheating,fault
conveyor,1.58,9.67,42.38,1.1,165.58,4.46,belt_slip,running
conveyor,2.25,16.7,81.01,0.51,595.75,5.83,jam,fault
conveyor,1.18,7.95,39.68,1.43,183.02,2.77,none,running
conveyor,1.25,8.34,56.58,0.94,189.78,8.75,belt_slip,warning
conveyor,4.2,9.4,53.07,1.54,295.97,2.12,roller_bearing_failure,fault
conveyor,3.2,8.82,42.32,1.5,214.19,1.43,roller_bearing_failure,warning
conveyor,2.87,5.92,48.54,1.23,250.37,2.33,roller_bearing_failure,warning
conveyor,1.74,7.46,49.08,1.14,370.63,6.73,belt_slip,warning
conveyor,2.66,8.41,75.98,1.27,356.97,4.33,gearbox_overheating,warning
conveyor,1.34,8.57,68.25,1.15,254.75,4.37,overload,warning
conveyor,0.85,7.11,45.76,1.54,150.15,2.69,none,running
conveyor,0.83,7.55,42.01,1.52,180.93,3.24,none,running
conveyor,1.75,14.11,64.13,0.58,554.48,11.07,jam,fault
conveyor,1.23,14.12,63.84,1.11,424.97,6.59,overload,fault
conveyor,1.77,7.95,44.56,0.5,265.77,5.61,belt_slip,running
conveyor,0.96,8.2,43.78,1.53,195.41,3.82,none,running
conveyor,1.21,10.69,66.92,1.46,253.71,3.71,gearbox_overheating,warning
conveyor,4.1,6.2,57.05,1.26,274.05,2,roller_bearing_failure,fault
conveyor,4.45,13.22,92.57,0.47,336.13,11.06,jam,fault
conveyor,1.82,14.29,58.96,1.4,259.5,2.42,overload,fault
conveyor,1.05,8.61,45.66,0.81,171.3,6.32,belt_slip,warning
conveyor,5.02,19.74,91.36,0.31,545.28,8.43,jam,fault
conveyor,2.72,8.09,52.8,0.57,319.49,6.2,belt_slip,warning
conveyor,0.83,6.17,43.77,1.48,170.18,3.88,none,running
conveyor,1,10.32,52.87,1.34,352.67,5.21,overload,warning
conveyor,3.17,9.47,44.61,0.69,146.82,7.82,belt_slip,warning
conveyor,2.79,6.77,43.73,1.05,266.13,12.39,belt_misalignment,fault
conveyor,0.62,6.35,50.95,1.62,199.87,0.64,none,running
conveyor,0.49,8.15,44.75,1.43,206.05,3.76,none,running
conveyor,1.14,7.36,47.35,0.71,121.6,4.06,belt_slip,running
conveyor,1.98,10.87,61.06,0.99,112.78,7.46,belt_slip,warning
conveyor,1.22,5.12,43.98,1.62,140.25,3.04,none,running
conveyor,2.39,11.18,45.46,1.09,267.61,7.14,belt_slip,warning
conveyor,1.39,8.17,64.26,0.59,300.65,7.51,belt_slip,warning
conveyor,1.39,12.27,61.95,0.52,168.77,3.57,belt_slip,warning
conveyor,2.9,8.1,42.32,1.35,308.29,5.48,belt_misalignment,warning
conveyor,1.96,10.2,80.44,1.52,292.26,4.71,gearbox_overheating,fault
conveyor,2.81,9.06,42.41,1.49,201.61,1.62,roller_bearing_failure,warning
conveyor,4.31,7.83,52.8,1.54,219.66,4.13,roller_bearing_failure,fault
conveyor,2.13,6.24,57.96,1.5,264.64,3.77,roller_bearing_failure,warning
conveyor,2.8,8.46,52.68,0.87,431.45,5.12,overload,fault
conveyor,2.3,8.88,63.82,1.49,179.48,15.26,belt_misalignment,fault
conveyor,1.45,8.99,58.67,1.34,269.95,5.26,belt_misalignment,running
conveyor,4,14.69,73.75,0.1,363.28,8.25,jam,fault
conveyor,1.67,11.99,75.37,0.98,399.83,2.35,overload,fault
conveyor,2.95,6.94,57.77,0.56,200.42,7.4,belt_slip,warning
conveyor,3.05,18.96,68.49,0.24,399.74,10.74,jam,fault
conveyor,1.06,6.47,45.77,1.52,212.41,1.03,none,running
conveyor,4.49,15.55,62.93,0.49,312.99,3.87,jam,fault
conveyor,1.35,13.63,79.23,1.13,219.32,2.45,gearbox_overheating,warning
conveyor,5.55,21.02,61.55,0.64,581.05,4.71,jam,fault
conveyor,5.03,13.31,69.12,0.12,374.01,9.08,jam,fault
conveyor,2.78,7.45,57.73,1.12,303.09,7.21,belt_misalignment,warning
conveyor,2.49,10.32,73.87,1.61,273.61,4.58,gearbox_overheating,warning
conveyor,0.96,6.65,43.56,1.46,119.4,4.62,none,running
conveyor,1.05,11.76,72.53,1.05,350.07,4.35,overload,warning
conveyor,3.5,14.96,71.82,0.36,498,11.22,jam,fault
conveyor,1.8,8.86,42.91,1.54,324.18,14.66,belt_misalignment,fault
conveyor,6.06,9.47,39.8,1.52,183.08,4.88,roller_bearing_failure,fault
conveyor,2.98,17.74,53.1,0.84,444.16,5.05,overload,fault
conveyor,1.87,6.72,50.94,1.22,176.28,6.39,roller_bearing_failure,warning
conveyor,2.7,6.98,62.33,1.48,132.97,11.43,belt_misalignment,fault
conveyor,2.21,9.12,54.68,0.9,304.88,1.5,belt_slip,warning
conveyor,6.2,20.37,64.74,0.68,465.16,5.35,jam,fault
conveyor,1,6.2,49.76,1.37,193.76,1.74,none,running
conveyor,1.56,5.64,57.55,1.22,233.84,2.87,gearbox_overheating,running
conveyor,2.98,7.68,60.9,1.54,252.66,13.77,belt_misalignment,fault
conveyor,0.78,6.58,44.2,1.63,207.54,4.91,none,running
conveyor,2.95,9.96,73.92,1.08,329.83,4.46,overload,warning
conveyor,1.57,9.61,66.64,0.57,309.81,6.65,belt_slip,warning
conveyor,3.51,20.18,68.64,0.31,650,5.42,jam,fault
conveyor,2.68,14.42,81.92,0.07,492.78,4.08,jam,fault
conveyor,2.04,8.82,42.61,1.47,262.46,2.32,roller_bearing_failure,warning
conveyor,5.1,17.49,62.05,0.64,433.85,11.09,jam,fault
conveyor,1.11,7.23,44.12,1.43,219.97,4,none,running
conveyor,2.46,10.35,49.06,1.02,262.22,10.8,belt_misalignment,fault
conveyor,2.46,8.57,62.66,0.98,220.01,6.68,belt_slip,warning
conveyor,3.51,19.17,78.76,0.12,285.29,6.43,jam,fault
conveyor,5.56,7.45,37.46,1.52,222.67,5.98,roller_bearing_failure,fault
conveyor,2.97,8.6,52.89,1.21,225.34,8.81,belt_misalignment,warning
conveyor,1.32,12.51,72.25,1.29,269.65,6.38,overload,warning
conveyor,1.89,8.73,59.16,1.12,279.78,2.46,belt_slip,running
conveyor,1.24,6.36,39.08,1.44,210.15,0.89,none,running
conveyor,3.97,6.43,42.67,1.47,262.61,2.75,roller_bearing_failure,warning
conveyor,3.16,7.93,58.63,1.31,228.2,3.55,roller_bearing_failure,warning
conveyor,1.63,12.64,52.49,0.55,136.94,4.91,belt_slip,warning
conveyor,2.18,8.87,69.64,1.35,303.03,6.04,overload,warning
conveyor,3.64,19.67,87.1,0.55,350.79,7,jam,fault
conveyor,1.7,10.84,56.99,1.16,292.04,11.65,belt_misalignment,fault
conveyor,4.94,16.09,54.45,0.58,408.54,3.75,jam,fault
conveyor,1.01,12.06,93.3,1.4,212.98,2.14,gearbox_overheating,fault
conveyor,1.83,9.81,43.62,1.33,229.88,10.03,belt_misalignment,fault
conveyor,0.9,5.34,45.8,1.37,153.27,0.92,none,running
conveyor,3.97,19.15,75.53,0.16,337.79,11.03,jam,fault
conveyor,3.36,8.51,69.76,1.18,397.86,3.52,overload,fault
conveyor,0.87,7.73,38.34,1.35,123.34,0.61,none,running
conveyor,3.06,16.13,58.13,1.26,485.96,2.01,overload,fault
conveyor,1.7,11.47,65.43,1.11,273.76,3.11,overload,warning
conveyor,1.2,6.26,41.47,1.62,255.24,3.44,none,running
conveyor,2.29,6.16,54.2,1.46,193.57,6.18,roller_bearing_failure,warning
conveyor,4.46,13.1,58.69,0.32,329.35,7.28,jam,fault
conveyor,4.94,6.28,52.87,1.42,207.35,5.68,roller_bearing_failure,fault
conveyor,4.87,7.87,52.62,1.5,180.07,5.85,roller_bearing_failure,fault
conveyor,2.49,11.5,46.24,1.52,137.02,5.66,belt_misalignment,warning
conveyor,2.67,6.28,43.1,1.48,203.37,11.67,belt_misalignment,fault
conveyor,1.41,9.78,52.31,0.92,278.18,5.64,belt_slip,running
conveyor,1.58,9.42,92.22,1.36,243.94,7,gearbox_overheating,fault
conveyor,2.12,10.5,78.44,1.3,209.01,3.51,gearbox_overheating,warning
conveyor,3.93,15.86,87.09,0.35,521.1,4.88,jam,fault
conveyor,2.45,7.59,56.57,1.59,143.91,5.63,roller_bearing_failure,warning
conveyor,1.78,14.78,55.63,0.83,466,4.6,overload,fault
conveyor,1.85,16.71,94.42,0.42,518.57,8.58,jam,fault
conveyor,1.21,7.4,44.59,1.3,191.73,2.32,none,running
conveyor,3.55,19.8,65.42,0.83,498.08,11.12,jam,fault
conveyor,1.69,8.98,50.61,1.34,182.65,2.45,roller_bearing_failure,running
conveyor,2.62,14.05,97.86,1.51,261.19,2.87,gearbox_overheating,fault
conveyor,3.35,10.21,45.77,1.49,174.33,13.33,belt_misalignment,fault
conveyor,1.06,13.6,94.5,1.14,161.48,2.24,gearbox_overheating,fault
conveyor,2.69,13.61,66.94,1.39,272.42,5.93,gearbox_overheating,warning
conveyor,0.96,6.63,44.49,1.54,203.28,1.02,none,running
conveyor,2.97,8.53,76.71,1.21,283.45,4.75,overload,warning
conveyor,0.41,7.32,42.36,1.65,263.38,2.75,none,running
conveyor,3.02,10.38,47.25,1.27,494.09,1.99,overload,fault
conveyor,2.67,16.07,69.41,1.56,377.01,3.48,overload,fault
conveyor,0.9,5.13,50.83,1.43,168.2,2.2,none,running
conveyor,2.19,10.55,45.89,1.36,257.28,7.11,belt_misalignment,warning
conveyor,1.99,16.15,66.45,1.28,370.76,3.27,overload,fault
conveyor,3.75,18.25,56.76,1.07,451.8,2.46,overload,fault
conveyor,0.88,6.73,41.01,1.65,208.64,2.11,none,running
conveyor,0.97,13.44,44.65,0.5,191.95,7.84,belt_slip,warning
conveyor,1.87,10.66,52.05,1.07,187.93,9.13,belt_misalignment,warning
conveyor,1.98,11.66,96.26,1.21,196.13,5.34,gearbox_overheating,fault
conveyor,2.3,17.21,86.35,0.31,524.65,4.48,jam,fault
conveyor,3.07,11.23,38.92,0.75,292.05,4.01,belt_slip,warning
conveyor,1.11,5.21,46.56,1.47,295.12,1.38,none,warning
conveyor,2.82,12.58,86.25,1.65,281.05,3.18,gearbox_overheating,fault
conveyor,2.75,6.22,49.34,1.36,212.5,5.51,roller_bearing_failure,warning
conveyor,1.57,11.54,73.32,1.44,304.14,4.46,gearbox_overheating,warning
conveyor,2.3,8.29,89.6,1.3,304.28,3.57,gearbox_overheating,fault
conveyor,0.2,4.65,37.3,1.34,284.45,1.99,none,warning
conveyor,4.91,17.46,81.53,0.51,407.81,10.37,jam,fault
conveyor,1.76,10.67,109.53,1.23,369.14,4.96,gearbox_overheating,fault
conveyor,0.85,5.49,43.38,1.47,205.56,0.68,none,running
conveyor,4.23,14.95,85.72,0.56,468.91,3.01,jam,fault
conveyor,4.89,6.88,52.09,1.44,144.07,5.76,roller_bearing_failure,fault
conveyor,1.33,18.71,61.21,1.33,594.74,3.49,overload,fault
conveyor,3.54,8.62,62.99,1.29,254.5,5,roller_bearing_failure,warning
conveyor,4.58,8.93,49.58,1.43,272.09,5.81,belt_misalignment,fault
conveyor,2.58,17.52,76.46,0.35,650,6.36,jam,fault
conveyor,1.95,8.89,61.33,1.2,215.82,14.42,belt_misalignment,fault
conveyor,2.31,9.55,57.6,0.97,206.23,13.42,belt_misalignment,fault
conveyor,2.78,10.05,53.75,1.05,252.08,10.74,belt_misalignment,fault
conveyor,1.39,13.19,101.08,1.38,297.42,2.01,gearbox_overheating,fault
conveyor,2.12,12.27,77.68,1.27,189.32,3.11,gearbox_overheating,warning
conveyor,1.89,13.42,48.84,0.93,285.66,5.03,overload,warning
conveyor,2.31,13.47,72.9,0.02,393.73,7.11,jam,fault
conveyor,2.46,10.35,51.1,0.57,120.61,2.47,belt_slip,warning
conveyor,4.75,14.58,63.43,0,478.86,9.23,jam,fault
conveyor,4,18.95,69.97,0.2,353.03,6.29,jam,fault
conveyor,2.73,13.53,84.37,0.26,368.84,4.61,jam,fault
conveyor,3.26,12.65,72.86,0.74,394.74,7.17,overload,fault
conveyor,2.21,8.9,96.08,1.24,352.15,4.31,gearbox_overheating,fault
conveyor,3.03,12,104.83,1.33,336.94,2.17,gearbox_overheating,fault
conveyor,1.15,6.35,44.22,1.37,208.65,1.18,none,running
conveyor,5.03,19.35,89.92,0.51,298.79,8.49,jam,fault
conveyor,0.78,7.28,41.33,1.37,171.57,3.15,none,running
conveyor,2.81,14,92.53,1.29,241.28,1.63,gearbox_overheating,fault
conveyor,2.1,14.06,62.65,1.28,259.28,5.65,overload,fault
conveyor,4.15,18.52,69.18,0.29,399.3,3.91,jam,fault
conveyor,5.06,21.65,55.13,0.21,302.06,10.49,jam,fault
conveyor,4.27,17.85,87.71,0.09,339.55,6.5,jam,fault
conveyor,2.84,8.45,59.77,0.77,145.08,5.13,belt_slip,warning
conveyor,0.97,9.23,49.12,1.59,231.9,14.85,belt_misalignment,fault
conveyor,2.82,5.87,42.76,1.6,230.32,2.88,roller_bearing_failure,warning
conveyor,1.1,11.25,58.39,1.02,177.11,5.34,belt_slip,warning
conveyor,0.91,5.64,38.08,1.42,171.18,3.35,none,running
conveyor,3.35,17.19,90.2,0.57,475.95,10.68,jam,fault
conveyor,1.18,5.99,48.1,1.42,206.32,2.64,none,running
conveyor,2.13,7.21,53.98,0.82,160.49,1.99,belt_slip,warning
conveyor,1.18,10.29,45.66,0.49,207.23,2.84,belt_slip,warning
conveyor,2.17,18.45,57.48,1.42,327.81,1.63,overload,fault
conveyor,2.01,12.02,101.41,1.4,237.36,3.45,gearbox_overheating,fault
conveyor,1.16,7.74,42.81,1.44,196.28,0.51,none,running
conveyor,2.16,9.17,42.2,1.41,143.39,1.78,roller_bearing_failure,warning
conveyor,2.33,9.77,59.52,1.28,223.61,10.51,belt_misalignment,fault
conveyor,2.39,11.22,74.02,0.93,497.01,1.91,overload,fault
conveyor,1.97,10.81,100.51,1.47,201.87,3.76,gearbox_overheating,fault
conveyor,3.41,8.28,96.09,1.32,301.21,4.49,gearbox_overheating,fault
conveyor,2.25,10.24,60.52,1.39,218.68,12.84,belt_misalignment,fault
conveyor,2.35,8.43,59.47,0.6,121.71,3.08,belt_slip,warning
conveyor,2.2,8.82,82.89,1.35,342.89,2,gearbox_overheating,fault
conveyor,3.95,18.08,73.55,0.27,458.97,4.72,jam,fault
conveyor,5.16,14.39,58.71,0.58,313.57,6.17,jam,fault
conveyor,3.1,18.07,73.43,0.08,361.92,11.19,jam,fault
conveyor,1.1,11.44,65.09,0.38,180.68,4.64,belt_slip,warning
conveyor,2.1,8.08,106.88,1.43,410.93,6.53,gearbox_overheating,fault
conveyor,2.62,7.74,50,1.17,331.63,13.02,belt_misalignment,fault
conveyor,1.18,9.84,95.07,1.63,337.12,6.01,gearbox_overheating,fault
conveyor,2.73,5.59,52.17,1.37,201.94,5.62,roller_bearing_failure,warning
conveyor,2.59,10.33,62.94,0.97,405.04,3.3,overload,fault
conveyor,2.59,5.74,48.98,1.3,164.47,3.76,roller_bearing_failure,warning
conveyor,1.11,11.45,88.4,1.17,268.35,6.22,gearbox_overheating,fault
conveyor,2.66,7.98,47.96,1.21,216.84,5.49,roller_bearing_failure,warning
conveyor,1.32,21.14,70.28,1.39,333.01,3.35,overload,fault
conveyor,4.7,20.61,76.45,0.32,373.21,4.34,jam,fault
conveyor,2.64,6.06,46.65,1.64,150.05,1.39,roller_bearing_failure,warning
conveyor,2.45,8.38,64.22,1.38,194.93,14.31,belt_misalignment,fault
conveyor,2.46,14.5,75.17,0.92,430.17,6.39,overload,fault
conveyor,3.33,8.02,59.81,1.58,196,6.33,roller_bearing_failure,warning
conveyor,2.09,8.98,65.03,1.58,351.73,4.96,gearbox_overheating,warning
conveyor,0.52,6.22,41.22,1.55,249.64,2.47,none,running
conveyor,0.76,10.95,76.81,1.46,192.63,4.34,gearbox_overheating,warning
conveyor,1.05,7.55,40.3,1.32,235.7,1.48,none,running
conveyor,1.38,7.13,43.02,1.42,265.03,3.56,none,running
conveyor,0.88,6.79,38.57,1.33,125.05,1.35,none,running
conveyor,2.3,9.27,60.95,1.53,126.82,2.66,roller_bearing_failure,warning
conveyor,2.22,11.77,70.2,0.85,294.64,3.03,overload,warning
conveyor,1.01,6.75,40.72,1.32,131.12,3.45,none,running
conveyor,3.34,7.03,42.66,1.3,244.97,4.71,roller_bearing_failure,warning
conveyor,2.71,13.37,107.91,1.52,356.85,6.59,gearbox_overheating,fault
conveyor,4.76,4.98,49.47,1.53,197.53,2.58,roller_bearing_failure,fault
conveyor,2.72,7.59,52.27,1.33,238.22,2.81,roller_bearing_failure,warning
conveyor,2.15,20.3,89.62,0.27,608.43,5.16,jam,fault
conveyor,3.15,6.88,50.73,1.2,258.45,10.96,belt_misalignment,fault
conveyor,0.68,5.19,45.11,1.56,161.99,1.47,none,running
conveyor,2.36,8.67,49.52,1.37,192.02,2.97,roller_bearing_failure,warning
conveyor,2.09,7.52,39.01,0.57,160.49,3.16,belt_slip,warning
conveyor,3.77,21.77,75.64,0.15,469.79,7.54,jam,fault
conveyor,1.65,8.47,48.58,1.19,224.84,12.15,belt_misalignment,fault
conveyor,2.8,19.5,57.13,1.31,508.15,2.6,overload,fault
conveyor,3.4,7.5,46.4,1.33,193.03,4.13,roller_bearing_failure,warning
conveyor,0.79,6.34,42.44,1.38,161.1,4.26,none,running
conveyor,2.96,12.8,82.18,0.67,287.11,6.45,jam,fault
conveyor,4.59,17.42,61.17,0.41,620.79,8.12,jam,fault
conveyor,2.14,10.38,86.75,1.52,359.5,6.06,gearbox_overheating,fault
conveyor,2.16,11.16,70.59,1.17,244.01,6.59,gearbox_overheating,warning
conveyor,3.85,15.34,62.51,0.95,378.24,7.17,overload,fault
conveyor,1.85,7.49,61.65,1.17,164.14,6.91,belt_misalignment,warning
conveyor,2.92,7.22,59.69,1.71,181.31,0.64,roller_bearing_failure,warning
conveyor,1.86,7.67,67.75,1.34,157.67,2.47,gearbox_overheating,warning
conveyor,2.4,7.3,65.82,1.4,287.43,4.37,belt_slip,warning
conveyor,1.07,5.49,40.47,1.68,156.78,1.4,none,running
conveyor,1.4,6.67,56.97,1.24,282.35,9.94,belt_misalignment,warning
conveyor,3.98,21.39,87.06,0.4,477.53,10.9,jam,fault
conveyor,1.63,10.22,62.09,1.53,324.27,10.48,belt_misalignment,fault
conveyor,1.83,10.54,62.16,1.13,168.19,10.11,belt_misalignment,fault
conveyor,3.95,5.46,41.43,1.34,236.69,3.77,roller_bearing_failure,warning
conveyor,1.71,10.61,46.48,0.55,182.94,7.93,belt_slip,warning
conveyor,4.14,8.25,50.73,1.56,265.53,5.75,roller_bearing_failure,fault
conveyor,0.99,7.2,50.24,1.31,278.51,2.69,none,running
conveyor,2.51,10.13,45.07,1.31,228.84,14.59,belt_misalignment,fault
conveyor,0.57,6.79,42.91,1.66,154.91,2.82,none,running
conveyor,1.84,12.49,88.61,1.43,309.14,3.88,gearbox_overheating,fault
conveyor,1.34,11.86,102.82,1.42,272.67,6.76,gearbox_overheating,fault
conveyor,0.92,7.32,43.12,1.39,196.41,4.83,none,running
conveyor,2.44,10.41,110.2,1.35,135.59,5.96,gearbox_overheating,fault
conveyor,1.91,7.45,44.4,1.18,223.83,12.42,belt_misalignment,fault
conveyor,2.85,8.76,53.59,1.63,197.55,4.5,roller_bearing_failure,warning
conveyor,4.83,12.88,79.52,0.56,601.94,5.45,jam,fault
conveyor,3.37,7.55,43.22,1.56,229.91,6.08,belt_misalignment,warning
conveyor,4.91,12.57,74.14,0.47,467.4,10.7,jam,fault
conveyor,2.48,11.57,49.63,0.46,300.89,1.99,belt_slip,warning
conveyor,0.66,5.2,41.76,1.58,159.42,3.71,none,running
conveyor,4.37,6.17,55.1,1.32,222.05,6.22,roller_bearing_failure,fault
conveyor,2.72,10.11,48.11,1.39,199.75,6.34,roller_bearing_failure,warning
conveyor,1.97,6.59,37.39,1.45,276.11,0.86,none,running
conveyor,1.76,13.98,63.11,1.18,320.89,6.5,overload,warning
conveyor,1.56,8.11,63.2,0.55,149.35,8.25,belt_slip,warning
conveyor,3.81,10.76,78.01,1.47,280.17,5.72,overload,warning
conveyor,2.77,11.33,62.64,1.35,282.1,5.67,overload,warning
conveyor,5.44,20.15,88.42,0.2,647.3,9.19,jam,fault
conveyor,0.98,9.01,49.35,1.31,265.1,5.98,belt_misalignment,running
conveyor,3.91,7.32,46.68,1.42,227.22,6,roller_bearing_failure,warning
conveyor,1.5,9.1,61.49,0.9,155.38,7.21,belt_slip,warning
conveyor,4.18,12.38,56.99,0.12,397.03,4.39,jam,fault
conveyor,4.95,8.88,48.91,1.57,259.65,1.49,roller_bearing_failure,fault
conveyor,1.63,9.81,67.32,1.24,198.62,6.25,gearbox_overheating,warning
conveyor,0.83,8.05,43.71,1.52,218.55,3.28,none,running
conveyor,1.55,13.45,77.57,1.34,215.43,3.79,gearbox_overheating,warning
conveyor,0.71,5.51,46.29,1.5,202.47,1.07,none,running
conveyor,2.69,13.43,104.35,1.29,403.65,4.64,gearbox_overheating,fault
conveyor,1.81,8.75,93.99,1.14,246.81,3.15,gearbox_overheating,fault
conveyor,1.71,6.6,45.6,1.32,159.99,4.61,roller_bearing_failure,running
conveyor,3.05,9.03,76.2,1.21,386.12,6.29,overload,fault
conveyor,1.56,11.18,78.27,1.38,261.38,5.64,gearbox_overheating,warning
conveyor,2.31,20.27,70.62,0.24,572.27,5.65,jam,fault
conveyor,0.87,12.25,48.05,0.96,154.47,2.19,belt_slip,warning
conveyor,2.45,6.41,38.58,1.51,248.32,3.18,roller_bearing_failure,warning
conveyor,1.97,8.03,69.31,1.47,234.63,5.69,gearbox_overheating,warning
conveyor,0.7,6.56,37.94,1.52,179.94,4.44,none,running
conveyor,0.71,5.4,47.04,1.38,136.08,0.85,none,running
conveyor,2.1,8.36,57.7,1.32,148.61,5.21,belt_misalignment,warning
conveyor,2.85,7.54,70.94,1.42,187.48,4.83,gearbox_overheating,warning
conveyor,4.21,8.76,59.04,1.37,224.19,5.92,roller_bearing_failure,fault
conveyor,0.37,9.26,54.23,1.19,185.5,4.34,belt_misalignment,running
conveyor,3.32,7.58,53.81,1.28,126.04,4.63,roller_bearing_failure,warning
conveyor,0.95,7.94,42.45,1.48,143.04,4.62,none,running
conveyor,0.57,5.18,40.16,1.53,225.53,3.3,none,running
conveyor,3.43,13.41,73.81,0.5,648.56,6.1,jam,fault
conveyor,0.85,7.78,46.91,1.38,222.81,2.23,none,running
conveyor,1.27,6.99,44.76,1.42,129.83,1.85,none,running
conveyor,3.14,6.38,53.06,1.48,170.97,4.7,roller_bearing_failure,warning
conveyor,2.14,8.46,41.03,0.54,148.52,4.46,belt_slip,warning
conveyor,3.66,21.65,62.38,0.23,603.39,4.64,jam,fault
conveyor,5.38,18.17,79.55,0.22,429.52,7.95,jam,fault
conveyor,3.59,7.37,93.91,1.31,205.75,6.96,gearbox_overheating,fault
conveyor,1.93,7.73,85.85,1.27,347.55,3.54,gearbox_overheating,fault
conveyor,4.59,18.61,55.63,0.17,277.24,5.57,jam,fault
conveyor,3.33,14.28,89.76,0.69,277.4,7.17,jam,fault
conveyor,1.15,6.07,47.11,1.51,203.92,3.07,none,running
conveyor,4.08,21.96,91.3,0.06,637.49,5.72,jam,fault
conveyor,3.26,21.12,92.07,0.78,357.75,5.13,jam,fault
conveyor,3.36,6.4,64.01,1.11,289.59,12.62,belt_misalignment,fault
conveyor,0.77,5.51,41.33,1.55,240.48,2.28,none,running
conveyor,3.66,5.87,51.31,1.5,222.5,5.72,roller_bearing_failure,warning
conveyor,2.45,12.69,60.83,0.31,606.46,8.39,jam,fault
conveyor,4.78,18.99,82.74,0.16,566.35,3.24,jam,fault
conveyor,4.68,6.24,61.04,1.29,208.23,3.51,roller_bearing_failure,fault
conveyor,2.83,9.5,63.83,1.4,290.25,5.89,gearbox_overheating,warning
conveyor,2.12,7.64,58.67,1.65,128.06,4.32,roller_bearing_failure,warning
conveyor,2.76,18.31,80.08,0.39,581.46,4.82,jam,fault
conveyor,1.43,12.07,67.54,1.51,235,2.73,gearbox_overheating,warning
conveyor,2.35,11.74,66.2,0.6,226.85,4.28,belt_slip,warning
conveyor,5.42,6.82,42.48,1.25,225.11,6.66,roller_bearing_failure,fault
conveyor,3.04,19.96,60.86,0.6,567.03,7.28,jam,fault
conveyor,1.39,6.52,59.89,1.27,155.28,3.51,roller_bearing_failure,running
conveyor,4.98,8.71,53.97,1.62,211.96,4.24,belt_slip,fault
conveyor,3.48,11.02,53.37,1.36,376.67,5.45,overload,warning
conveyor,1.98,6.35,44.84,1.48,138.42,2.61,roller_bearing_failure,running
conveyor,1.45,9.5,41.66,1.3,169.07,14.65,belt_misalignment,fault
conveyor,1.97,7.8,57.24,1.51,176.47,3.53,roller_bearing_failure,running
conveyor,1.72,11.44,53.14,1.45,357.52,6.31,overload,warning
conveyor,5.3,21.15,92.89,0.28,480.76,10.33,jam,fault
conveyor,4.19,9.76,59.66,1.48,192.82,5.36,roller_bearing_failure,fault
conveyor,3.46,8.12,36.67,1.67,142.33,2.28,roller_bearing_failure,warning
conveyor,2.75,8.78,57.8,0.69,240.69,4.7,belt_slip,warning
conveyor,2.41,9.67,44.5,1.02,122.39,7.32,belt_slip,warning
conveyor,3.1,7.01,48.13,1.36,323.09,6.99,belt_misalignment,warning
conveyor,1.16,14.84,83.06,0.59,396.71,10.59,jam,fault
conveyor,3.24,17.2,92.69,0.63,650,9.25,jam,fault
conveyor,1.52,18.42,60.59,0.28,595.36,7.44,jam,fault
conveyor,1.02,14.59,63.1,1.21,269.13,5.57,overload,fault
conveyor,0.59,6.93,40.49,1.48,136.75,4.61,none,running
conveyor,0.86,7.64,51.5,1.44,157.92,1.04,none,running
conveyor,0.65,7.26,45.76,1.44,264.88,2.25,none,running
conveyor,1.83,8.65,46.79,1.25,141.01,9.58,belt_misalignment,warning
conveyor,1.54,12.72,61.73,0.55,156.41,4.66,belt_slip,warning
conveyor,0.84,5.85,43.56,1.48,283.81,4.91,none,warning
conveyor,1.96,12.6,86.2,0.28,390.25,3.4,jam,fault
conveyor,1.7,9.63,59.52,1.18,145.82,6.76,belt_misalignment,warning
conveyor,3.62,10.35,54.28,1.37,251.59,12.1,belt_misalignment,fault
conveyor,2.72,18.01,77.2,0.74,464.45,7.85,overload,fault
conveyor,3.07,13.84,72.52,1.2,372.58,4.94,overload,warning
conveyor,1.37,6.9,58.35,1.5,139.42,4.92,roller_bearing_failure,running
conveyor,2.93,11.19,60.33,0.51,215.25,4.54,belt_slip,warning
conveyor,1.5,10.33,58.6,1.45,194.96,8.49,belt_misalignment,warning
conveyor,4.49,6.76,50.71,1.24,247.06,4.4,roller_bearing_failure,fault
conveyor,3.2,12.79,84.38,0.66,562.05,10.63,jam,fault
conveyor,2.74,8.22,43.64,0.84,178.7,7.39,belt_slip,warning
conveyor,1.42,6.39,40.12,1.66,147.76,4.24,none,running
conveyor,0.58,6.53,41.42,1.67,172.54,2.88,none,running
conveyor,2.1,12.48,106.55,1.29,318.39,4.52,gearbox_overheating,fault
conveyor,3.37,10.81,56.21,1.18,235.49,8,belt_misalignment,warning
conveyor,1.13,10.62,66.31,1.35,349.34,5.43,gearbox_overheating,warning
conveyor,2.28,13.89,81.76,1.55,228.46,3.29,gearbox_overheating,fault
conveyor,1.21,12.67,54.69,0.5,191.6,4.25,belt_slip,warning
conveyor,1.14,7.79,38.88,1.6,148.13,2.54,none,running
conveyor,2.62,9.05,45.59,1.47,229.26,6.01,roller_bearing_failure,warning
conveyor,0.76,6.05,41.65,1.3,196.27,3.72,none,running
conveyor,1.61,9.58,42.32,1.18,177.11,9.48,belt_misalignment,warning
conveyor,5.4,17.95,58.68,0.04,577.57,6.53,belt_misalignment,fault
conveyor,2.17,11.81,46.99,1.07,222.14,7.4,belt_slip,warning
conveyor,3.66,13.27,96.65,0.52,650,8.7,jam,fault
conveyor,2.3,9.38,57.35,1.55,208.87,4.21,roller_bearing_failure,warning
conveyor,0.9,5.64,36.05,1.71,235.26,3.07,none,running
conveyor,0.66,7.43,50.22,1.41,219.14,4.71,none,running
conveyor,3.77,17.24,62.12,0.18,514.59,7.41,jam,fault
conveyor,1.13,7.33,96.87,1.3,182.21,4.82,gearbox_overheating,fault
conveyor,2.76,10.52,72.17,1.38,339.82,3.11,overload,warning
conveyor,1.88,8.44,75.52,0.97,289.01,6.36,overload,warning
conveyor,3.9,17.44,82.63,0.59,287.97,3.56,none,fault
conveyor,0.95,6.55,43.37,1.36,260.97,2.9,none,running
conveyor,1.24,5.9,42.35,1.4,231.16,1.28,none,running
conveyor,2.01,12.13,73.13,1.32,372.47,6.31,gearbox_overheating,warning
conveyor,2.51,7.89,49.52,1.38,217.25,11.51,belt_misalignment,fault
conveyor,3.31,11.53,99.94,1.32,415.08,3.74,gearbox_overheating,fault
conveyor,1.39,9.85,63.62,1.33,442.37,5.89,gearbox_overheating,fault
conveyor,3.22,17.72,95.61,0.08,583.05,9.09,jam,fault
conveyor,1.36,20.82,59.01,0.87,367.26,6.75,overload,fault
conveyor,1.12,6.66,55.7,0.97,479.44,3.22,overload,fault
conveyor,2.03,12.87,52.33,1.25,568.1,7.03,overload,fault
conveyor,2.57,7.79,49.66,1.07,216.64,3.79,belt_slip,warning
conveyor,2.06,19.38,82.35,0.36,402.65,4.96,jam,fault
conveyor,1.13,8.17,48.17,1.33,207.04,6.51,roller_bearing_failure,warning
conveyor,1.42,7.96,56.91,0.9,434.22,4.76,overload,fault
conveyor,1.78,13.88,102.89,1.13,254.68,6.62,gearbox_overheating,fault
conveyor,1.86,13.72,83.07,1.45,293.61,6.47,gearbox_overheating,fault
conveyor,0.93,7.17,42.95,1.44,164.44,4.58,none,running
conveyor,1.14,14.46,85.46,0.38,349.04,3.82,jam,fault
conveyor,2.14,11.15,99.78,1.22,273.92,4.25,gearbox_overheating,fault
conveyor,3.07,9.99,42.37,1.22,251.47,2.15,roller_bearing_failure,warning
conveyor,4.26,18.99,69.72,0.37,292.84,10.07,jam,fault
conveyor,2.48,12.61,65.93,0.7,521.77,10.01,jam,fault
conveyor,4.19,12.64,78.18,0.06,479.47,4.03,jam,fault
conveyor,2.62,9.14,65.94,1.65,140.81,4.11,gearbox_overheating,warning
conveyor,1.43,14.18,75.69,1.4,396.34,5.77,overload,fault
conveyor,1.45,15.13,77.15,0.36,284.58,3.6,jam,fault
conveyor,0.97,7.89,50.17,1.64,163.37,1.34,none,running
conveyor,1.54,8.05,76.71,1.42,315.4,6.26,gearbox_overheating,warning
conveyor,0.91,11.76,67.66,1.5,457.04,4.25,overload,fault
conveyor,1.32,12.38,44.84,1.12,313.63,4.83,belt_slip,warning
conveyor,2.89,7.49,51.21,0.99,204.4,6.37,belt_slip,warning
conveyor,1.28,5.48,50.83,1.66,124.42,1.91,none,running
conveyor,2.78,8.36,47.65,1.03,197.69,7.05,belt_slip,warning
conveyor,1.61,19.26,61.23,1,458.4,6.97,overload,fault
conveyor,2.45,9.21,59.06,0.55,192.93,6.66,overload,warning
conveyor,2.38,11.86,73.46,0.47,384.78,4.62,jam,fault
conveyor,2.19,7.94,98.17,1.5,238.86,6.67,gearbox_overheating,fault
conveyor,2.9,16.35,67.41,0.86,391.24,5.21,overload,fault
conveyor,1.09,18.6,62.48,1.32,574.35,7.21,overload,fault
conveyor,3.28,7.28,58.37,1.57,239.33,2.55,roller_bearing_failure,warning
conveyor,1.55,10.84,74.27,1.24,312.91,2.12,gearbox_overheating,warning
conveyor,1.55,9.32,58.5,0.45,141.49,2.74,belt_slip,running
conveyor,3.7,10.82,69.34,1.07,293.29,3.28,overload,warning
conveyor,0.94,7.39,49.84,1.48,145.22,2.3,none,running
conveyor,0.69,7.69,49.2,0.96,171.54,3.38,belt_slip,running
conveyor,2.17,8.99,54.94,0.98,224.12,6.08,belt_slip,warning
conveyor,0.81,6.24,42.83,1.51,199.1,2.4,none,running
conveyor,5.15,15.9,68.07,0.03,515.39,11.7,jam,fault
conveyor,3.15,19.11,62.72,1.22,502.14,6.43,overload,fault
conveyor,3.8,20.25,64.58,0.17,608.96,7.75,jam,fault
conveyor,2.66,10.28,78.62,1.47,350.9,5.64,jam,warning
conveyor,2.3,8.38,58.58,1.14,242.04,7.96,belt_slip,warning
conveyor,1.88,12.5,82.2,1.41,362.75,1.49,gearbox_overheating,fault
conveyor,0.98,6.44,42.12,1.55,238.42,3.84,none,running
conveyor,4.32,18.18,93.38,0.38,650,3.7,jam,fault
conveyor,1.18,7.83,45.71,1.26,221.49,9.65,belt_misalignment,warning
conveyor,3.64,7.64,57.54,1.14,162.92,13.06,belt_misalignment,fault
conveyor,2.63,16.2,53.51,0.56,543.18,10.46,jam,fault
conveyor,1.74,13.75,100.08,1.2,357.69,2.12,gearbox_overheating,fault
conveyor,1.26,5.36,41.19,1.33,296.91,3.59,none,warning
conveyor,2.92,9,49.49,1.22,216.66,8.58,belt_misalignment,warning
conveyor,1.47,7.55,57.37,1.4,212.14,14.38,belt_misalignment,fault
conveyor,0.81,7.34,42.08,1.58,165.72,3.32,none,running
conveyor,2.8,6.68,46.31,1.21,208.6,8.89,belt_misalignment,warning
conveyor,3.58,17.13,63,1.03,475.4,2.21,overload,fault
conveyor,1.37,6.96,56.49,1.3,202.72,11.89,belt_misalignment,fault
conveyor,3.22,10.95,40.87,1.39,215.71,10.04,belt_misalignment,fault
conveyor,2.3,12.25,53.6,0.62,266.85,5.11,belt_slip,warning
conveyor,2.43,10.32,55.82,1.11,168.92,5.16,belt_slip,warning
conveyor,3.6,8.88,48.23,1.57,178.05,3.37,roller_bearing_failure,warning
conveyor,1.59,10.93,59.65,1.22,158.69,9.41,belt_misalignment,warning
conveyor,0.71,6.77,49.42,1.51,268.08,2.47,none,running
conveyor,0.92,6.03,45.54,1.69,212.06,4.29,none,running
conveyor,1.27,5.87,45.17,1.41,190.45,1.07,none,running
conveyor,5.24,18.85,66.56,0.27,421,9.22,jam,fault
conveyor,0.38,11.1,66,0.88,127.23,2.37,belt_slip,warning
conveyor,1.21,7.32,38.77,1.45,201.27,2.36,none,running
conveyor,1.61,21.6,75.87,0.48,565.46,9.11,jam,fault
conveyor,4.03,6.67,57.13,1.41,278.32,4.35,roller_bearing_failure,fault
conveyor,2.4,11.58,53.09,1.45,459.53,2.24,overload,fault
conveyor,1.56,7.1,47.98,1.29,197.3,14.71,belt_misalignment,fault
conveyor,3.34,12.6,75.64,1.5,385.97,3.85,gearbox_overheating,fault
conveyor,0.78,7.18,45.52,1.65,229.32,0.45,none,running
conveyor,2.18,8.04,56.85,1.23,214.29,5.89,belt_misalignment,warning
conveyor,0.79,5.41,42.78,1.52,209.79,3.95,none,running
conveyor,2.63,8.57,83.35,1.47,176.24,2.62,gearbox_overheating,fault
conveyor,4.59,17.15,92.74,0.2,536.18,11.05,jam,fault
conveyor,2.56,10.49,64.95,1.38,235.92,14.51,belt_misalignment,fault
conveyor,1.52,10.56,55.12,1.08,202.98,5.46,belt_slip,warning
conveyor,0.82,5.86,39.09,1.36,253.28,3.07,none,running
conveyor,1.81,12.19,44.44,0.48,124.6,8.29,belt_slip,warning
conveyor,1.08,11.23,49.87,0.86,285.87,6.46,belt_slip,warning
conveyor,0.57,15.43,88.35,1.4,382.25,7.49,gearbox_overheating,fault
conveyor,0.54,5.86,49.74,1.48,262.71,4.12,none,running
conveyor,3.01,20.63,73.14,0.54,477.05,6.25,jam,fault
conveyor,1,5.76,45.87,1.5,268.47,2.18,none,running
conveyor,1.29,10.4,52.34,1.05,183.17,4.4,belt_slip,warning
conveyor,1.84,7.59,58.13,1.46,188.63,1.73,roller_bearing_failure,running
conveyor,1.64,10.58,64.82,0.86,220.36,4.42,belt_slip,warning
conveyor,0.76,9.88,42.81,0.8,169.16,3.34,belt_slip,running
conveyor,3.5,9.1,43.81,1.22,198.8,14,belt_misalignment,fault
conveyor,1.09,10.17,107.68,1.33,217.62,2.24,gearbox_overheating,fault
conveyor,2.57,11.68,77.94,1.43,209.62,4.54,gearbox_overheating,warning
conveyor,4.13,12.78,73.68,0.19,422.05,5.02,jam,fault
conveyor,3.4,8.95,62.64,1.53,246.06,3.54,roller_bearing_failure,warning
conveyor,1.1,14.29,96.29,1.39,198.68,2.21,gearbox_overheating,fault
conveyor,2.26,11.2,109.21,1.22,188.44,5.41,gearbox_overheating,fault
conveyor,1.93,11.89,68.36,1.31,160.02,6.22,gearbox_overheating,warning
conveyor,2.95,10.34,53.08,1.53,274.75,11.74,belt_misalignment,fault
conveyor,1.38,5.52,48.61,1.32,198.64,3.38,none,running
conveyor,1.09,6.54,39.47,1.59,178.59,4.42,none,running
conveyor,2.09,9.84,72.39,1.21,401.76,3.16,overload,fault
conveyor,4.14,7.76,54.63,1.33,220.49,2.23,roller_bearing_failure,fault
conveyor,2.91,7.05,45.7,1.4,127.98,14.7,belt_misalignment,fault
conveyor,3.5,12.84,54.61,0,520.94,4.47,jam,fault
conveyor,2.24,9.12,100.76,1.22,261.79,2.35,gearbox_overheating,fault
conveyor,1.98,11.28,49.74,0.74,152.99,4.5,belt_slip,warning
conveyor,4.97,18.74,61.06,0.39,344.93,9.35,jam,fault
conveyor,2.03,21.59,94.43,0.61,397.43,7.48,jam,fault
conveyor,3.1,12.91,50.8,0.84,312.25,6.32,overload,warning
conveyor,1.58,11.98,49.25,0.48,172.29,3.11,belt_slip,warning
conveyor,1.72,9.81,56.33,0.57,151.31,7.8,belt_slip,warning
conveyor,1.67,9.88,62.25,1.04,172.35,3.49,belt_slip,running
conveyor,1.75,17.73,73.46,0.46,481.92,2.71,jam,fault
conveyor,4.04,15.34,75.07,0.66,563.15,4.44,belt_misalignment,fault
conveyor,2.48,6.28,55.53,1.63,239.05,1.6,roller_bearing_failure,warning
conveyor,2.2,11.2,50.63,0.99,197.68,3.86,belt_slip,warning
conveyor,2.96,10.33,58.94,1.51,158.96,9.71,belt_misalignment,warning
conveyor,1.25,15.05,54.45,0.36,389.11,4.6,jam,fault
conveyor,1.41,14,75.78,1.15,515.91,5.51,overload,fault
conveyor,2.97,8.09,45.86,1.27,191.04,1.91,roller_bearing_failure,warning
conveyor,2.39,7.86,63.1,1.31,185.3,11.17,belt_misalignment,fault
conveyor,1.49,13.83,61.42,0.51,137.37,1.39,belt_slip,warning
conveyor,0.88,14.42,58.67,0.79,367.98,3.41,overload,fault
conveyor,2.99,19.9,57.09,0.04,414.12,7.31,jam,fault
conveyor,1.96,9.37,100.58,1.55,301.99,2.05,gearbox_overheating,fault
conveyor,2.19,14.94,59.02,1.05,432.16,7.06,overload,fault
conveyor,1.41,11.19,101.26,1.22,228.81,5.66,gearbox_overheating,fault
conveyor,1.2,11.88,56.19,0.69,171.16,3.57,belt_slip,warning
conveyor,1.38,6.75,46.63,1.14,226.95,1.93,belt_slip,running
conveyor,2.5,20.2,92.81,0.45,613.36,3.48,jam,fault
conveyor,0.5,7.34,37.13,1.31,179.14,1.37,none,running
conveyor,2.41,6.48,51.75,1.57,155.91,2.24,roller_bearing_failure,warning
conveyor,2.57,9.98,53.66,1.11,245.47,13.14,belt_misalignment,fault
conveyor,2.41,7.62,43.96,1.12,156.17,4.55,belt_slip,warning
conveyor,4.48,20.38,92.89,0.2,467.54,5.23,jam,fault
conveyor,0.89,5.95,37.48,1.57,234.02,2.65,none,running
conveyor,0.91,5.35,49.42,1.41,183.39,2.3,none,running
conveyor,4.72,15.14,71.97,0.48,604.97,10.27,jam,fault
conveyor,2.63,14.51,58.41,0.99,342.86,6.52,overload,fault
conveyor,1.02,12.22,50.46,1.29,383.76,2.35,overload,fault
conveyor,2.96,12.64,47.01,1.01,215.96,3.54,belt_slip,warning
conveyor,1.38,6.35,44.06,1.53,96.94,3.45,none,running
conveyor,1.71,14.25,99.53,1.47,201.92,5.05,gearbox_overheating,fault
conveyor,4.16,7.66,55.04,1.16,255.97,3.54,roller_bearing_failure,fault
conveyor,1.63,9.13,47.51,0.5,212.75,5.07,belt_slip,running
conveyor,3.05,8.35,95.8,1.36,235.14,5.81,gearbox_overheating,fault
conveyor,2.41,10.54,46.22,0.91,223.09,3.32,belt_slip,warning
conveyor,2.49,11.64,60.14,0.98,218.39,3.8,belt_slip,warning
conveyor,1.33,8.68,104,1.28,352.78,2.98,gearbox_overheating,fault
conveyor,0.66,6.18,44.78,1.58,145.39,0.96,none,running
conveyor,1,12.57,60.5,0.98,163.06,4.76,belt_slip,warning
conveyor,2.75,5.77,55.07,1.69,267.16,2.5,roller_bearing_failure,warning
conveyor,4.52,14.48,74.21,0,581.57,11.1,jam,fault
conveyor,3.32,6.08,55.14,1.57,246.17,5.42,roller_bearing_failure,warning
conveyor,2.48,7.92,61.27,0.57,250.88,7.18,belt_slip,warning
conveyor,2.74,9.26,87.04,1.35,185.02,4.79,gearbox_overheating,fault
conveyor,2.37,10.05,66.54,1.42,225.87,10.73,belt_misalignment,fault
conveyor,3.36,8.79,51.73,1.65,194.91,2.54,roller_bearing_failure,warning
conveyor,2.77,11.1,61.83,0.86,428.27,7.13,overload,fault
conveyor,2.35,6.36,51.7,1.53,121.96,3.08,roller_bearing_failure,warning
conveyor,1.17,10.03,68.35,1.25,536.01,6.94,overload,fault
conveyor,2.66,7.58,64.46,0.94,112.46,2.87,belt_slip,warning
conveyor,2.38,9.29,56.25,0.95,170.48,5.93,belt_slip,warning
conveyor,1.41,5.02,40.82,1.51,254.32,1.08,none,running
conveyor,1.17,11.63,89.25,1.27,242.64,4.57,gearbox_overheating,fault
conveyor,1.79,7.82,94.1,1.19,185.49,4.2,gearbox_overheating,fault
conveyor,1.62,14.09,46.54,1.07,307,2.64,overload,fault
conveyor,1.27,8.02,56.89,1.24,280.5,8.31,belt_misalignment,warning
conveyor,1.29,8.69,98.44,1.52,198.69,6.61,gearbox_overheating,fault
conveyor,1.25,10.01,62.75,0.87,203.55,7.06,belt_slip,warning
conveyor,1.79,16.82,60.93,0.4,539.14,4.52,jam,fault
conveyor,2.66,18.75,77.41,1.08,359.3,4.72,overload,fault
conveyor,0.84,6.78,44.01,1.4,194.88,3.89,none,running
conveyor,2.32,9.97,110.61,1.55,201.13,1.33,gearbox_overheating,fault
conveyor,0.88,5.52,36.63,1.48,147.73,3.31,none,running
conveyor,2.47,6.85,47,1.04,232.85,2.94,belt_slip,warning
conveyor,3.21,9.26,53.81,1.52,214.56,5.03,roller_bearing_failure,warning
conveyor,4.75,12.22,90.07,0.62,592.58,5.48,jam,fault
conveyor,5.18,20.26,83.43,0.13,380.26,8.94,jam,fault
conveyor,0.85,9.56,66.84,0.97,158.72,3.81,belt_slip,warning
conveyor,2.13,19.09,91.98,0.28,336.82,6.69,jam,fault
conveyor,3.5,16.25,68.58,0.49,446.63,3.38,jam,fault
conveyor,3.2,6.36,55.38,1.14,255.7,14.41,jam,fault
conveyor,1.56,16.52,55.98,1.33,514.68,3.39,overload,fault
conveyor,2.98,10.92,69.06,1.32,380.68,2.75,overload,fault
conveyor,2.08,15.56,77.33,0.91,335.71,6.16,overload,fault
conveyor,1.66,10.26,61.96,1.33,236.42,9.08,belt_misalignment,warning
conveyor,3.28,13.31,91.36,0.12,283.75,10.22,jam,fault
conveyor,1.2,11.47,50.19,1.03,102.79,6.18,belt_slip,warning
conveyor,2.59,20.07,83.75,0.38,351.97,8.92,jam,fault
conveyor,1.89,12.42,79.53,1.43,376.25,6.9,gearbox_overheating,warning
conveyor,2.38,10.93,65.52,0.62,128.89,5.23,belt_slip,warning
conveyor,2.73,12.17,72.41,0.91,391.75,3.91,overload,fault
conveyor,1.35,6.17,46.58,1.45,270.76,3.68,none,running
conveyor,4.51,6.38,40.14,1.55,201.68,2.95,roller_bearing_failure,fault
conveyor,2.52,7.45,62.69,1.5,198.7,9.77,belt_misalignment,warning
conveyor,0.83,5.51,49.19,1.34,206.83,3.44,none,running
conveyor,3.16,7.27,61.21,1.43,178.92,3.76,roller_bearing_failure,warning
conveyor,1.77,7.73,63.29,1.57,152.87,8.85,belt_misalignment,warning
conveyor,1.58,16.5,57.94,0.91,417.39,2.94,overload,fault
conveyor,2.78,20.67,92.42,0.49,497.43,5.42,jam,fault
conveyor,0.87,16.65,71.56,1.05,389.11,3.96,overload,fault
conveyor,3.25,18.45,84.36,0.57,533.09,4.54,jam,fault
conveyor,2.31,14.36,77.51,0.49,312.46,6.43,jam,fault
conveyor,3.03,17.74,81.26,0.11,603.91,11.82,jam,fault
conveyor,3.16,14.81,82.22,0.42,300.21,7.37,jam,fault
conveyor,2.21,20.11,54.11,1.4,577.47,4.65,overload,fault
conveyor,2.75,10.75,61.92,1.03,220.13,5.18,overload,warning
conveyor,2.1,11.84,51.23,0.49,275.67,4.91,belt_slip,warning
conveyor,0.81,6.83,44.1,1.31,165.26,0.33,none,running
conveyor,1.08,17.59,70.53,1,348.59,3.87,overload,fault
conveyor,3.9,13.26,76.25,0.43,536.32,10.09,jam,fault
conveyor,1.43,10.08,44.26,1.13,239.15,10.66,belt_misalignment,fault
conveyor,1.08,8.32,48.72,0.96,357.62,7.22,belt_slip,warning
conveyor,0.86,7.54,44.38,1.5,122.33,2.04,none,running
conveyor,1.06,7.56,51.5,1.24,269.99,8.96,belt_misalignment,warning
conveyor,2.46,10.77,47.39,0.54,123.32,4.26,belt_slip,warning
conveyor,3.57,9.07,58.07,1.6,272.38,3.37,roller_bearing_failure,warning
conveyor,1.46,12.58,61.04,0.88,208.83,6.27,belt_slip,warning
conveyor,2.58,10.41,55.06,0.74,244.28,8.23,belt_slip,warning
conveyor,0.73,5.97,45.4,1.69,286.41,1.31,none,warning
conveyor,1.85,6.88,47.95,1.49,190.78,13.62,belt_misalignment,fault
conveyor,2.51,10.93,63.39,1.18,405.38,3.38,overload,fault
conveyor,2.86,11.83,64.03,1.25,336.94,4.6,gearbox_overheating,warning
conveyor,1.17,6.9,44,1.63,179.38,2.29,none,running
conveyor,2.48,12.74,63.49,0.98,509.42,3.15,overload,fault
conveyor,1.51,11.92,58.5,0.61,318.61,6.46,belt_slip,warning
conveyor,1.56,9.38,108.4,1.4,315.84,5.32,gearbox_overheating,fault
conveyor,1.85,20.45,67.15,0.05,579.41,6.19,jam,fault
conveyor,1.87,13,43.54,0.49,144.52,5.55,overload,warning
conveyor,2.43,10.52,102,1.25,264.04,3.24,gearbox_overheating,fault
conveyor,3.05,9.04,50.63,1.27,260.52,1.77,roller_bearing_failure,warning
conveyor,4.32,7.23,44.9,1.56,126.91,2.16,roller_bearing_failure,fault
conveyor,5.59,13.98,91.23,0.15,272.86,10.64,jam,fault
conveyor,1.92,7.73,101.63,1.44,230.06,5.16,gearbox_overheating,fault
conveyor,2.65,6.42,41.65,1.4,286.6,2.79,roller_bearing_failure,warning
conveyor,1.94,6.92,45.61,1.42,208.41,4.18,roller_bearing_failure,running
conveyor,1.91,13.48,66.44,1.4,370.9,1.77,gearbox_overheating,warning
conveyor,0.78,5.48,41.41,1.53,244.05,2.43,none,running
conveyor,1.91,11.8,64.92,0.8,203.19,1.83,belt_slip,warning
conveyor,1.62,10.06,56.63,0.66,171.35,4.68,belt_slip,warning
conveyor,1.84,8.53,54.83,1.56,242.34,7.47,belt_misalignment,warning
conveyor,3.53,7.07,48.49,1.26,212.24,8.44,belt_misalignment,warning
conveyor,1.19,4.73,48.79,1.61,168.17,4.88,none,running
conveyor,1.64,10.14,61.57,1.47,245.89,9.56,belt_misalignment,warning
conveyor,2.79,8.71,54.08,1.25,281.8,7.81,overload,warning
conveyor,3.1,15.92,71.02,0.22,646.98,9.92,jam,fault
conveyor,0.63,8.29,86.45,1.44,178.67,3.75,gearbox_overheating,fault
conveyor,3.64,11.25,70.55,1.41,542.43,3.71,overload,fault
conveyor,3.44,13.34,46.79,1.3,276.12,5.77,overload,warning
conveyor,4.7,8.6,57.95,1.45,181.42,4.78,roller_bearing_failure,fault
conveyor,2.42,7.74,49.77,1.18,272.55,5.07,belt_misalignment,warning
conveyor,0.76,7.78,45.07,1.54,189.31,1.9,none,running
conveyor,2.81,10.65,75.01,1.16,401.78,6.55,overload,fault
conveyor,1.09,11.03,70.61,1.54,230.39,3.33,gearbox_overheating,warning
conveyor,0.84,5.86,47.32,1.67,186.21,4.13,none,running
conveyor,3.67,8.06,59.48,1.38,197.74,7.77,roller_bearing_failure,warning
conveyor,4.5,9.04,56.44,1.53,245.86,2.84,roller_bearing_failure,fault
conveyor,1.95,10.95,57.11,1.46,393.61,7.45,overload,fault
conveyor,2.57,8.93,53.64,1.19,265.05,2.48,overload,warning
conveyor,3.34,11.64,89.98,1.2,260.37,1.99,gearbox_overheating,fault
conveyor,2.98,10.44,75.53,1.3,379.98,4.05,overload,warning
conveyor,2.01,14.87,73.9,1.35,396.8,7.03,overload,fault
conveyor,0.31,6.52,44.03,1.52,168.27,3.41,none,running
conveyor,0.74,7.45,47.76,1.59,177.75,2.66,none,running
conveyor,0.69,5.69,38.24,1.67,135.64,0.97,none,running
conveyor,1.32,5.83,51.07,1.37,209.19,4.65,none,running
conveyor,1.48,10.65,54.05,1.06,180.72,5.42,belt_slip,warning
conveyor,1.09,10.42,57.98,0.63,157.43,4.88,belt_slip,warning
conveyor,0.79,9.05,99.3,1.44,221.16,1.67,gearbox_overheating,fault
conveyor,3.53,9.2,42.73,1.55,205.92,4.94,roller_bearing_failure,warning
conveyor,1.46,19.6,70.27,0.27,273.25,8.84,jam,fault
conveyor,1.53,16.69,66.72,1.02,470.71,2.94,overload,fault
conveyor,1.8,13.63,52.72,0.79,314.14,2.79,belt_slip,warning
conveyor,2.4,8.78,82.28,1.55,171.37,6.43,gearbox_overheating,fault
conveyor,2.88,8.71,40.31,1.23,221.64,13.91,belt_misalignment,fault
conveyor,2.54,11.63,53.39,1.05,531.99,3.4,overload,fault
conveyor,3.11,6.35,43.38,1.45,218.63,4.3,roller_bearing_failure,warning
conveyor,4.48,7.48,56.67,1.34,203.92,6.43,roller_bearing_failure,fault
conveyor,1.36,8.11,56.52,0.57,200.38,4.17,belt_slip,running
conveyor,2.38,8.37,41.75,1.35,250.91,4.42,roller_bearing_failure,warning
conveyor,2.28,5.87,49.35,1.4,164.52,4.64,roller_bearing_failure,warning
conveyor,3.74,7.42,45.32,1.52,212.86,5.39,roller_bearing_failure,warning
conveyor,4.21,13.24,76.18,0.34,487.5,8.69,jam,fault
conveyor,0.66,5.18,39.04,1.46,259.56,2.66,none,running
conveyor,1.31,7.18,44.59,1.59,236.71,1.9,none,running
conveyor,2.5,12.27,72.31,1.2,287.78,6.4,overload,warning
conveyor,2.35,8.19,108.41,1.62,290.52,4.39,gearbox_overheating,fault
conveyor,1.88,9.43,100.51,1.13,227.19,7.05,gearbox_overheating,fault
conveyor,2.69,8.87,51.64,0.4,215.91,6.73,belt_slip,warning
conveyor,3.09,9.84,49.84,1.35,225.53,4.05,roller_bearing_failure,warning
conveyor,2.69,9.51,40.7,1.48,245.94,12.37,belt_misalignment,fault
conveyor,2.66,8.62,40.25,1.16,164.08,9.28,belt_misalignment,warning
conveyor,0.91,15.2,58.07,0.85,284.92,6.52,overload,fault
conveyor,1.14,13.17,60.48,0.64,230.95,7.88,belt_slip,warning
conveyor,0.54,7.62,44.57,1.68,228.33,1.72,none,running
conveyor,4.92,12.42,90.31,0.34,441.47,8.54,jam,fault
conveyor,5.05,6.67,44.58,1.49,143.19,3.82,roller_bearing_failure,fault
conveyor,3.87,14.43,93.46,0.59,619.54,6.6,jam,fault
conveyor,2.57,18.65,88.8,0.39,483.83,4.84,jam,fault
conveyor,1.05,9.66,45.86,1.16,118.49,3.31,belt_slip,running
conveyor,1.73,14.6,57.07,0.95,355.92,4.62,overload,fault
conveyor,1.3,7.22,47.87,1.04,251.09,6.29,belt_misalignment,warning
conveyor,4.12,17.09,90.61,0.59,517.35,11.18,jam,fault
conveyor,2.24,17.84,56.87,1.16,308.05,7.79,overload,fault
conveyor,1.23,11.35,104.62,1.42,169.67,5.79,overload,fault
conveyor,1.51,9.3,104.91,1.49,284.87,1.79,gearbox_overheating,fault
conveyor,1.16,13.13,71.22,1.07,381.89,2.68,overload,fault
conveyor,0.92,10.48,91.55,1.57,219.47,3.51,gearbox_overheating,fault
conveyor,1.96,11.02,57.5,0.98,393.34,7.1,overload,fault
conveyor,2.53,20.56,70.52,0.05,613.19,5.88,jam,fault
conveyor,3.09,19.46,55.3,0.62,322.59,9.21,jam,fault
conveyor,3,9.76,43.47,1.25,191.45,4.56,roller_bearing_failure,warning
conveyor,2.62,13.63,101.15,1.45,297.68,2.66,gearbox_overheating,fault
conveyor,3.2,13.3,49.66,0.85,355.26,6.39,overload,warning
conveyor,0.91,5.22,45.55,1.41,196.67,1.41,none,running
conveyor,2.24,11.57,47.15,1.1,355.65,1.97,overload,warning
conveyor,5.09,20.15,72.65,0.7,557.89,9.28,jam,fault
conveyor,0.86,6.46,51.36,1.59,260.98,3.82,none,running
conveyor,1.47,9.09,51.01,1.51,195.57,5.09,roller_bearing_failure,running
conveyor,1.63,17.92,78.71,1.22,345.13,6.6,overload,fault
conveyor,1.94,10.41,58.41,0.85,205.19,6.54,gearbox_overheating,warning
conveyor,0.86,7.59,38.86,1.37,125.55,2.26,none,running
conveyor,5.34,19.63,59.51,0.25,606.52,3.18,jam,fault
conveyor,1.02,10.13,57.6,1.28,354.06,4.78,overload,warning
conveyor,2.07,13.36,64.92,1.03,261.47,5.67,belt_slip,warning
conveyor,2.52,13.46,100.74,1.14,303.83,2.1,gearbox_overheating,fault
conveyor,2.25,19.26,73.87,1.08,443.76,2.17,overload,fault
conveyor,2.21,6.89,45.12,1.16,226.49,14.06,belt_misalignment,fault
conveyor,1.75,11.92,92.5,1.52,303.47,6.47,gearbox_overheating,fault
conveyor,3.6,7.69,56.92,1.46,257.08,4.66,roller_bearing_failure,warning
conveyor,1.71,13.2,58.93,1.01,259.23,4.08,overload,warning
conveyor,2.78,7.06,88.8,1.46,248.24,4.08,gearbox_overheating,fault
conveyor,1.91,6.99,48.98,1.31,191.62,12.36,belt_misalignment,fault
conveyor,2.99,16.98,80.42,0,418.23,3.6,jam,fault
conveyor,2.66,9.45,48.48,1.1,205.74,2.75,belt_slip,warning
conveyor,1.68,7.41,51.4,0.81,233.58,6.14,belt_slip,warning
conveyor,2.12,16.91,48.88,1.42,433.21,3.72,overload,fault
conveyor,1.88,9.11,55.3,1.59,276.23,5.99,roller_bearing_failure,running
conveyor,0.99,7.35,45.27,1.43,203.31,2.02,none,running
conveyor,2.28,9.27,88.79,1.29,284.35,3.45,gearbox_overheating,fault
conveyor,1.21,7.81,46.22,1.4,310.16,0.82,none,warning
conveyor,2.28,8.27,49.83,1.1,275.93,12.87,belt_misalignment,fault
conveyor,4.43,16.67,90.34,0.21,424.21,4.43,jam,fault
conveyor,1.14,7.4,41.15,1.46,218.19,4.24,none,running
conveyor,1.38,16.04,75.84,1.35,452.54,5.74,overload,fault
conveyor,0.79,5.96,38.09,1.42,262.25,4.13,none,running
conveyor,3.4,13.3,94.27,0.37,487.92,3.85,jam,fault
conveyor,1.85,10.03,74.7,1.17,372.76,5.15,overload,warning
conveyor,0.72,7.8,48.69,1.35,159.39,4.46,none,running
conveyor,1.67,8.89,64.62,1.16,284.14,8.84,belt_misalignment,warning
conveyor,1.63,7.47,51.6,0.82,207.88,3.26,belt_slip,running
conveyor,1.03,19.83,65.26,0.23,420.68,7.03,jam,fault
conveyor,4.48,8.36,43.79,1.33,240.75,4.59,roller_bearing_failure,fault
conveyor,1.7,7.97,53.55,0.72,177.54,6.56,belt_slip,warning
conveyor,4.08,14.18,62.35,0.46,367.61,5.39,jam,fault
conveyor,4.31,9.13,48.59,1.71,320.58,5.17,overload,fault
conveyor,0.7,6,37.96,1.49,222.63,3.66,none,running
conveyor,2.16,12.02,81.41,1.15,206.28,5.13,gearbox_overheating,fault
conveyor,1.28,10.06,57.59,0.78,430.56,3.19,overload,fault
conveyor,5,15.35,63.47,0,445.14,3.9,jam,fault
conveyor,4.81,21.07,72.11,0.22,527.54,5.67,jam,fault
conveyor,3.2,10.57,57.71,1.26,165.58,6.38,belt_misalignment,warning
conveyor,1.63,11.2,52.99,1.06,318.09,4.84,overload,warning
conveyor,0.54,7.86,39.4,1.42,103.22,3.7,none,running
conveyor,1.07,14.25,62.25,1.03,291.61,2.08,overload,fault
conveyor,2.88,12.15,71.73,1.39,282.48,3.56,gearbox_overheating,warning
conveyor,1.45,11.2,63.87,0.68,173.07,5.66,belt_slip,warning
conveyor,3.35,9.76,42.5,1.59,287.9,11.23,belt_misalignment,fault
conveyor,1.22,13.31,54.37,1.29,445.94,7.09,jam,fault
conveyor,2.05,9.03,59.54,1.24,174.71,13.04,belt_misalignment,fault
conveyor,1.73,7.27,42.27,1.11,239.06,14.31,belt_misalignment,fault
conveyor,2.04,17.14,59.37,0.89,498.02,4.82,overload,fault
conveyor,2.79,14.04,101.74,1.18,191.45,5.9,gearbox_overheating,fault
conveyor,1.32,10.43,57.22,1.27,255.7,6.46,belt_misalignment,warning
conveyor,3.35,7.01,58.56,1.15,234.4,10.79,belt_misalignment,fault
conveyor,1.96,8.87,77.15,1.66,242.23,6.58,gearbox_overheating,warning
conveyor,2.08,14.36,71.3,1.33,290.04,2.86,overload,fault
conveyor,3.67,17.26,83.71,0.46,365.58,6.7,jam,fault
conveyor,3.15,16.61,71.37,0.13,549.8,8.42,jam,fault
conveyor,2.94,8.34,66.85,1.27,286.75,7.04,overload,warning
conveyor,2.03,8.45,47.8,1.36,241.64,13.83,belt_misalignment,fault
conveyor,3.19,14.16,70.82,1.42,230.18,3.31,overload,fault
conveyor,1.25,11.72,70.83,1.32,248.32,4.07,gearbox_overheating,warning
conveyor,0.97,10.11,57.67,0.7,229.82,8.15,belt_slip,warning
conveyor,0.9,7.97,41.21,1.44,189.14,3.25,none,running
conveyor,3.8,15.16,89.62,0.54,427.65,6.38,jam,fault
conveyor,4.33,8.91,58.57,1.39,201.12,2.31,roller_bearing_failure,fault
conveyor,1,6.46,48.8,1.33,157.32,1.24,none,running
conveyor,2.74,12.52,50.24,1.44,401.04,3.91,overload,fault
conveyor,1.63,7.05,37.61,1.64,124.23,2.7,none,running
conveyor,1.36,8.14,42.95,1.67,236.97,2.3,roller_bearing_failure,running
conveyor,0.92,7.88,38.73,1.69,185.03,2.61,none,running
conveyor,3.4,7.29,46.11,1.51,174.89,5.42,roller_bearing_failure,warning
conveyor,2.11,10.06,56.07,0.97,315.16,7.01,overload,warning
conveyor,3.27,13.83,103.12,1.59,198.2,4.08,gearbox_overheating,fault
conveyor,1.06,7.24,38.87,1.36,137.07,4.87,none,running
conveyor,1.1,7.01,38.74,1.51,149.86,3.26,none,running
conveyor,2.43,9.04,54.95,0.7,177.42,6.98,belt_slip,warning
conveyor,3.41,12.22,67.38,0.62,347.91,6.17,jam,warning
conveyor,2.83,10.88,50.61,1.1,258.31,4.31,overload,warning
conveyor,0.94,6.05,49.66,1.35,191.9,0.75,none,running
conveyor,3.12,6.46,42.65,1.46,172.25,3.86,roller_bearing_failure,warning
conveyor,1.99,11.73,46.53,0.55,148.14,5.59,belt_slip,warning
conveyor,2.24,9.93,66.28,1.5,145.88,5.83,gearbox_overheating,warning
conveyor,1.23,7.53,50,1.63,182.28,4.02,none,running
conveyor,2.22,8.99,46.35,1.4,183.98,10.73,belt_misalignment,fault
conveyor,1.61,11.43,65.84,1.56,348.07,4.56,gearbox_overheating,warning
conveyor,0.63,13.34,71.96,0.79,367.86,3.19,overload,warning
conveyor,1.86,6.25,59.02,1.12,452.22,6.28,overload,fault
conveyor,2.16,19.67,69.99,0.27,520.9,4.33,jam,fault
conveyor,4.93,9.43,53.07,1.6,205.88,3.21,roller_bearing_failure,fault
conveyor,3.46,12.34,77.46,0.23,475.08,8.29,jam,fault
conveyor,2.3,15.93,92.59,0.43,650,9.77,jam,fault
conveyor,2.7,9.44,41.35,1.51,222.87,8.28,belt_misalignment,warning
conveyor,3.65,13.02,60.61,0.28,381.61,7.69,jam,fault
conveyor,3.45,9.8,47.2,1.45,198.53,2.79,roller_bearing_failure,warning
conveyor,2.74,7.06,51.06,1.49,273.7,11.42,belt_misalignment,fault
conveyor,1.33,11.46,70.93,1.28,278.87,4.19,overload,warning
conveyor,1.94,10.27,56.66,1.43,247.59,12.64,belt_misalignment,fault
conveyor,5.14,20.26,70.25,0.15,470.95,3.58,jam,fault
conveyor,2.93,19.45,75.22,0.28,326.06,9.63,jam,fault
conveyor,1.96,11.14,44.83,0.78,135.79,6.62,belt_slip,warning
conveyor,2.35,10.91,102.3,1.55,188.48,5.43,gearbox_overheating,fault
conveyor,4.37,12.61,49.27,0.41,442.04,7.94,jam,fault
conveyor,1.26,7.17,59.77,1.26,286.72,12.93,belt_misalignment,fault
conveyor,4.58,9.4,44.94,1.32,187.74,2.5,roller_bearing_failure,fault
conveyor,0.97,6.5,40.59,1.43,115.49,3.81,none,running
conveyor,2.73,14.67,67.65,1.33,575.67,5.38,overload,fault
conveyor,1.26,7.27,46.42,1.3,213.99,10.46,belt_misalignment,fault
conveyor,3.63,7.31,58.89,1.31,151.22,4.35,roller_bearing_failure,warning
conveyor,0.63,7.57,42.56,1.51,131.46,10.23,roller_bearing_failure,fault
conveyor,2.23,8.69,53.78,0.82,174.92,2.07,belt_slip,warning
conveyor,5.43,9.71,61.46,1.4,193.19,1.56,roller_bearing_failure,fault
conveyor,2.3,9.74,57.19,1.38,201.42,5.38,belt_misalignment,warning
conveyor,1.58,9.42,52.7,0.8,284.51,4.43,belt_slip,warning
conveyor,1.33,7.44,61.88,0.45,246.99,4.09,belt_slip,running
conveyor,1.5,9.35,54.12,1.39,261.13,6.66,belt_misalignment,warning
conveyor,4.29,20.44,60.23,0.6,572.15,8.11,jam,fault
conveyor,1.18,5.97,41.81,1.3,129.05,2.5,none,running
conveyor,1.92,15.28,65.41,0.57,570.47,8.02,jam,fault
conveyor,2.88,11,88.61,1.43,293.9,4.6,gearbox_overheating,fault
conveyor,4.42,6.14,55.81,1.4,231.71,2.95,roller_bearing_failure,fault
conveyor,2.1,12.11,64.59,0.58,156.17,4.7,belt_slip,warning
conveyor,2.47,9.2,51.81,1.48,190.24,14.1,overload,fault
conveyor,5.41,13.82,85.62,0.51,553.91,3,jam,fault
conveyor,2.54,11.82,47.22,0.86,275.72,5.79,overload,warning
conveyor,3.55,16.94,88.78,0.16,520.42,8.03,jam,fault
conveyor,3.06,12.82,77.3,1.36,137.43,6.67,gearbox_overheating,warning
conveyor,3.9,6.41,44.34,1.41,237.71,3.59,roller_bearing_failure,warning
conveyor,2.79,6.16,45.73,1.13,229.02,14.28,belt_misalignment,fault
conveyor,2.08,14.55,72.91,1.08,506.28,4.08,overload,fault
conveyor,5.23,19.38,66.77,0.47,574.8,3.67,jam,fault
conveyor,2.27,12,93.72,1.26,145.94,4.46,gearbox_overheating,fault
conveyor,1.05,9.9,55.77,1.48,164.56,5.99,belt_misalignment,running
conveyor,2.92,13.69,56.8,1.12,389.08,6.28,overload,fault
conveyor,2.09,7.43,46.23,1.65,197.13,4.95,roller_bearing_failure,warning
conveyor,2.5,11.78,65.24,0.67,253.59,3.58,belt_slip,warning
conveyor,2.5,17.58,63.43,0.46,433.04,12.13,jam,fault
conveyor,2.48,7.72,49.83,1.21,242.88,12.19,belt_misalignment,fault
conveyor,1.14,11.72,54.77,0.59,198.84,6.24,belt_slip,warning
conveyor,1.73,14.66,63.11,1.45,548.21,7.19,overload,fault
conveyor,3.37,16.83,91.86,0.42,503.99,9.06,jam,fault
conveyor,0.71,6.63,42.69,1.4,183.18,1.69,none,running
conveyor,2.56,21.26,67.48,0.26,456.59,8.39,belt_misalignment,fault
conveyor,4.99,15.46,69.42,0.49,423.68,5.38,jam,fault
conveyor,3.47,8.76,47.93,1.5,239.88,2.03,roller_bearing_failure,warning
conveyor,1.28,9.69,68.48,1.14,385.4,6.47,overload,fault
conveyor,4.23,16.76,73.25,0.43,549.09,3.45,jam,fault
conveyor,2.54,9.54,56.82,1.15,289.36,5.83,belt_misalignment,warning
conveyor,1.24,12.66,70.94,0.83,330.28,5.47,overload,warning
conveyor,1.2,7.18,43.91,1.46,190.61,2.25,none,running
conveyor,0.87,10.18,56.18,1.38,390.57,4.22,none,fault
conveyor,5.2,6.48,44.51,1.48,307.24,6.31,roller_bearing_failure,fault
conveyor,1.77,13.74,62.35,1.37,382.34,3.99,overload,fault
conveyor,5.01,7.42,39.04,1.38,236.36,3.08,roller_bearing_failure,fault
conveyor,1.22,9.24,51.29,1.34,344.85,6.97,belt_misalignment,warning
conveyor,0.59,19.03,66.86,1.13,454.62,4.76,overload,fault
conveyor,2.17,7.91,55.8,1.14,259.65,11.57,belt_misalignment,fault
conveyor,1.57,15.06,59.73,1.16,342.7,1.79,overload,fault
conveyor,0.75,6.47,39.3,1.39,196.34,2.52,none,running
conveyor,1.04,10.92,57.94,1.25,301.71,5.37,belt_misalignment,warning
conveyor,1.17,11.96,61.36,0.54,246.54,4.93,belt_slip,warning
conveyor,2.71,19.66,77.42,0.18,576.99,9.65,jam,fault
conveyor,0.56,15.29,59.12,1.28,564.47,3.44,overload,fault
conveyor,2.33,21.14,73.1,0.34,317.8,6.86,jam,fault
conveyor,1.84,11.38,44.33,1.25,241.66,11.09,belt_misalignment,fault
conveyor,1.74,11.08,51.63,1.26,230.03,14.53,belt_misalignment,fault
conveyor,3.52,8.8,52.1,1.6,173.23,4.31,roller_bearing_failure,warning
conveyor,1.4,9.75,50.42,0.74,258.99,3.86,belt_slip,running
conveyor,2.6,8.2,57.38,1.59,206.37,2.56,roller_bearing_failure,warning
conveyor,0.53,7.34,44.28,1.39,116.45,2.42,none,running
conveyor,2.83,6.75,44.6,1.4,257.83,1.34,roller_bearing_failure,warning
conveyor,6.12,20.17,68.55,0.33,598.25,8.55,jam,fault
conveyor,2.12,10.77,51.57,1.12,240.46,11.39,belt_misalignment,fault
conveyor,1.63,11.2,73.74,1.2,177.02,2.84,gearbox_overheating,warning
conveyor,2.54,16.94,60.29,0.09,498.53,3.56,jam,fault
conveyor,1,6.75,44.74,1.55,237.25,1.44,none,running
conveyor,4.33,6.7,38.83,1.37,277.97,4.02,roller_bearing_failure,fault
conveyor,0.58,5.9,41.46,1.57,234.87,1.46,none,running
conveyor,3.46,14.77,83.04,0.05,444.1,4.17,jam,fault
conveyor,2.82,10.42,62.18,1.6,324.19,6.76,gearbox_overheating,warning
conveyor,1.58,7.53,48.34,0.53,191.28,7.05,belt_slip,warning
conveyor,3.15,10.38,56.22,1.48,141.29,9.65,belt_misalignment,warning
conveyor,0.94,6.69,44.14,1.49,173.89,1.91,none,running
conveyor,1.32,10.58,54.28,1.26,196.13,7.51,belt_misalignment,warning
conveyor,1.04,6.18,41.98,1.62,227.81,3.6,none,running
conveyor,4.21,9.32,50.71,1.27,188.02,2.27,roller_bearing_failure,fault
conveyor,3.21,6.93,59.23,1.38,170.66,3.19,roller_bearing_failure,warning
conveyor,0.48,7.24,45.73,1.7,166.23,3.04,none,running
conveyor,0.86,9.53,53.1,1.41,242.53,9.03,belt_misalignment,warning
conveyor,2.6,17.62,47.17,0.86,493.58,7.36,overload,fault
conveyor,0.56,7.47,47.21,1.28,167.08,2.35,none,running
conveyor,2.79,8.79,86.93,1.56,254.47,2.78,gearbox_overheating,fault
conveyor,4.66,19.4,67.25,0.33,631.62,7.81,jam,fault
conveyor,2.87,6.57,49.65,1.2,249.86,14.43,belt_misalignment,fault
conveyor,2.52,11.21,58.39,0.68,161.44,4.03,belt_slip,warning
conveyor,3.85,20.64,74.86,0.3,597.99,4.25,jam,fault
conveyor,1.07,6.41,40.15,1.39,210.34,3.86,none,running
conveyor,1.14,6.15,43.96,1.59,157.2,3.87,none,running
conveyor,1.38,11.69,55.38,0.59,261.18,4.79,belt_slip,warning
conveyor,0.8,7.64,46.89,1.4,202.4,10.84,belt_misalignment,fault
conveyor,2.94,11.68,48.94,0.75,272.51,3.03,belt_slip,warning
conveyor,1.45,7,46.2,1.55,243.62,2.76,roller_bearing_failure,running
conveyor,2.79,14.03,51.54,1.01,377.78,6.88,overload,fault
conveyor,2.8,10.75,93.47,1.36,296.79,2.77,gearbox_overheating,fault
conveyor,1.84,8.14,56.88,1.17,280.2,7.17,overload,warning
conveyor,2.67,19.1,79.07,0.43,328.5,10.74,jam,fault
conveyor,2.35,9.97,56.9,0.44,153.61,3.26,belt_slip,warning
conveyor,4.31,16.32,81.67,0.3,590.03,11.02,jam,fault
conveyor,4.78,8.27,44.75,1.41,192.84,3.38,roller_bearing_failure,fault
conveyor,1.14,5.99,43.59,1.62,185.03,0.75,none,running
conveyor,4.99,12.79,86.16,0.23,462.73,6.19,jam,fault
conveyor,3.35,13.86,62.67,1.08,359.37,5.11,overload,warning
conveyor,3.25,20.99,62.54,0.56,628.19,9.95,jam,fault
conveyor,0.88,5.46,49.62,1.63,172.1,1.94,none,running
conveyor,0.88,11.36,83.48,1.29,291.67,6.11,gearbox_overheating,fault
conveyor,4.19,19.12,88.09,0.47,314.76,5.22,jam,fault
conveyor,3.81,7.68,46.85,1.66,270.93,5.07,roller_bearing_failure,warning
conveyor,2.47,16.81,53.69,0.43,370.69,5.92,jam,fault
conveyor,1.37,12.28,88.36,1.39,360.67,6.23,belt_misalignment,fault
conveyor,2.69,15.89,50.47,0.94,437.47,2.02,overload,fault
conveyor,1.32,7.47,39.3,1.5,237.91,2.21,none,running
conveyor,1.49,10.1,82.16,1.27,376.09,6.37,gearbox_overheating,fault
conveyor,2.69,20.77,75.53,0.1,392.89,9.65,jam,fault
conveyor,3.39,19.51,55.9,0,382.24,11.8,jam,fault
conveyor,2.66,6.6,47.2,1.23,165.85,14.5,belt_misalignment,fault
conveyor,3.85,20.07,70.04,0,356.54,11.08,jam,fault
conveyor,2.17,6.81,56.56,1.51,222.34,4.3,roller_bearing_failure,warning
conveyor,2.27,11.57,48.8,0.94,263.57,7.5,overload,warning
conveyor,3.62,6.74,40.54,1.51,221.1,1.02,roller_bearing_failure,warning
conveyor,2.63,8.82,72.51,1.36,446.8,3.5,overload,fault
conveyor,3.49,11.92,77.05,0.15,435.75,6.92,jam,fault
conveyor,4.02,16.05,58.83,0.63,352.21,5.26,jam,fault
conveyor,3.46,11.52,73.59,0.82,302.74,6.74,overload,warning
conveyor,1.67,13.73,99.53,1.54,215.07,5.19,gearbox_overheating,fault
conveyor,0.93,5.34,41.34,1.45,169.13,1.71,none,running
conveyor,0.72,6.42,42.7,1.52,258.98,0.92,none,running
conveyor,2.41,7.9,82.21,1.47,135.86,2.98,gearbox_overheating,fault
conveyor,1.75,11.25,77.39,0.78,385.56,6.43,overload,fault
conveyor,2.91,20.38,84.81,0.42,348.25,5.76,jam,fault
conveyor,2.26,17.01,89.59,0.09,377.95,11.98,jam,fault
conveyor,3.1,7.6,47.56,1.4,181.81,3.92,roller_bearing_failure,warning
conveyor,0.95,5.15,43.63,1.51,229.64,1.48,none,running
conveyor,1.39,15.72,66.09,0.12,341.75,5.39,jam,fault
conveyor,0.71,10.46,61.95,1.28,470.28,1.4,overload,fault
conveyor,1.01,5.8,41.98,1.56,158.74,2.38,none,running
conveyor,0.61,5.95,36.02,1.51,149.9,3.79,none,running
conveyor,0.52,11.4,85.1,1.43,357.42,4.27,gearbox_overheating,fault
conveyor,2.69,21.7,82.01,0.59,308.39,11.01,jam,fault
conveyor,3.09,10.42,85.48,1.39,203.15,3.3,gearbox_overheating,fault
conveyor,2.12,13.41,62.37,0.17,490.31,7.7,jam,fault
conveyor,3.14,8.12,62.88,1.41,238.8,3.69,roller_bearing_failure,warning
conveyor,1.1,5.7,40.15,1.47,190,1.91,none,running
conveyor,4.65,6.14,51.91,1.36,280.05,6.86,roller_bearing_failure,fault
conveyor,3.1,7.81,72.6,1.1,346.03,8.31,overload,warning
conveyor,3.2,5.57,50.63,1.5,259.72,5.19,roller_bearing_failure,warning
conveyor,1.96,6.22,56.4,1.54,205.51,14.77,belt_misalignment,fault
conveyor,2.42,18.73,60.34,0.69,355.04,5.75,jam,fault
conveyor,1.41,14.53,65.35,0.93,520.37,4.09,overload,fault
conveyor,2.15,9.87,53.96,1.1,171.82,3.46,belt_slip,warning
conveyor,2.94,10.85,87.58,1.25,307.25,5.69,gearbox_overheating,fault
conveyor,3.46,7.97,54.9,1.27,194.26,8.86,belt_misalignment,warning
conveyor,5.23,12.9,68.95,0.36,416.56,2.79,jam,fault
conveyor,2.49,20.69,85.71,0.43,307.15,3.75,jam,fault
conveyor,2.48,10.75,50.73,1.2,411,1.6,overload,fault
conveyor,2.19,10.31,62.2,0.85,235.38,6.87,belt_slip,warning
conveyor,1.95,8.31,72.34,1.43,217.22,4.01,gearbox_overheating,warning
conveyor,1.52,9.28,83.8,1.52,227.02,4.48,belt_misalignment,fault
conveyor,2.61,9.86,50.94,0.78,222.16,5.53,belt_slip,warning
conveyor,2.62,11.35,108,1.37,286.89,5.69,gearbox_overheating,fault
conveyor,2.41,15.56,79.47,0.52,446.72,3.74,jam,fault
conveyor,1.15,7.19,45.79,0.86,135.3,6.94,belt_slip,warning
conveyor,2.48,7.28,40.01,1.37,174.04,3.61,roller_bearing_failure,warning
conveyor,2.1,7.09,65.32,1.31,171.11,2.77,gearbox_overheating,warning
conveyor,2.27,10.4,73.7,1.49,169.07,2.01,gearbox_overheating,warning
conveyor,2.1,17.7,68.67,0.88,407.35,3.88,overload,fault
conveyor,1.52,12.27,63.28,1.22,334.79,4.29,overload,warning
conveyor,1.69,11.13,53.55,1.09,243.48,13.96,belt_misalignment,fault
conveyor,2.82,6.82,65.62,0.47,131.05,4.5,belt_slip,warning
conveyor,1.92,8.55,93.84,1.29,216.16,4.49,gearbox_overheating,fault
conveyor,2.8,14.85,54.98,0.78,361.12,7.05,overload,fault
conveyor,0.98,5.19,47.51,1.35,230.91,1.56,none,running
conveyor,1.83,11.39,70.75,1.24,325.36,4.45,overload,warning
conveyor,2.9,10.62,72.85,1.48,351.13,6.12,gearbox_overheating,warning
conveyor,1.4,11.07,65.15,1.54,287.53,5.49,gearbox_overheating,warning
conveyor,1.18,13.57,72.9,1.08,444.54,3.77,overload,fault
conveyor,3.07,7.4,62.42,1.51,374.65,1.63,gearbox_overheating,warning
conveyor,0.93,5.51,44.39,1.46,141.67,2.11,none,running
conveyor,1.07,5.38,37.54,1.36,213.31,1.63,none,running
conveyor,1.62,10.88,45.08,0.7,231.02,2.06,belt_slip,warning
conveyor,2.25,11.2,61.78,1.4,236.37,3.53,gearbox_overheating,warning
conveyor,1.72,8.46,40.55,1.39,299.58,6.03,roller_bearing_failure,warning
conveyor,3.24,10.97,66.49,1.5,245.62,4.79,gearbox_overheating,warning
conveyor,2.62,18.48,84.46,0.53,504.6,3.13,jam,fault
conveyor,4.7,15.18,89.41,0.35,524.73,5.96,jam,fault
conveyor,0.78,8.27,58.02,1.21,141.52,14.47,belt_misalignment,fault
conveyor,2.04,9.22,52.48,1.3,233.45,2.76,roller_bearing_failure,warning
conveyor,3.53,7.85,64.02,1.57,205.86,3.14,gearbox_overheating,warning
conveyor,2.61,12.45,44.7,0.51,276.36,5.3,belt_slip,warning
conveyor,0.72,11.59,75.82,1.24,494.41,6.02,overload,fault
conveyor,3.13,14.07,82.27,0.12,592.38,10.37,jam,fault
conveyor,1.08,5.17,36.33,1.62,174.82,1.7,none,running
conveyor,1.22,6.7,36.62,1.61,116.09,2.06,none,running
conveyor,0.88,6.87,49.75,1.4,155.89,2.8,none,running
conveyor,1.69,6.76,54.31,1.15,170.07,14,belt_misalignment,fault
conveyor,0.67,7.36,45.31,1.63,216.13,2.22,none,running
conveyor,1.45,11.07,103.83,1.42,198.49,3.57,gearbox_overheating,fault
conveyor,0.59,7.49,50.49,1.64,281.37,2.34,none,warning
conveyor,2.25,6.2,53.5,1.45,198.89,14.17,belt_misalignment,fault
conveyor,1.79,13.68,69.15,0.76,290.35,5.39,overload,warning
conveyor,2.22,8.32,54.39,1.52,198.89,2.52,roller_bearing_failure,warning
conveyor,5.84,17.65,63.78,0.25,584.28,4.61,jam,fault
conveyor,3.08,11.76,67.1,0.48,134.13,7.77,belt_slip,warning
conveyor,2.18,13.18,72.78,1.22,330.04,3.91,overload,warning
conveyor,2.65,9.69,93.87,1.19,307.54,6.02,gearbox_overheating,fault
conveyor,1.34,11.14,61.11,1.26,360.1,5.85,overload,warning
conveyor,1.57,7.04,43.95,1.37,309.45,2.08,roller_bearing_failure,warning
conveyor,1.07,8.8,58.25,1.3,190.97,5.31,roller_bearing_failure,running
conveyor,2.51,8.13,42.64,1.66,145.41,4.5,roller_bearing_failure,warning
conveyor,2.7,7.5,56.82,1.19,274.33,2.4,roller_bearing_failure,warning
conveyor,2.59,16.36,74.18,1.08,351,3.01,overload,fault
conveyor,0.71,6.76,41.09,1.56,210.96,2.83,none,running
conveyor,2.33,10.38,53.19,0.89,277.9,4.87,belt_slip,warning
conveyor,3.27,8.67,108.37,1.36,244.06,4.52,gearbox_overheating,fault
conveyor,3.05,8.28,58.73,1.43,256.47,13.3,belt_misalignment,fault
conveyor,2.98,6.49,52.75,1.48,241.1,3.77,roller_bearing_failure,warning
conveyor,1.69,11.94,48.96,0.99,177.71,4.88,belt_slip,warning
conveyor,3.02,12.26,96.66,1.31,246.54,2.18,gearbox_overheating,fault
conveyor,0.81,7.26,45.4,1.65,231.67,1.03,none,running
conveyor,2.32,8.4,51.54,0.59,275.69,4.68,belt_slip,warning
conveyor,2.88,13.47,93.23,1.62,212.24,6.49,gearbox_overheating,fault
conveyor,2.79,13.47,64.12,0.97,503.37,1.71,overload,fault
conveyor,3.06,20.47,62.64,0.17,515.24,3.27,jam,fault
conveyor,1.52,18.93,52.95,1.28,316.99,6.66,overload,fault
conveyor,4.42,15.33,91.16,0.26,650,4.8,jam,fault
conveyor,0.3,6.74,49.62,1.72,151.34,1.7,none,running
conveyor,0.93,7.12,49.35,1.62,198.31,2.28,none,running
conveyor,1.04,6.51,47.2,1.31,149.87,1.23,none,running
conveyor,1.57,13.93,75.44,1.25,370.53,3.99,overload,warning
conveyor,2.83,19.69,77.05,0.14,386.36,4.4,jam,fault
conveyor,3.94,13.5,55.17,0.5,309.64,5.76,jam,warning
conveyor,5.8,8.6,55.82,1.35,193.2,4.3,roller_bearing_failure,fault
conveyor,4.31,13.38,69.17,0.05,319.69,8.46,jam,fault
conveyor,1.2,6.13,46.1,1.43,193.28,4.81,none,running
conveyor,1.66,11.79,85.01,1.32,219.81,5.77,gearbox_overheating,fault
conveyor,1.63,10.24,73.84,1.43,329.31,3.11,overload,warning
conveyor,1.52,9.55,61.93,1.1,201.51,11.74,belt_misalignment,fault
conveyor,0.8,8.22,101.07,1.17,226.5,2.64,jam,fault
conveyor,1.15,7.85,109.5,1.54,301.9,2.34,gearbox_overheating,fault
conveyor,2.47,8.55,58.41,1.09,242.21,8.51,belt_misalignment,warning
conveyor,3.62,17.47,62.02,0.2,636.49,3.23,jam,fault
conveyor,2.3,7.62,55.12,1.39,263.71,8.96,belt_misalignment,warning
conveyor,2.07,6.5,53.59,1.63,213.34,5.96,roller_bearing_failure,warning
conveyor,1.27,5.85,49.85,1.51,189.17,2,none,running
conveyor,1.43,7.96,58.01,1.32,180.6,6.47,belt_misalignment,warning
conveyor,1.83,8.86,103.23,1.43,209.95,6.93,gearbox_overheating,fault
conveyor,0.95,15.79,85.91,0.14,513.19,4.5,jam,fault
conveyor,0.88,6.11,42,1.39,162.56,2.39,none,running
conveyor,1.15,12.11,54.35,0.84,113.21,2.1,belt_slip,warning
conveyor,3.82,8.14,48.89,1.6,273.51,4.14,roller_bearing_failure,warning
conveyor,1.32,7.61,56.55,0.8,225.07,1.99,belt_slip,running
conveyor,1.93,8.29,97.28,1.42,227.95,3.89,gearbox_overheating,fault
conveyor,1.69,11.19,42.87,0.46,117.12,5.52,belt_slip,warning
conveyor,1.39,16.27,53.11,1.35,355.67,7.05,overload,fault
conveyor,5.08,8.69,43.22,1.54,271.82,4.36,roller_bearing_failure,fault
conveyor,4.06,15.77,55.1,0.27,508.78,10.9,jam,fault
conveyor,0.72,6.72,47.74,1.69,266.2,1.38,none,running
conveyor,2.76,9.31,58.26,1.08,290.22,11.29,belt_misalignment,fault
conveyor,1.36,7.66,49.41,1.5,151.56,3.58,none,running
conveyor,2.5,9.94,54.86,1.23,211.03,7.1,belt_misalignment,warning
conveyor,0.62,6.76,42.84,1.39,196.34,2.72,none,running
conveyor,6.21,21.32,94.83,0.31,472.98,1.75,jam,fault
conveyor,5.53,18.93,69.89,0.55,521.41,7.44,jam,fault
conveyor,2.63,15.73,64.56,1.24,407.14,4.91,overload,fault
conveyor,1.51,6.72,66.31,0.73,241.53,7.82,belt_slip,warning
conveyor,2.43,12.58,72.6,0.42,297.93,5.45,jam,warning
conveyor,5.18,21.17,69.42,0.38,425.48,9.89,jam,fault
conveyor,1.73,12.75,67.24,0.88,286.49,4.87,overload,warning
conveyor,3,11.01,46.13,0.64,256.93,3.56,belt_slip,warning
conveyor,3.37,11.24,52.43,1.42,198.38,10.16,belt_misalignment,fault
conveyor,1.26,10.3,49.55,1.23,247.63,9.63,belt_misalignment,warning
conveyor,2.77,14.29,57.31,0.43,469.8,7.39,jam,fault
conveyor,3.77,9.52,60.97,1.4,241.89,8.27,belt_misalignment,warning
conveyor,6.08,13.11,64.52,0.3,384.77,11.64,jam,fault
conveyor,2.75,9.91,47.66,0.76,155.03,3.66,jam,warning
conveyor,2.67,18.51,64.94,0.54,622.88,8.97,belt_slip,fault
conveyor,4.1,19.76,62.56,0.35,574.62,9.2,jam,fault
conveyor,1.52,11.4,62.28,0.66,234.37,6.64,belt_slip,warning
conveyor,4.03,19.53,62.12,0.57,304.77,6.23,jam,fault
conveyor,0.94,7.52,49.55,0.68,310.59,6.33,belt_slip,warning
conveyor,1.83,7.88,50.53,1.49,199.88,5.44,roller_bearing_failure,running
conveyor,1.85,11.63,66.83,1.35,352.45,3.2,gearbox_overheating,warning
conveyor,2.51,13.04,80.7,0.46,626.37,10.84,jam,fault
conveyor,5.73,20.09,74.56,0.5,467.1,7.48,jam,fault
conveyor,3.56,13.72,61.88,0.3,479.82,3.64,jam,fault
conveyor,1.68,10.7,57.75,1.59,184.98,8.05,belt_misalignment,warning
conveyor,4.82,9.01,51.86,1.62,266.09,4.26,roller_bearing_failure,fault
conveyor,5.29,14.58,59.28,0.48,596.91,9.49,jam,fault
conveyor,1.58,9.46,60.96,0.8,311.4,6.46,overload,warning
conveyor,1.83,14.06,60.18,0.85,316.15,2.71,overload,fault
conveyor,2.36,6.8,56.51,1.49,185.68,10.79,belt_misalignment,fault
conveyor,1.08,10.22,79.72,1.52,257.94,5.63,gearbox_overheating,warning
conveyor,0.71,7.57,48.57,1.12,198.51,7.92,belt_misalignment,warning
conveyor,2.62,11.66,53.08,0.72,137.1,4.59,belt_slip,warning
conveyor,3.05,12.86,64.21,0.86,159.81,5.25,belt_slip,warning
conveyor,3.67,19.06,75.26,0.33,391.3,6.23,jam,fault
conveyor,3.03,19.69,59.95,0.55,391.67,6.9,jam,fault
conveyor,1.59,10.4,71.72,1.14,365.76,5.2,overload,warning
conveyor,0.67,6.22,44.85,1.55,191.28,1.85,none,running
conveyor,1.75,11.01,54.21,1.24,189.79,9.71,belt_misalignment,warning
conveyor,4.4,7.13,46.12,1.27,195.78,5.32,roller_bearing_failure,fault
conveyor,1.15,9.54,46.9,1.35,462.75,2.87,overload,fault
conveyor,0.17,8.91,40.84,1.63,145.8,1.06,none,running
conveyor,1.6,7.44,48.97,0.93,118.49,5.49,belt_slip,running
conveyor,0.88,7.45,42.75,1.58,200.79,1.29,none,running
conveyor,1.4,6.19,37,1.3,207.19,4.76,none,running
conveyor,2.59,14.08,49.57,1.23,395.56,6.44,overload,fault
conveyor,1.78,8.97,96.62,1.21,268.97,4.66,gearbox_overheating,fault
conveyor,0.6,8.02,39.51,1.53,209.93,2.38,none,running
conveyor,1.49,14.82,50.26,0.76,536.61,2.52,overload,fault
conveyor,2.01,12.56,73.55,1.27,378.08,4.44,overload,warning
conveyor,2.54,14.42,66.83,1.3,277.66,7.01,overload,fault
conveyor,3.01,11.72,55.75,0.21,329.14,3.7,jam,warning
conveyor,2.44,14.08,56.93,0.93,264.84,5.19,overload,fault
conveyor,3.92,20.08,90.02,0.51,368.76,7.32,jam,fault
conveyor,1.15,13.22,104.78,1.26,308.45,1.99,gearbox_overheating,fault
conveyor,1.44,8.73,54.25,1.35,182.86,9.44,belt_misalignment,warning
conveyor,1.09,12.92,87.61,1.16,267.92,6.11,gearbox_overheating,fault
conveyor,0.86,5.93,40.38,1.68,174.15,1.1,none,running
conveyor,0.83,7.36,49.07,1.36,155.44,2.27,none,running
conveyor,1.75,9.83,65.83,0.93,210,4.4,belt_slip,warning
conveyor,3.48,11.36,85.5,1.39,242.22,5.35,gearbox_overheating,fault
conveyor,1.59,9.42,49.22,1.52,265.74,2.95,roller_bearing_failure,running
conveyor,2.07,12.45,58.36,0.53,175.88,7.1,belt_slip,warning
conveyor,1.17,5.47,45.82,1.21,209.12,1.27,none,running
conveyor,2.04,13.16,49.95,1.18,382.13,3.75,overload,fault
conveyor,3.86,15.21,90.18,0.48,322.3,3.59,jam,fault
conveyor,1.55,9.9,58.22,0.96,165.68,6.4,belt_slip,warning
conveyor,3.39,8.24,54.17,1.43,173.45,2.93,roller_bearing_failure,warning
conveyor,2,15.76,69.89,0.14,385.62,8.06,belt_misalignment,fault
conveyor,3.66,10.89,107.79,1.4,355.73,4.3,gearbox_overheating,fault
conveyor,3.65,16.19,79.16,0.94,475.28,6.46,overload,fault
conveyor,2.99,8.46,60.79,0.75,312.65,6.6,belt_slip,warning
conveyor,3.45,14.03,63.39,1.17,268.58,5.82,gearbox_overheating,fault
conveyor,1.03,7.93,49.11,0.47,132.61,3.45,belt_slip,running
conveyor,1.67,13.28,104.41,1.55,229.99,3.21,gearbox_overheating,fault
conveyor,2.2,10.67,66.85,0.68,206.06,5.19,belt_slip,warning
conveyor,1,6.79,47.49,1.58,199.46,3.77,none,running
conveyor,4.56,21.25,74.7,0.02,405.99,6.1,jam,fault
conveyor,3.1,12.49,100.41,1.47,338.24,3.42,gearbox_overheating,fault
conveyor,3.58,9.01,62.41,1.3,191.65,7.36,belt_misalignment,warning
conveyor,4.12,7.17,56.79,1.48,214.42,2.73,roller_bearing_failure,fault
conveyor,1.31,6.63,38.36,1.36,241.31,1.49,none,running
conveyor,1.33,12.05,46.95,0.92,221.35,5.7,overload,warning
conveyor,3.45,11.8,81.58,0.26,445.59,2.1,jam,fault
conveyor,1.84,10.17,44.59,1.54,271.88,9.64,belt_misalignment,warning
conveyor,1.08,6.75,39.83,1.41,140.02,1.39,none,running
conveyor,3.18,21.67,86.16,0.45,577.52,9.32,jam,fault
conveyor,2.54,6.85,51.16,1.41,212.47,3.25,roller_bearing_failure,warning
conveyor,0.87,13.04,76.47,1.41,316.12,6.62,gearbox_overheating,warning
conveyor,3.7,12.61,81.88,0.14,422.76,6.04,jam,fault
conveyor,3.48,9.16,43.1,1.44,290.13,12.12,belt_misalignment,fault
conveyor,0.66,6.77,83.31,1.53,234.07,3.96,gearbox_overheating,fault
conveyor,3.92,20.51,59.71,0.35,543.94,7.86,jam,fault
conveyor,2.06,12.97,47.85,0.95,112.93,2.33,belt_slip,warning
conveyor,3.19,16.07,73.46,0.55,541.85,11.79,jam,fault
conveyor,5.03,7.43,50.67,1.56,268.11,5.62,roller_bearing_failure,fault
conveyor,1.44,6,44.06,1.6,154.91,1.36,none,running
conveyor,1.61,10.49,47.78,1.06,146.82,5.4,belt_slip,warning
conveyor,1.57,7.72,47.49,1.38,189.73,7.06,belt_misalignment,warning
conveyor,4.54,20.55,63.51,0.17,396.79,9.63,jam,fault
conveyor,3.7,21.19,83.96,0.08,650,2.66,jam,fault
conveyor,2.1,9.56,107.79,1.54,165.92,3.41,gearbox_overheating,fault
conveyor,1.43,12.14,48.04,0.56,267.48,5.69,belt_slip,warning
conveyor,4.89,13.03,96.18,0.24,329.39,6.06,jam,fault
conveyor,2.85,8.68,41.36,1.52,230.77,1.5,roller_bearing_failure,warning
conveyor,1.06,9.54,52.21,1.31,274.24,4.67,overload,running
conveyor,2.25,9.76,84.12,1.37,207.54,7.14,gearbox_overheating,fault
conveyor,2.57,9.66,46.89,1.43,172.29,5.26,roller_bearing_failure,warning
conveyor,1.18,6.95,58.86,1.37,207.22,11.53,belt_misalignment,fault
conveyor,2.21,8.44,63.69,0.56,249.02,7.56,belt_slip,warning
conveyor,0.93,8.53,40.71,1.39,228.88,6.42,belt_misalignment,warning
conveyor,3.97,20.78,85.9,0.13,489.11,8.7,jam,fault
conveyor,2.4,6.54,43.73,1.43,174.69,4.05,roller_bearing_failure,warning
conveyor,3.18,8.16,85.78,1.55,269.27,2.84,gearbox_overheating,fault
conveyor,5.21,6.62,49.53,1.22,212.3,2.74,roller_bearing_failure,fault
conveyor,0.72,7.51,43.58,1.43,196.34,4.89,none,running
conveyor,2.76,8.04,62.97,1.36,334.75,14.97,belt_misalignment,fault
conveyor,3.13,7.61,43.57,1.5,208.71,12.79,belt_misalignment,fault
conveyor,1.3,15.84,76.55,1.38,448.56,4.52,overload,fault
conveyor,1.97,7.12,55.37,1.36,296,5.6,roller_bearing_failure,warning
conveyor,4.95,21.55,62.98,0.18,495.58,10.4,jam,fault
conveyor,3.49,11.41,61.62,1.12,192.99,9.19,belt_misalignment,warning
conveyor,1.63,13.22,60.44,0.56,245.36,2.78,belt_slip,warning
conveyor,1.07,9.66,62.5,1.17,217.38,12.52,belt_misalignment,fault
conveyor,5.18,16.91,75.29,0.3,453.3,3.5,jam,fault
conveyor,1.32,7.77,47.44,1.46,142.41,6.15,roller_bearing_failure,warning
conveyor,1.5,10.41,106.05,1.4,258.03,4.05,gearbox_overheating,fault
conveyor,1.05,8.39,47.39,0.73,247.89,3.14,belt_slip,running
conveyor,2.81,13.25,65.37,1.58,252.41,1.74,gearbox_overheating,warning
conveyor,2.8,15.15,65.82,0.16,270.51,7.9,jam,fault
conveyor,2.65,6.7,57.04,1.53,344.29,8.03,belt_misalignment,warning
conveyor,1.05,7.54,48.27,1.58,200.57,1.49,none,running
conveyor,5.63,22.1,88.48,0.51,650,7.47,jam,fault
conveyor,0.88,6.17,43.89,1.68,153,4.27,none,running
conveyor,1.13,6.93,82.49,1.53,292.13,6.59,gearbox_overheating,fault
conveyor,3.05,12.14,59.56,0.6,601.23,6.06,jam,fault
conveyor,2.9,9.4,54.36,1.2,194.58,15.07,belt_misalignment,fault
conveyor,2.5,15.28,58.06,1.19,374.78,6.63,overload,fault
conveyor,2.59,10.08,93.47,1.28,229.66,2.97,gearbox_overheating,fault
conveyor,3.36,13.69,78.22,1.47,410.08,2.29,gearbox_overheating,fault
conveyor,2.37,10.4,79.89,1.33,233.89,3.32,gearbox_overheating,warning
conveyor,2.39,11.56,66.33,1.2,367.89,4.44,gearbox_overheating,warning
conveyor,1.38,10.75,64.89,0.62,262.73,5.51,belt_slip,warning
conveyor,0.65,5.29,42.53,1.51,237.41,3.24,none,running
conveyor,3.18,7.42,50.42,1.11,207.79,5.99,belt_misalignment,warning
conveyor,2.13,16.11,60.55,0.61,415.24,12.07,jam,fault
conveyor,3.99,7.38,45.19,1.12,229.09,8.69,belt_misalignment,warning
conveyor,2.34,6.46,57.68,1.52,128.04,5.88,roller_bearing_failure,warning
conveyor,4.88,21.96,95.34,0.12,375.83,4.99,jam,fault
conveyor,0.93,9.65,105.68,1.41,345.32,2.66,gearbox_overheating,fault
conveyor,1.92,6.85,55.23,1.27,175.4,3.71,roller_bearing_failure,running
conveyor,2.85,9.36,56.1,1.51,195.39,4.8,roller_bearing_failure,warning
conveyor,0.88,6.3,39.39,1.6,111.74,2.73,none,running
conveyor,3.68,6.02,43.97,1.4,275.49,5.12,roller_bearing_failure,warning
conveyor,3.52,16.65,67.02,0.07,473.96,3.4,jam,fault
conveyor,1.51,14.76,62.54,0.84,261.5,4.46,overload,fault
conveyor,2.34,7.69,74.96,0.94,266.74,2.21,overload,warning
conveyor,2.45,7.74,63.05,1.29,152.73,6.58,gearbox_overheating,warning
conveyor,2.01,12.16,61.26,0.85,446.8,4.1,overload,fault
conveyor,2.09,17.61,49.41,1.44,395.75,3.75,overload,fault
conveyor,1.51,7.41,95.83,1.39,389.81,2.16,gearbox_overheating,fault
conveyor,2.48,13.28,59.93,0.57,221.66,7.08,belt_slip,warning
conveyor,1.72,7.97,51.49,1.42,289.16,5.92,roller_bearing_failure,warning
conveyor,1.14,12.65,56,1.21,331.54,2.63,overload,warning
conveyor,1.13,17.16,70.98,1.37,520.98,4.63,overload,fault
conveyor,1.5,6.54,50.07,1.51,214.3,3.63,none,running
conveyor,3.48,17.39,51.84,0.27,332.63,6.25,jam,fault
conveyor,1.91,6.79,51.8,1.16,310.51,12.06,belt_misalignment,fault
conveyor,4.84,8.37,55.13,1.43,187.75,2.22,roller_bearing_failure,fault
conveyor,0.64,7.15,40.04,1.48,227.73,3.39,none,running
conveyor,2.73,11.4,44.55,0.79,166.51,2.94,belt_slip,warning
conveyor,1.66,11.01,59.75,0.7,246.34,1.73,belt_slip,warning
conveyor,1.98,10.74,100.07,1.61,335.92,3.49,gearbox_overheating,fault
conveyor,0.93,11.26,91.77,1.58,174.28,3.79,gearbox_overheating,fault
conveyor,0.84,13.77,73.7,0.96,221.51,4.57,overload,warning
conveyor,3.83,8.78,53.83,1.25,176.57,14.36,belt_misalignment,fault
conveyor,4.32,6.13,44.15,1.3,313.5,3.53,roller_bearing_failure,fault
conveyor,3.66,8.72,40.41,1.28,240.65,6.73,roller_bearing_failure,warning
conveyor,1.54,5.95,43.92,1.25,116.34,1.92,roller_bearing_failure,running
conveyor,1.95,14.37,51.18,0.89,500.78,5.89,overload,fault
conveyor,1.99,8.2,51.85,1.52,221.56,5.09,roller_bearing_failure,running
conveyor,0.71,7.71,37.86,1.51,173.58,2.99,none,running
conveyor,5.14,22.38,68.05,0.22,428.1,9.5,jam,fault
conveyor,1.4,11.37,55.85,0.64,135.56,3.75,belt_slip,warning
conveyor,1.14,14.3,53.02,1.28,394.44,2.75,overload,fault
conveyor,2.57,9.89,52.47,1.52,194.43,11.42,belt_misalignment,fault
conveyor,2.53,11.45,43.7,1.24,241.68,14.47,belt_misalignment,fault
conveyor,0.68,6.92,39.24,1.41,177.31,3.84,none,running
conveyor,1.03,10.32,101,1.51,326.8,4.04,gearbox_overheating,fault
conveyor,1.93,9.75,54.12,1.43,249.95,13.99,belt_misalignment,fault
conveyor,2,7.4,62.47,0.81,138.83,2.17,belt_slip,running
conveyor,1.27,5.59,39.75,1.52,165.23,3.3,none,running
conveyor,1.31,7.03,36.28,1.51,258.49,1.37,none,running
conveyor,2.96,15.36,60.28,0.53,504.32,6.4,jam,fault
conveyor,0.86,9.35,60.46,0.98,140.68,3.8,belt_slip,running
conveyor,3.53,15.47,89.14,0.44,647.98,9.32,jam,fault
conveyor,3.59,8.24,61.56,1.29,284.58,10.88,belt_misalignment,fault
conveyor,2.02,17.04,68.12,0.32,543.68,7.16,jam,fault
conveyor,4.92,8.62,61.66,1.58,170.53,2.21,roller_bearing_failure,fault
conveyor,3.45,13.03,90.42,0.73,509.13,5.26,jam,fault
conveyor,3.61,7.99,59.01,1.32,206.43,13.98,belt_misalignment,fault
conveyor,3.38,5.62,55.8,1.23,232.76,1.34,roller_bearing_failure,warning
conveyor,2.38,11.41,56.68,0.55,248.67,5.79,belt_slip,warning
conveyor,1.86,7.17,49.33,1.22,312.91,3.69,roller_bearing_failure,warning
conveyor,0.62,6.25,41.02,1.58,230.14,1.52,none,running
conveyor,1.36,8.64,62.69,1.33,368.73,3.55,gearbox_overheating,warning
conveyor,1.25,9.55,48.8,1.11,171.36,12.29,belt_misalignment,fault
conveyor,2.68,7.55,62.74,1.32,132.48,2.78,roller_bearing_failure,warning
conveyor,0.91,7,43.18,1.58,268.63,2.77,none,running
conveyor,2.72,19.43,55.28,0.91,405.79,11.13,jam,fault
conveyor,2.33,11.13,81.22,1.46,274.3,4.92,gearbox_overheating,fault
conveyor,0.82,5.42,46.15,1.39,150.69,2.23,none,running
conveyor,1.84,15.43,78.19,1.01,459.94,6.56,overload,fault
conveyor,0.77,12.9,46.85,0.66,226.32,7.39,belt_slip,warning
conveyor,1.96,6.81,46.64,0.75,136.79,6.96,belt_slip,warning
conveyor,0.48,9.81,76.02,1.11,274.17,2.36,gearbox_overheating,warning
conveyor,3.01,13.62,72.81,0.98,408,7.14,overload,fault
conveyor,1.04,5.97,41.53,1.44,271.46,2.84,none,running
conveyor,3.94,8.05,44.09,1.58,224.61,2.74,roller_bearing_failure,warning
conveyor,3.41,7.3,41.4,1.21,178.59,14.32,belt_misalignment,fault
conveyor,1.05,5.78,40.53,1.71,117.62,3.68,none,running
conveyor,1.56,7.58,50.36,1.61,217.41,8.02,belt_misalignment,warning
conveyor,3.47,14.47,90.26,1.23,276.32,7.13,gearbox_overheating,fault
conveyor,2.73,10.47,61.79,1.43,211.33,5.37,gearbox_overheating,warning
conveyor,1.78,8.59,53.46,1.45,275.68,5.08,roller_bearing_failure,running
conveyor,2.12,15.81,73.78,0.39,353.93,8.33,jam,fault
conveyor,3.95,20.44,87.65,0.25,561.01,6.74,jam,fault
conveyor,2.58,11.35,53.07,1.08,350.5,6.94,overload,warning
conveyor,2.35,9.65,50.79,0.95,302.76,2.68,overload,warning
conveyor,3.06,17.29,91.15,0.48,415,9.2,jam,fault
conveyor,4.02,12.56,86.91,0.46,570.79,5.89,jam,fault
conveyor,1.02,7.59,67.32,0.58,113.86,4.82,belt_slip,warning
conveyor,3.49,7.69,58.93,1.14,226.51,12.58,belt_misalignment,fault
conveyor,2.26,13.46,65.81,0.54,326.9,4.3,jam,warning
conveyor,3.73,8.78,55.75,1.45,122.71,3.2,roller_bearing_failure,warning
conveyor,3.42,11.75,64.77,1.32,240.64,1.84,gearbox_overheating,warning
conveyor,0.79,7.56,44.66,1.59,157.72,4.65,none,running
conveyor,2.57,11.99,52.89,0.92,190.66,4.76,belt_slip,warning
conveyor,3.45,10.54,60.11,1.31,258.56,6.73,belt_misalignment,warning
conveyor,3.01,18.17,50,1.16,354.51,6.66,overload,fault
conveyor,4.33,13.98,72.35,0.5,570.29,7.51,jam,fault
conveyor,3.97,21.99,86.71,0.48,343.67,10.74,jam,fault
conveyor,1.97,13.81,75.05,1.27,404.48,4.95,overload,fault
conveyor,2.47,9.44,58.73,1.12,132.04,14.9,belt_misalignment,fault
conveyor,1.97,11.58,73.57,1.08,426.99,2.68,overload,fault
conveyor,1.41,8.35,66.23,0.53,186.91,4.29,overload,warning
conveyor,2.02,13.84,79.67,0.55,336.8,4.41,jam,warning
conveyor,4.54,20.42,72.3,0.41,409.07,5.86,jam,fault
conveyor,1.52,7.59,45.2,1.53,174.83,1.33,none,running
conveyor,2.14,15.01,55.63,0.84,372.77,7.05,overload,fault
conveyor,5.63,17.6,87.06,0.63,386.47,10.07,jam,fault
conveyor,3.73,9.42,58.77,1.63,265.32,5.07,none,warning
conveyor,1.43,12.98,78.16,1.22,196.46,3.13,gearbox_overheating,warning
conveyor,1.1,12.18,59.08,0.86,369.58,2.32,overload,warning
conveyor,0.66,7.78,36.22,1.6,161.99,2.31,none,running
conveyor,3.02,7.14,89.43,1.62,316.58,3.84,gearbox_overheating,fault
conveyor,1.67,9.95,44.97,1.21,143.13,13.98,belt_misalignment,fault
conveyor,2.38,19.17,65.1,0.52,610,8.84,jam,fault
conveyor,2.06,11.94,66.67,0.85,257.23,5.63,belt_slip,warning
conveyor,1.27,17.17,49.75,0.84,307.3,5.83,overload,fault
conveyor,3.34,10.57,58.12,1.24,305.58,8.02,belt_misalignment,warning
conveyor,1.52,8.78,49.82,0.52,169.35,7.6,belt_slip,warning
conveyor,2.3,8.2,47.31,1.61,245.64,5.59,roller_bearing_failure,warning
conveyor,2.95,6.74,41.39,1.58,178.95,9.79,belt_misalignment,warning
conveyor,2.29,6.73,54.49,1.23,332.38,5.21,roller_bearing_failure,warning
conveyor,2.35,7.11,47.13,1.5,133.54,12.12,overload,fault
conveyor,4.32,10.68,54.59,1.66,200.96,6.45,belt_misalignment,fault
conveyor,2.88,9.52,89.64,1.15,175.66,5.07,gearbox_overheating,fault
conveyor,2.57,8.12,43.99,1.39,191.8,3.84,roller_bearing_failure,warning
conveyor,1.65,9.16,41.87,1.35,167.01,5.25,roller_bearing_failure,running
conveyor,1.29,12.02,104.9,1.63,238.64,4.81,gearbox_overheating,fault
conveyor,1.84,13.53,87.81,1.26,388.29,1.98,gearbox_overheating,fault
conveyor,4.34,13.44,78.06,0.4,650,4.37,jam,fault
conveyor,1.4,12.55,62.99,0.99,432.97,6.47,overload,fault
conveyor,0.9,8.82,39.27,1.58,189.04,5.05,none,running
conveyor,2.58,8.7,44.12,0.56,118.01,5.95,belt_slip,warning
conveyor,2.67,8.75,52.36,1.13,407.87,6.67,overload,fault
conveyor,1.66,15.61,50.15,1.48,353.7,4.19,overload,fault
conveyor,4.72,16.23,72.04,0.44,620.44,10.61,jam,fault
conveyor,2.95,7.63,42.12,1.38,264.68,3.87,roller_bearing_failure,warning
conveyor,2,9.35,49.8,1.57,194.07,3.88,none,running
conveyor,2.86,17.73,49.47,1.06,512.02,4.74,overload,fault
conveyor,0.66,6.61,47.82,1.49,166.62,4.09,none,running
conveyor,2.58,18.37,67.75,0.76,379.47,2.03,overload,fault
conveyor,1.99,19.16,53.28,1.34,569.7,1.88,overload,fault
conveyor,2.26,9.51,52.96,0.62,143.28,4.52,belt_slip,warning
conveyor,2.29,8.89,50.95,1.62,114.48,4.95,roller_bearing_failure,warning
conveyor,4.01,11.98,85.23,0.28,472.96,3.27,jam,fault
conveyor,5.81,15.84,68.84,0.53,624.19,10.05,jam,fault
conveyor,1.23,11.92,71.9,1.07,501.35,6.09,overload,fault
conveyor,3.5,11.05,61.48,1.13,253.41,11.91,belt_misalignment,fault
conveyor,2.66,12.38,59.1,1.14,206.63,2.26,belt_slip,warning
conveyor,0.92,12.94,89.55,1.22,278.22,6.15,gearbox_overheating,fault
conveyor,1.56,13.26,61.8,1,174.39,3.89,belt_slip,warning
conveyor,5.66,19.51,86.07,0.62,546.84,6.51,jam,fault
conveyor,2.28,7.58,67.63,1.47,316.3,2.97,gearbox_overheating,warning
conveyor,1.63,12.3,106.58,1.13,316.54,5.71,gearbox_overheating,fault
conveyor,1.05,9.59,55.88,1.44,425.23,2.69,overload,fault
conveyor,0.93,4.94,50.32,1.38,246.32,1.84,none,running
conveyor,3.15,8.26,55.45,0.97,273.49,3.23,belt_slip,warning
conveyor,2.56,12.34,89.22,0.06,464.14,5.22,jam,fault
conveyor,1.47,12.84,54.95,1.09,269.39,4.88,belt_slip,warning
conveyor,3.03,7.69,48.56,1.38,199.41,5.39,roller_bearing_failure,warning
conveyor,2.68,13.32,54.3,0.78,192.69,6.77,belt_slip,warning
conveyor,1.12,7.45,64.89,1.28,331.72,2.5,gearbox_overheating,warning
conveyor,1.3,11.7,71.26,1.55,232.38,3.52,gearbox_overheating,warning
conveyor,0.99,16.04,70.69,0.99,393.51,4.52,overload,fault
conveyor,2.08,9.48,46.89,1.6,184.67,13.79,belt_misalignment,fault
conveyor,2.59,21.16,83.81,0.37,365.64,12.11,jam,fault
conveyor,0.8,6.07,39.17,1.44,198.53,2.22,none,running
conveyor,1,5.62,44.49,1.3,165.22,3.98,none,running
conveyor,3.27,14.82,80,0.08,529.65,5.84,jam,fault
conveyor,2.3,11.83,86.18,1.46,300.86,5.48,gearbox_overheating,fault
conveyor,2.47,14.11,55.94,1.09,518.36,3.66,overload,fault
conveyor,3.61,9.88,53.17,1.3,188.1,11.21,belt_misalignment,fault
conveyor,1.71,10.65,65.19,1.55,146.27,5.48,jam,warning
conveyor,0.78,7.2,40.97,1.47,189.79,1.32,none,running
conveyor,3.26,7.15,49.46,1.41,275.44,12.39,belt_misalignment,fault
conveyor,2.54,14.7,88.12,0.58,614.36,3.37,jam,fault
conveyor,1.11,7.6,41.19,1.61,199.84,1.49,none,running
conveyor,1.08,8.17,41.93,1.52,237.53,3.68,none,running
conveyor,1.91,11.14,70.3,1.14,384.65,3.27,overload,fault
conveyor,1.1,5.29,46.34,1.64,224.18,1.76,none,running
conveyor,1.16,17.98,48.43,1.2,425.52,5.88,overload,fault
conveyor,1.18,8.93,54.33,0.93,148.51,5.67,belt_slip,running
conveyor,0.71,5.63,48.79,1.5,235.71,2.77,none,running
conveyor,2.03,12.57,47.86,0.96,299.87,4.85,belt_slip,warning
conveyor,1.38,6.01,47.53,1.57,197.87,2.43,none,running
conveyor,2.25,8.3,45.6,0.87,252.68,4.54,belt_slip,warning
conveyor,3.22,6.53,59.37,1.2,111.03,2.45,roller_bearing_failure,warning
conveyor,3.19,13.08,46.47,1.4,513.71,3.46,overload,fault
conveyor,3.32,11.48,88.17,1.33,250.26,5.93,gearbox_overheating,fault
conveyor,1.45,12.2,77.9,1.34,157.79,4.26,gearbox_overheating,warning
conveyor,3.39,18.52,82.37,0.3,459.21,10.36,jam,fault
conveyor,1.77,9.76,45.59,1.46,158.62,8.87,belt_misalignment,warning
conveyor,0.64,5.65,36.11,1.45,219.23,2.9,none,running
conveyor,1.08,8.85,59.62,1.25,205.79,11.26,belt_misalignment,fault
conveyor,1.37,9.29,74.3,1.26,289.85,5.43,gearbox_overheating,warning
conveyor,1.92,9.02,64.71,1.21,319.4,3.21,gearbox_overheating,warning
conveyor,0.96,12.67,51.6,0.5,186.3,6.91,belt_slip,warning
conveyor,1.61,9.26,55.98,0.87,168.41,6.57,belt_slip,warning
conveyor,1.87,8.96,46.68,0.49,190.02,6.4,belt_slip,warning
conveyor,0.97,8.2,62.26,1.35,234.63,3.6,gearbox_overheating,running
conveyor,2.02,8.6,73.66,1.61,180.42,2.6,gearbox_overheating,warning
conveyor,0.43,10.95,91.87,1.47,230.03,6.42,gearbox_overheating,fault
conveyor,2.49,11.98,80.66,1.4,358.31,3.42,gearbox_overheating,fault
conveyor,0.46,7.89,35.9,1.59,174.16,2.58,none,running
conveyor,2.16,6.71,61.52,1.13,226.45,10.99,belt_misalignment,fault
conveyor,0.95,6.65,46.46,1.59,273.31,1.23,none,running
conveyor,4.49,12.52,65.72,0.19,506.03,5.07,jam,fault
conveyor,2.89,9.84,47.86,1.15,222.41,6.03,belt_misalignment,warning
conveyor,2.16,12.64,105.25,1.45,219.22,5.66,gearbox_overheating,fault
conveyor,1.23,14.18,56.96,1.47,424.89,6.84,overload,fault
conveyor,0.44,9.46,86.21,1.59,332.19,6.13,gearbox_overheating,fault
conveyor,1.37,9.65,91.14,1.33,189.01,5.07,gearbox_overheating,fault
conveyor,2.3,16.64,53.92,1.3,407.94,3.32,overload,fault
conveyor,3.38,20.31,89.88,0,650,2.79,jam,fault
conveyor,2.24,18.98,71,0.36,287.19,6.19,jam,fault
conveyor,2.47,7.55,62.48,0.85,265.24,4.83,belt_slip,warning
conveyor,1.73,8.75,64.66,1.11,301.28,11.51,belt_misalignment,fault
conveyor,2.65,10.34,67.58,1.22,200.97,7.16,gearbox_overheating,warning
conveyor,3.21,9.68,70.09,1.45,180.28,2.95,gearbox_overheating,warning
conveyor,2.98,10.37,50.5,1.28,241.66,13.06,belt_misalignment,fault
conveyor,1.94,9.35,91.87,1.7,342.41,4.3,gearbox_overheating,fault
conveyor,1.46,8.73,65.04,0.51,199.61,2.96,belt_slip,warning
conveyor,2.22,15.88,64.09,0.21,428.51,3.51,jam,fault
conveyor,1.24,8.05,58.76,1.49,314.27,1.8,roller_bearing_failure,warning
conveyor,1.31,7.53,50.24,0.61,283.62,6.05,belt_slip,warning
conveyor,1.71,9.05,66.03,1.19,363.14,5.89,gearbox_overheating,warning
conveyor,1.29,7.27,46.04,1.58,228.09,8.24,jam,warning
conveyor,2.43,9.29,46.88,1.21,238.46,8.63,belt_misalignment,warning
conveyor,2.57,7.93,41.68,1.46,209.41,3.1,roller_bearing_failure,warning
conveyor,0.77,6.27,49.34,1.46,222.4,1.16,none,running
conveyor,0.64,6.89,41.59,1.46,193.55,2.96,none,running
conveyor,3.51,14.76,62.31,0.34,488.73,8.26,jam,fault
conveyor,1.03,10.77,51.56,0.8,446.78,6.01,overload,fault
conveyor,4.25,17.96,55.08,0.24,359,12.39,jam,fault
conveyor,2.31,13.68,65.16,1.09,480.84,1.58,overload,fault
conveyor,1.64,8.64,106.12,1.17,350.09,4.03,gearbox_overheating,fault
conveyor,5.2,15.78,81.02,0.51,575.55,5.5,jam,fault
conveyor,2.2,8.19,52.14,0.65,175.06,3.14,belt_slip,warning
conveyor,2.08,13.07,42.64,0.54,181.07,6.37,belt_slip,warning
conveyor,0.97,9.2,63.41,0.64,232.48,4.77,belt_slip,running
conveyor,3.58,4.48,48.8,1.62,174.65,2.04,roller_bearing_failure,warning
conveyor,2.98,9.23,51.54,0.53,243.18,6.94,belt_slip,warning
conveyor,2.63,12.96,45.16,0.45,179,3.91,belt_slip,warning
conveyor,3.07,17.29,73.26,1.07,527.22,5.75,overload,fault
conveyor,1.38,8.38,57.86,1.41,267.62,9.32,belt_misalignment,warning
conveyor,3.31,6.33,61.89,1.13,323.82,9.79,belt_misalignment,warning
conveyor,3.24,9.35,100.15,1.34,343.1,3.29,gearbox_overheating,fault
conveyor,0.73,6.34,46.3,1.63,158.05,3.5,none,running
conveyor,4.64,15.31,87.87,0.07,650,6.76,jam,fault
conveyor,2.38,12.19,62.25,0.96,256.34,6.37,belt_slip,warning
conveyor,3.87,5.94,48.74,1.55,234.4,3.18,roller_bearing_failure,warning
conveyor,1.13,13.19,81.53,1.44,201.42,6.1,gearbox_overheating,fault
conveyor,2.16,13.12,66.57,1.21,531.38,3.5,overload,fault
conveyor,0.88,7.36,43.78,1.38,203.51,6.88,roller_bearing_failure,warning
conveyor,4.07,19.63,79.34,0.09,296.9,7.45,jam,fault
conveyor,5.42,16.42,73.75,0.63,271.18,4.31,jam,fault
conveyor,0.81,5.93,40.02,1.65,117.21,3.77,none,running
conveyor,2.35,16.92,56.38,0.46,374.76,7.05,jam,fault
conveyor,3.25,19.08,53.76,0.77,348.21,0.82,overload,fault
conveyor,1.07,17.62,48.24,0.84,314.8,5.69,overload,fault
conveyor,3.24,16.32,83.38,0.57,576.72,6.69,jam,fault
conveyor,2.57,7.53,52.16,1.55,325.59,11.02,belt_misalignment,fault
conveyor,4.12,19.75,70.01,0.01,350.97,7.73,jam,fault
conveyor,2.72,13.51,70.89,0.84,215.96,6.47,overload,warning
conveyor,0.59,14.55,59.14,0.93,264.51,7.18,overload,fault
conveyor,2.1,9.3,55.11,1.42,191.42,5.87,roller_bearing_failure,warning
conveyor,3.43,7.91,62.81,1.31,164.24,2.85,gearbox_overheating,warning
conveyor,1.62,12.11,47.13,0.57,276.1,4.41,belt_slip,warning
conveyor,1.73,10.44,61.91,1.46,221.85,10.91,belt_misalignment,fault
conveyor,1.13,7.51,45.44,1.6,164.7,1,none,running
conveyor,0.87,5.45,42.59,1.54,151.03,2.98,none,running
conveyor,1.65,7.28,54.2,1.6,241.71,7.41,belt_misalignment,warning
conveyor,2.17,18.87,93.23,0,393.22,6.37,jam,fault
conveyor,0.87,6.05,40.63,1.49,221.55,2.77,none,running
conveyor,1.44,8.21,64.59,1.15,139.01,5.33,belt_slip,running
conveyor,4.3,7.29,41.82,1.23,180.45,1.6,roller_bearing_failure,fault
conveyor,1.28,6.09,43.18,1.57,144.9,4.08,none,running
conveyor,1.04,10.18,57.67,0.56,196.19,8.19,belt_slip,warning
conveyor,0.8,6.04,42.17,1.67,158.06,0.94,none,running
conveyor,2.33,11.04,59.48,1.34,274.56,11.12,belt_misalignment,fault
conveyor,1.55,7.84,57.22,1.36,233.37,12.63,belt_misalignment,fault
conveyor,0.58,7.65,46.69,1.5,104.22,2.67,none,running
conveyor,2.17,8.71,66.48,0.78,160.9,5.2,belt_slip,warning
conveyor,1.51,7.83,45.55,1.57,183.6,11.63,belt_misalignment,fault
conveyor,3.79,11.07,108.91,1.5,286.39,3.9,gearbox_overheating,fault
conveyor,3.1,6.39,47.24,1.53,228.19,14.1,belt_misalignment,fault
conveyor,1.05,7.31,40.68,1.56,202.48,4.31,none,running
conveyor,1.39,15.91,74.01,0.89,398.12,3.52,overload,fault
conveyor,1.86,7.4,53.09,1.13,163.1,4.2,belt_slip,running
conveyor,2.89,10.83,91.95,1.53,245.43,2.05,gearbox_overheating,fault
conveyor,1.84,7.28,45.67,1.52,124.03,3.93,roller_bearing_failure,running
conveyor,2.39,10.59,58.14,1.04,288.55,2.55,belt_slip,warning
conveyor,1.08,6.65,47.8,1.45,271.13,1.51,none,running
conveyor,2.1,6.37,53.22,1.56,241.08,12.34,belt_misalignment,fault
conveyor,1.57,7.5,51.49,1.15,244.27,9.23,belt_misalignment,warning
conveyor,1.76,6.83,71.5,1.41,343.79,3.3,gearbox_overheating,warning
conveyor,0.87,5.9,50.32,1.34,190.62,1.7,none,running
conveyor,2.17,16.9,75.19,0.43,264.6,5.7,jam,fault
conveyor,1.5,12.43,68.73,0.78,168.91,5.22,belt_slip,warning
conveyor,1.23,8.47,50.17,0.95,307.83,4.35,belt_slip,warning
conveyor,1.68,9.89,63.16,0.54,276.14,3.59,belt_slip,running
conveyor,2.09,8.66,103.78,1.23,277.33,5.18,gearbox_overheating,fault
conveyor,2.21,9.05,91.66,1.53,320.59,3.72,gearbox_overheating,fault
conveyor,2.16,7.24,47.91,0.73,134.83,5.2,belt_slip,warning
conveyor,1.61,15.89,49.57,0.94,388.89,3.51,overload,fault
conveyor,1.56,11.24,90.25,1.22,194.29,4.36,gearbox_overheating,fault
conveyor,2.23,11.46,77.96,1.35,301.66,6.12,roller_bearing_failure,warning
conveyor,1.98,7.97,42.46,1.22,164.55,12.52,belt_misalignment,fault
conveyor,1.53,11,44.28,1.54,163.81,6.77,belt_misalignment,warning
conveyor,2.23,8.98,53.51,1.44,301.33,11.28,belt_misalignment,fault
conveyor,1,10.21,54.03,1.29,264.38,5.11,belt_misalignment,warning
conveyor,2.09,6.86,42.51,1.38,155.91,2.1,roller_bearing_failure,warning
conveyor,1.87,8.53,48.79,1.12,202.33,6.42,jam,warning
conveyor,0.88,6.49,45.58,1.45,174.41,2.62,none,running
conveyor,3.35,8.07,65.43,1.51,122.7,13.75,belt_misalignment,fault
conveyor,1.36,10.74,52.36,1.52,218.72,9.97,belt_misalignment,warning
conveyor,1.06,11.36,60.84,1,124.59,6.16,belt_slip,warning
conveyor,1.15,11.55,66.66,1.34,339.09,5.98,overload,warning
conveyor,3.41,11.31,63.96,1.35,171.35,12.8,belt_misalignment,fault
conveyor,2.33,10.97,41.71,1.37,232.71,14.44,belt_misalignment,fault
conveyor,1.6,7.98,80.52,1.28,256.41,4.71,gearbox_overheating,fault
conveyor,1.48,6.54,44.52,1.42,329.12,2.62,roller_bearing_failure,warning
conveyor,1.09,6.89,39.49,1.69,181.59,3.9,none,running
conveyor,4.13,9.38,58.83,1.25,166.11,3.69,roller_bearing_failure,fault
conveyor,4.3,5.93,41.67,1.4,291.22,2.52,roller_bearing_failure,fault
conveyor,1.84,10.27,54.3,1.1,240.09,6.25,belt_misalignment,warning
conveyor,0.98,7.09,37.53,1.53,232.98,3.15,none,running
conveyor,1.31,20.15,56.27,0.81,442.81,5.2,overload,fault
conveyor,0.26,7.38,46.28,1.29,193.83,2.08,none,running
conveyor,2.33,10.56,50.77,1.11,286.08,5.92,belt_slip,warning
conveyor,2.09,8.42,67.58,1.29,240.39,3.24,gearbox_overheating,warning
conveyor,2.92,11.29,52.59,0.49,243.79,4,belt_slip,warning
conveyor,0.83,7.96,40.83,1.48,245.22,0.46,none,running
conveyor,2.33,9.66,52.12,1.22,220.59,14.15,belt_misalignment,fault
conveyor,4.52,15.49,78.33,0.06,300.76,10.46,jam,fault
conveyor,1.76,13.92,70.87,1.29,509.94,5.98,overload,fault
conveyor,1,10.19,107.38,1.3,240.35,6.65,gearbox_overheating,fault
conveyor,1.1,9.94,46.01,0.94,255.94,4.35,belt_slip,running
conveyor,5.43,8.42,52.04,1.5,185.17,3.57,roller_bearing_failure,fault
conveyor,1.15,10.11,46.27,1.41,216.63,11.24,belt_misalignment,fault
conveyor,4.47,17.05,75.94,0.57,334.19,9.1,jam,fault
conveyor,2.91,6.82,52.49,1.75,182.08,4.1,roller_bearing_failure,warning
conveyor,2.17,9.08,59.08,1.59,120.91,2.28,roller_bearing_failure,warning
conveyor,3.13,10.46,81.39,1.45,237.49,3.77,gearbox_overheating,fault
conveyor,4.69,13.62,59.84,0.56,461.75,6.44,jam,fault
conveyor,2.4,17.54,86.91,0.17,564.63,3.73,jam,fault
conveyor,3.28,7.21,64.56,0.68,142.35,1.88,belt_slip,warning
conveyor,3.39,10.11,63.69,1.39,256.71,12.04,belt_misalignment,fault
conveyor,3.22,8.6,52.42,1.59,189.41,3.97,roller_bearing_failure,warning
conveyor,0.92,6.69,47.58,1.53,147.85,3.39,none,running
conveyor,2.19,11.06,44.95,0.58,202.37,6.09,overload,warning
conveyor,2.21,8.15,72.66,1.54,381.92,2.5,gearbox_overheating,fault
conveyor,3.21,12.53,88.2,0.22,633.71,11.32,jam,fault
conveyor,2.23,13.72,47.47,0.47,328.44,7.5,belt_slip,warning
conveyor,1.46,9.95,51.65,1.47,155.62,11.12,belt_misalignment,fault
conveyor,5.61,16.72,86.15,0,572.02,9.12,jam,fault
conveyor,0.42,10.82,46.86,0.82,230.98,4.57,belt_slip,warning
conveyor,2.43,12.57,50.97,0.62,301.36,7.53,belt_slip,warning
conveyor,3.41,18.87,84.81,0.21,443.87,6.71,jam,fault
conveyor,2.29,9.18,60.33,0.85,220.74,5.09,belt_slip,warning
conveyor,2.16,10.58,54.27,1.08,175.34,12.27,belt_misalignment,fault
conveyor,3.57,7.79,63.81,1.61,253.84,9.62,belt_misalignment,warning
conveyor,2.44,11.1,61.22,1.43,406.85,4.51,overload,fault
conveyor,0.43,5.66,43.62,1.38,178.65,0.87,none,running
conveyor,3.17,14.1,63.75,0.54,549.58,8.15,jam,fault
conveyor,5.03,21.44,62.5,0.38,389.43,7.78,jam,fault
conveyor,2.46,12.05,62.94,0.75,164.7,3.96,belt_slip,warning
conveyor,0.72,5.96,41.77,1.65,155.86,2.78,none,running
conveyor,1.78,8.21,49.5,1.61,232.09,12.81,belt_misalignment,fault
conveyor,3.1,7.36,59.38,1.67,242.14,6.11,roller_bearing_failure,warning
conveyor,2.35,9.13,53.03,1.1,165.94,7.19,belt_slip,warning
conveyor,1.9,6.88,41.54,1.38,198.18,3.26,roller_bearing_failure,running
conveyor,2.75,11.02,57.69,0.72,135.33,5.01,belt_slip,warning
conveyor,1.75,13.17,54.08,1.38,324.49,1.76,overload,warning
conveyor,1.65,17.93,55.74,1.23,472.88,6.83,overload,fault
conveyor,1.59,9.47,101.93,1.51,263.55,4.59,gearbox_overheating,fault
conveyor,2.47,8.44,61.06,1.38,144.73,10.98,belt_misalignment,fault
conveyor,0.96,7.38,49.45,1.73,144.55,3.6,none,running
conveyor,1.85,8.05,46.66,1.38,201.34,13.31,belt_misalignment,fault
conveyor,0.7,11.12,44.92,0.76,188.97,6.56,belt_slip,warning
conveyor,1.38,13.42,56.64,0.96,250.06,5.22,overload,warning
conveyor,1.69,7.41,54,0.59,238.69,5.81,belt_slip,running
conveyor,2.76,10.08,42.9,1.11,191.48,12.42,belt_misalignment,fault
conveyor,4.41,13.06,64.63,0.54,650,5.34,jam,fault
conveyor,3.34,6.99,53.77,1.13,211.52,12.45,belt_misalignment,fault
conveyor,0.91,14.09,63.96,1.43,299.62,5.82,overload,fault
conveyor,2.1,12.03,43.29,0.49,139.25,6.55,belt_slip,warning
conveyor,1.27,14.87,75.64,1.37,266.64,3.47,gearbox_overheating,fault
conveyor,1.05,6.6,43.25,1.21,162.44,8.93,belt_misalignment,warning
conveyor,2.98,8.23,63.88,1.14,230.29,3.68,belt_slip,warning
conveyor,2.37,10.32,56.32,1.32,290.26,7.28,belt_misalignment,warning
conveyor,1.99,8.42,59.25,1.4,161.81,13.64,belt_misalignment,fault
conveyor,2.41,8.07,54.79,1.11,290.2,11.57,belt_misalignment,fault
conveyor,1.67,21.52,70.93,0.54,394.43,10.3,jam,fault
conveyor,1.33,15.88,63.62,0.84,467.97,6.79,overload,fault
conveyor,1.32,13.23,61.85,1.09,195.34,4.97,belt_slip,warning
conveyor,2.12,19.59,79.02,0.55,459.86,8.48,jam,fault
conveyor,3.3,6.36,43.07,1.33,146.54,5.55,roller_bearing_failure,warning
conveyor,0.92,8,74.88,1.3,192.94,3.73,gearbox_overheating,warning
conveyor,1.43,12.7,96.87,1.53,322.17,5.08,gearbox_overheating,fault
conveyor,1.32,9.42,40.23,1.37,165.11,5.97,roller_bearing_failure,running
conveyor,4.05,19.49,59.67,0.2,401.49,5.49,jam,fault
conveyor,1.3,7.53,47.48,0.6,272.42,3.47,belt_slip,running
conveyor,3.63,11.19,74.36,1.15,206.88,7.38,gearbox_overheating,warning
conveyor,1.23,11.96,62.9,1.35,284.32,2.19,gearbox_overheating,warning
conveyor,1.28,7.73,45.3,0.37,188.84,6.96,belt_slip,warning
conveyor,2.11,12.81,48.55,1.08,179.72,7.02,belt_slip,warning
conveyor,2.32,8,71.14,1.26,238.72,3.51,overload,warning
conveyor,1.29,10.01,66.02,1.11,270.33,3.12,overload,warning
conveyor,0.69,6.22,47.06,1.46,169.17,2.34,none,running
conveyor,1.27,6.19,40.66,1.69,183.31,2.12,none,running
conveyor,2.68,13.28,73.77,1.14,353.93,3.05,overload,warning
conveyor,4.85,7.25,57.52,1.43,188.87,2.87,roller_bearing_failure,fault
conveyor,0.73,8.31,61.08,0.64,187.33,4.36,belt_slip,running
conveyor,2.62,18.07,72.87,0.6,499.11,6.49,jam,fault
conveyor,0.6,5.61,49.26,1.6,209.63,1.01,none,running
conveyor,3.32,14.55,58.24,0.62,620.99,10.83,jam,fault
conveyor,1.53,8.4,96.55,1.37,221.84,1.18,gearbox_overheating,fault
conveyor,3.42,9.99,64.27,1.32,131.55,7.14,belt_misalignment,warning
conveyor,3.66,19.28,85.47,0,649.36,11.4,jam,fault
conveyor,2.76,16.55,74.68,1.19,386.12,3.36,overload,fault
conveyor,0.6,7.81,39.95,1.42,137.88,4.37,none,running
conveyor,2.47,6.61,60.7,1.18,152.38,4.19,roller_bearing_failure,warning
conveyor,0.84,13.32,43.84,0.64,234.36,3.46,belt_slip,warning
conveyor,0.98,6.96,37.24,1.45,186.25,3.13,none,running
conveyor,1.29,9.64,98.57,1.24,316.84,3.91,gearbox_overheating,fault
conveyor,2.82,9.09,83.9,1.63,310.65,6.91,gearbox_overheating,fault
conveyor,3.43,9.32,42.32,0.56,194.51,4.07,belt_slip,warning
conveyor,1.29,11.04,58.97,0.57,152.43,2.49,belt_slip,warning
conveyor,1.33,7.53,42.28,1.42,285.58,3.18,none,warning
conveyor,1.9,8.13,41.26,1.2,281.26,13.05,belt_misalignment,fault
conveyor,3.17,10.28,61.47,1.37,165.33,13.94,belt_misalignment,fault
conveyor,0.76,8.72,65.75,1.15,156.85,12.73,belt_misalignment,fault
conveyor,0.76,7.4,46.99,1.43,172.11,2.95,none,running
conveyor,2.67,9.75,62.26,1.33,249.77,3.93,gearbox_overheating,warning
conveyor,3.47,8.76,50.38,1.56,240.87,6.71,belt_misalignment,warning
conveyor,1.11,6.44,37.35,1.55,215.6,2.48,none,running
conveyor,1.28,13.39,65.33,0.22,493.63,5.82,jam,fault
conveyor,1.89,14.03,76.44,0.06,335.49,5,jam,fault
conveyor,1.63,10.12,73.4,1.1,409.6,4.39,overload,fault
conveyor,3.57,10.15,64.27,1.38,130.45,7.12,belt_misalignment,warning
conveyor,0.65,6.13,44.65,1.61,186.88,1.56,none,running
conveyor,0.95,7.5,61.41,1.5,269.8,13.69,belt_misalignment,fault
conveyor,0.54,6.4,39.77,1.64,200.27,4.01,none,running
conveyor,1.55,7.16,46.37,1.08,169.54,7.3,belt_misalignment,warning
conveyor,0.96,8.92,63.08,1.4,166.59,10.52,belt_misalignment,fault
conveyor,0.61,21.44,53.01,1.22,398.87,4.09,overload,fault
conveyor,4.16,9.18,45.73,1.32,283.59,4.77,roller_bearing_failure,fault
conveyor,2.89,13.31,70.67,1.24,195.1,4.16,gearbox_overheating,warning
conveyor,0.83,7.79,50.05,1.69,166.34,4.4,none,running
conveyor,3.08,5.91,59.26,1.6,180.17,5.06,roller_bearing_failure,warning
conveyor,3,8.64,58.12,1.32,235.12,10.76,belt_misalignment,fault
conveyor,2.37,9.73,64.33,1.44,239.38,9.7,belt_misalignment,warning
conveyor,1.26,16.94,68.61,1.2,389.85,4.79,overload,fault
conveyor,3.08,7.16,56.93,1.48,212.4,5.04,roller_bearing_failure,warning
conveyor,1.64,7.67,44.1,1.41,250.42,14.2,belt_misalignment,fault
conveyor,2.73,8.2,47.9,1.19,322.16,7.29,belt_misalignment,warning
conveyor,1.62,10.84,52.53,0.64,183.53,3.93,belt_slip,warning
conveyor,2.62,10.49,62.29,0.43,133.14,2.55,belt_slip,warning
conveyor,1.57,8.07,59.37,1.32,285.2,11.12,belt_misalignment,fault
conveyor,1.02,14.97,53.04,0.94,445.68,2.46,overload,fault
conveyor,1.25,10.04,49.63,0.59,211.03,5.63,belt_slip,warning
conveyor,2.71,8.95,95.54,1.16,183.29,2.31,gearbox_overheating,fault
conveyor,1.45,7.3,57.79,1.51,157.54,4.73,roller_bearing_failure,running
conveyor,1.13,8.41,51.51,0.69,216.45,2.44,belt_slip,running
conveyor,0.72,7.43,39.66,1.52,199.05,1.14,none,running
conveyor,1.66,10.76,64.14,1.23,177.83,12.57,belt_misalignment,fault
conveyor,2.59,7.87,48.42,1.18,195.29,7.15,belt_misalignment,warning
conveyor,2.18,10.9,44.32,0.79,137.27,4,belt_slip,warning
conveyor,1.95,7.17,68.32,0.48,118.93,7.15,belt_slip,warning
conveyor,1.29,6.55,44.73,1.51,174.65,1.83,none,running
conveyor,2.05,16.45,56.75,0.52,455.09,8.22,jam,fault
conveyor,3.01,8.85,50.57,1.05,195.47,8.04,belt_misalignment,warning
conveyor,3.24,7.71,40.22,1.31,161.35,5.8,roller_bearing_failure,warning
conveyor,1.12,5.61,37.21,1.51,186.78,4.18,none,running
conveyor,2.73,11.11,70.98,1.26,367.97,2.82,overload,warning
conveyor,4.06,17.7,90.54,0.31,437.06,5.55,jam,fault
conveyor,1.66,9.45,54.91,0.78,204.2,2.38,belt_slip,running
conveyor,0.85,6.81,44.15,1.39,181.36,1.42,none,running
conveyor,0.69,6.8,47.98,1.53,200.58,2.39,none,running
conveyor,1.98,6.52,41.86,1.5,238.43,4.02,none,running
conveyor,0.44,6.79,50.09,1.41,270.11,3.55,none,running
conveyor,2.16,14.92,52.91,1.38,418.94,4.19,overload,fault
conveyor,2.87,17.67,75.86,1.32,329.18,3.76,overload,fault
conveyor,0.69,6.67,40.11,1.41,174.46,0.85,none,running
conveyor,4.58,15.78,67.19,0.28,301.32,9.09,jam,fault
conveyor,1.89,10.83,73.12,1.24,501.1,4.14,overload,fault
conveyor,2.12,13.14,106.38,1.37,305.17,5.49,gearbox_overheating,fault
conveyor,1.48,7.97,48.71,1.42,177,12.17,belt_misalignment,fault
conveyor,0.93,12.52,50.18,0.67,148.36,2.22,belt_slip,warning
conveyor,5.66,21.12,77.36,0.57,437.9,9.37,jam,fault
conveyor,3.78,7.95,47.87,1.56,215.02,5.57,roller_bearing_failure,warning
conveyor,2.44,11.72,61.56,0.99,409.78,7.24,overload,fault
conveyor,2.01,7.77,63.71,1.11,178.64,2.53,roller_bearing_failure,warning
conveyor,1.07,7.17,44.8,1.54,202,1.34,none,running
conveyor,2.69,7.69,47.47,1.18,238.35,13.4,belt_misalignment,fault
conveyor,0.66,6.91,46.21,1.48,196.83,2.39,none,running
conveyor,3.62,7.23,55.01,1.55,235.89,13.1,belt_misalignment,fault
conveyor,2.08,8.01,83.52,1.46,171.83,5.58,gearbox_overheating,fault
conveyor,0.43,8.23,47.52,1.54,227.87,2.38,none,running
conveyor,2.42,11.35,100.74,1.37,289.93,2.75,gearbox_overheating,fault
conveyor,1.11,6.43,39.84,1.48,157.98,2.68,none,running
conveyor,4.46,15.95,54.54,0.4,250.9,11.22,jam,fault
conveyor,2.04,18.4,88.02,0.64,536.35,1.81,jam,fault
conveyor,4.17,14.64,79.72,0.18,443.47,10.59,jam,fault
conveyor,2.47,7.67,46.65,0.53,176.88,5.09,belt_slip,warning
conveyor,0.66,7.66,41.51,1.39,245.12,1,none,running
conveyor,2.16,15.57,50.64,0.87,360.96,5.74,overload,fault
conveyor,2.92,18.43,88.07,0,533.58,9.02,jam,fault
conveyor,4.37,9.52,42.56,1.6,234.25,5.66,roller_bearing_failure,fault
conveyor,0.35,11.79,82.81,1.34,389.37,4.03,gearbox_overheating,fault
conveyor,3.07,17.52,55.98,0.98,547.55,3.53,overload,fault
conveyor,0.79,12.76,93.51,1.24,218.45,3.27,gearbox_overheating,fault
conveyor,1.22,8.75,72.33,1.47,220.63,7.21,gearbox_overheating,warning
conveyor,3.36,6.83,45.63,1.59,167.24,5.38,roller_bearing_failure,warning
conveyor,6.03,13.21,85.01,0.08,269.8,8.36,jam,fault
conveyor,1.11,8.08,55.68,1.5,202.04,14.83,belt_misalignment,fault
conveyor,2.43,9.6,61.96,0.79,138.12,4.09,belt_slip,warning
conveyor,1.79,6.61,51.91,1.32,185.09,12.28,belt_misalignment,fault
conveyor,3.15,18.64,83.37,0.68,650,3.99,jam,fault
conveyor,1.03,9.3,87.83,1.38,257.11,6.82,gearbox_overheating,fault
conveyor,1.89,6.18,48.6,1.66,143.4,2.83,none,running
conveyor,2.72,18.69,84.09,0.13,412.78,11.39,jam,fault
conveyor,0.62,6.08,43.36,1.71,147.42,0.7,none,running
conveyor,1.11,9.37,61.89,1.15,387.11,4.82,overload,fault
conveyor,5.11,17.15,56.84,0.24,403.62,3.59,jam,fault
conveyor,1.62,12.01,109.51,1.27,300.9,4.67,jam,fault