machine_type,vibration_mm_s,motor_current_A,bearing_temperature_C,suction_pressure_bar,discharge_pressure_bar,flow_rate_lpm,active_failure,status
pump,1.82,23.26,63.1,0.68,5.54,127.62,clogging,fault
pump,1.61,14.3,59.81,0.78,1.7,171.24,impeller_damage,fault
pump,1.19,10.57,63.53,0.74,3.21,145.51,impeller_damage,warning
pump,2.34,12.66,62.87,0.68,2.66,160.85,impeller_damage,warning
pump,1.96,13.64,69.11,0.6,5.31,93.97,clogging,warning
pump,0.84,14.32,65.51,0.97,3.63,150.62,seal_leakage,warning
pump,2.91,15.94,54.46,1.05,2.56,148.35,impeller_damage,warning
pump,2.46,13.35,58.66,1.09,3.32,177.47,seal_leakage,warning
pump,1.62,12.2,65.04,0.97,3.36,183.29,seal_leakage,warning
pump,2.78,20.72,66.18,0.48,6.38,155.73,clogging,fault
pump,1.82,17.18,75.51,0.87,5.21,121.94,clogging,fault
pump,1.21,13.88,65.86,1.04,1.47,118.59,impeller_damage,fault
pump,3.08,11.78,64.33,0.89,2.69,108.41,impeller_damage,warning
pump,1.29,16.68,65.86,0.83,1.4,155.64,impeller_damage,fault
pump,1.79,17.93,67.19,0.52,4.73,65.89,clogging,fault
pump,2.02,14.24,54.72,1.04,2.06,212.01,seal_leakage,warning
pump,2.24,22.78,65.9,0.55,4.51,57.76,clogging,fault
pump,2.33,17.71,57.99,0.93,3.27,183.48,impeller_damage,warning
pump,1.06,11.92,61.06,1,3.67,216.47,seal_leakage,running
pump,2.37,14.32,54.46,1.05,3.06,102.05,impeller_damage,warning
pump,3.04,19.18,53.1,0.9,2.36,104.09,impeller_damage,warning
pump,1.98,12.16,64.57,0.97,2.1,113.06,impeller_damage,warning
pump,0.68,19.56,63.03,1.02,3.15,175.63,impeller_damage,warning
pump,2.52,10.33,64.34,0.96,2.05,113.6,impeller_damage,warning
pump,3.03,16.54,66.27,1.12,1.58,82.74,impeller_damage,fault
pump,2.21,14.71,58.07,0.95,2.3,99.02,impeller_damage,warning
pump,1.99,13.52,50.04,1.15,2.91,173.07,seal_leakage,running
pump,2.08,12.12,57.69,0.95,1.33,174.37,impeller_damage,fault
pump,1.39,13.72,57.87,1.01,2.27,89.16,impeller_damage,warning
pump,1.56,11.27,61.88,1.18,3.82,167.13,seal_leakage,running
pump,2.48,10.4,59.86,1.11,2.19,117.32,seal_leakage,warning
pump,2.48,17.92,65.33,0.7,1.44,146.76,impeller_damage,fault
pump,1.47,15.26,60.76,0.97,3.28,192.57,seal_leakage,running
pump,1.47,20.65,56.18,0.94,3.17,183.75,impeller_damage,fault
pump,2.8,15.83,58.5,1.03,2.6,167.67,impeller_damage,warning
pump,1,13.9,60.17,1.04,2.71,135.18,seal_leakage,running
pump,1.88,16.8,49.13,1.09,2.48,166.23,seal_leakage,warning
pump,1.42,18.2,54.99,0.85,3.14,173.57,impeller_damage,warning
pump,2.16,20.58,67.45,0.7,6.2,57.41,clogging,fault
pump,2.2,16.1,72.25,0.56,5.65,173.55,clogging,warning
pump,2.08,13.83,73.95,0.99,2.37,116.69,impeller_damage,warning
pump,1.05,12.8,63.45,0.91,3.68,211.1,seal_leakage,running
pump,3.28,23.23,62.72,0.53,5.65,51.38,clogging,fault
pump,1.68,17.87,54.98,0.8,1.78,124.93,impeller_damage,fault
pump,3.32,16.73,58.76,1.16,2.67,92.44,impeller_damage,warning
pump,1.2,14.85,52.05,1.01,3.27,207.97,seal_leakage,running
pump,1.78,16.04,61.22,0.73,2.09,159.05,impeller_damage,warning
pump,0.94,17.4,63.95,0.61,2.44,63.46,impeller_damage,fault
pump,3.57,13.82,58.94,0.78,2.84,164.47,impeller_damage,fault
pump,1.38,14.01,60.19,1.16,1.77,138.32,impeller_damage,fault
pump,0.85,13.1,63.89,1.18,2.48,110.53,impeller_damage,warning
pump,2.48,11.65,62.69,1.07,3.03,179.43,seal_leakage,warning
pump,3.1,13.06,59.61,1.12,1.45,108.85,impeller_damage,fault
pump,1.42,18.1,61.35,1.15,2.35,161.95,impeller_damage,warning
pump,0.99,12.7,57.22,0.92,3.69,156.93,seal_leakage,running
pump,1.19,11.07,57.08,1.11,3.42,186.17,seal_leakage,running
pump,0.6,16.04,63.24,1.02,2.81,181.8,seal_leakage,warning
pump,1.51,15.14,61.71,1.03,3.47,164.86,seal_leakage,running
pump,1.24,16.36,52.03,1.06,3.36,173.85,seal_leakage,warning
pump,2.41,18.76,61.6,0.98,3.05,115.01,impeller_damage,warning
pump,1.77,13.43,52.7,0.85,2.46,156.08,impeller_damage,warning
pump,1.53,13.56,53.11,1.12,2.36,163.47,seal_leakage,warning
pump,1.44,17.81,58.99,0.82,2.95,97.19,impeller_damage,warning
pump,2.25,16.98,62.31,0.92,4.33,102.73,clogging,warning
pump,2.62,13.53,49.55,1.08,2.95,118.35,seal_leakage,warning
pump,2.13,14.39,71.65,1.05,2.03,138.01,impeller_damage,warning
pump,1.63,12.62,65.6,0.83,1.4,127.81,impeller_damage,fault
pump,1.37,11.83,64.96,0.87,2.08,157.63,impeller_damage,warning
pump,2.16,16.3,57.77,0.89,2.56,164.15,none,warning
pump,2.32,14.88,62.39,0.94,2.51,181.24,impeller_damage,warning
pump,1.03,18.88,60.65,0.67,2.96,135.53,impeller_damage,warning
pump,1.01,12.33,60.89,0.91,2.42,169.93,seal_leakage,warning
pump,1.48,16.44,57.95,1.01,3.02,183.41,impeller_damage,warning
pump,2.68,14.79,62.44,1.01,1.26,107.33,impeller_damage,fault
pump,1.84,13.75,63.22,0.9,2,82.23,impeller_damage,warning
pump,2.22,12.89,62.48,0.96,2.77,85.51,impeller_damage,warning
pump,2.64,19.01,58.89,0.87,4.6,49.91,clogging,fault
pump,2.75,12.48,61.11,0.9,2.23,138.46,impeller_damage,warning
pump,1.39,14.12,60.52,0.87,3.62,181.66,seal_leakage,running
pump,1.72,19.65,63.05,0.76,5.68,49.48,clogging,fault
pump,1.12,12.81,64.81,1.14,3.07,108.55,impeller_damage,warning
pump,1.81,18.83,60.87,0.91,1.91,74.92,impeller_damage,fault
pump,3.53,12.16,71.83,1.1,2.4,156.25,impeller_damage,fault
pump,2.47,13.11,62.63,1,2.02,113.61,impeller_damage,warning
pump,1.4,18.36,71.74,0.89,2.4,157.66,impeller_damage,warning
pump,2.69,17.45,67.43,0.72,6.39,108.5,clogging,warning
pump,1.62,13.26,57.41,1.08,2.3,162.66,seal_leakage,warning
pump,1.03,12.24,55.75,0.94,2.94,155.59,impeller_damage,running
pump,2.19,12.89,70.05,0.89,2.04,173.84,impeller_damage,warning
pump,2.87,23.79,65.85,0.88,5.1,71.34,clogging,fault
pump,4.09,15.73,56.27,0.59,3.5,144.13,cavitation,fault
pump,1.47,11.5,52.18,1.13,2.86,172.33,seal_leakage,running
pump,1.77,11.99,60.3,1.06,4.37,225.43,none,running
pump,1.7,11.33,71.78,1.08,1.52,135.45,impeller_damage,fault
pump,3.19,12.07,78.15,1.12,4.36,170.47,bearing_failure,fault
pump,1.36,12.1,59.75,1,2.83,126.71,seal_leakage,running
pump,2.24,15.12,83.19,1.08,3.86,262.29,bearing_failure,fault
pump,2.01,12.3,56.25,0.93,4.31,186.44,bearing_failure,warning
pump,1.89,16.96,61.18,1.09,3.56,184.66,bearing_failure,warning
pump,3.46,16.65,83.05,0.95,4.17,207.44,bearing_failure,fault
pump,1.92,11.76,55.23,1.12,4.57,225.65,none,running
pump,1.64,26.24,68.11,0.36,6.59,135.54,clogging,fault
pump,1.75,18.57,67.79,0.99,4.52,249.57,bearing_failure,warning
pump,1.53,19.37,71.07,0.76,1.94,103.71,impeller_damage,warning
pump,2.17,14.25,50.95,0.9,2.79,167.92,seal_leakage,warning
pump,1.65,18.78,73.35,0.66,2.08,147.11,impeller_damage,warning
pump,1.2,10.94,57.95,1.18,3.74,180.85,none,running
pump,2.8,20.15,74.3,0.52,5.49,156.86,clogging,fault
pump,1.11,17.17,59.95,1.05,2.43,132.19,impeller_damage,warning
pump,3.68,16.52,77.17,1.05,4.55,264.71,bearing_failure,fault
pump,2.36,13.66,76.69,0.94,4.49,196.86,bearing_failure,fault
pump,2.42,15.61,52.68,1.07,3.72,220.79,bearing_failure,warning
pump,2.03,14.82,57.63,0.99,2.21,202.72,seal_leakage,warning
pump,2.44,11.25,69.85,0.96,1.47,117.66,impeller_damage,fault
pump,1.74,13.06,54.42,1.15,4.15,220.34,none,running
pump,1.94,16.59,72.6,0.88,2.33,146.45,impeller_damage,warning
pump,2.73,13.14,56.46,0.88,3.87,199.89,bearing_failure,warning
pump,1.62,16.12,55.66,0.98,4.59,220.89,none,warning
pump,1.7,16.74,59,1.11,2.06,160.06,impeller_damage,warning
pump,1.83,13.38,69.86,0.83,2.85,168.37,impeller_damage,warning
pump,2.22,15.18,64.11,1.19,3.49,200.7,bearing_failure,warning
pump,1.69,16.74,58.96,0.85,1.79,142,impeller_damage,fault
pump,1.76,15.73,71.68,1.03,1.44,120.72,impeller_damage,fault
pump,2.57,19.45,68.49,1.17,4.6,266.06,bearing_failure,warning
pump,2.96,15.4,62.57,0.94,4.28,171.49,bearing_failure,warning
pump,3.26,16.78,69.12,1.05,1.73,141.37,impeller_damage,fault
pump,1.65,14.77,70.81,0.95,4.34,164.77,bearing_failure,warning
pump,3.02,17.37,64.84,1.04,2.65,78.6,impeller_damage,fault
pump,2.37,13.65,70.15,0.93,4.15,197.3,bearing_failure,warning
pump,1.91,13.79,53.54,1.08,3.46,160.86,seal_leakage,running
pump,3.13,15.76,61.66,0.71,4.69,149.67,clogging,warning
pump,2.76,18.51,62.82,0.88,2.84,103.85,impeller_damage,warning
pump,1.27,12.01,56.24,1.11,4.04,224.56,none,running
pump,1.45,15.5,71.92,0.88,2.06,78.98,impeller_damage,fault
pump,2.12,15.41,43.36,0.97,4.66,200.96,bearing_failure,warning
pump,3.1,17.33,72.97,0.92,4.04,212.21,bearing_failure,warning
pump,2.78,11.48,60.2,1.12,4.21,198.98,bearing_failure,warning
pump,1.78,16.3,59.17,0.96,4.49,265.07,none,warning
pump,2.02,12.69,69.42,0.82,3.68,213.58,bearing_failure,warning
pump,2.43,14.21,79.14,1,3.98,203.64,bearing_failure,fault
pump,0.88,11.05,52.24,1.25,4.23,228.07,none,running
pump,1.92,13.11,49.02,1.11,4.46,267.12,none,running
pump,2.79,14.41,64.34,0.95,2.3,150.08,impeller_damage,warning
pump,1.77,15.09,55.83,1.04,4.55,238.07,none,running
pump,2.22,17.52,54.35,0.86,3.01,145.87,impeller_damage,warning
pump,1.16,9.66,51.56,1.13,3.97,219.77,none,running
pump,2.36,12.52,54.39,1.11,3.54,163.62,seal_leakage,warning
pump,1.1,14.58,35.63,0.95,4.24,218.4,bearing_failure,running
pump,3.07,15.8,59.26,1.15,1.76,123.05,impeller_damage,fault
pump,3.17,17.32,64.06,1.21,4.09,228.85,bearing_failure,warning
pump,3.06,14.55,65.43,1.13,4.28,220.19,bearing_failure,warning
pump,3.01,15.06,60.18,0.84,3.12,84.23,impeller_damage,warning
pump,3.53,15.31,91.98,0.96,4.14,240.53,bearing_failure,fault
pump,3.16,19.06,72.97,0.95,4.11,208.74,bearing_failure,warning
pump,1.54,13.12,54,1.16,3.61,239.55,none,running
pump,3.05,15.43,58.73,0.85,1.98,186.44,impeller_damage,warning
pump,1.9,11.08,53.05,1.08,4.43,196.45,none,running
pump,2.55,15.78,64.71,0.93,1.4,85.73,impeller_damage,fault
pump,0.74,14.21,63.54,1.07,3.14,194.47,seal_leakage,running
pump,1.47,18.71,72.24,1.18,1.81,100.36,impeller_damage,warning
pump,1.46,12,57.47,1.16,4.76,275.95,none,running
pump,1.77,11.64,51.39,1.18,4.06,214.69,none,running
pump,1.7,11.89,77.06,1.06,4.01,204.84,bearing_failure,fault
pump,3.4,15.53,71.32,0.74,2.03,150.99,impeller_damage,warning
pump,5.08,11.73,74.92,0.15,1.71,57.24,dry_run,fault
pump,2.52,24.26,60.11,0.73,6,65.97,clogging,fault
pump,2.33,14.05,86.52,0.97,3.69,150,bearing_failure,fault
pump,2.91,23.27,66.7,0.93,6.35,97.05,clogging,fault
pump,1.11,16.46,40.04,0.83,4.43,256.99,bearing_failure,warning
pump,1.96,11.77,85.56,0.15,0.44,10.17,dry_run,fault
pump,3.54,17.26,60.66,0.86,1.43,105.64,impeller_damage,fault
pump,2.28,14.87,71.68,1.18,3.71,216.63,bearing_failure,warning
pump,1.5,19.75,61.45,0.65,6.76,118.93,clogging,warning
pump,3.26,13.95,63.79,1.06,4.12,243.3,bearing_failure,warning
pump,1.61,16.14,75.91,0.71,5.04,43.56,clogging,fault
pump,3.18,12.27,91.23,1.07,3.44,199.11,bearing_failure,fault
pump,2.95,14.41,75.45,0.47,5.49,147.05,clogging,fault
pump,1.01,11.43,54.62,0.93,3.91,260.33,none,running
pump,2.76,27.2,68.98,0.49,6.02,94.29,clogging,fault
pump,1.09,14.07,78.25,0.79,4.84,34.32,clogging,fault
pump,3.48,12.38,68.36,0.82,2.42,172.45,dry_run,warning
pump,1.11,15.65,68.29,0.47,6.41,90.06,clogging,fault
pump,2.19,12.7,63.29,1.11,2.22,134.37,impeller_damage,warning
pump,1.69,10.53,62.42,0.75,2.16,105.17,impeller_damage,warning
pump,2.02,12.99,60.24,1.07,4.33,196.71,bearing_failure,warning
pump,1.81,16.71,58.79,0.49,5.26,115.21,clogging,fault
pump,1.44,15.89,58.29,0.68,4.6,72.22,clogging,fault
pump,1.8,18.39,70.79,0.72,1.79,164.57,impeller_damage,fault
pump,1.66,15.16,63.51,0.68,3.17,134.03,impeller_damage,warning
pump,2.48,16.38,68.16,0.8,1.42,143.55,impeller_damage,fault
pump,3.55,14.09,93.78,1.12,4.02,159.82,bearing_failure,fault
pump,2.7,20.72,66.14,0.68,4.23,126.82,clogging,fault
pump,1.54,13.8,54.04,1.11,3.89,161.77,seal_leakage,running
pump,1.69,16.71,73.83,1.17,3.53,202.1,dry_run,warning
pump,1.28,13.62,57.6,0.88,4.11,229.47,none,running
pump,2.66,19.46,60.48,1.13,3.89,210.3,bearing_failure,warning
pump,3.51,14.11,95,0.9,3.96,208.22,bearing_failure,fault
pump,1.84,16.18,82.96,1.19,4.35,217.27,bearing_failure,fault
pump,1.82,12.86,61.69,0.99,3.57,181.51,seal_leakage,running
pump,3.38,13.87,71.17,0.91,4.24,199.43,bearing_failure,warning
pump,0.99,15.3,56.33,0.85,2.98,128.02,impeller_damage,running
pump,2.21,12.59,58.2,0.97,4.28,108.89,clogging,warning
pump,3.16,21.23,73.08,0.86,5.28,119.94,clogging,fault
pump,1.93,20.21,69.07,0.86,5.66,78.77,clogging,fault
pump,3.15,13.59,78.3,0.94,4.45,173.69,bearing_failure,fault
pump,1.58,20.93,67.11,0.78,6.34,79.44,clogging,fault
pump,2.76,14.24,60.51,1.03,4.54,169.79,bearing_failure,warning
pump,1.88,10.06,56.53,1.16,4.27,205.63,none,running
pump,4.32,14.5,90.74,0.32,0.64,53.88,dry_run,fault
pump,1.66,11.06,64.78,0.74,2.91,96.72,impeller_damage,warning
pump,4.28,17.34,75.71,0.97,3.95,261.78,bearing_failure,fault
pump,0.77,7.65,65.93,0.14,0.14,49.19,dry_run,fault
pump,2.77,15.15,65.55,1.01,4.21,187.13,bearing_failure,warning
pump,1.6,13.02,56.16,0.98,3.87,226.03,none,running
pump,3.21,12.06,62.9,1.05,3.64,178.51,bearing_failure,warning
pump,2.26,13.1,56.28,1.08,4.17,196.72,none,warning
pump,3.58,17.37,64.3,1.13,3.99,191.05,bearing_failure,fault
pump,3.14,15.5,60.77,0.48,5.33,81.15,clogging,fault
pump,1.39,14.06,65.75,0.93,1.42,156.33,impeller_damage,fault
pump,3.14,16.5,64.72,1.05,4.3,241.17,bearing_failure,warning
pump,4.3,15.79,67.8,0.61,2.39,153.97,cavitation,fault
pump,2.45,20.38,62.9,0.7,4.18,127.59,clogging,fault
pump,1.5,11.27,56.89,1.1,2.95,120.57,clogging,running
pump,1.85,20.79,64.47,0.52,5.87,94.76,clogging,fault
pump,2.7,12.76,60.5,1.1,3.33,142.79,seal_leakage,warning
pump,2.1,10.93,63.79,1.16,3.2,186.07,seal_leakage,warning
pump,1.33,13.35,48.86,1.03,4.13,189.76,none,running
pump,1.28,16.67,65.24,0.76,4.21,137.29,clogging,warning
pump,4.49,8.39,87.33,0.38,1.88,70.19,dry_run,fault
pump,2.35,16.25,69.67,1.08,3.7,230.05,bearing_failure,warning
pump,5.21,11.43,62.94,0.88,3.35,178,cavitation,fault
pump,1.34,13.33,62.07,0.96,2.97,202.37,seal_leakage,running
pump,2.01,21.76,59.2,0.42,6.12,79.43,clogging,fault
pump,2.12,20.29,67.55,0.43,4.47,60,clogging,fault
pump,1.51,10.47,84.17,0.26,0,48.6,dry_run,fault
pump,2.12,17.09,74.76,0.98,3.44,207.92,bearing_failure,warning
pump,1.6,12.28,58.89,1.1,2.31,176.31,seal_leakage,warning
pump,2.45,11.96,68.2,0.53,3.07,125.48,cavitation,warning
pump,2.02,15.06,52.08,1.11,2.59,163.31,seal_leakage,warning
pump,2.43,12.15,86.6,0.97,4.29,158.03,bearing_failure,fault
pump,1.22,18.25,69.9,1.07,2.94,116.66,impeller_damage,warning
pump,1.75,20.42,64.2,0.49,5.87,75.27,clogging,fault
pump,1.87,21.51,65.03,0.8,4.28,84.35,clogging,fault
pump,3.96,12.73,80.56,1.12,3.85,174.03,bearing_failure,fault
pump,3.63,11.37,64.94,0.69,2.2,149.74,cavitation,fault
pump,2.64,12.73,67.92,1.1,1.78,100.08,impeller_damage,fault
pump,1.89,15.21,56.29,1.03,1.47,171.35,impeller_damage,fault
pump,2.7,16.76,73.6,0.95,1.78,155.2,impeller_damage,fault
pump,3.53,15.32,53.68,0.79,3.63,145.11,cavitation,fault
pump,2.69,14.62,54.35,0.69,2.93,165.99,cavitation,warning
pump,0.88,16.57,56.19,1.17,2.71,191.56,seal_leakage,warning
pump,4.09,11.86,62.96,0.14,2.39,140.85,cavitation,fault
pump,1.76,13.86,60.72,1.16,1.17,141.17,impeller_damage,fault
pump,1.23,12.97,61.49,0.94,3.06,178.43,impeller_damage,running
pump,0.96,16.68,40.05,1.08,3.47,276.85,bearing_failure,warning
pump,2.5,10.43,59.38,0.94,4.05,167.42,bearing_failure,warning
pump,1.49,13.59,74.14,1.04,4.64,238.6,bearing_failure,warning
pump,2.41,11.95,53.37,0.82,3.95,184.54,seal_leakage,warning
pump,2.78,18.18,60.8,0.94,4.93,75.78,clogging,fault
pump,1.73,13.47,62.77,0.98,2.53,165.52,bearing_failure,running
pump,1.35,11.11,54.66,0.98,4.04,214,none,running
pump,1.82,21.61,72.74,0.58,6.28,155.4,clogging,fault
pump,2.74,15.57,67.36,0.42,2.96,198.2,cavitation,fault
pump,1.84,14.22,66.23,0.93,3.99,268.52,bearing_failure,warning
pump,1.26,21.99,59.63,1.05,6.8,57.61,clogging,fault
pump,1.54,11.26,51.04,0.89,3.84,179.19,none,running
pump,1.91,20.21,68.16,0.75,6.76,129.86,clogging,fault
pump,1.35,15.01,55.41,1.22,4.65,265.7,none,running
pump,3.23,15.23,67.03,0.93,5.91,156.33,clogging,warning
pump,1.6,13.29,58.29,0.88,3.54,201.67,seal_leakage,running
pump,0.62,16.17,51.83,0.96,3.49,137.53,seal_leakage,warning
pump,3.77,14.3,65.29,1.02,3.75,211.82,bearing_failure,fault
pump,1.3,16.23,50.56,0.97,2.77,159.29,seal_leakage,warning
pump,1.81,11.84,56.45,1.09,3.91,197.11,none,running
pump,1.11,13.49,49.75,1.14,3.79,213.65,none,running
pump,2.88,18.76,75.81,0.69,6.09,145.81,clogging,fault
pump,2.39,12.05,71.3,1.12,2.05,94.81,impeller_damage,warning
pump,1.63,14.59,78.22,0.79,3.52,210.28,bearing_failure,fault
pump,2.86,14.43,77.88,1,4.43,59.11,clogging,fault
pump,2.7,11.83,56.79,0.23,3.23,105.14,cavitation,fault
pump,1.31,13.14,56.76,0.95,2.38,217.04,seal_leakage,warning
pump,1.96,13.04,62.18,1.08,3.43,166.96,seal_leakage,running
pump,3.29,15.31,80.35,0.9,3.88,190.12,bearing_failure,fault
pump,0.99,13.42,53.92,1.1,2.35,207.96,seal_leakage,warning
pump,2.13,22,68.19,0.61,5.12,177.27,clogging,fault
pump,1.96,14.11,51.79,0.93,2.75,156.51,seal_leakage,running
pump,2.9,16.09,79.85,0.92,4.13,241.76,bearing_failure,fault
pump,2.5,14.56,58.09,1.05,1.67,149.94,dry_run,fault
pump,2.28,12.36,62.26,1.01,3.04,69.43,impeller_damage,fault
pump,2.26,15.11,84.47,0.89,3.8,226.34,bearing_failure,fault
pump,1.81,14.12,49.24,0.92,4.04,190.2,none,running
pump,1.89,20.51,75.61,0.91,4.44,134.41,clogging,fault
pump,3.17,11.69,95,0.91,4.16,214.92,bearing_failure,fault
pump,1.22,10.55,60.79,1.06,4.03,201.01,none,running
pump,2.03,15.92,57.15,0.31,2.98,169.61,cavitation,fault
pump,1.21,11.69,56.75,0.84,2.98,124.31,seal_leakage,running
pump,2.89,19.6,68.58,0.46,7,111.23,clogging,fault
pump,1.73,13.23,54.11,1.21,3.58,165.96,seal_leakage,running
pump,0.72,23.76,65.2,0.55,5.79,33.3,clogging,fault
pump,1.71,11.87,49.88,1.16,4.24,188.94,none,running
pump,1.46,13.2,59.43,1.13,4.49,195,none,running
pump,2.5,21,73.1,0.65,6.25,106.38,clogging,fault
pump,3.3,17.57,62.62,0.23,5.92,64.65,clogging,fault
pump,3.25,13.31,77.55,1.13,4.37,234.48,bearing_failure,fault
pump,1.49,17.34,64.21,1.16,1.51,139.05,bearing_failure,fault
pump,2.88,11.74,63.84,1.13,4.34,176.5,bearing_failure,warning
pump,2.3,11.46,64.83,0.81,2.89,130.03,seal_leakage,warning
pump,1.1,12.03,60.77,1.08,4.13,194.49,none,running
pump,1.47,24.14,73.6,0.3,4.59,139.76,clogging,fault
pump,2.1,20.26,73.59,0.47,6.04,65.12,clogging,fault
pump,2.62,13.83,64.95,0.74,5.46,89.97,clogging,warning
pump,0.76,13.33,63.75,1.13,2,200.77,none,warning
pump,2.34,16.23,65.04,0.69,4.54,111.89,clogging,warning
pump,3.31,13.82,66.29,0.68,2.14,177.62,cavitation,warning
pump,1.58,13.57,72.58,0.69,6.66,141.51,clogging,warning
pump,2.95,18.78,76.16,0.61,4.76,108.62,bearing_failure,fault
pump,2.95,12.52,62.39,0.82,2.12,130.53,cavitation,warning
pump,2.77,16.7,71.47,0.73,4.74,59.45,clogging,fault
pump,2.5,24.19,57.77,0.32,5.12,97.06,clogging,fault
pump,1.68,10.18,55.6,1.02,4.7,183.16,none,running
pump,2.36,19.93,60.02,0.81,4.62,62.5,clogging,fault
pump,2.47,16.12,66.07,1.12,1.72,99.76,impeller_damage,fault
pump,1.88,15.82,63.77,0.74,5.79,80.57,clogging,warning
pump,1.08,13.81,53.9,1.23,4.75,205.64,none,running
pump,2.22,21.83,73.19,0.44,5.06,39.93,clogging,fault
pump,1.89,16.02,52.9,1,4.09,268.36,none,warning
pump,2.96,18.38,77.12,1.18,3.66,263.55,bearing_failure,fault
pump,4.65,17.1,58.94,0.17,3.16,150.74,cavitation,fault
pump,4.58,15.61,52.48,0.83,2.59,187.9,cavitation,fault
pump,4.34,15.02,55.65,0.24,3.35,128.34,cavitation,fault
pump,2.08,17.92,63.54,0.8,2.96,108.25,impeller_damage,warning
pump,3.34,15.51,75.26,1,5.2,101.18,clogging,fault
pump,1.94,16.2,55.14,0.97,4.29,246.04,none,warning
pump,1.05,13.63,28.77,1.11,3.45,187.72,bearing_failure,running
pump,2.17,20.5,58.46,0.38,5.47,133.74,clogging,fault
pump,1.47,12.66,62.32,0.97,2.95,187.53,seal_leakage,running
pump,2.65,21.59,64.71,0.54,6.59,68.29,clogging,fault
pump,1.9,11.03,57.07,1.03,3.44,159.68,seal_leakage,running
pump,3.8,14.93,57.29,0.67,2.87,149.24,cavitation,fault
pump,0.94,15.85,70.78,1.02,2.02,143.58,impeller_damage,warning
pump,4.25,9.99,76.98,0.39,1.57,19.19,dry_run,fault
pump,2.68,20.46,63.86,0.94,4.93,77.83,clogging,fault
pump,2.69,16.52,67.22,0.67,1.96,189.41,cavitation,warning
pump,2.07,12.41,66.8,1.22,1.82,93.5,impeller_damage,warning
pump,1.87,13.32,53.34,1.13,3.66,207.89,seal_leakage,running
pump,1.72,25.09,65.25,0.69,4.6,41.27,clogging,fault
pump,1.07,11.08,53.09,1.01,4.34,236.55,none,running
pump,1.6,11.7,57.93,1.07,4.62,259.96,none,running
pump,3.05,11.64,59.66,1.08,4.45,163.3,bearing_failure,warning
pump,1.83,12.25,55.51,1.04,2.25,74.4,impeller_damage,fault
pump,1.07,15.85,58.61,0.87,3.46,211.44,seal_leakage,running
pump,1.96,16.6,62.04,0.76,4.83,112.51,clogging,warning
pump,1.16,15.07,60.95,1.18,3,140.37,seal_leakage,running
pump,3.29,12.1,84,0.05,1.72,61.35,dry_run,fault
pump,2.09,12.83,52.49,0.93,1.93,184.71,seal_leakage,warning
pump,5.08,15.53,67.34,0.17,3.5,173.44,cavitation,fault
pump,3.11,12.5,79.57,0.28,1.42,10.78,dry_run,fault
pump,2.67,6.35,90.44,0,1.08,13.77,dry_run,fault
pump,1.48,10.63,53.63,1.12,4.13,198.05,none,running
pump,2.34,12.84,62.95,0.83,2.38,146.46,impeller_damage,warning
pump,3.68,15.29,71.08,0.39,1.39,4.24,bearing_failure,fault
pump,1.26,12.67,56.19,1.17,4.39,222.72,none,running
pump,2.25,13.04,53.77,1.03,2.72,153.21,seal_leakage,warning
pump,1.52,16.63,61.39,1.05,1.89,147.75,impeller_damage,warning
pump,1.39,13.86,45.32,0.87,2.32,227,seal_leakage,warning
pump,1.43,14.7,66.88,0.99,1.79,102.3,impeller_damage,fault
pump,2.47,11.38,68.84,0,1.89,20.34,dry_run,fault
pump,2.22,11.67,67.84,0.37,3.32,107.09,cavitation,fault
pump,1.92,14.17,49.75,1.05,3.85,178.2,bearing_failure,running
pump,3.06,10.81,60.71,0.42,2.97,124.22,cavitation,fault
pump,2.77,18.22,57.01,0.71,5.62,107.22,clogging,warning
pump,1.41,18.15,61,0.89,1.51,160.82,impeller_damage,fault
pump,3.57,12.12,69.83,1.01,3.56,173.75,bearing_failure,fault
pump,1.07,14.55,56.2,1.01,2.76,167.85,seal_leakage,running
pump,1.95,15.48,52.48,0.35,2.52,143.22,cavitation,fault
pump,2.26,13.11,54.85,1.03,2.74,158.78,seal_leakage,warning
pump,1.55,11.82,48.65,1.04,2.56,131.67,seal_leakage,running
pump,1.81,15.22,56.93,0.93,3.93,267.64,none,running
pump,1.22,7.05,67.02,0.35,1.53,61.45,dry_run,fault
pump,3.69,12.98,92.07,0.07,0.78,72.75,dry_run,fault
pump,1.46,11.58,57.66,0.91,4.02,216.63,none,running
pump,1.8,13.04,63.95,0.26,3.65,99.74,cavitation,fault
pump,1.79,25.91,62.89,0.78,4.57,144.11,clogging,fault
pump,1.97,14.73,58.27,1.02,3.43,157.99,seal_leakage,running
pump,2.27,16.44,81.65,1.18,3.46,241.35,bearing_failure,fault
pump,4.36,12.08,84.37,0.05,0.43,57.16,dry_run,fault
pump,2.05,17.23,61.19,0.89,6.01,97.44,clogging,warning
pump,1.97,15.11,62.06,0.93,3.04,144.7,seal_leakage,running
pump,1.02,13.12,53.42,1.19,4.22,238.32,none,running
pump,1.05,10.92,56,1.07,3.65,186.88,seal_leakage,running
pump,2.39,15.18,68.83,0.93,3.73,229.42,bearing_failure,warning
pump,3.08,12.47,73.2,1.16,4.25,170.97,bearing_failure,warning
pump,2.46,16.88,78.16,1.19,4.12,249.51,bearing_failure,fault
pump,1.97,9.12,82.93,0.21,0.57,79.51,dry_run,fault
pump,3.07,10.15,71.8,0.41,1.34,45.6,dry_run,fault
pump,1.51,12.79,53.15,1.24,4.73,228.28,none,running
pump,1.43,11.67,56.56,1.01,4.03,244.16,none,running
pump,1.08,12.19,51.74,0.95,3.11,153.28,seal_leakage,running
pump,1.41,13.69,51.02,0.88,2.46,139.34,seal_leakage,warning
pump,1.52,14.03,55.78,1.03,4.51,240.89,none,running
pump,3.54,13.49,53.73,0.48,3.12,185.51,cavitation,fault
pump,2.03,12.39,63.04,0.83,3.11,204.76,seal_leakage,warning
pump,4.14,14.15,71.61,1.16,3.84,210.45,bearing_failure,fault
pump,0.86,14.54,55.16,0.78,3.26,201.43,seal_leakage,warning
pump,2.21,14.01,57.6,0.87,3.31,169.58,seal_leakage,warning
pump,3.33,14.02,55.35,0.27,3.43,129.1,cavitation,fault
pump,1.16,11.7,56.87,1.21,3.87,229.03,none,running
pump,1.3,15.31,52.91,1.14,4.54,213.69,none,running
pump,2,15.77,59.83,0.66,1.47,148.64,impeller_damage,fault
pump,1.06,16.43,54.86,0.93,2.88,129.42,seal_leakage,warning
pump,2.41,8.11,69.86,0.48,1.57,0,dry_run,fault
pump,1.7,14.07,82.16,0.45,1.27,37.19,dry_run,fault
pump,2.4,17.13,62.5,1.02,4.69,194.84,bearing_failure,warning
pump,3.45,14.68,68.27,1.02,3.77,194.76,bearing_failure,warning
pump,1.64,16.66,54.92,1.07,1.82,172.17,impeller_damage,warning
pump,3.51,9.04,83.97,0.14,0.16,21.77,dry_run,fault
pump,2.69,13.36,54.42,1.04,2.62,141.51,seal_leakage,warning
pump,1.38,9.14,50.26,1.16,4.08,181.21,none,running
pump,3.72,15.44,82.58,0.32,0,14.62,dry_run,fault
pump,1.87,12.15,55.87,1.03,4.24,227.04,none,running
pump,1.2,10,57.9,0.89,3.88,182.62,none,running
pump,1.79,15.48,63.04,0.86,4.47,212.81,bearing_failure,running
pump,0.42,17.43,56.57,1.06,3.83,239.37,none,warning
pump,2.42,18.74,53.95,0.72,1.94,164.07,impeller_damage,warning
pump,1.82,11.35,55.36,0.99,2.69,166.27,seal_leakage,running
pump,2.23,11.49,91.16,0.35,0.38,62.89,impeller_damage,fault
pump,2.74,18.56,70.95,0.71,6.6,98.69,clogging,warning
pump,1.18,8.47,86.01,0.12,0,29.07,dry_run,fault
pump,2.1,13.17,86.69,0.14,0.74,27.76,dry_run,fault
pump,1.8,14.69,55.18,0.81,3.84,172.86,seal_leakage,running
pump,2.47,17.28,69.4,1.07,1.51,144.34,impeller_damage,fault
pump,3.06,19.1,70.34,1.11,1.22,131.46,impeller_damage,fault
pump,3.45,13.51,67,1.03,3.33,95.75,impeller_damage,warning
pump,3.05,12.98,57.17,0.31,2.16,170.01,cavitation,fault
pump,3.2,16.46,58.66,1.14,3.67,248.41,bearing_failure,warning
pump,2.23,26.05,72.01,0.48,6.08,84.17,clogging,fault
pump,2.32,19.04,44.66,1.02,3.61,235.57,bearing_failure,warning
pump,2.48,16.41,47.31,0.96,4.32,208.6,bearing_failure,warning
pump,4.28,15.33,80.74,0.31,1.29,15.55,dry_run,fault
pump,1.81,11.58,80.88,0.92,4.84,194.18,bearing_failure,fault
pump,3.96,14.09,82.2,0.21,0.26,38.12,dry_run,fault
pump,1.02,18.99,66.31,0.51,6.24,134.09,clogging,warning
pump,1.68,13.69,50.12,1.28,3.6,234.26,none,running
pump,1.48,12.8,49.91,1.03,3.46,194.42,seal_leakage,running
pump,1.4,13.23,49.76,0.92,2.54,165.95,seal_leakage,running
pump,1.19,10.85,69.84,1.04,1.32,87.22,impeller_damage,fault
pump,2.77,12.71,71.22,0.1,1.79,17.57,dry_run,fault
pump,2,18.53,76.04,0.88,4.32,209.06,bearing_failure,fault
pump,2.09,12.36,60.67,1.02,2.42,194.68,seal_leakage,warning
pump,0.38,14.09,55.11,1.12,2.4,150.7,seal_leakage,warning
pump,3.01,16.65,66.94,0.4,2.9,193.67,cavitation,fault
pump,2.92,10.61,73.4,0.26,1.02,16.09,dry_run,fault
pump,1.28,11.14,51.41,0.89,2.19,132.79,seal_leakage,warning
pump,1.27,12.76,64.48,0.82,2.73,111.66,impeller_damage,warning
pump,4.6,14.33,56.46,0.53,3.52,161.66,cavitation,fault
pump,1.65,19.83,74.85,0.45,6.74,53.33,clogging,fault
pump,1.59,14.89,61.62,0.71,5.99,50.9,clogging,fault
pump,0.97,11.07,55.17,0.98,4.54,209.36,none,running
pump,3.39,13.02,56.12,0.67,3.19,111.69,cavitation,warning
pump,1.16,12.15,60.38,1.08,2.23,181.06,impeller_damage,warning
pump,1.87,21.18,64.81,0.88,4.61,106.56,clogging,fault
pump,1.68,19.72,73.34,0.62,5.1,107.9,clogging,warning
pump,1.99,13.8,57.1,1.02,4.03,201.81,seal_leakage,running
pump,1.56,15.24,69.21,1.11,3.21,165.31,impeller_damage,warning
pump,2.46,14.61,54.99,0.97,3.11,174.26,impeller_damage,warning
pump,1.75,11.82,55.32,1.12,4.2,186.43,none,running
pump,1.66,13.13,64.12,0.9,2.12,128.32,seal_leakage,warning
pump,2.14,12.03,56.8,1.15,2.25,154.15,seal_leakage,warning
pump,3.79,12.45,71.77,0.36,0.16,50.73,dry_run,fault
pump,2.33,14.12,61.44,0.69,2.95,130.91,impeller_damage,warning
pump,4.26,12.89,52.86,0.91,2.44,144.4,cavitation,fault
pump,1.25,14.5,38.46,0.94,4.38,229.78,bearing_failure,running
pump,2.21,13.71,60.6,0.97,2.75,161.36,seal_leakage,warning
pump,0.79,10.63,53.62,0.92,4,179.44,none,running
pump,2.91,13.21,91.04,0.4,0.61,29.58,dry_run,fault
pump,1.34,15.83,56.19,0.88,3.98,263.85,none,running
pump,3.08,10.21,85.02,0.16,0.74,0,dry_run,fault
pump,1.24,12.54,55.84,1.17,3.63,257.66,none,running
pump,4.79,8.43,75.27,0.14,0.99,97.2,dry_run,fault
pump,4.06,14.44,63.89,0.19,1.96,81.16,cavitation,fault
pump,3.86,10.55,82.68,0.4,1.15,48.36,dry_run,fault
pump,2.59,13.98,63.65,0.99,1.56,164.99,impeller_damage,fault
pump,2.14,19.79,65.82,1.18,1.4,135.31,impeller_damage,fault
pump,1.31,16.1,65.46,0.82,2.56,169.49,impeller_damage,warning
pump,1.74,10.7,59.5,1.07,3.34,158.76,impeller_damage,running
pump,1.55,15.27,55.26,1.23,4.27,253.36,none,running
pump,3.79,12.57,65.68,0.47,3.39,129.32,cavitation,fault
pump,3.31,14.59,65.64,0.93,4.06,238.1,bearing_failure,warning
pump,1.1,15.87,65.1,0.31,2.15,95,cavitation,fault
pump,1.65,9.53,78.37,0.05,0.61,62.75,dry_run,fault
pump,2.69,18.3,73.24,0.84,4.37,82.28,clogging,warning
pump,2.75,15.2,58.36,0.94,2.33,145.97,impeller_damage,warning
pump,4.58,15.22,69.74,0.12,1.43,1.66,dry_run,fault
pump,1.66,15.2,74.29,0.94,5.96,56.33,clogging,fault
pump,3.86,11.5,89.28,0.19,1.67,27.43,dry_run,fault
pump,3.87,14.37,74.78,1.01,4.13,219.85,bearing_failure,fault
pump,1.67,13.88,53.92,1.1,4.63,224.02,none,running
pump,1.93,19.06,60.63,1.12,1.8,178.15,impeller_damage,warning
pump,2.26,14.02,50.34,1.22,3.1,124.9,seal_leakage,warning
pump,2.43,12.24,83.98,0.29,1.31,21.75,dry_run,fault
pump,1.44,15.12,66.72,1,6.19,63.54,clogging,fault
pump,1.22,13.06,32.08,0.84,4.02,242.1,bearing_failure,running
pump,2.12,10.07,84.59,0.23,0.2,38.32,dry_run,fault
pump,1.29,11.13,52.3,1.13,4.25,198.79,none,running
pump,0.86,21.72,71.44,0.77,6.76,76.95,clogging,fault
pump,1.22,13.3,61.24,1.05,2.86,140.65,seal_leakage,running
pump,4.04,15.46,61.13,0.96,3.53,184.98,bearing_failure,fault
pump,1.57,12.63,54.39,1.11,3.79,229.79,none,running
pump,2.94,19.11,59.26,0.95,6.76,57.27,clogging,fault
pump,2.2,13.48,67.04,1.03,4.29,220.71,bearing_failure,warning
pump,4.04,14.15,62.21,0.83,3.25,180.53,cavitation,fault
pump,1.99,14.69,72.37,0.83,1.4,162.8,none,fault
pump,1.91,21.23,62.62,0.68,4.44,89.59,clogging,fault
pump,2.05,16.9,59.84,0.87,2.85,175.43,impeller_damage,warning
pump,1.9,11.82,53.49,1.19,3.01,149.74,seal_leakage,running
pump,5.97,14.36,61.86,0.26,3.51,113.78,cavitation,fault
pump,0.76,12.98,33.36,1.12,3.88,199.08,bearing_failure,running
pump,3.09,14.21,68.63,0.32,4.24,93.09,clogging,fault
pump,1.25,10.28,57.29,1.2,4.22,223.89,none,running
pump,1.5,13.47,36.62,0.79,3.85,212.66,bearing_failure,warning
pump,1.07,13.68,51.27,1.1,3.99,242.95,none,running
pump,4.45,15.44,55.9,0.18,2.93,140.93,cavitation,fault
pump,3.52,16.34,60.91,0.19,3.47,119.72,cavitation,fault
pump,1.49,15.85,51.15,1.2,4.63,251.25,none,running
pump,2.95,11.43,90.14,0.49,0.94,18.52,dry_run,fault
pump,1.51,15.54,58.98,0.77,1.62,117.59,impeller_damage,fault
pump,1.5,14.06,51.76,1.07,3.64,188.11,none,running
pump,1.86,13.35,76.24,0.37,1.83,17.61,dry_run,fault
pump,2.4,20.69,75.47,0.54,4.58,54.11,clogging,fault
pump,2.31,15.02,61.41,0.94,3.9,188.74,bearing_failure,warning
pump,2.19,10.87,52.23,1.15,2.76,210.42,seal_leakage,warning
pump,4.46,12.13,78.18,0.08,1.51,49.27,dry_run,fault
pump,1.3,15.11,52.59,0.96,3.96,239.87,none,running
pump,3.03,20.56,74.75,0.86,4.79,158.78,clogging,fault
pump,3.02,8.95,80.58,0.13,1.05,34.32,dry_run,fault
pump,3.24,9.8,67.18,0.1,0.67,22.06,cavitation,fault
pump,3.27,17.1,76.66,0.95,4.13,223.14,bearing_failure,fault
pump,4.19,14.85,62.42,0.6,2.3,83.67,cavitation,fault
pump,1.91,11.99,59,0.94,4.68,203.08,none,running
pump,0.94,26.01,60.76,0.53,5.78,104.51,clogging,fault
pump,1.55,12.14,70.68,0.19,1.12,9.85,dry_run,fault
pump,1.95,19.72,75.52,0.43,6.16,125.2,clogging,fault
pump,1.82,17.9,60.41,0.97,3.66,173.49,seal_leakage,warning
pump,0.93,11.64,55.5,0.98,2.67,193.96,seal_leakage,running
pump,1.24,14.33,66.88,0.72,6.76,95.62,clogging,warning
pump,2.5,21.17,70.78,0.52,4.84,132.26,clogging,fault
pump,2.17,7.63,79.33,0.19,1.28,64.63,dry_run,fault
pump,0.81,23.49,64.91,0.75,6.1,110.76,clogging,fault
pump,1.58,11.42,59.1,0.8,3.2,144.05,seal_leakage,running
pump,2.23,10.95,86.83,0.27,1.49,19.64,clogging,fault
pump,3.38,11.31,67.78,0.11,0.16,7.3,dry_run,fault
pump,5.26,13.95,86.87,0.18,1.19,24.87,dry_run,fault
pump,3.24,15.34,61.61,0.83,4.07,220.98,bearing_failure,warning
pump,1.21,10.59,56.98,1.05,4.14,214.27,none,running
pump,1.51,15.22,53.32,1.23,3.39,160.35,seal_leakage,running
pump,1.97,12.35,88.57,0.32,1.19,43.12,dry_run,fault
pump,1.68,11.58,58.52,0.99,4.14,184.48,none,running
pump,1.59,15.52,57.07,1.04,4.61,230.01,none,running
pump,1.89,17.91,69.91,0.98,2.08,157.41,impeller_damage,warning
pump,1.94,14.78,79.07,1.15,3.57,220.36,bearing_failure,fault
pump,3.87,17.55,81.13,1.22,3.69,195.59,bearing_failure,fault
pump,3.29,11.95,89.68,0.08,0.72,36.9,dry_run,fault
pump,2.01,20.98,72.17,0.67,5.02,93.28,clogging,fault
pump,2.71,13.41,66.04,0.62,3.1,88.89,cavitation,warning
pump,1.32,13.47,67.33,1.11,4.73,176.67,bearing_failure,warning
pump,3.24,16.27,68.3,0.87,1.48,185.54,impeller_damage,fault
pump,2.58,12.49,79.57,0.17,1.57,31.44,dry_run,fault
pump,2.97,14.26,56.84,0.79,2.75,92.1,impeller_damage,warning
pump,1.41,15.95,41.91,0.91,3.68,174.9,bearing_failure,running
pump,1.3,14.54,55.42,1.06,3.11,171.29,seal_leakage,running
pump,2.19,19.64,59.8,0.95,5.64,145.67,clogging,warning
pump,3.45,14.77,65.73,0.89,4.06,213.91,bearing_failure,warning
pump,1.83,13.86,68.52,0.86,4.32,206.89,bearing_failure,warning
pump,1.4,12.73,66.68,0.42,2.8,104.5,cavitation,fault
pump,2.89,16.34,56.91,0.53,2.55,202.2,cavitation,warning
pump,2.24,18.24,56.93,1.1,2,134.99,impeller_damage,warning
pump,1.58,13.33,49.01,0.93,4.22,216.46,bearing_failure,running
pump,2.63,15.2,61.49,0.37,6.42,58.74,clogging,fault
pump,1.76,11.85,52.45,0.78,3.2,120.9,cavitation,warning
pump,2.48,14.2,64.04,0.65,5.92,79.67,clogging,fault
pump,2.93,15.46,62.46,0.73,2.59,127.92,impeller_damage,warning
pump,3.72,10.99,94.13,0.17,0.94,46.89,dry_run,fault
pump,2.45,21.18,72.89,0.42,5.63,163.71,bearing_failure,fault
pump,2.09,11.13,59.48,0.93,2.14,119.94,seal_leakage,warning
pump,2.25,14.89,64.72,1.1,1.87,171.7,impeller_damage,warning
pump,1.43,10.34,58.03,1.24,4.05,210.3,none,running
pump,1.63,16.46,52.34,1.11,2.25,204.31,seal_leakage,warning
pump,3.09,13.08,66.55,1.05,3.8,184.69,bearing_failure,warning
pump,1.48,13.28,54.89,1.14,4.75,236.5,none,running
pump,2.45,15.88,83.91,0.88,4.23,219.09,bearing_failure,fault
pump,0.98,10.94,52.02,0.88,3.89,197.35,none,running
pump,2.64,12.33,54.79,0.13,2.65,88.9,cavitation,fault
pump,2.44,18.19,66.82,0.92,2.97,132.42,impeller_damage,warning
pump,1.59,12.99,62.15,1.19,2.44,153.73,seal_leakage,warning
pump,2.49,16.2,63.66,0.47,3.31,184.27,cavitation,fault
pump,2.69,11.54,54.7,0.45,3.03,120.41,cavitation,fault
pump,4.58,10.44,58.38,0.52,2.74,144.34,cavitation,fault
pump,1.65,18.83,59.63,0.91,3.63,226.22,bearing_failure,warning
pump,2,14.97,57.5,0.83,2.99,215.53,cavitation,running
pump,4.68,15.43,61.61,0.54,2.29,178.46,cavitation,fault
pump,2.39,10.16,91.76,0.3,0.55,31.67,dry_run,fault
pump,2.34,11.88,93.37,0.22,1.71,0,dry_run,fault
pump,1.34,14.27,60.38,1.12,2.47,146.63,seal_leakage,warning
pump,2.07,13.92,59.99,0.2,3.57,140.04,cavitation,fault
pump,4.3,15.78,61.91,0.53,3.53,187.86,cavitation,fault
pump,2.46,7.36,54.8,0.99,2.67,174.71,seal_leakage,warning
pump,2.83,8.51,81.22,0.21,1.14,28.74,dry_run,fault
pump,2.33,11.64,62.52,1.03,3.43,149.76,seal_leakage,warning
pump,3.2,13.99,79.82,0.95,4.02,177.99,bearing_failure,fault
pump,1.94,11.31,48.89,1.05,4.49,224.11,none,running
pump,1.2,6.46,78.67,0.44,1.32,56.15,dry_run,fault
pump,4.23,15.33,61.2,0.16,2.77,141.61,cavitation,fault
pump,2.17,15.93,62.37,0.96,2.32,83.08,impeller_damage,warning
pump,2.11,11.93,76.85,0.85,3.93,198.13,bearing_failure,fault
pump,2.6,16.81,70.5,0.27,0.59,65.18,dry_run,fault
pump,2.05,14.02,81.24,0.78,3.62,173.76,bearing_failure,fault
pump,4.62,12.55,61.82,0.64,3.22,120.28,cavitation,fault
pump,2.02,20.12,61.93,0.84,1.41,78.91,impeller_damage,fault
pump,2.26,13.99,53.24,0.9,3.02,128.85,impeller_damage,warning
pump,2.1,16.71,62.04,1.06,4,219.69,bearing_failure,warning
pump,1.03,15.77,52.79,0.95,3.47,198.86,seal_leakage,running
pump,1.97,16.15,65.91,0.94,2.01,174.64,impeller_damage,warning
pump,3.74,15.55,70.46,0.92,3.79,189.59,bearing_failure,fault
pump,3.26,11.68,68.29,1.03,2.71,109.14,impeller_damage,warning
pump,0.95,13.21,59.93,0.95,2.36,215.38,seal_leakage,warning
pump,4.66,11.96,69.04,0.09,0.04,39.2,dry_run,fault
pump,1.96,11.55,89.29,0.04,1.52,27.3,dry_run,fault
pump,2.88,18.06,55.66,0.96,1.49,144.5,impeller_damage,fault
pump,2.69,16.11,64.35,1.07,2.62,140.55,impeller_damage,warning
pump,4.4,9.76,73.11,0.2,1.2,88.44,dry_run,fault
pump,4.08,10.57,79.69,0.24,0.06,61.76,dry_run,fault
pump,2.65,19.73,57.68,0.46,5.58,115.74,clogging,fault
pump,1.36,13.45,60.24,0.96,3.81,213.51,seal_leakage,running
pump,2.82,18.1,74.76,0.56,5.49,124.04,clogging,warning
pump,2.9,13.58,69.48,0.89,3.81,207.25,bearing_failure,warning
pump,1.67,12.47,57.1,1.11,2.18,188.92,seal_leakage,warning
pump,2.99,9.14,91.62,0.14,0.2,15.99,dry_run,fault
pump,2.2,13.86,47.54,0.79,4.93,260.12,none,warning
pump,1.97,13.92,57.31,0.98,3.4,149.51,seal_leakage,running
pump,1.99,12.13,76.24,0.44,0.69,68.61,dry_run,fault
pump,2.24,13.94,67.29,1.07,2.63,127.03,impeller_damage,warning
pump,4.62,14.63,68.55,0.17,0.01,52.82,dry_run,fault
pump,3.63,16.99,73.9,0.93,4.2,188.56,bearing_failure,fault
pump,1.98,12.73,69.13,1,1.79,164.21,impeller_damage,fault
pump,3.96,10.94,73.53,0.06,1.52,25.27,dry_run,fault
pump,1.27,15.59,77.58,0.76,6.17,64.82,clogging,fault
pump,2.94,17.74,78.99,0.84,4.23,232.44,bearing_failure,fault
pump,1.14,11.54,47.94,1.08,3.85,215.06,none,running
pump,1.93,13.66,77.93,1.08,4.34,198.81,bearing_failure,fault
pump,1.59,20.3,67.01,0.87,6.02,73.99,clogging,fault
pump,2.19,16.67,75.85,0.46,5.33,86.87,clogging,fault
pump,2.05,22.18,62.3,1.01,4.8,107.49,clogging,fault
pump,4.52,15.78,58.07,0.68,3.95,110.9,cavitation,fault
pump,5.51,7.59,78.8,0.3,0.08,23.52,dry_run,fault
pump,1.86,12.8,60.84,0.91,3.14,186.45,seal_leakage,running
pump,1.86,20.8,65.43,0.69,2.19,160.69,impeller_damage,fault
pump,5.04,15.42,69.44,0.78,3.25,131.96,cavitation,fault
pump,1.24,14.43,64.92,0.87,6.72,84.51,clogging,warning
pump,2.6,12.46,73.82,1.06,3.69,200.54,bearing_failure,warning
pump,1.7,11.36,63.53,1.16,3.68,183.76,seal_leakage,running
pump,0.88,17.16,71.17,0.47,4.63,87.97,clogging,fault
pump,2.34,20.96,65.95,0.71,4.63,117.39,clogging,fault
pump,1.85,17.22,56.54,0.5,4.7,114.46,clogging,warning
pump,1.78,13.26,56.12,0.92,2.54,195.24,seal_leakage,running
pump,1.71,11.69,56.57,1.12,4.39,229.18,none,running
pump,1.26,12.05,56.35,1.11,3.08,215.48,seal_leakage,running
pump,1.4,14.44,56.36,0.95,2.27,178.65,seal_leakage,warning
pump,1.39,14.61,58.95,0.86,2.92,137.49,seal_leakage,running
pump,3.12,12.89,64.31,0.41,2.61,94.83,cavitation,fault
pump,1.12,15.93,63.04,0.77,1.41,117.49,impeller_damage,fault
pump,4.85,15.09,53.91,0.67,2.89,113.57,cavitation,fault
pump,2.78,10.25,58.19,0.73,3.06,168.94,cavitation,warning
pump,1.92,12.69,83.81,0,0.81,62.8,dry_run,fault
pump,3.03,21.2,69.34,0.6,4.97,123.82,clogging,fault
pump,2.21,17.94,69.97,0.38,5.37,109.65,clogging,fault
pump,2.79,17.78,67.57,0.78,1.75,87.34,impeller_damage,fault
pump,4.31,14.03,61.98,0.42,2.56,187.95,cavitation,fault
pump,3.3,12.39,70.06,1.1,3.73,196.99,bearing_failure,warning
pump,0.7,14.35,77.43,0.44,6.29,118.98,clogging,fault
pump,4.22,16.84,62.01,0.39,3.07,181.79,cavitation,fault
pump,3.68,8.99,81.96,0.11,1.03,68.39,dry_run,fault
pump,1.51,23.8,60.79,0.6,5.59,93.39,clogging,fault
pump,1.91,12.54,54.62,1.03,3.99,279.97,none,running
pump,2.77,15.27,65.66,1.19,4.51,262.63,bearing_failure,warning
pump,1.12,10.43,57.39,0.84,3.65,142.18,seal_leakage,running
pump,2.05,15.36,62.05,0.85,4.28,271.3,bearing_failure,warning
pump,2.7,21.06,69.21,0.83,5.02,55.92,clogging,fault
pump,1.83,13.54,59.97,1.03,3.97,262.9,none,running
pump,2.33,17.02,77.88,0.44,5.31,147.09,clogging,fault
pump,1.97,11.97,81.86,0.19,0.34,7.91,dry_run,fault
pump,2.54,17.87,76.18,0.84,4.66,117.57,clogging,fault
pump,2.07,9.79,48.51,1.16,4.02,187.88,none,warning
pump,1.93,19.18,74.26,0.83,4.7,87.37,clogging,warning
pump,2.37,12.48,41.88,1.08,3.71,223.06,bearing_failure,warning
pump,1.68,17.32,57.85,1.07,2.9,175.63,impeller_damage,warning
pump,1.98,17.23,57.85,0.59,2.74,106.95,cavitation,warning
pump,2.96,17.84,73.22,0.56,4.42,130.21,bearing_failure,warning
pump,1.67,10.99,50.06,0.86,3.66,218.55,none,running
pump,4.42,15.21,57.51,0.82,3.62,140,cavitation,fault
pump,2.57,15.34,70.41,0.9,4.08,253.73,bearing_failure,warning
pump,3.7,18.77,63.99,1.19,2.43,80.25,impeller_damage,fault
pump,1.72,12.87,40.98,1.17,4,184.99,bearing_failure,running
pump,1.46,11.85,50.4,1.03,4.17,167.32,none,running
pump,2.06,9.78,88.25,0.29,0.1,46.67,dry_run,fault
pump,3.33,16.09,62.55,0.71,3.25,144.67,cavitation,warning
pump,3.72,8.02,84.37,0.33,0.52,85.13,dry_run,fault
pump,2.52,10.21,72.43,1.15,4.1,172.75,bearing_failure,warning
pump,1.28,13.55,63.37,1.07,2.58,174.87,seal_leakage,running
pump,2.12,14.86,77.51,0.9,2.04,59.57,impeller_damage,fault
pump,5.38,14.91,53.76,0.41,2.88,103.19,cavitation,fault
pump,1.17,13.33,68.03,1.05,2.97,132.74,impeller_damage,warning
pump,1.49,15.67,49.89,1.18,4.12,272.75,none,running
pump,1.84,13.28,56.84,1.07,4.5,280.04,none,running
pump,1.55,12.24,52.33,0.89,3.5,153.5,seal_leakage,running
pump,0.97,15.75,47.65,1.06,3.98,284.25,none,running
pump,1.88,9.73,79.03,0.18,1.55,38.05,dry_run,fault
pump,1.55,15.3,66.11,1.05,1.88,101.61,impeller_damage,warning
pump,1.37,12.44,51.85,1.06,2.06,161.79,seal_leakage,warning
pump,1.61,13.76,50.98,0.9,2.2,195,seal_leakage,warning
pump,4.49,15.78,85.24,0.23,0.69,64.83,dry_run,fault
pump,4.37,12.05,87.99,0.16,1.57,48.28,dry_run,fault
pump,4.94,12.83,61.15,0.16,3.38,93.26,cavitation,fault
pump,1.23,12.86,60.76,0.8,2.38,165.52,seal_leakage,warning
pump,1.53,12.48,54.22,0.8,2.36,203.19,seal_leakage,warning
pump,2.74,17.03,72.87,0.97,5.08,68.13,clogging,fault
pump,1.8,18.56,58.66,1.1,4.28,249.06,bearing_failure,warning
pump,2,14.09,81.12,1.18,4.23,258.3,bearing_failure,fault
pump,4.38,16.33,63.97,0.82,2.95,188.34,cavitation,fault
pump,2.8,19.77,72.26,0.91,3.08,125.66,impeller_damage,warning
pump,1.33,12.85,54.59,1.14,4.51,255.42,none,running
pump,3.43,16.12,52.61,0.38,3.49,149.46,cavitation,fault
pump,2.62,13.47,53.76,0.83,2.58,157.42,seal_leakage,warning
pump,4.18,13.43,64.59,0.41,3.24,138.01,cavitation,fault
pump,1.59,23.03,72.77,0.84,6.61,125.89,clogging,fault
pump,1.68,12.91,55.63,1.21,2.28,176.29,seal_leakage,warning
pump,5.56,15.79,56.53,0.77,2.88,89.83,cavitation,fault
pump,2.29,14.43,59.04,1.11,1.95,153.99,impeller_damage,warning
pump,3.47,11.01,58.38,0.97,3.79,180.16,bearing_failure,warning
pump,1.46,12.59,56.8,1.1,2.21,128.31,impeller_damage,warning
pump,1.85,10.21,51.06,0.92,4.36,170.73,none,running
pump,1.63,15.85,68.31,0.89,1.85,93.51,impeller_damage,warning
pump,2.67,18.97,71.85,0.8,5.74,82.25,clogging,warning
pump,2.21,19.5,78.51,0.95,4.28,81.08,clogging,fault
pump,1.14,13.85,55.37,0.91,2.85,129.68,impeller_damage,running
pump,1.49,16.27,63.92,0.68,5.75,103.97,clogging,warning
pump,3.44,14.88,56.71,0.45,3.7,192.67,cavitation,fault
pump,1.47,18.07,65.57,1.05,3.19,180.32,impeller_damage,warning
pump,1.12,14.28,56.93,1.16,4.56,225.8,none,running
pump,3.27,11.32,66.83,0.39,1.11,22.45,dry_run,fault
pump,1.27,11.19,48.99,1.29,4.5,202.66,none,running
pump,1.04,13.05,58.6,1.12,4.56,272.64,none,running
pump,2.52,13.34,77.62,0.38,0.65,50.24,dry_run,fault
pump,2.61,12.58,78.13,0.31,1.66,34.15,cavitation,fault
pump,2.48,15.41,65.19,0.86,3,123.91,impeller_damage,warning
pump,1.37,23.22,62.93,0.92,6.05,92.16,clogging,fault
pump,1.74,18.16,64.29,0.9,2.69,167.79,impeller_damage,warning
pump,2.53,18.87,56.46,0.95,3.2,124.29,impeller_damage,warning
pump,1.08,12.58,56.37,0.94,1.37,146.13,impeller_damage,fault
pump,3.12,10.93,66.7,1.19,1.55,166.7,impeller_damage,fault
pump,2.03,19.32,78.75,0.71,4.33,96.41,clogging,fault
pump,2.07,16.22,63.13,1.07,2.74,133.09,seal_leakage,warning
pump,2.04,9.26,88.9,0,1.02,50.89,dry_run,fault
pump,1.74,13.55,90.03,0.33,1.09,35.94,dry_run,fault
pump,0.92,13.73,64.83,0.92,3.57,155.98,seal_leakage,running
pump,1.08,16.68,32.87,1.19,4.07,261.05,bearing_failure,warning
pump,2.6,14.27,66.21,0.83,2.82,187.56,impeller_damage,warning
pump,3.81,17.03,74.77,0.92,4.03,200.04,bearing_failure,fault
pump,4.76,12.88,58.25,0.43,2.52,179.65,cavitation,fault
pump,1.55,13.05,88.16,0.24,0.12,51.85,dry_run,fault
pump,3.16,17.8,55.93,0.34,2.95,131.14,cavitation,fault
pump,1.05,12.55,60.99,1.04,4.2,214.86,none,running
pump,1.31,13.02,49.81,0.94,4.54,207.63,none,running
pump,2.4,16.18,74.78,0.42,6.28,156.5,clogging,fault
pump,2.13,13.21,61.43,0.83,3.68,135.77,seal_leakage,warning
pump,1.82,12.74,49.28,1.1,3.61,207.05,clogging,running
pump,2.94,13.38,74.27,0.23,1.77,29.47,dry_run,fault
pump,1.1,11.02,54.15,0.87,4.54,214.82,none,running
pump,1.45,12.78,60.9,0.95,4.49,214.64,none,running
pump,1.45,17.04,59.96,0.96,5.81,95.93,clogging,warning
pump,1.75,13.5,54.84,1.01,2.71,143.17,seal_leakage,running
pump,2,14.04,72.1,1.14,3.82,249.28,bearing_failure,warning
pump,3.47,17.68,79.63,1.13,3.93,223.44,clogging,fault
pump,0.99,16.47,35.27,1.04,3.77,226.59,bearing_failure,warning
pump,2.25,11.47,73.61,0.98,2.55,101.85,impeller_damage,warning
pump,1.56,22.38,66.09,0.8,6.22,148.11,clogging,fault
pump,1.89,13.54,68.57,0.61,3.57,146.29,cavitation,warning
pump,1.37,11.71,56.39,1.17,3.91,244.26,none,running
pump,2.15,19.91,69.16,0.83,2.1,108.41,impeller_damage,warning
pump,3.06,13.29,55.17,0.57,3.65,161.61,cavitation,warning
pump,1.83,10.32,50.2,1.15,4.08,201.63,none,running
pump,3.86,18.24,66.12,0.61,3.7,150.49,cavitation,fault
pump,4.45,18.2,64.27,0.27,1.99,137.1,cavitation,fault
pump,2.15,13.13,53.83,0.84,2.58,169.45,seal_leakage,warning
pump,1.97,11.69,60.8,0.97,3.53,193.14,seal_leakage,running
pump,5.05,12.38,62.32,0.86,2.53,163.2,cavitation,fault
pump,1.56,12.73,46.93,0.85,3.96,190.07,none,running
pump,3.06,13.14,59.37,0.59,3.39,141.45,cavitation,warning
pump,1.02,12.34,58.7,1.22,3.53,147.01,seal_leakage,running
pump,1.49,11.98,57.79,0.88,3.22,155.43,cavitation,running
pump,1.29,17.25,52.65,1.12,3.3,190.61,seal_leakage,warning
pump,1.86,10.69,59.45,1.14,1.68,112.81,impeller_damage,fault
pump,0.96,9.4,79.8,0.3,1.29,23.24,dry_run,fault
pump,2.35,14.76,61.93,0.79,3.26,139.69,cavitation,warning
pump,2.23,22.03,64.31,0.97,5.5,91.91,clogging,fault
pump,1.68,12.84,50.38,0.83,2.7,188.01,seal_leakage,running
pump,4.57,11.06,77.74,0.23,1.65,35.21,dry_run,fault
pump,2.27,9.86,91.59,0.08,1.42,104.66,dry_run,fault
pump,2.92,11.77,65.27,0.42,3.67,112.02,cavitation,fault
pump,2.02,13.46,73.75,0.81,4.9,64.33,clogging,fault
pump,2.36,11.37,71.36,0.92,1.31,180.52,impeller_damage,fault
pump,0.78,15.81,68.68,0.88,2.67,148.17,impeller_damage,warning
pump,0.92,12.87,58.15,1.17,3.59,204.24,seal_leakage,running
pump,2.85,14.5,55.58,0.26,2.05,146.34,cavitation,fault
pump,1.78,15.67,77.65,0.87,4.29,203.2,bearing_failure,fault
pump,1.68,18.56,60,0.97,5.28,126.15,clogging,warning
pump,0.71,16.02,62.85,1.14,3.44,176.08,seal_leakage,warning
pump,3.06,10.54,64.59,0.36,2.42,116.43,cavitation,fault
pump,3.52,10.61,66.49,0.22,2.84,188.65,cavitation,fault
pump,1.28,10.61,56.47,0.9,4.61,218.59,none,running
pump,1.86,12.06,54.32,0.43,2.41,117.49,cavitation,fault
pump,1.56,21.79,55.99,1.18,1.96,69.65,impeller_damage,fault
pump,1.77,22.3,74.74,0.59,5.31,121.88,clogging,fault
pump,2.12,8.39,78.23,0.41,1.69,57.39,dry_run,fault
pump,1.25,16.8,55.86,0.95,4.3,277.58,none,warning
pump,3.86,18.55,58.05,0.28,2.6,176.78,cavitation,fault
pump,4.62,10.9,71.14,0.19,0.08,33.69,dry_run,fault
pump,3.38,15.69,81.66,0.94,4.53,221,bearing_failure,fault
pump,1.9,11.46,69.52,0.25,0.22,22.91,dry_run,fault
pump,2.83,10.69,75.28,0.11,1.39,61.99,dry_run,fault
pump,1.92,17.9,67.18,0.75,1.95,124.87,cavitation,warning
pump,1.8,11.19,53.43,1.22,4.51,178.93,none,running
pump,3.3,14.23,69.26,0.9,2.13,123.15,clogging,warning
pump,3.12,6.58,71.53,0.15,0.75,11.08,dry_run,fault
pump,2.93,13.87,53.44,0.79,2.66,154.36,impeller_damage,warning
pump,3.52,18.86,63.23,0.73,2.58,158.36,impeller_damage,fault
pump,2.11,7.28,79.4,0.2,1.52,53.23,dry_run,fault
pump,2.69,18.68,56.63,0.2,2.87,130.96,cavitation,fault
pump,3.55,15.86,68.42,1.07,3.26,79.49,impeller_damage,fault
pump,1.41,14.84,40.39,1.02,3.84,205.5,bearing_failure,running
pump,1.62,14.34,39.07,1.04,3.81,201.51,bearing_failure,running
pump,1.33,9.73,55.46,0.98,3.72,196.37,seal_leakage,running
pump,1.29,14.53,56.66,1.08,4.3,262.22,none,running
pump,2.89,15.24,60.83,0.83,4.21,225.98,bearing_failure,warning
pump,2.87,13.88,77.21,0.16,1.51,0,dry_run,fault
pump,2.3,19.09,62.62,0.97,4.18,242.95,bearing_failure,warning
pump,0.52,15.75,61.67,1,2.3,130.85,seal_leakage,warning
pump,1.29,14.45,61.52,1.04,3.88,179.12,seal_leakage,running
pump,3.64,12.97,88.65,0.04,0.89,60.15,dry_run,fault
pump,4.18,14.21,86.58,0.99,4.35,203.7,bearing_failure,fault
pump,3.2,15.98,84.17,0.9,4.04,248.34,bearing_failure,fault
pump,2.88,8.8,92.68,0.5,1.74,60.4,dry_run,fault
pump,1.75,12.74,76.18,0.2,1.09,24.12,dry_run,fault
pump,1.64,12.01,57.09,0.84,3.52,146.91,seal_leakage,running
pump,1.43,16.27,52.27,1.12,3.96,260.18,none,warning
pump,3.3,12.11,57.22,0.43,3.14,179.34,cavitation,fault
pump,0.99,13.43,37.66,1.08,3.84,190.31,bearing_failure,running
pump,3.2,8.64,86.89,0.22,0.43,35.26,dry_run,fault
pump,5.11,16.75,66,0.48,2.98,181.84,cavitation,fault
pump,4.06,14.25,72.08,0.44,1.72,48.74,dry_run,fault
pump,2.74,16.64,60.03,0.75,5,68.83,clogging,fault
pump,3.52,17.24,60.82,0.79,3.11,135.5,cavitation,fault
pump,2.08,21.95,65.36,0.74,5.9,67.76,clogging,fault
pump,2.48,22.05,67.3,0.64,5.06,87.94,clogging,fault
pump,1.14,10.78,53.24,1.2,4.01,195.43,none,running
pump,1.33,12.08,49.77,0.9,4.33,191.74,none,running
pump,2.68,11.22,67.66,0.25,1.95,16.36,dry_run,fault
pump,3.01,18.03,65.73,0.99,2.4,133.82,impeller_damage,warning
pump,1.22,14.89,50.92,0.99,2.81,147.1,seal_leakage,running
pump,1.07,11.74,54.92,0.99,4.21,127.41,seal_leakage,running
pump,2.81,17.41,65.03,0.94,6.52,144.14,clogging,warning
pump,1.6,10.95,56.94,1.17,4.01,248.29,none,running
pump,0.95,13.11,51.44,1.15,4.35,247.14,none,running
pump,1.01,14.69,51.88,1.16,3.92,290.57,none,running
pump,2.93,13.33,93.67,0.36,1.24,28.81,dry_run,fault
pump,1.55,14.82,48.88,0.93,2.94,201.97,seal_leakage,running
pump,1.41,11.78,57.33,1.21,4.57,223.73,none,running
pump,2.64,18.47,59.34,0.94,2.2,163.81,impeller_damage,warning
pump,1.98,15.59,74.24,0.47,5.85,121.37,clogging,fault
pump,2.38,7.46,78.68,0.24,0.38,0,dry_run,fault
pump,1.26,12.52,56.11,1.13,4.64,225.4,none,running
pump,2.06,20.43,55.66,1.19,1.9,100.97,impeller_damage,fault
pump,1.22,12.79,48.27,1.14,3.67,227.96,none,running
pump,2.39,12.47,61.35,0.66,2.41,79.29,cavitation,fault
pump,2.16,14.18,58.65,1.2,1.62,166.61,impeller_damage,fault
pump,0.85,14.31,39.56,0.97,4.25,202.23,bearing_failure,running
pump,2.01,12.82,57.26,1.14,2.51,184.36,seal_leakage,warning
pump,1.49,14.96,57.2,1.01,3.17,214.49,seal_leakage,running
pump,0.96,17.02,57.4,0.49,2.41,137.37,cavitation,fault
pump,3.22,17.43,64.78,0.37,4.33,65.23,clogging,fault
pump,2.78,16.47,58.41,0.98,2.19,127.52,impeller_damage,warning
pump,2.59,11.95,56.07,1.18,3.61,153.9,seal_leakage,warning
pump,1.93,14.79,60.81,1.11,2.75,171.99,seal_leakage,running
pump,1.65,14.21,59.39,0.83,3.01,127.23,cavitation,running
pump,1.91,14.39,67.04,0.95,2.4,132.54,impeller_damage,warning
pump,3.81,13.83,85.77,0.1,0.8,74.17,dry_run,fault
pump,1.75,12.05,56.36,1.04,3.99,232.14,none,running
pump,1.51,13.86,59.2,1.05,3.12,150.46,seal_leakage,running
pump,2.3,15,54.25,1.06,3.46,206.4,bearing_failure,warning
pump,3.97,12.04,71.59,0.44,1.11,54.17,none,fault
pump,1.07,12.84,55.07,1.25,3.49,136.75,seal_leakage,running
pump,2.06,8.39,68.97,0.24,1.21,50.99,dry_run,fault
pump,1.86,17.05,63.17,0.77,2.85,105.42,impeller_damage,warning
pump,3.5,19.25,60.15,1.04,4.13,220.51,bearing_failure,warning
pump,1.47,10.97,58.71,0.93,3.61,148.32,clogging,running
pump,1.04,12.59,50.12,0.99,4.42,179.89,none,running
pump,1.4,14.8,47.03,1.22,4.61,231.66,none,running
pump,2,14.91,79.86,0.35,0.54,25.76,dry_run,fault
pump,1.06,12.4,55.13,0.85,2.43,197,seal_leakage,warning
pump,1.4,13.09,49.67,1.12,4.12,223.95,none,running
pump,3.56,14.51,70.14,0.3,0.05,98.52,dry_run,fault
pump,1.31,10.52,58.61,1.06,4.37,190.26,none,running
pump,2.12,12.4,57.42,0.97,2.82,141.19,impeller_damage,warning
pump,2.13,11.73,82.38,1.06,3.66,195.95,bearing_failure,fault
pump,3.49,12.11,76.5,0.97,3.87,197.73,bearing_failure,fault
pump,3.81,10.09,67.92,0.41,0.23,58.66,dry_run,fault
pump,1.27,10.59,58.31,0.92,3.96,174.06,none,running
pump,2.12,12.86,63.99,0.2,2.62,86.24,cavitation,fault
pump,2.15,9.39,89.62,0.47,1.57,12.05,dry_run,fault
pump,2.57,15.31,52.71,0.93,2.53,135.51,impeller_damage,warning
pump,3.26,14.73,68.48,1.06,4.52,252.12,bearing_failure,warning
pump,1.26,15.01,59.88,0.98,2.68,203.88,seal_leakage,running
pump,1.05,15.48,58,1.19,4.49,250.51,none,running
pump,1.71,23.65,76.01,0.94,6.42,117.82,clogging,fault
pump,3.1,9.48,74.26,0.21,1.31,0,dry_run,fault
pump,2.01,11.43,41.01,1.13,3.85,218.13,bearing_failure,warning
pump,1.8,19.07,74.41,0.86,5.04,141.3,clogging,warning
pump,1.39,12.06,49.43,1.16,4.18,213.5,none,running
pump,4.06,12.69,56.05,0.42,3.75,156.4,cavitation,fault
pump,1.63,13.02,60.39,0.95,3.48,175.68,seal_leakage,running
pump,2.5,10.49,77.76,0.41,0.95,1.39,dry_run,fault
pump,2.88,17.56,73.06,1.04,4.35,90.04,clogging,warning
pump,2.4,14.35,66.48,0.48,3.35,171.82,cavitation,fault
pump,3.44,11.25,94.35,0.42,1.8,12.43,dry_run,fault
pump,2.33,14.98,54.3,1.1,1.53,160.86,impeller_damage,fault
pump,1.26,14.2,60.55,0.92,3.48,181.35,seal_leakage,running
pump,3.02,17.73,60.13,0.88,4.39,243.33,bearing_failure,warning
pump,2.85,14.37,75.56,1.02,4.36,252.86,bearing_failure,fault
pump,1.27,9.37,66.46,0.23,2.03,75.33,dry_run,fault
pump,2.58,13.15,58.95,0.46,2.87,177.97,cavitation,fault
pump,3.51,14.38,61.44,0.98,4.25,258.04,bearing_failure,fault
pump,1.83,10.43,53.85,0.98,3.15,172.43,seal_leakage,running
pump,1.86,24.18,71.48,0.52,6.05,42.99,clogging,fault
pump,0.94,14.63,55.88,0.85,3.87,192.85,seal_leakage,running
pump,1.25,11.82,57.7,1.01,4.19,216.8,none,running
pump,2.58,14.53,60.13,0.55,3.19,131.1,cavitation,warning
pump,4.25,11.42,60.96,0.46,2.82,93.58,cavitation,fault
pump,1.67,12.6,57.32,0.95,1.73,103.85,impeller_damage,fault
pump,3.34,6.71,89.48,0.15,0.4,66.52,dry_run,fault
pump,2.92,20.03,72.33,0.72,5.1,63.92,clogging,fault
pump,1.39,11.99,58.07,0.87,3.01,164.27,seal_leakage,running
pump,4.62,17.03,53.89,0.35,2.57,82.38,cavitation,fault
pump,2.62,16.89,58.63,0.22,3.09,127.87,cavitation,fault
pump,2.58,15.11,79.47,0.15,0.92,19.94,dry_run,fault
pump,2.04,15.99,67.54,0.45,4.79,157.94,clogging,fault
pump,3.16,18.94,78.88,0.88,5.26,112.39,cavitation,fault
pump,1.57,14.44,60.1,1.13,1.94,146.33,impeller_damage,warning
pump,1.26,13.74,60.68,0.82,2.54,174.85,impeller_damage,running
pump,1.71,13.12,95,0.28,0.48,57.88,dry_run,fault
pump,2.77,20.23,64.28,0.44,6.18,54.05,clogging,fault
pump,1.2,13.54,55.8,1.08,3.93,255.63,none,running
pump,3.88,10.46,71.09,0.22,0.62,6.52,dry_run,fault
pump,1.12,14.22,59.42,0.91,2.5,140.49,seal_leakage,running
pump,2.11,17.34,63.79,0.45,5.79,122.28,clogging,fault
pump,1.6,11,49.95,0.91,4.12,230.98,none,running
pump,2.65,18.98,60.9,0.57,4.82,94.18,clogging,warning
pump,2.57,18.39,60.54,0.65,5.82,143.26,clogging,warning
pump,2.32,17.22,76.73,0.71,5.35,119.26,clogging,fault
pump,2.75,12.06,83.36,0.94,3.59,158.74,bearing_failure,fault
pump,1.34,11.54,55.09,1.24,4.22,224.04,none,running
pump,3.46,12.91,55.23,0.84,2.09,139.5,impeller_damage,warning
pump,1.38,11.73,55.2,1.09,3.87,204.67,none,running
pump,2,13.13,61.9,0.83,3.63,217.46,seal_leakage,running
pump,1.55,12.9,81.97,1.12,3.43,236.67,bearing_failure,fault
pump,0.63,13.47,50.26,1.02,3.14,130.11,seal_leakage,running
pump,1.92,15.49,62.62,0.84,1.97,124.57,impeller_damage,warning
pump,3.83,13.98,62.5,0.32,2.7,102.54,cavitation,fault
pump,2.88,14.86,67.97,0.18,3.25,132.94,cavitation,fault
pump,1.8,11.68,64.18,1.03,2.97,159.6,seal_leakage,running
pump,2.61,10.12,86.69,0.4,0.31,71.22,dry_run,fault
pump,1.89,16.61,66.34,0.72,2.3,138.89,impeller_damage,warning
pump,1.62,13.13,54,1.22,4.41,221.01,none,running
pump,2.83,18.21,57.31,0.69,5.17,102.74,clogging,warning
pump,2.69,10.77,65.39,0.95,2.12,190.08,impeller_damage,warning
pump,1.77,14.57,67.11,0.42,3.29,180.16,cavitation,fault
pump,4.6,6.38,87.95,0.14,0.92,54.77,dry_run,fault
pump,1.7,11.02,57.09,1.19,4.19,166.67,none,running
pump,1.82,15.26,51.69,0.89,3.17,197.46,seal_leakage,running
pump,0.89,14.64,63.24,0.91,3.08,191.85,seal_leakage,running
pump,0.49,13.73,59.08,1.01,3.17,214.85,seal_leakage,running
pump,2.34,17.86,64.55,1.2,3.65,238.72,bearing_failure,warning
pump,4.74,13.4,62.81,0.45,3.53,210.26,cavitation,fault
pump,2.16,14.54,81.99,1.28,3.76,168.26,bearing_failure,fault
pump,2.74,14.31,54.69,0.46,2.17,92.8,cavitation,fault
pump,3.39,11.78,58.58,0.54,2.22,154.35,cavitation,warning
pump,2.03,11.3,59.75,1.05,2.88,192.68,seal_leakage,warning
pump,0.92,13.67,51.96,0.93,3.07,192.58,seal_leakage,running
pump,3.94,19.49,85.79,0.92,4.49,264.04,bearing_failure,fault
pump,1.42,11.17,55.06,1.11,4.07,192.42,none,running
pump,2.38,13.89,61.36,0.89,3.37,110.49,impeller_damage,warning
pump,2.86,15.58,59.06,0.3,2.55,150.18,cavitation,fault
pump,3.31,15.17,64.57,0.35,3.4,115.62,cavitation,fault
pump,1.34,14.81,58.62,0.94,4,256.86,none,running
pump,1.54,17.32,71.64,0.96,5.41,120.95,clogging,warning
pump,3.17,15.02,68.72,0.35,3.23,118.13,cavitation,fault
pump,1.01,12.47,54,1.01,4.15,174.79,none,running
pump,3.72,15.29,69.87,1.09,4.08,205.25,bearing_failure,fault
pump,1.19,13.88,56.73,0.95,4.06,286.18,none,running
pump,0.92,11.54,55.38,0.96,4.63,237.32,none,running
pump,1.47,14.76,59.97,1.16,4.3,246.27,none,running
pump,1.36,11.69,60.05,1.09,4.63,203.61,none,running
pump,2.38,12.54,50.99,1.04,3.32,149.27,seal_leakage,warning
pump,4.77,9.19,76.48,0.3,0.96,65.51,dry_run,fault
pump,1.43,14.5,53.68,1.01,4.51,229.82,none,running
pump,2.94,12.1,62.55,1.13,3.95,217.4,bearing_failure,warning
pump,1.55,13.48,33.76,0.89,3.54,163.38,bearing_failure,running
pump,2.85,17.94,68.62,0.94,5.76,88.5,clogging,warning
pump,2.35,19.58,73.87,0.53,5.27,121.46,clogging,warning
pump,2.53,17.64,61.52,0.72,5.21,88.57,clogging,warning
pump,0.92,12.83,52.28,1.1,2.89,139.12,seal_leakage,running
pump,3.85,15.38,53.96,0.31,2.37,146.78,cavitation,fault
pump,3.42,15.95,65.98,1.01,4.14,220.99,bearing_failure,warning
pump,3.68,15,58.45,0.83,2.47,187.56,cavitation,fault
pump,1.27,13.23,52.39,1.15,3.46,189.28,seal_leakage,running
pump,1.29,12.27,63.4,1.09,2.65,124.78,seal_leakage,running
pump,2.18,15.85,71.81,0.05,0.27,36.04,dry_run,fault
pump,4.24,14.12,70.98,0.19,1.76,21.57,dry_run,fault
pump,3.73,11.44,66.98,0.25,1.31,57.53,dry_run,fault
pump,1.3,10.27,56.67,1.05,3.92,202.88,none,running
pump,1.49,16.07,57.43,1.02,2.04,103.48,impeller_damage,warning
pump,2.65,10.76,66.9,0.11,0.55,1.73,dry_run,fault
pump,1.01,16.67,31.77,1.18,4.16,188.74,bearing_failure,warning
pump,1.12,13.15,47.17,0.99,3.79,234.46,none,running
pump,2.46,16.35,54.13,1.15,2.86,142.9,impeller_damage,warning
pump,1.54,8.89,80.86,0.24,1.1,61.45,dry_run,fault
pump,3.24,17.42,71.78,1.06,4.22,181.56,bearing_failure,warning
pump,1.22,11.4,60.83,0.91,4.3,176.35,none,running
pump,1.99,18.85,80.1,0.66,4.53,142.37,clogging,fault
pump,1.26,15.72,55.21,0.85,2.51,108.18,impeller_damage,warning
pump,2.47,8.71,72.81,0.19,1.65,62.23,dry_run,fault
pump,1.7,10.64,50.3,0.92,3.87,197.3,none,running
pump,1.65,20.16,76.66,0.38,5.74,89.35,clogging,fault
pump,4.31,10.99,69.27,0.32,2.46,137.96,cavitation,fault
pump,5.11,12.5,57.95,0.82,2.3,169.45,cavitation,fault
pump,1.21,8.87,56.7,0.99,4.27,196.19,none,running
pump,0.87,12.89,53.78,1.19,3.17,165.98,seal_leakage,running
pump,1.8,8.34,71.76,0.44,0.86,71.49,dry_run,fault
pump,1.44,17.08,52.55,1.13,3.94,239.37,none,warning
pump,0.9,12.04,63.71,0.75,2.38,108.61,impeller_damage,warning
pump,2.37,12.77,76.95,0.32,1.33,20.49,dry_run,fault
pump,1.56,10.88,50.67,1.08,3.94,225.84,none,running
pump,5.06,13.22,64.92,0.74,3.18,92.31,cavitation,fault
pump,5.52,11.11,64.71,0.68,2.47,141.81,cavitation,fault
pump,1.14,14.86,69.65,0.86,2.82,133.84,impeller_damage,warning
pump,3.04,10.67,50.09,0.49,1.89,87.94,cavitation,fault
pump,5.05,16.04,63.99,0.47,2.44,166.8,cavitation,fault
pump,3.45,9.88,55.9,0.27,2.58,131.76,cavitation,fault
pump,0.38,15.79,60.69,1.09,3.06,148.54,seal_leakage,running
pump,2.08,18.94,66.21,0.49,6.8,83.59,clogging,fault
pump,1.42,12.37,61.47,0.73,2.82,108.7,impeller_damage,warning
pump,3.42,13.93,56.96,0.84,3.43,155.35,bearing_failure,warning
pump,3.82,12.49,66.59,1.13,3.71,195.68,bearing_failure,fault
pump,2.73,13.72,57.37,0.6,3.15,125.67,cavitation,warning
pump,1.01,14.76,59.61,1.04,1.55,149.28,impeller_damage,fault
pump,2.58,15.04,72.15,0.92,4.43,177.78,bearing_failure,warning
pump,2.03,23.43,83.81,0.38,6.3,111.95,clogging,fault
pump,2.81,15.04,63.51,0.38,2.67,137.37,cavitation,fault
pump,2.4,15.44,66.29,0.79,1.55,74.58,impeller_damage,fault
pump,2.96,15.49,64.07,0.98,1.82,154.14,impeller_damage,warning
pump,2.6,19.78,73.7,1.02,4.61,124.02,clogging,warning
pump,1.32,12.72,61.17,0.82,5.76,144.8,clogging,running
pump,1.31,9.88,53.83,1.18,4.08,214.61,none,running
pump,1.36,24.55,60.43,0.89,4.49,74.93,clogging,fault
pump,1.41,14.91,69.96,0.93,2.75,154.13,impeller_damage,warning
pump,2.29,16.22,57.97,1.14,2.54,167.19,seal_leakage,warning
pump,1.4,16.95,72.24,0.91,1.94,157.04,impeller_damage,warning
pump,3.43,14.99,81.09,1.19,3.81,236.38,bearing_failure,fault
pump,1.59,10.82,54.81,1.12,4.33,187.42,none,running
pump,4.32,11.23,61.8,0.32,3.58,207.4,cavitation,fault
pump,1.74,19.35,68.42,0.48,5.7,103.16,clogging,fault
pump,1.14,6.62,71.73,0.17,0.89,47.33,dry_run,fault
pump,3.34,15.85,77.56,1.17,3.77,224.74,bearing_failure,fault
pump,3.94,12.85,67.67,0.89,4.67,180.4,bearing_failure,fault
pump,2.62,16.35,60,0.32,3.52,123.09,cavitation,fault
pump,3.93,12.44,56.3,0.23,2.42,101.94,cavitation,fault
pump,2.63,16.75,50.98,1.31,4.11,205.8,bearing_failure,warning
pump,2.51,22.1,74.37,1.01,4.64,153.99,clogging,fault
pump,1.45,12.04,61.54,1.03,4.11,244.12,none,running
pump,1.78,15.28,53.12,1.2,4.71,229.5,none,running
pump,1.16,23.35,62.03,0.53,5.86,61.59,clogging,fault
pump,1.43,13.17,54.45,0.91,4.41,289.03,none,running
pump,3.65,14.09,55.48,0.62,2.91,107.93,cavitation,fault
pump,1.9,11.19,53.34,1.04,3.36,187.94,seal_leakage,running
pump,3.02,13.06,56.49,0.17,1.87,111.54,cavitation,fault
pump,2.1,16.03,62.39,1.23,3.99,192.73,bearing_failure,warning
pump,1.12,11.41,53.19,0.96,4.02,216.27,none,running
pump,3.36,18.34,77.99,1.18,3.73,267.61,bearing_failure,fault
pump,1.63,7.56,69.17,0.35,0.89,14.05,dry_run,fault
pump,2.23,14.36,59.65,0.88,3.71,170.21,bearing_failure,warning
pump,2.36,17.85,62.11,0.49,5.25,79.06,clogging,fault
pump,1.14,16.12,52.07,0.95,3.96,242.03,none,warning
pump,1.3,12.83,58.71,1.19,4.47,205.64,none,running
pump,1.63,11.47,54.85,1.02,4.78,241.56,none,running
pump,3.41,15.34,70.77,0.82,2.17,155.99,impeller_damage,warning
pump,3.72,11.44,84,1.23,3.67,199.18,bearing_failure,fault
pump,1.39,17.11,74.06,0.69,5.64,49.44,clogging,fault
pump,2.16,15.97,61.82,0.89,4.35,206.22,bearing_failure,warning
pump,3.07,10.2,54.62,0.89,2.97,164.94,impeller_damage,warning
pump,1.65,16.34,65.09,0.51,5.96,140.94,clogging,warning
pump,2.3,15.9,50.69,0.96,3.2,142.15,seal_leakage,warning
pump,1.18,10.17,56.34,0.96,3.4,193.01,seal_leakage,running
pump,1.37,16.43,55.58,1.07,2.65,187.13,seal_leakage,warning
pump,1.59,17.92,55.31,0.86,6.23,128.93,clogging,warning
pump,0.93,10.68,57.46,0.91,2.46,185.39,seal_leakage,warning
pump,2.43,19.15,56.81,0.96,6.43,127.18,clogging,warning
pump,5.76,14.09,65.77,0.42,3.64,113.18,cavitation,fault
pump,1.49,14.11,31.62,1.17,4,178.9,bearing_failure,running
pump,4.78,13.69,70.27,0.41,0.39,19.2,dry_run,fault
pump,2.77,13.99,54.99,0.6,3.29,173.88,cavitation,warning
pump,1.55,12.76,67.37,0.97,2.87,94.5,impeller_damage,warning
pump,2.16,8.73,90.95,0,1.28,42.8,dry_run,fault
pump,1.22,13.88,60.26,1.14,4.47,250.66,none,running
pump,3.69,17.63,90.77,1.24,4.2,200.48,bearing_failure,fault
pump,1.47,14.02,43.91,1.11,4.28,232.59,bearing_failure,running
pump,1.33,14.8,53.87,1.06,3.46,264.26,none,running
pump,3.19,8.32,83.97,0.1,0.91,17.62,dry_run,fault
pump,1.79,13.91,62.48,1.07,4.35,237.93,none,running
pump,1.65,13.88,58.6,1.03,4.35,277.69,none,running
pump,1.52,13.77,64.48,0.8,3.13,133.9,cavitation,running
pump,1.29,12.19,52.35,1,4.63,260.51,none,running
pump,1.37,11.59,50.1,1.09,4.71,213.16,none,running
pump,1.2,12.73,51.08,1.08,3.9,261.83,none,running
pump,3.27,12.93,53.25,0.36,3.57,176.64,cavitation,fault
pump,1.94,20.2,68.99,0.77,5.67,139.26,clogging,fault
pump,1.55,12.2,54.97,1.12,4.23,210.25,none,running
pump,1.19,12.96,56.43,1.15,1.95,148.43,seal_leakage,warning
pump,2.47,22.44,63.28,0.95,5.95,58.15,clogging,fault
pump,1.4,14.01,58.99,0.83,4.29,241.5,none,running
pump,2.76,15.68,61.42,1.24,1.7,122.9,impeller_damage,fault
pump,1.37,14.94,61.53,0.92,3.4,168.08,seal_leakage,running
pump,2.51,13.86,60.98,0.37,2.13,85.01,cavitation,fault
pump,2.15,19.87,74.2,0.4,5.8,58.15,clogging,fault
pump,1.18,11.67,54.43,1.28,3.72,207.36,none,running
pump,2.61,14.07,84.1,1.1,3.95,214.37,bearing_failure,fault
pump,2.95,14.96,67.64,1.09,2.22,106.85,impeller_damage,warning
pump,2.27,11.06,59.3,0.7,2.49,94.08,impeller_damage,warning
pump,3.38,10.03,58.78,0.73,2.15,171.01,cavitation,warning
pump,1.57,14.21,57.33,1.14,3.9,260.04,none,running
pump,1.14,16.99,56.05,0.94,2.09,208.25,seal_leakage,warning
pump,2.48,22.26,73.82,0.31,6.49,108.75,clogging,fault
pump,0.93,13.42,68.04,0.94,1.54,110.8,impeller_damage,fault
pump,2.31,6.55,73.57,0.26,1.78,74.47,dry_run,fault
pump,1.93,13.18,58.8,0.99,2.86,154.19,seal_leakage,running
pump,1.97,10.48,55.48,1.27,4.6,224.07,none,running
pump,3.55,18.24,72.16,0.82,1.9,100.94,impeller_damage,fault
pump,3.21,17.79,62.45,0.38,2.73,122.65,cavitation,fault
pump,2.89,18.57,60.14,1.07,1.65,168.4,impeller_damage,fault
pump,1.21,10.52,60.12,1,4.06,175.06,none,running
pump,2.28,10.54,58.39,1.14,2.81,139.41,seal_leakage,warning
pump,4.12,14.87,63.79,0.71,3.39,184.05,impeller_damage,fault
pump,1.01,12.67,53.91,0.87,2.94,174.8,seal_leakage,running
pump,2.91,12.45,65.9,0.85,2.63,153.49,cavitation,warning
pump,1.72,17.02,75.56,0.97,4.75,147.99,clogging,fault
pump,1.85,20.39,73.53,1.03,5.3,131.88,clogging,fault
pump,1.83,16.08,57.08,0.62,2.83,176.68,cavitation,warning
pump,2.06,13.1,64.36,0.77,3.08,114.19,impeller_damage,warning
pump,1.39,13.13,63.29,1.15,3.69,186.31,seal_leakage,running
pump,3.44,8.58,83.38,0.11,1.89,46.69,dry_run,fault
pump,1.27,11.32,52.75,1.18,4.28,212.25,none,running
pump,4.79,11.38,87.6,0.28,0.53,27.59,dry_run,fault
pump,1.62,13.71,69.5,0.93,4.13,168.53,bearing_failure,warning
pump,1.67,12.42,59.65,1.02,4.39,200.76,none,running
pump,2.68,16.22,70.16,0.94,5.25,133.15,clogging,warning
pump,2.43,13.3,62.08,0.63,6.26,132.16,clogging,warning
pump,2.79,11.77,87.69,0,0.41,0,seal_leakage,fault
pump,2,18.11,69.46,0.8,2.43,163.34,impeller_damage,warning
pump,1.36,12.46,53.1,1.2,4.52,220.03,none,running
pump,1.37,16.89,63.26,1.02,2.56,148.16,impeller_damage,warning
pump,2.05,15.23,66.8,0.86,1.85,174.51,impeller_damage,warning
pump,1.77,14.47,56.84,1.3,4.43,245.57,none,running
pump,2.3,10.43,67.44,0.15,1.72,68.95,dry_run,fault
pump,1.02,14.05,50.12,1.15,3.47,171.95,seal_leakage,running
pump,3.27,14.2,65.83,0.83,1.57,104.1,impeller_damage,fault
pump,1.77,14.13,53.08,1,4.33,244.42,none,running
pump,2.49,13.48,66.97,0.99,4.21,163.37,bearing_failure,warning
pump,2.03,19.71,67.56,0.64,5.69,114.26,clogging,warning
pump,1.86,12.5,60.78,1.01,3.41,162.64,seal_leakage,running
pump,1.69,19.75,62.16,0.46,5.14,135.37,clogging,fault
pump,1.86,17.19,61.6,0.88,2.76,135.22,impeller_damage,warning
pump,0.97,11.79,50.08,1.09,4.42,182.54,none,running
pump,2.51,17.99,59.38,1.03,2.92,160.03,impeller_damage,warning
pump,1.5,19.56,53.83,1.11,2.96,132.86,impeller_damage,warning
pump,2.88,17.11,70.9,0.89,2.16,176.18,impeller_damage,warning
pump,1.28,10.98,69.91,0.17,0.08,28.57,clogging,fault
pump,1.21,11.04,55.27,1.12,3.4,161.68,seal_leakage,running
pump,1.89,10.03,69.75,0,0,0,dry_run,fault
pump,3.54,11.66,62.79,0.95,4.25,199.85,bearing_failure,fault
pump,1.05,16.37,29.28,0.99,3.97,238.74,bearing_failure,warning
pump,1.74,11.28,51.95,1.01,4.2,207.9,none,running
pump,1.53,10.85,56.47,1.04,3.89,181.1,none,running
pump,2.17,13.32,71.08,1.19,4.33,162.13,bearing_failure,warning
pump,1.97,14.56,73.04,0.33,1.65,0,dry_run,fault
pump,1.1,10.93,50.1,0.88,2.25,157.76,seal_leakage,warning
pump,3.39,19.54,76.67,0.77,6.2,123.49,clogging,fault
pump,3.58,11.25,55.84,0.62,3.49,84.31,cavitation,fault
pump,2.3,17.88,58.45,1,5.23,91.89,clogging,warning
pump,1.95,8.22,92.96,0.05,0.66,74.62,dry_run,fault
pump,0.85,13.33,52.64,1.16,3.61,246.42,none,running
pump,1.93,21.74,74.94,0.74,5.28,137.62,clogging,fault
pump,4.14,13.79,49.43,0.68,2.76,186.25,cavitation,fault
pump,1.04,10.66,52.18,1.03,4.2,202.86,none,running
pump,1.69,13.02,65.03,0.82,1.67,73.75,impeller_damage,fault
pump,1.5,14.29,62.61,0.76,2.93,188.17,seal_leakage,warning
pump,2.27,21.66,69.35,0.47,5.83,82.58,clogging,fault
pump,2.2,15.06,75.99,1.1,4.25,230.6,bearing_failure,fault
pump,3.48,15.44,65.29,1.21,4.08,242.11,bearing_failure,warning
pump,1.34,13.24,61.57,0.82,3.64,188.22,seal_leakage,running
pump,1.82,12.25,59.35,0.72,2.8,184.22,cavitation,warning
pump,1.53,12.46,55.4,0.89,4.67,218.56,none,running
pump,3.04,15.87,71.22,1.13,3.31,234.57,bearing_failure,warning
pump,0.93,12.31,57.55,1.26,4.43,164.05,none,running
pump,2.6,18.03,57.1,0.9,4.2,204.05,bearing_failure,warning
pump,2.05,15.63,59.24,1.18,4.03,258.32,bearing_failure,warning
pump,2.57,21.65,63.71,0.56,4.45,95.56,clogging,fault
pump,3.01,12.22,53.67,1.12,2.5,100.26,impeller_damage,warning
pump,2.83,18.06,68.78,0.66,4.57,130.29,clogging,warning
pump,2.71,8.98,79.57,0.32,0.8,15.89,dry_run,fault
pump,3.2,15.97,63.38,1.1,2.5,117.74,impeller_damage,warning
pump,2.64,21.7,66.55,0.58,5.57,112.82,clogging,fault
pump,2.39,11.29,60.86,0.47,3.18,104.51,cavitation,fault
pump,1.98,14.85,67.63,0.82,2.66,148.04,impeller_damage,warning
pump,0.85,8.1,94.11,0,0.64,67.86,dry_run,fault
pump,1.53,17.7,73.65,0.4,5.32,62.13,clogging,fault
pump,4.26,13.28,71.81,0.27,1.62,75.23,dry_run,fault
pump,2.63,14.39,63.12,0.99,1.97,86.6,impeller_damage,warning
pump,3.14,15.79,68.74,0.84,3.74,215.27,bearing_failure,warning
pump,1.44,11.89,63.88,1.02,2.16,194.49,seal_leakage,warning
pump,4.78,9.69,51.95,0.71,2.6,121.12,cavitation,fault
pump,1.75,11.94,92.62,0.27,0.34,57.88,dry_run,fault
pump,1.7,22.47,67.46,0.99,6.42,73.69,dry_run,fault
pump,2.46,15.13,51.66,1.14,4.48,182.74,bearing_failure,warning
pump,1.61,10.74,57.05,1.15,4.31,211.97,none,running
pump,1.19,12.4,62.09,0.87,2.16,209.15,seal_leakage,warning
pump,2.79,20.04,61.36,1.03,1.75,123.87,impeller_damage,fault
pump,2.21,13.46,56.54,0.55,3.62,160.35,cavitation,warning
pump,1.49,22.73,66.98,0.77,6.64,131.93,clogging,fault
pump,2.48,14.81,68.6,0.97,3.76,201.78,bearing_failure,warning
pump,2.98,18.38,71.94,0.92,6.7,80.82,clogging,warning
pump,2.9,10.52,67.64,0.05,1.52,31.33,dry_run,fault
pump,4.25,15.79,57.65,0.66,2.87,194.31,cavitation,fault
pump,1.66,13.58,67.69,1.18,1.75,148.62,impeller_damage,fault
pump,4.61,17.13,61.09,0.37,2.62,100.02,cavitation,fault
pump,1.48,12.62,58.11,1.02,4.34,226.47,none,running
pump,1.26,11.51,39.94,1.09,4.25,197.55,bearing_failure,running
pump,2.21,14.24,56.9,1.08,3.67,168.89,seal_leakage,warning
pump,1.75,13.38,53.98,0.95,3.22,183.66,seal_leakage,running
pump,1.57,15.22,49.59,1.12,4.64,215.79,none,running
pump,2.84,18.07,63.84,0.97,2.67,175.03,impeller_damage,warning
pump,1.33,14.56,57.35,0.84,2.91,131.59,seal_leakage,running
pump,2.87,6.7,93.54,0.48,1.86,66.85,dry_run,fault
pump,2.51,15.27,76.59,0.39,6.7,131.23,clogging,fault
pump,3.82,12.4,74.19,0,1.75,76.54,dry_run,fault
pump,1.19,11.32,53.41,1.03,4.45,215.99,none,running
pump,1.36,14.93,61.95,0.97,2.33,191.61,seal_leakage,warning
pump,2.1,13.69,70.45,1.04,2.63,151.21,impeller_damage,warning
pump,2.6,10.91,65.64,0.37,3.71,108.22,cavitation,fault
pump,3.66,15.21,74.71,1.01,3.69,207.01,bearing_failure,fault
pump,2.08,14.04,67.74,1.13,2,174.78,impeller_damage,warning
pump,1.95,20.64,75.31,0.52,5.95,111.78,clogging,fault
pump,3.43,14.08,64.36,0.28,3.32,103.78,cavitation,fault
pump,2.34,13.84,72.99,0.9,3.53,214.23,bearing_failure,warning
pump,2.36,11.19,80.87,0.39,0.97,9.04,dry_run,fault
pump,2.38,13.46,59.8,0.51,3.52,153.42,cavitation,warning
pump,1.45,17.81,66.06,0.97,6.18,87.28,clogging,warning
pump,1.32,12.78,56.88,1.25,4.36,253.39,none,running
pump,4.64,12,74.37,0.29,1.26,45.19,dry_run,fault
pump,2.29,12.55,55.73,0.82,3.52,163.82,bearing_failure,warning
pump,2.3,11.59,57.16,0.93,3.26,191.4,seal_leakage,warning
pump,1.42,13.45,63.22,0.95,2.34,156.69,seal_leakage,warning
pump,1.74,14.03,43.96,0.79,5.09,235.07,none,warning
pump,2.21,21.61,65.39,0.93,6.35,63.18,clogging,fault
pump,4.7,14.71,75.32,0,0,1.16,dry_run,fault
pump,1.79,14.89,70.41,0.45,1.03,99.19,dry_run,fault
pump,1.91,15.92,77.73,0.84,4.37,207.51,bearing_failure,fault
pump,1,11.76,57.52,0.88,4.32,221.41,none,running
pump,1.96,11.46,86.35,0.59,0.67,73.31,dry_run,fault
pump,1.79,16.02,62.83,0.99,2.84,112.45,impeller_damage,warning
pump,1.83,12.5,73.92,0.94,1.33,158.51,impeller_damage,fault
pump,2.37,7.41,84.66,0.26,1.43,59.43,dry_run,fault
pump,2.54,11.51,68.82,0.01,1.49,98.72,dry_run,fault
pump,1.97,18.83,69.92,0.41,5.25,87.56,clogging,fault
pump,2.22,15.49,58.41,0.86,2.47,132.68,impeller_damage,warning
pump,1.82,6.91,84.87,0.27,1.43,86.25,dry_run,fault
pump,4.69,14.59,87.54,0.38,0.2,45.04,cavitation,fault
pump,2.9,15.67,63.93,0.88,2.45,171.63,impeller_damage,warning
pump,1.5,13.55,55.13,1.28,3.66,289.43,none,running
pump,1.6,10.36,62.12,1.03,3.56,156.94,seal_leakage,running
pump,2.88,11.68,57.38,0.2,2.79,144.39,cavitation,fault
pump,2.92,17.43,77.22,0.94,3.56,179.45,bearing_failure,fault
pump,1.08,9,52.04,0.76,3.17,180.12,seal_leakage,warning
pump,1.48,17.53,63.52,0.73,3.08,176.83,impeller_damage,warning
pump,2.39,11.23,51.59,0.87,4.29,242.62,none,warning
pump,3.21,15.49,57.36,1.09,1.22,128.71,impeller_damage,fault
pump,1.22,25.51,74.76,0.57,6.2,49.66,clogging,fault
pump,2.21,12.52,72.17,0.87,2.88,64.05,impeller_damage,fault
pump,1.7,12.84,60,1.07,3.12,187.85,seal_leakage,running
pump,2.32,9.56,52.56,0.99,2.45,159.83,seal_leakage,warning
pump,1.97,14.08,66.68,0.61,3.91,105.61,cavitation,warning
pump,1.8,11.77,54.17,0.98,4.55,234.78,none,running
pump,2.28,11.13,67.16,0.23,1.53,1.99,dry_run,fault
pump,2.32,19.46,63.31,1,4.57,237.6,bearing_failure,warning
pump,3.21,13.05,84.59,0.17,0.41,4.5,dry_run,fault
pump,2.04,16.35,80.92,0.97,3.54,206.49,bearing_failure,fault
pump,1.49,16.04,53.38,1.12,4.48,278.09,none,warning
pump,1.66,13.76,51.2,0.93,3.12,157.23,seal_leakage,running
pump,3.89,15.41,67.35,0.3,2.65,124.53,cavitation,fault
pump,2.46,25.58,65.83,0.46,4.74,96.62,clogging,fault
pump,2.25,12.94,44.08,1.04,4.23,165.85,bearing_failure,warning
pump,2.53,21.85,76.65,0.98,4.62,79.74,clogging,fault
pump,0.88,11.44,38.09,0.97,4.23,176.36,bearing_failure,running
pump,1.54,12.64,70.15,0.25,1.65,0,dry_run,fault
pump,2.85,7.12,82.91,0.19,1.06,59.7,dry_run,fault
pump,2.8,10.11,76.56,0.22,0.6,61.19,dry_run,fault
pump,3.86,17.66,65.27,0.41,3.22,121.07,cavitation,fault
pump,1.28,15.61,55.04,1.06,4.16,236.35,none,running
pump,3.09,14.41,60.77,1.04,2.54,102.52,impeller_damage,warning
pump,3.84,18.89,67.31,0.9,3.97,254.44,bearing_failure,fault
pump,2.62,15.4,63.78,0.24,3.18,175.47,cavitation,fault
pump,3.19,12.95,81.03,0,0.02,26.03,dry_run,fault
pump,1.99,16.78,66.16,0.55,6.4,78.87,clogging,fault
pump,2.04,15.83,64.19,0.59,3.93,150.84,cavitation,warning
pump,1.98,12.6,62.96,1.07,3.72,202.85,seal_leakage,running
pump,1.15,17.82,72.37,0.62,4.26,44.45,clogging,fault
pump,1.73,9.64,57.86,1.07,2.71,206.29,seal_leakage,running
pump,2.03,16.33,52.77,0.51,2.81,170.01,cavitation,warning
pump,2.65,16.3,56.11,0.96,1.56,161.33,impeller_damage,fault
pump,1.67,15.51,49.58,1.22,4.32,247.81,none,running
pump,0.64,15.52,76.32,0.76,6.05,78.88,clogging,fault
pump,2.46,11.39,75.08,0.15,1.68,34.15,dry_run,fault
pump,2.37,17.5,61.9,0.35,3.64,167.14,cavitation,fault
pump,4.12,14.63,86.42,1.09,3.63,190.58,bearing_failure,fault
pump,1.33,11.78,50.28,0.84,4.45,257.52,none,running
pump,1.38,16.32,60.57,0.85,3.18,211.23,seal_leakage,warning
pump,0.63,12.8,52.28,0.93,3.03,196.85,seal_leakage,running
pump,1.6,20.05,76.11,1.02,6.41,69.64,clogging,fault
pump,1.87,18.65,59.12,0.68,4.69,133.94,clogging,warning
pump,1.16,16.29,70.73,0.96,2.02,175.88,impeller_damage,warning
pump,3.15,11.37,91.61,0.37,1.66,29.53,dry_run,fault
pump,1.4,15.8,63.12,0.17,2.03,169.95,cavitation,fault
pump,1.18,14.1,39.29,0.98,4.58,230.29,bearing_failure,running
pump,1.45,13.69,35,0.97,3.78,166.23,bearing_failure,running
pump,3.7,5.6,79.34,0.42,1.67,25.21,dry_run,fault
pump,0.77,15.82,63.96,0.94,2.81,149.46,seal_leakage,running
pump,1.45,13.93,59.22,0.92,3.91,205.94,seal_leakage,running
pump,1.54,12.99,50.92,0.97,2.28,130.24,seal_leakage,warning
pump,4.71,12.45,58.67,0.27,3.57,97.09,cavitation,fault
pump,2.44,12.26,58.42,1.11,2.54,168.24,seal_leakage,warning
pump,1.68,14.6,73.47,0.79,1.74,138.17,impeller_damage,fault
pump,4.19,17.73,54.61,0.42,2.54,155.86,cavitation,fault
pump,2.96,15.04,65.86,0.94,4.78,141.81,bearing_failure,warning
pump,1.8,16,67.63,0.56,6.59,80.6,clogging,warning
pump,1.74,12.41,52.66,1.14,4.16,207.93,none,running
pump,1.42,11.57,52.83,0.99,3.84,217.01,none,running
pump,2.47,24.77,71.05,0.61,5.35,55.97,clogging,fault
pump,2.43,18.92,67.4,1.08,2.1,108.36,impeller_damage,warning
pump,1.04,13.02,53.55,1.15,4.62,253.03,none,running
pump,1.65,12.05,51.86,1.25,4.05,240.69,none,running
pump,1.24,11.28,55.47,0.92,3.05,143.15,seal_leakage,running
pump,3.57,15.09,60.82,0.82,2.72,106.6,impeller_damage,fault
pump,1.48,8.98,66.11,0.38,1.54,52.88,dry_run,fault
pump,2,12.91,54.37,0.99,2.36,188.65,seal_leakage,warning
pump,1.67,14.74,57.8,1.24,4.08,247.03,none,running
pump,4.78,12.41,62.98,0.78,2.13,88.55,cavitation,fault
pump,1.72,9.86,87.4,0.32,0.77,17.1,dry_run,fault
pump,2.48,13.8,63.46,1.07,3.56,263.26,bearing_failure,warning
pump,1.05,24,61.31,0.44,4.28,40.55,clogging,fault
pump,2.69,13.39,52.33,1.02,2.24,142.13,seal_leakage,warning
pump,1.39,24.43,73.58,0.34,4.54,45.69,clogging,fault
pump,2.97,12.01,57.51,1.13,3.47,175.56,bearing_failure,warning
pump,3.16,13.45,62.99,0.75,2.75,123.73,cavitation,warning
pump,1.62,19.74,58.46,0.94,4.71,87.5,clogging,warning
pump,1.25,13.39,52.45,1,4.59,217.38,none,running
pump,1.49,16.25,71.08,0.52,6.62,99.73,clogging,warning
pump,1.31,8.24,71.06,0,1.61,62.76,dry_run,fault
pump,2.03,23.21,68.62,0.68,6.04,87.28,clogging,fault
pump,2.15,11.7,75.36,0.16,1.75,74.59,dry_run,fault
pump,2.13,18.24,71.46,0.92,5.33,133.29,clogging,warning
pump,1.43,14.39,59.24,0.91,4.27,230.93,none,running
pump,3.38,15.28,70,0.1,1.89,52.31,dry_run,fault
pump,1.73,18.36,65.6,0.68,6.12,89.22,clogging,warning
pump,2.35,14.76,62.54,0.98,3.45,286.08,bearing_failure,warning
pump,1.3,13.72,53.83,1.1,3.73,270.29,none,running
pump,2.7,13.45,56.96,0.54,2.48,76.94,cavitation,fault
pump,3.33,19.23,68.84,1.02,2.12,148.89,impeller_damage,warning
pump,1.25,15.62,66.42,1.12,2.78,91.74,impeller_damage,warning
pump,5.22,9.63,92.1,0.43,0.86,28.75,dry_run,fault
pump,1.44,16.64,66.33,0.85,5.71,74.19,clogging,fault
pump,2.3,24.21,67.48,0.49,4.65,81.46,clogging,fault
pump,3.88,7.13,69.57,0.41,1.15,18.45,dry_run,fault
pump,3.08,13.49,69.17,1.1,4.07,245.36,bearing_failure,warning
pump,1.57,16.38,62.09,0.53,4.27,121.17,clogging,warning
pump,2.84,20.73,80.07,0.8,4.5,86.76,clogging,fault
pump,2.83,13.3,81.14,1,4.17,197.63,bearing_failure,fault
pump,4.14,16.24,64.62,0.56,2.86,151.97,cavitation,fault
pump,1.87,13.48,56.76,0.91,4.03,256.52,none,running
pump,1.66,13.94,69.39,0.83,2.91,132.97,impeller_damage,warning
pump,3.58,17.54,63.9,0.82,2.23,90.12,impeller_damage,fault
pump,2.35,15.47,55.63,0.31,2.63,151.67,cavitation,fault
pump,2.88,14.03,59.61,0.78,3.17,120.87,impeller_damage,warning
pump,1.84,13.16,54.2,0.97,3.11,147.95,seal_leakage,running
pump,1.78,21.87,68.86,1.02,5.59,44.71,clogging,fault
pump,2.75,16.87,66.21,0.22,2.93,122.53,cavitation,fault
pump,2.19,11.61,72.53,0.34,1,47.82,dry_run,fault
pump,1.55,12.08,57.89,0.98,3.93,293.11,none,running
pump,3.96,15.62,64.96,0.66,2.69,159.72,cavitation,fault
pump,2.1,16.54,65.17,0.43,6.28,140.38,clogging,fault
pump,3.26,15.57,50.86,0.07,3.74,176.51,cavitation,fault
pump,3.86,16.11,67.47,1.12,4.21,194.52,bearing_failure,fault
pump,1.21,9.99,53.31,1.02,4.31,204.06,none,running
pump,1.15,11.34,47.64,1.1,4.38,255.44,none,running
pump,3.32,10.13,87.59,0.34,0.03,12.43,dry_run,fault
pump,2.43,23.57,63.98,0.89,4.54,151.4,clogging,fault
pump,3.13,15.51,53.07,0.71,3.31,153.71,cavitation,warning
pump,3,15.69,69.74,1.11,3.13,89.58,impeller_damage,warning
pump,1.43,12.7,52.72,0.96,4.03,235.72,none,running
pump,4,16.36,82.04,0.96,3.43,222.96,bearing_failure,fault
pump,1.16,10.07,56.19,1.03,3.88,172.28,none,running
pump,1.44,18.57,32.6,0.9,4.18,215.56,bearing_failure,warning
pump,1.99,13.28,63.4,1.17,2.31,144.14,seal_leakage,warning
pump,3.41,14.4,54.47,1.05,3.57,194.43,bearing_failure,warning
pump,1.2,12.86,34.49,1.13,3.89,182.28,bearing_failure,running
pump,1.01,15.83,72.18,0.65,4.86,136.95,clogging,warning
pump,1.55,12.27,71.93,1.07,5.56,125.28,clogging,warning
pump,1.35,8.91,55.02,1.12,3.84,188.19,none,running
pump,3.9,17.73,63.08,0.57,2.31,122.84,cavitation,fault
pump,0.44,14.71,94.73,0.25,1.03,11.87,dry_run,fault
pump,2.48,14.19,81.15,0.91,4.14,202.7,bearing_failure,fault
pump,2.68,12.8,80.12,0.03,1,33.05,dry_run,fault
pump,1.05,15.19,31.44,1.01,3.76,187.47,bearing_failure,running
pump,1.64,12.26,82.1,0.23,0.66,11.88,dry_run,fault
pump,1.61,20.94,69.83,0.67,5.46,44.97,clogging,fault
pump,1.55,12.65,55.17,1.03,2.67,128.16,seal_leakage,running
pump,2.59,12.07,55.79,1.15,4.3,186.9,bearing_failure,warning
pump,2.69,15.46,73.12,0.8,5.21,115.58,clogging,warning
pump,1.74,21.38,65.52,0.51,4.62,80.73,clogging,fault
pump,2.46,11.69,89.52,0.8,4.29,195.83,bearing_failure,fault
pump,4.39,11.91,58.92,0.48,3.14,81.91,cavitation,fault
pump,1.75,13.78,60.98,1.03,3.56,145.6,seal_leakage,running
pump,1.92,17.54,58.41,0.94,4.71,102.27,clogging,warning
pump,2.14,17.54,64.46,1.05,1.26,161.07,impeller_damage,fault
pump,1.74,9.63,61,1.15,2.65,171.76,seal_leakage,running
pump,1.07,16.67,62.34,0.82,1.38,135.01,impeller_damage,fault
pump,2.19,23.59,70.42,0.52,6.55,101.17,clogging,fault
pump,2.09,13.49,59.09,1.18,2.14,158.97,seal_leakage,warning
pump,1.72,13.31,58.23,1,3.01,177.8,seal_leakage,running
pump,3.19,13.55,62.69,1.1,2.63,148.16,impeller_damage,warning
pump,1.29,12.58,34.98,1.04,3.86,172.73,bearing_failure,running
pump,1.28,12.57,48.9,1.16,4,211.09,none,running
pump,3.83,8.39,92.6,0.45,0.83,28.96,dry_run,fault
pump,3.29,16.13,76.27,0.6,6.2,96.69,clogging,fault
pump,3.35,14.51,71.41,1.04,3.96,200.76,bearing_failure,warning
pump,2.39,12.58,65.32,0.42,0.29,59.84,dry_run,fault
pump,1.17,12.54,51.82,0.85,3.66,182.62,none,running
pump,1.04,9.62,49.46,0.89,3.05,158.39,seal_leakage,running
pump,1.1,11.33,60.48,0.77,3.9,198.45,clogging,warning
pump,1.97,11.26,71.17,0.79,2.9,156.47,impeller_damage,warning
pump,1.09,14.68,52.37,0.8,3.88,155.54,seal_leakage,running
pump,1.33,13.85,56.31,1.24,2.44,190.53,seal_leakage,warning
pump,1.55,15.48,62.04,1.03,6.84,67.15,clogging,fault
pump,1.64,13.17,56.42,0.95,3.95,202.38,none,running
pump,1.7,14.69,67.91,1.12,1.91,123.81,impeller_damage,warning
pump,1.73,16.92,59.6,0.73,4.76,42.63,clogging,fault
pump,1.79,14.19,56.79,1.11,2.65,167.36,seal_leakage,running
pump,3.81,14.26,60.77,1.05,4.25,208.49,bearing_failure,fault
pump,3.62,8.31,69.9,0,0.6,37.35,dry_run,fault
pump,1.16,13.27,61.55,0.93,2.61,155.06,seal_leakage,running
pump,1.48,11.54,55.77,1.12,4.44,233.63,none,running
pump,1.16,20.02,40.61,0.93,4.39,251.34,bearing_failure,fault
pump,2.47,11.35,50.42,0.93,2.75,151.78,seal_leakage,warning
pump,0.9,9.81,59.05,0.96,3.13,127,seal_leakage,running
pump,1.79,12.04,63.24,1.14,2.85,172.41,seal_leakage,running
pump,1.69,13.08,58.76,1.15,4.4,200.6,none,running
pump,2.9,13.6,84.21,1.12,3.54,229.36,bearing_failure,fault
pump,2.72,13.24,68.03,1.14,4.3,218.33,bearing_failure,warning
pump,1.79,11.99,58.34,0.89,3.7,146.81,seal_leakage,running
pump,1.32,13.55,57.7,1.12,3.85,207.53,none,running
pump,3.83,12.04,80.03,0,0.32,34.58,dry_run,fault
pump,3.09,15.15,54.16,0.86,2.18,135.59,impeller_damage,warning
pump,1.69,15.65,55.48,1.09,2.31,207.09,seal_leakage,warning
pump,1.87,19.89,61.59,0.86,6.63,76.29,clogging,fault
pump,1.17,13.51,55.71,1.06,4.23,228.63,none,running
pump,3.37,17.82,58.34,0.44,2.86,181.94,cavitation,fault
pump,2.39,13.76,77.25,0.27,0.51,86.76,dry_run,fault
pump,1.67,13.27,73.25,0.97,2.82,101.49,impeller_damage,warning
pump,1.95,11.13,47.27,1.17,3.56,156,bearing_failure,running
pump,1.74,13.83,61.09,0.87,2.74,161.08,cavitation,running
pump,2.4,11.71,67.98,0.38,1.75,61.3,dry_run,fault
pump,5.02,14.9,66.35,0.76,2.52,118.98,cavitation,fault
pump,3.93,19.43,57.36,0.98,4.24,249.55,bearing_failure,fault
pump,2.75,12.82,84.49,0.13,0.18,59.3,dry_run,fault
pump,2.07,11.3,61.73,1,2.25,139.87,seal_leakage,warning
pump,2.97,13.36,62.71,0.44,2.77,124.92,cavitation,fault
pump,3.09,9.78,88.41,0.27,0.31,60.82,dry_run,fault
pump,2.6,12.9,87.83,1.05,3.9,192.32,bearing_failure,fault
pump,1.28,10.26,50.63,1.02,4.02,214.88,none,running
pump,2.47,20.26,63.9,1.09,2.07,162.36,impeller_damage,fault
pump,1.27,13.99,59.27,0.91,2.37,160.95,seal_leakage,warning
pump,3.17,17.33,56.45,0.88,4.33,196.14,bearing_failure,warning
pump,0.92,15.53,60.07,1.06,2.62,181.27,seal_leakage,running
pump,3.04,13.59,68.26,0.71,3.81,200.42,cavitation,warning
pump,2.74,23.75,69.36,0.41,6.63,113.05,clogging,fault
pump,3.36,11.06,76.27,0.27,1.02,49.18,dry_run,fault
pump,3.6,15.35,86.48,1.11,3.42,236.71,bearing_failure,fault
pump,3.16,13.79,67.49,0.29,3.8,133.37,cavitation,fault
pump,1.88,23.54,71.03,0.41,5.74,90.47,clogging,fault
pump,2.43,20.88,56.52,0.83,1.72,175.65,impeller_damage,fault
pump,3.16,13.85,61.75,0.47,3.03,189.32,cavitation,fault
pump,2.22,13.21,60.99,0.44,2.64,137.41,cavitation,fault
pump,1.67,22.77,76.22,0.44,4.99,126.5,clogging,fault
pump,1.17,14.32,63.5,1.12,1.96,151.59,impeller_damage,warning
pump,4.05,18.21,61.48,0.29,2.7,123.92,cavitation,fault
pump,3.03,18.25,53.27,0.73,2.35,109.85,impeller_damage,warning
pump,1.08,15.49,55.17,1.04,3.41,142.47,seal_leakage,running
pump,2.99,12.97,64.81,1.01,2.02,173.27,impeller_damage,warning
pump,1.73,17.33,71.88,0.94,6.26,153.6,clogging,warning
pump,2.46,11.87,67.01,0.93,1.81,123.12,impeller_damage,warning
pump,2.29,21.9,58.21,0.38,4.69,108.63,clogging,fault
pump,1.09,13.39,61.05,1.08,2.24,184.44,seal_leakage,warning
pump,2.33,21.14,63.18,0.47,6.24,70.73,clogging,fault
pump,2.24,16.1,73.93,1.17,4.12,223.88,bearing_failure,warning
pump,3.73,12.47,91.19,0.21,1.52,59.7,dry_run,fault
pump,1.28,10.57,67.84,0.33,0.88,48.43,dry_run,fault
pump,1.02,11.94,54.76,0.92,4.28,228.95,none,running
pump,3.68,15.82,89.23,0.82,3.38,219.36,bearing_failure,fault
pump,4.06,17.34,80.48,1,4.63,212.74,bearing_failure,fault
pump,2.7,21.63,68.22,0.97,5.59,109.01,clogging,fault
pump,1.15,24.21,63.05,0.48,5.84,90.35,clogging,fault
pump,2.12,14.52,61.78,0.93,2.45,171.6,seal_leakage,warning
pump,2.05,16.06,68.46,0.85,3.07,132.95,impeller_damage,warning
pump,2.09,11.91,52.45,0.9,3.54,212.04,seal_leakage,warning
pump,1.47,13.66,59.07,1.24,2.27,138.33,seal_leakage,warning
pump,2.28,21.01,70.75,0.42,4.4,95.71,clogging,fault
pump,0.78,13.76,63.99,1.03,2.66,128.44,seal_leakage,running
pump,1.11,13.72,54.49,0.95,2.61,161.73,seal_leakage,running
pump,2.4,9.27,88.94,0.38,1.5,12.73,dry_run,fault
pump,1.41,10.29,58.02,1.14,4.45,179.1,none,running
pump,1.62,18.32,71.11,0.46,5.54,94.25,clogging,fault
pump,1.24,13.63,69.2,0.85,2.03,167.89,impeller_damage,warning
pump,3.84,13.78,60.66,1.1,4.26,229.29,bearing_failure,fault
pump,1.01,10.76,74.16,0.02,1.77,10.75,dry_run,fault
pump,3.7,12.32,82.97,0.41,0.39,51.2,dry_run,fault
pump,3.47,14.41,84.25,0.81,4,179.59,bearing_failure,fault
pump,4.11,9.76,66.54,0.25,2.36,193.95,cavitation,fault
pump,2.29,13.54,59.03,0.47,2.36,110.45,cavitation,fault
pump,2.48,13.13,62.37,1.02,3.01,139.03,impeller_damage,warning
pump,1.76,12.14,83.28,0,1.21,79.6,dry_run,fault
pump,3.16,11.59,68.16,1.08,4,192.73,bearing_failure,warning
pump,2.18,14.03,65.2,0.93,3.3,144.46,impeller_damage,warning
pump,0.93,15,63.03,0.41,3.57,175.16,cavitation,fault
pump,1.7,11.75,57.34,1.15,3.97,292.12,none,running
pump,1.01,13.35,41.61,1.18,3.82,167.87,bearing_failure,running
pump,1.06,11.81,58.36,0.82,2.97,177.26,seal_leakage,running
pump,2.37,13.14,58,1.09,3.23,185.21,seal_leakage,warning
pump,4.14,12.82,74.19,1.2,3.68,181.94,bearing_failure,fault
pump,2.22,16.79,71.3,0.49,6.5,124.39,clogging,fault
pump,1.79,12.51,71.63,1.12,2.65,166.28,impeller_damage,warning
pump,1.61,13.92,61.85,1.02,2.57,157.77,impeller_damage,running
pump,2.67,14.38,68.28,1.09,2.6,158.89,none,warning
pump,1.37,14.55,54.39,1.2,3.71,254.54,none,running
pump,5.15,11.38,80.81,0,0.63,44.85,dry_run,fault
pump,1.73,11.85,71.03,0.02,0.89,61.73,dry_run,fault
pump,1.63,13.09,59.87,0.93,2.83,140.74,seal_leakage,running
pump,2.56,9.98,55.32,0.11,3.43,91.32,cavitation,fault
pump,1.74,8.42,72.17,0.14,1.07,25.11,dry_run,fault
pump,3.06,11.61,53.27,0.19,3.07,116.63,cavitation,fault
pump,4.18,12.19,66.52,0.25,3.04,158.38,cavitation,fault
pump,0.88,11.17,53.57,1.21,3.85,193.63,none,running
pump,1.3,14.84,75.95,0.1,1.52,16.62,dry_run,fault
pump,2.7,12.48,77.82,1.02,3.78,182.38,bearing_failure,fault
pump,1.76,13.69,56.27,0.83,2.56,164.6,seal_leakage,running
pump,3.22,20.46,60.42,0.49,6.6,57.44,clogging,fault
pump,2.33,22.64,63.23,0.87,6.16,123.54,clogging,fault
pump,4.28,10.71,66.42,0.61,3.75,176.89,cavitation,fault
pump,2.76,14.59,55.09,0.94,1.42,132.18,impeller_damage,fault
pump,3.8,9.08,69.5,0.28,1.42,56.61,dry_run,fault
pump,2.9,7.38,93.68,0.09,1.28,47.09,dry_run,fault
pump,4.35,11,68.01,0.1,0.55,73.45,dry_run,fault
pump,2.27,15.58,67.06,0.6,2.43,142.84,cavitation,warning
pump,2.14,16.12,55.42,0.86,3.83,170.08,seal_leakage,warning
pump,0.96,13.35,61.43,0.98,3.06,177.35,seal_leakage,running
pump,2.12,15.36,70.59,0.9,2.66,134.89,impeller_damage,warning
pump,3.54,12.74,62.57,0.82,4.15,221.33,bearing_failure,fault
pump,2.18,15.23,64.48,1.03,3.79,185.85,bearing_failure,warning
pump,1.15,9.22,66.54,0.18,0.61,10.87,dry_run,fault
pump,1.61,17.06,50.63,1.04,3.63,158.42,seal_leakage,warning
pump,3.19,12.71,77.17,0.06,0.36,25.95,dry_run,fault
pump,1.64,15.13,31.34,1.09,4.15,173.71,bearing_failure,running
pump,1.77,13.39,56.97,1.07,3.56,233.8,none,running
pump,2.71,10.19,59.44,0.94,2.21,186.3,seal_leakage,warning
pump,1.99,13.93,60,0.58,3.08,165.68,cavitation,warning
pump,1.51,19.19,55.6,0.97,2.34,147.47,impeller_damage,warning
pump,2.4,15.72,58.61,0.31,5.46,95.33,clogging,fault
pump,3.05,9.5,87.9,0.14,1.7,19.06,dry_run,fault
pump,1.28,9.77,53.05,0.91,3.84,196.62,none,running
pump,4.67,12.99,81.79,0.08,1.57,29.77,dry_run,fault
pump,3.34,18.71,59.32,0.71,2.27,129.24,impeller_damage,warning
pump,2.19,15.03,52.86,0.89,2.25,209.02,seal_leakage,warning
pump,3.91,7.76,89.56,0.18,1.32,25.13,dry_run,fault
pump,1.84,13.91,64.4,0.89,2.68,143.28,seal_leakage,running
pump,1.43,15.38,56.96,0.9,2.97,163.26,seal_leakage,running
pump,4.23,14.57,86.87,1.17,4.53,222.24,bearing_failure,fault
pump,3,16.52,68.36,0.9,4.27,189.04,bearing_failure,warning
pump,4.95,11.71,65.56,0.32,2.12,179.08,cavitation,fault
pump,1.76,12.99,72.43,1.09,3.62,210.08,bearing_failure,warning
pump,1.24,14.49,48.46,0.95,2.79,184.98,seal_leakage,running
pump,0.83,13.6,51.88,0.95,2.62,149.23,seal_leakage,running
pump,1.34,12.29,60.24,0.92,3.66,165.5,seal_leakage,running
pump,2.33,18.93,50.5,0.78,3.2,254.27,bearing_failure,warning
pump,1.44,14.82,82.58,0.25,0.81,5.17,dry_run,fault
pump,1.41,12.1,48.78,0.94,4.61,249.45,none,running
pump,2.24,16.1,61.98,0.97,1.51,189.03,impeller_damage,fault
pump,1.66,16.64,48.87,1.14,3.42,146.84,seal_leakage,warning
pump,1.25,13.16,63.42,0.87,2.95,136.44,seal_leakage,running
pump,2.54,17.6,68.15,0.93,4.99,116.64,clogging,warning
pump,3.31,15.13,53.75,0.1,3.5,142.23,cavitation,fault
pump,1.45,19.75,67.77,0.8,5.67,127.53,clogging,warning
pump,1.58,14.94,36.54,1.03,4.21,207.74,bearing_failure,running
pump,2.08,20.16,63,0.4,4.08,62.44,clogging,fault
pump,1.24,19,68.2,0.59,6.15,91.51,clogging,warning
pump,1.63,14.43,49.94,1.03,3.93,260.48,none,running
pump,1.07,12.38,62.43,0.93,3.77,192.68,seal_leakage,running
pump,3.43,14.28,70.14,1.16,4.03,219.23,bearing_failure,warning
pump,2.35,15.67,67.09,0.49,4.37,140.24,clogging,fault
pump,1.52,18.36,73.3,0.64,5.87,146.72,bearing_failure,warning
pump,1.54,15.17,54.56,1.01,4.46,211.53,none,running
pump,1.91,10.7,56.11,1.15,3.44,163.28,seal_leakage,running
pump,2.5,14.73,66.36,0.7,2.98,94.09,impeller_damage,warning
pump,2.45,14.67,54.23,1.04,2.66,182.76,seal_leakage,warning
pump,3.25,12.36,64.77,0.75,2.35,105.71,cavitation,warning
pump,1.68,10.82,92.08,0.08,0.92,33.54,dry_run,fault
pump,1.95,15.26,52.63,1.05,4.1,137.32,seal_leakage,running
pump,1.63,14.39,71.01,0.94,4.47,188.91,bearing_failure,warning
pump,2.28,22.74,72.44,0.62,5.56,59.15,clogging,fault
pump,1.85,21.1,72.87,0.47,6.67,74.22,clogging,fault
pump,1.42,12.02,54.37,1.15,3.84,142.58,seal_leakage,running
pump,2.03,14.39,58.28,1.13,2.43,198.37,bearing_failure,warning
pump,2.33,9.7,57.52,1.22,3.57,147.82,seal_leakage,warning
pump,2.4,13.61,72.73,0.38,0.86,7.01,dry_run,fault
pump,2.19,13.03,95,0.44,0.19,9.86,dry_run,fault
pump,3.02,9.47,76,0.14,1.46,47.37,dry_run,fault
pump,0.85,19.53,68.71,0.84,5.92,67.51,clogging,fault
pump,5.63,14.34,63.66,0.24,3.18,143.46,cavitation,fault
pump,1.61,13.41,51.04,1.3,3.67,191.94,none,running
pump,1.82,11.89,67.37,0.84,2.53,136.15,impeller_damage,warning
pump,2.69,14.2,65.44,1.05,2.51,102.05,impeller_damage,warning
pump,1.78,21.59,72.6,0.75,6.32,82.52,clogging,fault
pump,1.9,11.47,55.03,1.2,3.2,128.94,seal_leakage,running
pump,2.4,14.66,82.42,1.1,3.72,188.65,bearing_failure,fault
pump,4.49,12.02,69.08,0.43,2.76,142.88,cavitation,fault
pump,1.44,15.68,54.89,0.77,2.07,194.06,seal_leakage,warning
pump,2.59,13.61,93.72,0.12,1.6,57.86,dry_run,fault
pump,2.42,15.9,61.56,0.57,1.99,106.6,cavitation,warning
pump,2.91,17.39,65.35,0.83,1.47,101.37,impeller_damage,fault
pump,2.57,10.34,71.27,0.52,0.31,20.34,dry_run,fault
pump,1.94,17.71,65.15,0.71,4.95,52.04,clogging,fault
pump,3.03,10.63,57.42,0.71,3.17,168.61,cavitation,warning
pump,3.27,12.71,60.85,0.26,2.66,145.38,cavitation,fault
pump,3.09,14.01,54.88,0.46,3.16,90.69,cavitation,fault
pump,1.74,11.54,56.66,0.9,4.42,186.85,none,running
pump,1.5,11.96,57,1.16,3.89,267.63,none,running
pump,2.88,11.95,67.92,0.86,2.46,104.34,impeller_damage,warning
pump,2.63,10.96,58.38,0.78,2.97,99.97,impeller_damage,warning
pump,1.03,14.78,78.7,0.91,4.93,79.31,clogging,fault
pump,0.89,12.86,59.61,1.13,3.28,144.45,seal_leakage,running
pump,1.09,11.66,57.66,0.91,4.58,217.56,none,running
pump,1.36,13.72,50.81,1.25,4.59,241.33,none,running
pump,4.19,11.73,91.56,0.39,0.97,43.29,dry_run,fault
pump,2.13,13.66,71.49,1.02,3.91,155.4,bearing_failure,warning
pump,1.99,15.02,57.28,0.67,1.34,149.25,impeller_damage,fault
pump,2.29,22.37,73.28,0.74,6.27,150.68,clogging,fault
pump,2.11,15.76,38.41,1.03,3.66,205.11,bearing_failure,warning
pump,2.96,12.74,56.62,1.1,2.28,125.74,impeller_damage,warning
pump,3.6,18.92,73.02,0.42,5.97,105.02,clogging,fault
pump,2.7,18.93,59.61,0.72,2.71,201.02,cavitation,warning
pump,1.7,16.67,61.75,0.96,1.61,159.93,impeller_damage,fault
pump,4.47,12.55,56.19,0.43,3.26,172.85,cavitation,fault
pump,1.69,15.63,75.25,0.73,6.24,137.9,clogging,fault
pump,3.51,12.16,70.7,0.4,1.54,71.18,dry_run,fault
pump,2.7,11.17,55.74,1.06,3.23,152.23,impeller_damage,warning
pump,2.26,15.64,55.03,0.68,2.25,123.75,cavitation,warning
pump,2.98,15.39,55.03,0.31,2.18,137.86,cavitation,fault
pump,2.08,15.24,67.26,0.99,2.34,98.55,impeller_damage,warning
pump,2.6,13.56,69.62,0.01,1.67,53.21,dry_run,fault
pump,1.41,14.7,53.12,0.94,3.23,173.87,seal_leakage,running
pump,1.85,10.65,51.09,1.15,3.95,194.12,none,running
pump,1.23,14.01,62.83,1.12,2.37,147.26,seal_leakage,warning
pump,1.82,10.14,82.52,0.11,1.26,78.77,dry_run,fault
pump,1.55,13.6,54.93,1.15,3.63,253.28,none,running
pump,2.17,17.6,58.37,0.63,2.77,84.73,cavitation,warning
pump,1.22,10.81,50.04,1.1,4.06,184.92,none,running
pump,0.95,10.99,59.33,1.02,2.96,174.37,seal_leakage,running
pump,1.12,18.29,73.25,0.47,6.31,53.92,clogging,fault
pump,3.77,14.78,81.81,0.22,0.47,31.13,dry_run,fault
pump,3.18,17.98,75.33,0.59,5.59,59.75,clogging,fault
pump,2.19,11.93,74.27,0.14,0.85,71.77,dry_run,fault
pump,2.4,14.76,67,0.76,2.48,67.76,impeller_damage,fault
pump,1.64,14.63,47.71,1.07,3.75,207.97,bearing_failure,running
pump,1.52,15.51,54.29,1.01,4.41,238.7,none,running
pump,1.37,12.68,55.7,0.87,4.58,240.5,none,running
pump,3.29,8.94,84.47,0.06,1.01,34.91,dry_run,fault
pump,3.02,12.79,67.14,1.04,2.07,91.07,impeller_damage,warning
pump,4.01,14.03,58.58,0.67,2.2,153.37,cavitation,fault
pump,2.33,14.24,55.7,0.93,3.9,133.88,cavitation,warning
pump,1.96,11.95,81.27,0.2,1.22,70.02,dry_run,fault
pump,0.9,12.64,49.25,1.19,4.01,226.6,none,running
pump,1.91,15.94,56.3,0.76,1.85,165.52,impeller_damage,warning
pump,2.74,11.9,48.42,0.84,3.67,163.89,seal_leakage,warning
pump,1.34,10.91,52.27,1.28,4.48,203.13,none,running
pump,3.75,7.9,87.66,0.3,0.05,32.18,impeller_damage,fault
pump,5.05,10.83,73.84,0.09,1.2,0,dry_run,fault
pump,1.68,11.12,49.31,0.97,4.45,209.45,none,running
pump,2.08,12.82,76.22,0.12,0.2,24.55,dry_run,fault
pump,3.35,10.82,91.94,0.35,0.14,49.64,dry_run,fault
pump,1.47,11.88,56.15,1.15,3.71,190.7,none,running
pump,1.55,22.28,65.91,0.8,4.6,137.24,clogging,fault
pump,1.67,10.44,58.01,1.04,4.71,190.56,none,running
pump,1.4,15.5,29.83,1.04,4.26,188.73,bearing_failure,running
pump,0.61,11.64,61.47,0.99,3.28,152.04,seal_leakage,running
pump,3.59,19.5,62.55,0.54,4.49,66.95,clogging,fault
pump,1.06,13.48,61.57,1.17,4.1,213.24,none,running
pump,2.2,20.47,65.78,0.79,2.49,111.28,impeller_damage,fault
pump,1.14,26.5,62.18,0.9,5.43,115.82,clogging,fault
pump,4.38,11.9,83.48,0.16,1.57,20.55,dry_run,fault
pump,4.12,10.63,60.5,0.41,2.12,183.63,cavitation,fault
pump,2.84,18.33,64.93,0.93,2.73,174.95,impeller_damage,warning
pump,2.83,11.83,68.09,0.35,2.9,158.17,cavitation,fault
pump,3.76,15.16,65.76,1.18,4.2,206.8,bearing_failure,fault
pump,2.93,16.82,57.01,0.24,3.33,111.02,cavitation,fault
pump,1.19,12.45,54.47,1.13,3.88,224.79,none,running
pump,1.85,15.18,65.19,0.63,2.9,100.94,cavitation,warning
pump,1.89,13.5,52.09,0.57,3.57,54.11,cavitation,fault
pump,0.87,12.99,51.52,0.9,3.3,198.71,seal_leakage,running
pump,1.48,11.89,58.53,1.21,4.59,235.56,none,running
pump,3.07,14.2,68.15,0.22,3.04,145.62,cavitation,fault
pump,0.96,19.35,26.2,1,3.63,228.84,bearing_failure,warning
pump,3.27,14.19,61.88,0.59,2.44,173.77,cavitation,warning
pump,4.18,10.85,82.24,0.11,1.4,42.32,dry_run,fault
pump,1.7,9.88,57.96,0.92,4.19,186.8,none,running
pump,2.81,14.4,55.41,0.77,2.74,126.8,impeller_damage,warning
pump,2.03,11.93,67.52,0.77,1.75,136.31,impeller_damage,fault
pump,3.14,15.31,72.08,1.12,2.14,107.8,impeller_damage,warning
pump,5.21,11.8,88.6,0.22,0.85,26.53,dry_run,fault
pump,1.23,19.72,67.99,0.95,2.07,161.19,impeller_damage,warning
pump,2.82,15.01,68.89,0.93,4.36,218.03,bearing_failure,warning
pump,4.21,10.27,68.15,0.36,1.13,12.36,dry_run,fault
pump,1.35,17.36,57.44,0.62,6.19,122.97,clogging,warning
pump,1.66,12.25,54.24,1,3.9,225.52,none,running
pump,1.58,21.73,61.31,1.03,4.47,137.37,impeller_damage,fault
pump,1.87,10.5,69.07,0.93,4.18,186.47,bearing_failure,warning
pump,2.72,18.13,59.18,0.73,3.05,163.28,impeller_damage,warning
pump,1.36,12.05,42.22,1.13,4.36,194.28,bearing_failure,running
pump,5.26,7.56,68.62,0.12,1.74,37.09,dry_run,fault
pump,3.8,13.57,74.8,0.35,0.09,47.71,dry_run,fault
pump,1.37,10.29,61.01,0.99,4.62,215.91,none,running
pump,2.37,11.66,58.68,0.7,3.97,152.51,cavitation,warning
pump,5.2,13.96,64.15,0.56,3.76,161.36,cavitation,fault
pump,2.3,14.18,59.12,0.84,3.51,208.48,seal_leakage,warning
pump,3.52,15.38,77.54,1.01,3.77,231.86,bearing_failure,fault
pump,1.4,18.78,53.26,0.76,1.58,140.93,impeller_damage,fault
pump,1.9,17.18,73.5,0.65,5.7,112.16,clogging,warning
pump,1.22,16.12,53.91,0.99,4.43,235.16,none,warning
pump,3.28,18.08,54.88,1.09,2.99,104.93,impeller_damage,warning
pump,3.26,18.42,63.87,0.86,4.02,235.92,bearing_failure,warning
pump,1.79,11.66,52.64,1.06,4.63,194.7,none,running
pump,1.11,13.22,51.39,0.88,3.89,202.48,none,running
pump,5.12,13.24,79.43,0,1.26,12.37,dry_run,fault
pump,2.21,15.45,69.72,0.9,4.4,227.67,cavitation,warning
pump,1.61,12.9,55.85,0.92,4.5,215.77,none,running
pump,1.28,20.33,71.32,0.8,5.27,57.9,clogging,fault
pump,2.76,18.53,72.25,0.43,5.69,144.04,clogging,fault
pump,2.08,9.02,70.61,0.39,1.6,23.24,dry_run,fault
pump,2.65,12.38,87.84,1.06,3.59,203.09,seal_leakage,fault
pump,3.06,12.13,52.77,0.11,2.82,131.09,cavitation,fault
pump,1.93,14.17,61.68,0.9,1.46,100.88,impeller_damage,fault
pump,1.63,12.59,69.41,0.16,2.07,161.86,cavitation,fault
pump,1.02,9.68,55.36,1.17,3.77,189,none,running
pump,3.43,10.94,54.79,0.24,3.05,92.65,cavitation,fault
pump,1.91,8.72,78.84,0.09,1.6,69.87,dry_run,fault
pump,3.38,15.86,58.23,0.66,2.65,169.23,cavitation,warning
pump,1.89,15.29,50.93,1.03,3.17,192.72,seal_leakage,running
pump,1.13,7.26,82.08,0.15,1.89,19.92,dry_run,fault
pump,1.06,16.08,59.49,1.12,3.44,151.81,seal_leakage,warning
pump,2.8,12.21,64.66,0.24,3.41,134.6,cavitation,fault
pump,2.18,13.96,52.92,0.92,2.07,150.23,cavitation,warning
pump,2.77,9.81,69.26,0.16,1.34,15.58,dry_run,fault
pump,2.19,21.63,73.84,0.54,4.85,85.68,clogging,fault
pump,2.86,18.98,73.01,0.85,2.91,85.84,impeller_damage,warning
pump,1.63,10.33,57.22,0.96,4.2,179.82,none,running
pump,1.79,16.94,46.8,0.97,4.01,221.3,bearing_failure,warning
pump,2.68,18.1,62.59,0.83,6.13,77.42,clogging,fault
pump,3.34,12.61,91.18,0.44,0.32,61.5,dry_run,fault
pump,3.06,7.49,83.18,0.32,1.35,18.4,dry_run,fault
pump,2.07,10.17,80.38,0.1,1.03,46.06,dry_run,fault
pump,1.72,16.12,76.64,0.53,4.22,53.03,clogging,fault
pump,1.63,11.58,51.38,1.14,3.16,122.55,seal_leakage,running
pump,1.38,19.23,71.55,0.96,6.67,118.43,clogging,warning
pump,2.38,5.87,91.46,0.38,0,48.16,dry_run,fault
pump,2.37,16.23,66.7,0.99,3.97,208.86,bearing_failure,warning
pump,3.56,17.69,78.82,0.87,3.52,228.13,bearing_failure,fault
pump,1.01,20.25,68.1,0.38,5.66,106.47,clogging,fault
pump,1.75,10.68,52.45,1.12,2.32,151.98,seal_leakage,warning
pump,1.37,9.72,58.8,1.16,3.49,158.87,seal_leakage,running
pump,1.85,12.7,61.52,0.87,2.98,119.52,seal_leakage,warning
pump,2.02,13.63,72.23,0,1.85,26.63,dry_run,fault
pump,1.89,17.57,66.47,0.61,4.52,73.49,clogging,fault
pump,2.04,16.51,51.28,1.12,4.3,237.13,bearing_failure,warning
pump,3,17.86,69.61,0.79,1.95,85.32,impeller_damage,warning
pump,2.98,14.61,56.03,0.75,2.78,165.15,cavitation,warning
pump,4.19,13.15,59.46,0.21,2.22,190.72,cavitation,fault
pump,2.08,14.21,62.27,0.63,3.28,162.06,cavitation,warning
pump,2.02,12.66,79.58,0.38,1.33,56.52,dry_run,fault
pump,5.17,13.69,56.67,0.1,3.5,144.53,cavitation,fault
pump,1.27,14.31,55.05,0.88,4.1,226.71,none,running
pump,2.65,11.56,68.33,0.36,1.19,19.22,dry_run,fault
pump,1.6,15.84,62.67,1.11,3.65,134.5,seal_leakage,running
pump,2.87,14.25,60.07,1.14,3.14,131.79,impeller_damage,warning
pump,4.99,13.36,63.63,0.59,2.82,162.73,cavitation,fault
pump,3.56,17.25,56.2,0.6,2.08,83.43,cavitation,fault
pump,1.44,14.54,57.54,1.25,4.57,217.23,none,running
pump,1.57,8.57,72.5,0.26,1.5,18.57,dry_run,fault
pump,1.62,11.59,53.57,0.96,3.1,183.5,seal_leakage,running
pump,2.61,19.31,60.97,0.82,2.92,91.14,impeller_damage,warning
pump,1.28,11.92,58.29,0.91,3.61,154.08,seal_leakage,running
pump,1.34,12.45,53.85,0.98,4.6,177.7,none,running
pump,2.34,10.39,75.97,0,0.89,33.29,dry_run,fault
pump,1.74,11.77,60.37,0.91,3.79,279.49,none,running
pump,1,13.67,52.9,1.12,3.59,236.69,none,running
pump,3.59,11.53,68.9,0.32,0.63,28.64,dry_run,fault
pump,2.81,9.76,78.96,0.4,0.72,54.06,dry_run,fault
pump,4.28,12.07,62.89,0.78,2.95,178.63,cavitation,fault
pump,1.59,15.51,33.52,1.01,3.7,208.02,bearing_failure,running
pump,1.86,17.16,63.56,0.88,3.01,133.82,impeller_damage,warning
pump,2.94,15.33,70.56,0.66,1.42,165.9,impeller_damage,fault
pump,4.32,13.91,56.54,0.65,3.35,192.61,cavitation,fault
pump,1.52,12.46,78.51,0.2,0.44,7.7,dry_run,fault
pump,2.35,17.85,53.66,0.3,3.79,153.25,cavitation,fault
pump,1.17,12.05,58.43,0.91,4.2,197.82,none,running
pump,1.78,12.6,58.89,0.99,2.55,157.46,seal_leakage,running
pump,1.95,19.68,56.09,0.69,4.5,133.8,clogging,warning
pump,3,14.61,80.43,0,0.66,30.61,dry_run,fault
pump,1.73,17.85,50.54,0.98,4.25,231.51,bearing_failure,warning
pump,1.08,9.49,61.5,1.14,2.57,158.44,seal_leakage,running
pump,1.76,13.3,51.51,1.05,3.82,207.37,none,running
pump,3.19,15.03,61.92,0.48,2.67,91.18,cavitation,fault
pump,2.28,18.29,71.44,0.42,5.9,113.62,clogging,fault
pump,1.88,15.88,70.46,0.12,2.92,170.8,cavitation,fault
pump,1.41,12.33,57.2,1.14,2.49,167.65,seal_leakage,warning
pump,1.75,11.16,79.47,0.34,0.17,48.85,dry_run,fault
pump,5.14,9.57,59.23,0.54,2.17,131.12,cavitation,fault
pump,4.28,13.44,83.78,0,0.95,73.09,dry_run,fault
pump,2.3,13.69,63.03,0.93,2.85,167.87,impeller_damage,warning
pump,5.18,16.44,66.68,1.04,2.75,149.24,cavitation,fault
pump,2.55,26.84,64.97,0.6,4.6,136.58,clogging,fault
pump,2.89,17.1,52.57,1.07,3.54,229.23,bearing_failure,warning
pump,2.26,17.96,63.54,1.11,2.13,147.89,impeller_damage,warning
pump,3.32,14.95,66.16,1.02,3.99,200.03,bearing_failure,warning
pump,1.4,13.08,60.22,1.02,3.75,250.65,none,running
pump,2.56,23.78,62.96,0.81,6.38,104.88,clogging,fault
pump,3.31,13.63,54.74,0.78,2.33,112.8,cavitation,warning
pump,1.6,10.83,57.14,0.77,3.43,151.24,cavitation,warning
pump,1.12,10.38,55.25,1.27,4.37,228.11,none,running
pump,1.46,8.07,85.03,0.04,0.8,0,dry_run,fault
pump,1.35,14.07,53.89,1.01,4.22,241.6,none,running
pump,2.31,7.85,81.56,0.33,1.65,48.97,dry_run,fault
pump,1.5,14.26,44.17,0.93,4.48,195.35,bearing_failure,running
pump,2.53,11.4,67.51,0.7,1.61,128.39,impeller_damage,fault
pump,2.83,12.66,63.58,0.5,3.81,158.71,cavitation,warning
pump,2.24,7.96,73.22,0.4,1.19,78.24,dry_run,fault
pump,2.41,19.42,66.11,0.88,5.68,80.88,clogging,warning
pump,2.17,13.61,80.9,0.03,1.58,18.84,dry_run,fault
pump,2.26,16.57,61.31,0.81,1.71,119.83,impeller_damage,fault
pump,2.79,17.06,70.97,1,5.33,49.35,clogging,fault
pump,2.77,18.25,75.69,0.8,6.19,125.07,clogging,fault
pump,1.78,11.95,55.74,1.13,2.76,165.26,seal_leakage,running
pump,3.65,14.38,54.41,0.69,1.85,123.15,cavitation,fault
pump,1.88,14.77,67.2,0.86,4.15,217.48,bearing_failure,warning
pump,3.96,13.4,62.36,0.67,2.34,175.09,cavitation,fault
pump,2.42,13.91,53.99,1.03,4.04,250.37,bearing_failure,warning
pump,1.67,21.08,63.47,0.36,5.63,36.53,clogging,fault
pump,1.28,12.34,57.76,0.89,4.22,229.5,none,running
pump,1.5,14.07,56.06,1.05,4.03,240,none,running
pump,2.73,10.22,92.67,0.12,0.41,52.7,dry_run,fault
pump,3.18,18.11,68.17,1.24,4,199.86,bearing_failure,warning
pump,1.2,16.49,57.97,0.95,2.61,96.06,impeller_damage,warning
pump,1.85,12.47,53.73,0.92,4.58,184.32,none,running
pump,1.58,21.24,57.64,0.65,6.55,49.78,clogging,fault
pump,1.12,12.87,62.16,0.56,2.28,172.44,cavitation,warning
pump,1.88,12.6,49.12,1.15,3.52,144.15,seal_leakage,running
pump,4.33,14.53,68.96,0.65,2.84,144.66,cavitation,fault
pump,1.07,18.67,65.38,0.9,1.7,136.76,impeller_damage,fault
pump,3.23,14.14,61.32,1.17,3.85,196.23,bearing_failure,warning
pump,1.49,16.83,58.65,1.07,2.93,171.25,impeller_damage,warning
pump,3.71,17.88,68.28,0.89,4.28,232.45,bearing_failure,fault
pump,2.26,17.49,58.83,0.28,3.47,163.89,cavitation,fault
pump,3.05,8.99,77.55,0.39,0.05,48.24,dry_run,fault
pump,3.58,12.28,69.44,0.92,4.44,258.49,bearing_failure,fault
pump,1.6,12.75,61.34,1.07,1.97,151.29,seal_leakage,warning
pump,2.06,13.4,69.47,0.29,0.81,34.47,dry_run,fault
pump,1.23,14.29,49.58,0.98,4.2,242.89,none,running
pump,2.26,14.94,58.71,1.07,2.24,197,seal_leakage,warning
pump,3.79,10.82,59.15,0.7,2.96,141.38,cavitation,fault
pump,3.49,16.72,62.19,0.82,3.65,149.33,cavitation,warning
pump,2.74,14.13,66.54,0.35,0.47,35.52,dry_run,fault
pump,1.68,13.23,56.06,1,2.01,110.05,impeller_damage,warning
pump,1.1,12.96,54.06,1.18,4.18,242.07,none,running
pump,0.81,16.39,60.56,0.92,5.23,145.05,clogging,warning
pump,1.6,11.12,60.88,1.09,2.89,145.88,seal_leakage,running
pump,2.6,14,54.41,1.13,3.82,199.03,bearing_failure,warning
pump,2.42,18.69,70.96,0.36,6.05,157.16,clogging,fault
pump,2.57,12.96,74.29,0.61,5.57,60.37,clogging,fault
pump,1.13,13.99,53.23,0.94,3.1,207.41,seal_leakage,running
pump,2.67,25.1,68.08,0.8,5.18,146.27,clogging,fault
pump,1.27,12,59.07,0.76,2.11,147.78,seal_leakage,warning
pump,2.12,17.57,43.15,0.91,4.09,177.69,bearing_failure,warning
pump,1.56,12.11,54.45,0.07,2.41,191.49,cavitation,fault
pump,2.14,22.98,69.64,0.62,6.87,79.67,clogging,fault
pump,4.13,12.45,58.79,0.37,3.06,120.13,cavitation,fault
pump,3.49,16.96,58.5,0.83,2.17,92.46,cavitation,warning
pump,2.26,15.08,64.56,1.14,1.8,134.78,impeller_damage,warning
pump,1.9,16.04,57.21,0.89,3.26,198.71,seal_leakage,warning
pump,4.27,15.49,64.71,0.64,3.17,112.35,cavitation,fault
pump,1.86,23.49,65.88,0.34,5.33,115.66,clogging,fault
pump,2.69,13.65,76.8,0.89,3.66,197.56,bearing_failure,fault
pump,1.4,13.18,51.88,1.1,4.67,235.99,none,running
pump,3.07,14.64,68.36,0.89,4.4,267.4,bearing_failure,warning
pump,2.89,14.1,66.73,0.35,2.5,132.68,cavitation,fault
pump,1.04,12.78,52.03,1.22,4.17,223.23,none,running
pump,1.83,15.21,65.76,0.96,3.13,105.23,impeller_damage,warning
pump,3.42,13.9,80.3,0.33,0.24,0,dry_run,fault
pump,3.77,14.8,62.15,0.89,3.84,173.1,bearing_failure,fault
pump,0.65,16.04,63.09,0.92,3.31,194.5,seal_leakage,warning
pump,2.22,15.23,62.23,1.14,3.61,231.48,bearing_failure,warning
pump,1.55,13.04,53.76,1.21,3.73,211.78,none,running
pump,1.26,12.25,50.83,1.12,4.4,233.46,none,running
pump,4.43,15.34,55.43,0.15,2.53,133.42,cavitation,fault
pump,2.64,12.85,58.51,0.29,1.96,181.15,cavitation,fault
pump,3.58,12.19,89.8,0.17,0.69,13.26,dry_run,fault
pump,2.28,15.47,73.12,0.39,1.01,0,dry_run,fault
pump,2.98,7.21,66.12,0.31,1.31,36.08,none,fault
pump,1.56,16.35,63.97,0.96,1.8,159.52,clogging,warning
pump,2.06,14.15,58.03,1.07,3.82,141.24,seal_leakage,warning
pump,1.54,12.06,53.99,0.95,3.48,161.64,seal_leakage,running
pump,2.38,10.17,29.51,0.79,3.58,169.2,bearing_failure,warning
pump,2.35,11.54,57.27,0.73,3.1,188.72,cavitation,warning
pump,1.55,12.47,80.62,0.11,0.15,61.87,dry_run,fault
pump,2.89,20.15,69.41,0.41,5.21,109.53,clogging,fault
pump,1.63,10.55,61.34,1.15,3.87,162.14,none,running
pump,2.56,15.35,69.32,0.98,3.37,180.3,bearing_failure,warning
pump,2.28,8.61,82,0.18,1.11,57.06,dry_run,fault
pump,2.79,16.42,54.76,0.4,3.83,151.6,cavitation,fault
pump,2.19,15.87,59.14,0.64,1.33,142.9,impeller_damage,fault
pump,1.67,12.49,49.46,0.99,3.61,248.24,none,running
pump,0.79,13.25,64.47,0.81,1.49,146.15,impeller_damage,fault
pump,1.16,10.02,50.31,1.05,4.27,197.97,none,running
pump,2.12,12.95,58.71,0.98,3.56,194.86,seal_leakage,warning
pump,3.03,12.47,82.05,0.18,0.58,7.24,dry_run,fault
pump,2.11,13.3,70.39,0.74,2.11,90.28,impeller_damage,warning
pump,1.99,14.79,67.1,0.81,1.89,106.58,impeller_damage,warning
pump,1.1,12.02,53.75,1.05,4.18,269.7,none,running
pump,3.32,12.95,61.58,1.02,3.88,185.77,bearing_failure,warning
pump,3.84,9.13,81.47,0.43,1.19,42.62,dry_run,fault
pump,1.39,19.39,70.28,0.54,5.48,67.19,clogging,fault
pump,1.69,12.81,50.78,1.42,4.79,224.83,none,running
pump,1.31,14.76,49.47,0.97,3.93,275.69,none,running
pump,2.71,17.11,66.6,1.06,2.16,137.23,impeller_damage,warning
pump,1.79,12.25,52.97,1.11,4.05,201.89,none,running
pump,1.84,13.3,72.9,0.18,0.57,42.96,dry_run,fault
pump,1.41,15.74,56.04,0.99,2.05,188.17,clogging,warning
pump,1.69,12.45,65.96,0.83,3.1,143.3,seal_leakage,warning
pump,1.74,13.45,60.48,0.87,2.51,165.11,seal_leakage,running
pump,3.47,15.15,74.43,0.4,0.89,59.04,dry_run,fault
pump,1.49,13.96,51.1,1.23,4.46,234.77,none,running
pump,2.78,14.42,70.22,0.6,2.78,144.65,cavitation,warning
pump,2.06,14.75,54.61,0.56,6.55,39.93,clogging,fault
pump,1.84,16.53,73.21,0.54,5.01,137.46,clogging,warning
pump,0.69,9.69,51.28,0.89,3.58,188.77,none,running
pump,3.16,12.9,61.81,1.15,1.68,191.37,impeller_damage,fault
pump,3.3,16.75,60.1,0.45,3.23,177.75,cavitation,fault
pump,1.67,14.46,69.49,1.07,3.99,173.23,bearing_failure,warning
pump,1.49,10.36,57.49,1.12,3.81,232.62,none,running
pump,1.36,13.8,70.51,0.79,1.89,109.41,impeller_damage,warning
pump,2.69,12.6,64.97,0.11,0.37,23.77,dry_run,fault
pump,1.86,16,55.39,0.96,4.59,233.71,none,running
pump,1.1,11.88,66.82,0.45,1.06,2.1,dry_run,fault
pump,3.27,14.06,62.46,0.32,2.14,191.25,cavitation,fault
pump,3.05,13.27,60.8,0.5,2.95,117.45,cavitation,warning
pump,1.56,16.69,55.96,1.11,1.99,130.74,impeller_damage,warning
pump,1.8,14.29,81.43,0.42,1.09,39.82,dry_run,fault
pump,1.44,20.01,70.8,0.52,6.28,98.25,seal_leakage,fault
pump,1,11.62,55.44,0.87,4.59,236.54,none,running
pump,4.28,16.3,65.14,0.68,2.62,200.63,cavitation,fault
pump,1.2,12.76,55.67,0.7,2.53,85.49,impeller_damage,warning
pump,1.2,14.6,53.06,0.84,1.98,157.71,seal_leakage,warning
pump,1.9,20.39,69.62,1.08,4.41,207.75,bearing_failure,fault
pump,2.72,14.69,63.47,0.97,4.03,241.08,bearing_failure,warning
pump,3.54,15.33,67.81,1.08,3.67,198.31,bearing_failure,fault
pump,1.02,13.7,50.3,0.82,2.21,205.03,seal_leakage,warning
pump,1.11,14.43,61.42,0.93,3.51,175.26,seal_leakage,running
pump,4.36,8.72,79.12,0.06,0.38,77.98,dry_run,fault
pump,4.61,14.45,65.79,0.65,2.14,140.1,cavitation,fault
pump,1.54,23.28,67.95,1.01,6.6,155.87,none,fault
pump,1.73,14.27,59.65,1.03,2.23,153.39,seal_leakage,warning
pump,1.26,13.9,59.59,0.62,1.98,168.16,cavitation,warning
pump,1.33,18.27,55.72,0.83,2.16,174.56,cavitation,warning
pump,1.69,15.75,51.64,1.2,3.53,225.99,bearing_failure,running
pump,1.23,12.12,56.44,0.94,2.36,177.77,seal_leakage,warning
pump,1.33,13.66,64.09,0.94,3.52,204.74,seal_leakage,running
pump,1.89,12.15,55.61,1.1,3.88,213,bearing_failure,running
pump,3.42,13.9,53.74,0.27,3.61,91.97,cavitation,fault
pump,1.1,12.98,59.16,1.1,2.37,185.91,seal_leakage,warning
pump,1.99,14.65,94.08,0.08,1.11,23.64,dry_run,fault
pump,1.82,16.3,63.25,0.98,3.47,156.47,seal_leakage,warning
pump,1.91,14.2,76.31,1.11,3.7,206.67,bearing_failure,fault
pump,1.92,12.3,64.19,1.15,1.48,118.44,impeller_damage,fault
pump,1.04,11.53,52.23,1.06,3.85,196.03,none,running
pump,2.76,14.65,58.45,0.58,3.28,129.11,cavitation,warning
pump,3.76,13.03,69.86,0.6,2.6,98.05,cavitation,fault
pump,1.51,12.79,53.26,1.17,4.46,263.22,none,running
pump,4.39,11.37,89.86,0.04,1.72,34.57,dry_run,fault
pump,2.05,15.23,62.42,0.87,4.99,109.37,clogging,warning
pump,2.04,14.55,60.9,0.97,2.45,145.1,seal_leakage,warning
pump,3.93,15.58,67.5,1.23,4.32,232.09,bearing_failure,fault
pump,5.34,10.81,64.78,0.79,2.63,180.17,cavitation,fault
pump,3.23,19.3,69.56,0.5,5.41,134.23,clogging,warning
pump,1.8,18.79,74.83,0.21,6.33,35.44,clogging,fault
pump,2.18,17.7,60.62,0.81,6.22,150.83,clogging,warning
pump,1.57,12.19,93.71,0.04,0.5,71.44,dry_run,fault
pump,2.31,13.63,62.71,0.79,3.23,160.17,cavitation,warning
pump,3.97,9.14,86.51,0.08,1.42,20.53,dry_run,fault
pump,4.44,15.4,72.12,0.14,0.88,32.12,dry_run,fault
pump,3.42,9.53,75,0.34,1.31,4.78,dry_run,fault
pump,3.19,15.49,61.97,0.95,2.09,186.16,impeller_damage,warning
pump,1.97,17.63,67.57,1.03,2.27,82.46,dry_run,warning
pump,2.94,12.25,63.15,1.1,3.69,189.95,bearing_failure,warning
pump,3.24,15.29,71.79,1.19,4.15,220.18,bearing_failure,warning
pump,2.28,16.21,65.65,1.03,3.71,171.87,seal_leakage,warning
pump,1.25,12.96,55.94,1.14,3.93,270.03,none,running
pump,2.86,15.32,62.52,0.71,4.86,129.3,clogging,warning
pump,1.2,12.34,57.17,0.99,3.97,196.09,none,running
pump,2.3,17,59.52,0.86,4.34,226.58,bearing_failure,warning
pump,2.43,13.96,70.4,0.98,4.22,183.07,bearing_failure,warning
pump,1.49,11.21,60.79,0.5,2.67,124.39,cavitation,warning
pump,1.63,14.77,67.83,0.31,0.98,11.34,dry_run,fault
pump,3.33,14.56,67.68,1.15,1.68,139.46,impeller_damage,fault
pump,2.62,19.41,70.01,1.03,2.56,191.67,impeller_damage,warning
pump,1.4,13.2,54.01,1.04,2.38,145.65,impeller_damage,warning
pump,1.38,13.24,56.18,1.03,4.53,241.94,none,running
pump,2.17,15.55,62.14,1.11,3.08,92.39,impeller_damage,warning
pump,2.28,9.82,63.1,0.9,2.29,196.08,seal_leakage,warning
pump,1.86,12.12,63.76,0.8,6.26,72.52,clogging,fault
pump,1.46,12.96,55.29,0.87,2.66,163.35,impeller_damage,running
pump,3.04,17.92,70.06,1.01,3.86,195.72,bearing_failure,warning
pump,3.1,10.43,70.44,0.07,1.7,9.66,impeller_damage,fault
pump,2.52,11.41,64.48,0.32,1.99,83.92,cavitation,fault
pump,1.47,16.67,68.42,0.4,0.47,71.7,dry_run,fault
pump,1.47,12.29,55.44,1.07,4.02,220.12,none,running
pump,1.85,21.11,67.04,0.84,2.35,164.4,impeller_damage,fault
pump,2.94,14.16,68.84,0.7,2.68,130.2,impeller_damage,warning
pump,1.3,14.73,63.28,1.07,2.82,186.79,seal_leakage,running
pump,1.42,12.41,57.87,0.94,2.81,190.74,seal_leakage,running
pump,2.24,15.12,69.36,1.02,2.3,103.45,impeller_damage,warning
pump,2,13.58,51.93,0.76,2.38,160.36,seal_leakage,warning
pump,2.18,12.6,64.67,0.99,2.28,122.31,impeller_damage,warning
pump,1.13,11.1,58.81,1.22,3.62,187.47,none,running
pump,1.1,15.32,30.67,0.81,3.99,199.7,bearing_failure,running
pump,2.27,17.09,59.08,0.56,2.29,135.17,cavitation,warning
pump,2.99,15.13,78.12,0.78,4.16,183.83,bearing_failure,fault
pump,3.64,14.01,90.72,0.33,0.1,60.14,dry_run,fault
pump,5.42,13.58,57.9,0.63,1.84,100.4,cavitation,fault
pump,1.72,12.74,55.35,1.2,3.81,195.5,none,running
pump,2.02,17.35,67.27,0.24,2.96,154.33,cavitation,fault
pump,1.35,11.81,54.99,1.21,4.43,222.24,none,running
pump,2.49,10.66,68.92,0.27,1.38,35.97,dry_run,fault
pump,3.27,15.2,63.17,0.85,3.49,89.86,cavitation,warning
pump,1.95,12.3,46.13,1.09,4.19,199.07,bearing_failure,running
pump,1.41,12.62,59.84,1.15,4.28,227.58,none,running
pump,2.6,25.6,69.15,0.43,6.03,57.8,clogging,fault
pump,3.08,15.8,67.27,0.53,3.79,85.63,cavitation,warning
pump,2.9,9.8,71.76,0.3,0.03,26.05,dry_run,fault
pump,0.57,12.51,62.96,1.16,3.54,187.44,seal_leakage,running
pump,1.2,15.02,47.15,0.92,3.74,246.14,none,running
pump,1.28,12.39,54.83,1.2,4.03,232.1,none,running
pump,3.31,15.91,75.13,1.18,3.76,201.07,bearing_failure,fault
pump,2.22,9.7,49.6,1.14,2.41,184.25,seal_leakage,warning
pump,1.43,10.67,58.26,1.13,3.81,199.25,none,running
pump,1.58,12.05,57.43,1.2,3.39,196.04,seal_leakage,running
pump,2.69,11.12,65.28,0.74,1.47,119.77,impeller_damage,fault
pump,2.72,21.49,71.59,0.71,6.63,114.69,clogging,fault
pump,1.89,14.76,67.6,1.15,3.76,180.11,bearing_failure,warning
pump,2.51,17.73,62.81,0.79,1.98,150.29,bearing_failure,warning
pump,3.02,18.29,74.42,0.87,3.62,247.75,bearing_failure,warning
pump,3.19,12.71,68.82,0.05,1.06,32.48,dry_run,fault
pump,2.52,18.07,82.8,0.9,3.5,222.56,bearing_failure,fault
pump,1.49,14.88,36.29,1.06,3.75,209.26,bearing_failure,running
pump,2.99,14.13,60.12,0.32,2.26,97.21,cavitation,fault
pump,1.77,13.34,54.66,1.09,4.2,212.76,none,running
pump,3.67,15.47,64.65,0.72,3.23,115.88,cavitation,fault
pump,2.89,13.54,71.84,0.87,4.12,164.13,bearing_failure,warning
pump,2.15,18.52,72.77,1.21,3.98,256.44,bearing_failure,warning
pump,2.79,16.96,59.44,0.87,2.91,150.91,impeller_damage,warning
pump,3.13,16.19,67.22,1.01,2.87,181.27,impeller_damage,warning
pump,1.79,21.38,65.9,0.81,1.7,148.04,impeller_damage,fault
pump,1.48,12.79,57.65,0.96,3.66,129.3,seal_leakage,running
pump,4.63,17.96,60.56,0.3,2.41,96.1,cavitation,fault
pump,1.63,12.36,55.94,0.98,4.78,216.08,none,running
pump,1.85,15.06,91.45,0.12,0.31,54.83,dry_run,fault
pump,1.02,13.84,53.82,0.98,2.2,156.03,seal_leakage,warning
pump,3.11,11.65,56.93,0.82,1.72,112.45,impeller_damage,fault
pump,2.01,16.5,57.97,0.2,3.51,94.48,cavitation,fault
pump,1.23,10.88,57.55,1.16,4.14,217.43,none,running
pump,4.03,18.04,80.09,0.94,4.34,267.08,bearing_failure,fault
pump,5.24,12.87,53.68,0.79,3.45,124.94,cavitation,fault
pump,1.32,9.77,48.77,1.05,4.27,193.51,none,running
pump,1.56,8.8,64.25,0.4,1.75,15.77,dry_run,fault
pump,4.88,9.94,89.5,0.5,0.17,37.01,dry_run,fault
pump,2,12.3,82.81,0,0.17,25.63,dry_run,fault
pump,2.44,10.54,84.01,0.27,0.77,64.29,dry_run,fault
pump,1.7,10.65,57.04,0.86,4.27,196.03,none,running
pump,2.14,14.91,69.8,0.52,6.39,62.03,clogging,fault
pump,3.72,16.94,72.93,0.93,3.87,201.91,bearing_failure,fault
pump,2.89,13.46,61.1,0.92,4.54,187.02,bearing_failure,warning
pump,1.31,20.13,62.57,0.93,4.98,147.34,clogging,fault
pump,3.01,14.12,62.66,0.95,3.96,259.97,bearing_failure,warning
pump,1.74,15.75,68.22,1.03,2.94,85.4,impeller_damage,warning
pump,4.45,15.48,76.49,1.08,4.53,239.95,bearing_failure,fault
pump,2.57,13.94,59.19,1.02,3.05,166.81,impeller_damage,warning
pump,1.88,12.04,56.42,1.01,4.03,195.59,none,running
pump,3.15,14.64,57.53,0.81,2.98,132.85,impeller_damage,warning
pump,0.79,10.33,58.35,1.18,3.78,211.83,seal_leakage,running
pump,3.73,11.35,64.4,0.32,0.04,19.7,dry_run,fault
pump,1.88,12.12,53.33,0.92,4.42,209.77,none,running
pump,1.51,12.71,47.54,1.03,4.04,201.34,bearing_failure,running
pump,1.49,12.25,53.69,0.82,2.88,187.9,seal_leakage,running
pump,4.27,9.06,70.94,0.13,1.4,23.65,dry_run,fault
pump,3.77,12.72,62.87,0.6,2.46,195.76,cavitation,fault
pump,2.59,14.55,53.71,1.12,3.01,176.16,impeller_damage,warning
pump,3.13,12.41,57.9,0.14,3.39,202.25,cavitation,fault
pump,1.72,13.78,58.84,0.95,4.64,236.79,none,running
pump,2.02,16.51,82.32,0.11,1.5,64.65,dry_run,fault
pump,1.85,14.47,57.27,1.1,2.19,169.89,seal_leakage,warning
pump,2.15,15.58,62.16,0.38,2.2,178.57,cavitation,fault
pump,2.44,15.69,69.85,0.41,3.96,183.74,cavitation,fault
pump,2.04,15.26,54.01,1.16,3.1,143.72,seal_leakage,warning
pump,0.65,17.73,55.01,0.61,2.71,155.04,impeller_damage,warning
pump,2.79,16.6,75.41,1.21,3.81,218.6,bearing_failure,fault
pump,2.99,14.13,64.83,0.6,2.31,143.07,cavitation,warning
pump,1.48,17.13,70.18,0.38,4.92,59.28,clogging,fault
pump,2.63,15.86,67.97,0.76,2.33,176.91,cavitation,warning
pump,2.21,14.83,51.79,1.02,3.2,180.03,seal_leakage,warning
pump,4.49,16.22,65.63,0.3,3.12,123.8,cavitation,fault
pump,1.58,15.41,66.72,0.77,3,83.22,impeller_damage,warning
pump,1.41,18.47,73.78,0.97,4.57,52.08,clogging,fault
pump,1.67,14.63,50.41,0.94,3.65,151.47,seal_leakage,running
pump,1.17,11.35,58.2,1.2,4.46,217,none,running
pump,1.23,16.57,57.29,0.9,4.11,258.53,none,warning
pump,2.09,12.2,89.32,0.32,0.44,63.48,dry_run,fault
pump,2.16,14.37,50.29,0.87,3.09,194.43,seal_leakage,warning
pump,0.92,18.76,69,0.95,5.99,84.54,clogging,warning
pump,2.27,9.02,83.64,0.42,0.69,49.4,dry_run,fault
pump,3.45,8.68,77.7,0.29,1.2,40.67,dry_run,fault
pump,1.01,14.93,62.08,0.93,3.61,151.26,seal_leakage,running
pump,5.1,11.85,65.41,0.58,2.27,94.22,cavitation,fault
pump,5.03,12.41,67.76,0.74,3.34,169.85,cavitation,fault
pump,1.79,18.43,76.67,0.81,5.54,78.48,clogging,fault
pump,2.18,14.79,65.04,0.89,2.31,168.52,impeller_damage,warning
pump,0.87,11.45,61.01,0.8,4.53,231.2,none,running
pump,3.86,12.26,84.86,0.28,0.02,10.34,dry_run,fault
pump,2.3,15.34,53.83,0.96,2.57,137.9,seal_leakage,warning
pump,2.14,19.09,76.89,0.78,4.57,103.61,clogging,fault
pump,1.71,11.63,48.84,1.26,4.01,217.36,none,running
pump,1.92,17.79,33.36,1.06,3.7,212.38,bearing_failure,warning
pump,3.39,15.35,63.41,0.45,2.36,171.16,cavitation,fault
pump,2.7,18.38,60.92,0.8,4.31,210.99,impeller_damage,warning
pump,2.52,16.89,62.14,0.79,2.21,168.48,impeller_damage,warning
pump,3.68,13.13,71.38,0.08,1.44,36.78,dry_run,fault
pump,2.03,15.73,64.82,0.25,2.86,161.35,cavitation,fault
pump,2.92,9.85,89.08,0.22,0.09,0,dry_run,fault
pump,1.93,10.93,51.39,0.94,2.63,176.53,seal_leakage,running
pump,1.27,12.71,58.61,1.17,3.94,199.63,none,running
pump,1.21,12.9,51.81,0.92,4.51,207.01,none,running
pump,3.44,11.83,59.42,0.85,3.28,160.82,cavitation,warning
pump,2.24,9.3,56.65,1.08,2.79,222.74,seal_leakage,warning
pump,3.52,13.01,58.51,1.04,2.34,120.88,impeller_damage,fault
pump,3.07,14.52,72.67,0.89,3.73,172.7,bearing_failure,warning
pump,3.98,13.7,60.14,1.14,3.54,106.29,cavitation,fault
pump,2.82,17.61,54.9,0.24,3.31,178.36,cavitation,fault
pump,2.81,17.42,75.98,1.13,2.1,62.92,impeller_damage,fault
pump,2.6,13.11,55.48,1,4.05,181.7,bearing_failure,warning
pump,3.02,25.87,73.89,0.65,5.96,71.79,clogging,fault
pump,4.78,17.56,56.02,0.73,2.06,183.88,cavitation,fault
pump,1.94,12.77,54.64,1.02,2.51,162.24,seal_leakage,running
pump,2.01,13.34,79.82,0.91,3.94,234.43,bearing_failure,fault
pump,4.08,8.97,86.53,0,1.42,2.63,dry_run,fault
pump,2.69,18.03,52.4,0.61,2.21,144.78,cavitation,warning
pump,3.24,16.21,69.28,1.19,3.66,194.31,bearing_failure,warning
pump,2.72,7.85,91.82,0.09,0.23,0,dry_run,fault
pump,3.1,12.56,64.19,1.06,2.58,89.23,impeller_damage,warning
pump,0.69,23.13,56.88,0.66,4.72,145.74,clogging,fault
pump,1.48,12.25,53.76,0.86,4.48,214.94,none,running
pump,2.35,14.69,61.55,0.34,2.5,131.52,cavitation,fault
pump,3.58,13.24,58,0.28,3.14,107.37,cavitation,fault
pump,2.14,18.01,73.86,1.04,3.85,267.85,bearing_failure,warning
pump,2.16,7.31,83.96,0.36,0.74,40.28,dry_run,fault
pump,1.9,14.06,59.6,0.84,2.53,184.87,seal_leakage,running
pump,1.27,12.23,56.2,0.97,4.07,253.12,none,running
pump,0.83,20.01,55.47,1.17,3.06,149.62,impeller_damage,fault
pump,1.36,13.93,54.42,1.19,4.47,271.03,none,running
pump,1.42,13.76,53.66,0.93,3.68,232.93,none,running
pump,3.56,16.57,55.83,1.08,4.24,263.4,bearing_failure,fault
pump,1.97,16.85,54.71,1.12,3.12,153.93,seal_leakage,warning
pump,1.54,11.9,48.98,1.14,4.54,209.83,none,running
pump,0.86,10.67,91.27,0.3,0.17,66.77,dry_run,fault
pump,3.27,16.02,65.11,1,3.73,215.38,bearing_failure,warning
pump,4.06,14.23,64.7,0.26,2.23,86.93,cavitation,fault
pump,2.98,14.71,80.27,0.48,1.31,13.5,dry_run,fault
pump,2.94,18.58,66.19,0.8,1.41,119.34,impeller_damage,fault
pump,1.75,18.74,81.03,0.82,3.75,252.54,bearing_failure,fault
pump,1.32,17.38,66.89,0.45,5.17,103.59,clogging,fault
pump,1.59,14.22,51.21,1.09,4.21,267.13,none,running
pump,1.6,11.95,68.64,0.89,4.04,185.32,bearing_failure,warning
pump,3.6,14.18,67.98,0.39,0.9,86.98,dry_run,fault
pump,1.95,16.94,77.7,0.91,3.86,218.67,bearing_failure,fault
pump,1.5,14.96,58.26,0.99,4.18,247.8,none,running
pump,2.06,13.89,59.8,1.21,2.32,146.21,seal_leakage,warning
pump,1.76,14.23,62.83,1.16,2.82,171.21,seal_leakage,running
pump,4.13,14.19,85.12,0.98,4.28,269.26,bearing_failure,fault
pump,4.42,10.95,64.35,0.5,2.1,123.57,cavitation,fault
pump,2.02,14.77,70.11,0.86,1.77,102.79,impeller_damage,fault
pump,4.57,13.51,66.9,0.65,2.24,90.87,cavitation,fault
pump,2.65,18.97,61.43,1.01,5.86,152.5,clogging,warning
pump,1.5,12.72,47.76,1.15,4.17,223.13,none,running
pump,1.65,20.18,61.49,0.71,1.73,142.21,impeller_damage,fault
pump,2.53,13.74,51.57,1.16,2.74,204.32,seal_leakage,warning
pump,1.8,15.29,66.52,1.02,3.13,94.11,impeller_damage,warning
pump,1.55,17.45,68.79,0.62,5.44,127.73,clogging,warning
pump,1.87,12.91,61.38,0.8,2.12,175.9,cavitation,warning
pump,1.03,12.07,53.37,1.14,4.55,255.04,none,running
pump,2.7,15.33,60.33,0.81,2.91,171.55,cavitation,warning
pump,3.92,15.3,76.3,0.98,4.41,173.47,bearing_failure,fault
pump,2.27,23.88,77.68,0.7,5.74,83.98,bearing_failure,fault
pump,1.68,11.87,88.54,0.5,1.21,11.73,dry_run,fault
pump,2.55,22.46,59.38,0.83,4.64,57.46,clogging,fault
pump,1.34,14.77,56.55,0.91,4.09,246.66,none,running
pump,2.55,23.61,73.41,1.04,5.85,116.25,clogging,fault
pump,5.14,13.5,65.7,0.2,0.61,14.49,dry_run,fault
pump,3.86,8.14,86.41,0,0.86,53.04,dry_run,fault
pump,2.67,13.32,68.62,1.05,2.76,143.59,impeller_damage,warning
pump,3.27,12.85,77.05,0.19,0.6,51.84,dry_run,fault
pump,3.17,12.7,66.12,0.31,2.03,124.84,cavitation,fault
pump,1.79,12.75,58.44,0.94,3.44,192.02,seal_leakage,running
pump,2.11,11.02,62.64,1.05,3.88,153.63,seal_leakage,warning
pump,1.78,19.23,63.79,0.96,2.79,129.51,impeller_damage,warning
pump,1.48,13,37.05,0.81,4.51,196.05,bearing_failure,running
pump,2.09,12.47,66.44,1.14,3.89,192.4,bearing_failure,warning
pump,1.67,11.9,56.51,1.31,4.41,233.17,none,running
pump,1.48,14.64,72.93,0.25,1.39,29.57,dry_run,fault
pump,1.74,11.1,55.92,1.02,2.89,134.76,seal_leakage,running
pump,3.04,12.31,62.61,0.52,2.74,145.06,cavitation,warning
pump,3.04,12.33,63.12,0.14,2.74,108.24,cavitation,fault
pump,3.2,13.29,90.77,0.09,1.87,57.7,dry_run,fault
pump,1.29,10.61,49.06,1.02,3.95,241.6,none,running
pump,0.88,22.6,66.16,0.33,4.94,80.62,clogging,fault
pump,1.53,14.14,51.15,1.21,4.5,207.84,bearing_failure,running
pump,2.17,19.11,70.45,0.82,4.91,40,clogging,fault
pump,2.28,15.72,60.73,0.37,6.02,56.85,clogging,fault
pump,3.75,9.94,70.42,0.19,0.9,49.08,dry_run,fault
pump,3.99,12.54,86.85,1.16,3.58,208.59,bearing_failure,fault
pump,1.1,16.52,52.44,0.85,3.92,277.75,none,warning
pump,3.94,13.58,72.83,0.34,0.26,86.76,dry_run,fault
pump,1.35,14.14,49.08,0.93,3.77,168.36,seal_leakage,running
pump,1.38,22.13,62.26,0.66,5.26,99.67,clogging,fault
pump,0.71,17.8,71.11,0.73,6.87,149.56,clogging,warning
pump,0.89,19.66,70.55,0.79,5.73,103.5,clogging,warning
pump,2.08,7.73,90.65,0.35,1.44,32.24,dry_run,fault
pump,2.76,10.38,63.2,0.62,3.34,104.61,cavitation,warning
pump,3.19,14.81,61.64,0.47,3.58,89.44,cavitation,fault
pump,2.99,13.44,61.54,0.52,3.25,145.72,cavitation,warning
pump,1.33,15.06,65.43,0.65,2.06,70.82,impeller_damage,fault
pump,2.21,22.24,69.28,0.82,5.19,80.81,clogging,fault
pump,2.73,13.51,59.92,0.67,3.07,80.17,cavitation,warning
pump,3.11,16.46,67.49,0.93,1.38,101.06,impeller_damage,fault
pump,5.49,11.11,57.18,0.39,2.31,178.32,cavitation,fault
pump,3.96,17.02,84.56,0.88,4.19,226.06,bearing_failure,fault
pump,1.46,11.39,60.3,1.1,4.46,199.12,none,running
pump,1.28,10.08,64.66,1.07,3.61,157.74,seal_leakage,running
pump,1.65,16.18,67.82,0.67,5.42,129.07,clogging,warning
pump,2.8,13.47,65.63,0.4,1.73,56.55,dry_run,fault
pump,1.2,9.5,49.11,0.95,4.33,208.69,none,running
pump,1.82,12.23,59.97,1.03,3.57,196.49,seal_leakage,running
pump,1.12,11.12,56.97,1.09,4.48,173.57,none,running
pump,3.66,13.43,84.16,0.1,0.49,62.47,dry_run,fault
pump,2.32,13.36,63.6,0.09,3.23,172.91,cavitation,fault
pump,2,11.05,61.67,0.89,3.6,163.07,seal_leakage,running
pump,3.54,15.15,64.76,0.86,3.7,227.27,bearing_failure,fault
pump,1.4,11,56.09,0.94,4.39,252.93,none,running
pump,2.74,15.29,61.7,1.03,3.94,190.6,bearing_failure,warning
pump,3.23,14.59,71.51,0.88,3.82,245.26,bearing_failure,warning
pump,2.96,16.54,70.92,0.83,4.4,200.36,bearing_failure,warning
pump,3.02,15.04,59.34,0.16,2.62,171.84,cavitation,fault
pump,2.99,16.9,59.22,0.26,2.93,153.55,cavitation,fault
pump,1.93,14.66,58.13,1.12,3.23,143.7,seal_leakage,running
pump,0.87,13.6,51.86,1.1,3.38,134.17,seal_leakage,running
pump,0.86,12.84,57.96,0.74,2.87,176.04,seal_leakage,warning
pump,2.15,18.35,74.78,1.21,3.74,282.5,bearing_failure,warning
pump,1.45,11.94,56.3,1,4.28,213.91,none,running
pump,3.15,10.63,55.27,1.01,2.14,174.1,impeller_damage,warning
pump,2.4,12.97,66.22,1.07,1.75,143.36,impeller_damage,fault
pump,3.19,10.34,85.78,0.23,1.78,17.25,dry_run,fault
pump,2.8,16.91,73.46,0.33,4.3,45.63,clogging,fault
pump,1.98,16.17,78.13,1.13,3.68,205.73,bearing_failure,fault
pump,2.18,10.32,68.6,0.41,1.17,58.84,dry_run,fault
pump,3.19,14.01,65.05,1.05,4.25,196.45,bearing_failure,warning
pump,1.61,14.8,55.72,1.11,4.02,278.69,none,running
pump,1.46,14.35,63.33,0.39,4.58,123.05,clogging,fault
pump,1.4,14.34,51.43,0.98,4.79,269.37,none,running
pump,2.82,19.72,52.85,0.97,1.41,141.34,impeller_damage,fault
pump,1.86,25.27,62.89,0.28,4.8,138.76,clogging,fault
pump,1.54,14.53,61.51,0.35,3.06,106.5,cavitation,fault
pump,3.17,14.43,67.27,1.19,3.87,229.7,bearing_failure,warning
pump,3.79,17.85,50.34,0.99,0.92,207.17,impeller_damage,fault
pump,2.88,16.12,79.31,0.79,3.43,225.7,bearing_failure,fault
pump,3.42,17.1,54.24,1.05,1.97,132.47,impeller_damage,warning
pump,2.38,16.1,67.94,0.73,6.69,125.59,clogging,warning
pump,1.04,15.21,68.47,0.87,1.83,136.76,impeller_damage,warning
pump,1.68,14.16,58.38,0.86,5.83,68.62,clogging,fault
pump,1.48,10.18,75.03,0.13,0.18,73.1,dry_run,fault
pump,3.88,16,67.62,1.21,4.03,248.95,bearing_failure,fault
pump,1.57,21.23,79.17,0.65,5.01,116.38,clogging,fault
pump,1.83,11.23,49.96,0.92,4,201.85,none,running
pump,3.74,15.28,58.16,0.65,3.01,170.21,cavitation,fault
pump,1.67,12.72,57.55,0.96,3.53,142.54,seal_leakage,running
pump,1.63,14.25,46.41,1.12,4.56,199.05,bearing_failure,running
pump,3.18,14.28,80.29,0.27,0.66,56.85,dry_run,fault
pump,2.34,8.5,88.9,0.33,0.7,77.7,cavitation,fault
pump,3.67,14.02,52.08,0.69,3.85,98.83,cavitation,fault
pump,1.58,13.92,68.25,1.06,2.64,165.29,impeller_damage,warning
pump,2.69,15.76,55.44,0.84,4.32,198.49,bearing_failure,warning
pump,0.57,17.97,57.33,0.92,3.38,93.63,impeller_damage,warning
pump,2.78,20.24,73.75,0.49,4.24,83.31,clogging,fault
pump,1.55,19.4,64.24,0.73,6.34,50.03,clogging,fault
pump,2.41,10.99,57.42,0.5,2.77,186.9,cavitation,warning
pump,1.41,13.61,66.64,0.85,2.11,86.69,impeller_damage,warning
pump,1.8,12.95,55.57,1.11,4.03,258.57,none,running
pump,1.87,17.4,31.07,0.93,3.72,229.31,bearing_failure,warning
pump,1.02,26.14,72.51,0.88,6.23,77.61,clogging,fault
pump,2.31,12.59,67.14,0.27,1.55,30.9,dry_run,fault
pump,2.56,20.14,71.92,0.86,4.45,87.72,clogging,fault
pump,1.68,18.95,64.74,0.91,6.77,107.61,clogging,warning
pump,3.65,8.76,78.95,0.33,0.53,59.96,dry_run,fault
pump,0.76,19.58,64.75,0.62,6.94,175.77,clogging,warning
pump,1.96,12.53,91.72,0.11,1.09,26.73,dry_run,fault
pump,1.84,17.65,64.58,0.42,2.83,164.98,cavitation,fault
pump,2.55,20.11,58.54,0.91,1.44,114.54,impeller_damage,fault
pump,2.21,9.22,54.55,1.01,2.35,145.59,seal_leakage,warning
pump,0.86,11.07,57.74,1.27,4.81,234.2,none,running
pump,2.34,15.15,61.05,0.69,2.72,165.48,seal_leakage,warning
pump,1.15,14.01,59.77,0.87,4.29,219.49,none,running
pump,4.53,13.23,87.69,0.29,0.58,88.2,dry_run,fault
pump,1.29,11.29,55.02,0.95,4.19,218.38,none,running
pump,1.37,16.16,39.89,1.2,3.63,232.6,cavitation,warning
pump,1.1,13.27,56.46,1.16,3.62,151.6,seal_leakage,running
pump,1.64,24.64,71.69,0.63,4.28,128.57,clogging,fault
pump,1.97,18.17,58.44,0.51,6.04,64.38,clogging,fault
pump,1.7,17.31,37.74,0.96,4,215.22,bearing_failure,warning
pump,1.63,12.88,64.93,1.07,3.28,180.55,impeller_damage,running
pump,1.11,8.86,55.35,1,3.99,167.58,none,running
pump,1.83,14.83,56.99,1.19,3.01,137.95,seal_leakage,running
pump,1.26,16.08,57.31,1.18,4.72,275.64,none,warning
pump,1.74,20.08,64.64,0.41,6.81,120.1,clogging,fault
pump,0.96,17.16,74.6,0.68,5.35,69.03,clogging,fault
pump,2.04,15.05,55.75,0.98,2.63,188.6,seal_leakage,warning
pump,0.98,6.24,75.12,0.19,1.53,88.26,dry_run,fault
pump,1.59,14.82,52.41,1.11,3.89,212.94,none,running
pump,2.18,8.24,90.03,0.08,0.36,50.67,dry_run,fault
pump,3.56,14.91,65.72,1.01,3.91,176.78,bearing_failure,fault
pump,1.56,12.73,55.97,0.82,4.49,240.51,none,running
pump,2.5,17.8,79.83,0.98,4.03,215.08,bearing_failure,fault
pump,2.82,10.58,85.33,0.33,0.6,62.5,clogging,fault
pump,3.28,10.69,66.19,0.74,2.83,115.31,cavitation,warning
pump,1.76,14.11,59.27,1.11,2.29,135.74,seal_leakage,warning
pump,3.74,16.95,68.77,0.75,2.16,165.06,cavitation,fault
pump,0.99,12.43,55.74,1.27,4.13,247.31,none,running
pump,1.38,12.69,53.51,0.87,3.63,222.03,none,running
pump,1.69,15.96,69.05,0.92,1.62,127.4,impeller_damage,fault
pump,1.88,12.58,61.71,1.19,4.37,189.7,none,running
pump,1.7,17.49,64.54,0.89,2.91,120.21,impeller_damage,warning
pump,2.98,20.02,59.21,0.4,6.4,131.18,clogging,fault
pump,5.36,15.87,62.73,0.3,3.33,129.93,cavitation,fault
pump,4.21,9.11,89.5,0.11,1.12,17.14,dry_run,fault
pump,2.05,9.59,58.65,0.98,2.82,186.71,seal_leakage,warning
pump,3.65,13.78,55.41,0.32,2.7,107.77,cavitation,fault
pump,2.04,9.1,83.09,0.41,1.05,0.66,dry_run,fault
pump,2.13,11.8,49.92,1.18,2.84,160.81,cavitation,warning
pump,3.89,9.22,74.58,0.18,0.67,16.75,dry_run,fault
pump,2.52,12.56,53.5,1.08,2.19,197.5,seal_leakage,warning
pump,2.44,13.77,59.86,0.16,2.08,132.79,cavitation,fault
pump,1.96,17.65,57.86,0.87,3.98,256.89,bearing_failure,warning
pump,1.91,12.3,56.88,0.32,3.51,156.42,cavitation,fault
pump,1.73,24.89,61.64,0.83,6.75,64.84,clogging,fault
pump,2.92,12.48,64.54,0.9,2.21,146.84,impeller_damage,warning
pump,3.01,12.76,66.83,0.42,6.07,78.48,clogging,fault
pump,2.76,10.09,59.69,0.73,2.12,113.24,cavitation,warning
pump,4.2,13.52,79.87,1.05,3.51,182.13,bearing_failure,fault
pump,1.72,15.56,59.04,1.11,3.84,211.15,seal_leakage,running
pump,1.13,17.67,54.59,0.71,2.76,133.18,cavitation,warning
pump,1.96,23.01,72.74,0.61,6.16,49.34,clogging,fault
pump,1.92,13.45,73.1,1.05,1.97,105.03,impeller_damage,warning
pump,3.67,13.96,72.63,0.4,1.18,27.89,dry_run,fault
pump,2.25,11.59,57.94,1,2.44,154.88,seal_leakage,warning
pump,2.59,14.52,70.67,0.79,3.6,227.1,bearing_failure,warning
pump,2.1,10.86,60.51,0.28,2.98,117.4,cavitation,fault
pump,3.57,15.2,82.91,0.96,4.21,162.62,bearing_failure,fault
pump,1.54,10.83,55.6,1.03,4.63,208.01,none,running
pump,1.24,11.65,58.19,1.19,4.11,213.5,none,running
pump,1.85,12.2,65.84,0.89,2.91,208.73,seal_leakage,warning
pump,2.67,14.64,75.6,0.74,6.89,135.23,clogging,fault
pump,1.86,14.73,52.64,1.08,2.02,167.24,seal_leakage,warning
pump,3.52,12.14,74.01,0.79,4.31,183.75,bearing_failure,fault
pump,2.69,8.52,90.91,0.26,1.25,55.95,dry_run,fault
pump,2.32,19.11,72.8,0.95,6.76,139.51,clogging,warning
pump,1.19,15.12,54.29,1.14,3.83,225.11,none,running
pump,3.49,14.84,77.92,0.32,1.01,57.61,dry_run,fault
pump,4.17,7.69,88.49,0.1,1.28,66.91,dry_run,fault
pump,1.58,17.09,67.38,0.82,2.89,150.34,impeller_damage,warning
pump,3.04,12.97,91.88,0.17,1.58,77.82,dry_run,fault
pump,2.67,17,57,0.88,1.42,138.23,impeller_damage,fault
pump,3.76,11.26,60.12,0.59,2.07,100.5,cavitation,fault
pump,2.55,14.91,69.11,0.84,2.19,132.45,impeller_damage,warning
pump,1.97,17.04,59.56,0.98,4.54,229.5,bearing_failure,warning
pump,2.16,16.63,59.26,0.78,4.22,69.35,clogging,fault
pump,2.88,18.42,61.04,0.7,4.7,132.36,clogging,warning
pump,3.62,12.29,88.98,0.9,4.07,213.02,bearing_failure,fault
pump,0.95,14.11,60.32,1.04,3.55,201,seal_leakage,running
pump,0.99,13.69,67.57,0.82,2.81,103.88,impeller_damage,warning
pump,3.01,12.31,61.88,0.26,3.1,180.57,cavitation,fault
pump,2.32,16.97,74.69,0.75,4.36,80.15,clogging,warning
pump,3.56,7.22,74.96,0.41,1.55,12.44,dry_run,fault
pump,1.83,11.8,62.13,0.91,3.58,141.99,seal_leakage,running
pump,2.15,12.24,71.21,0.83,2.8,88.59,impeller_damage,warning
pump,1.56,12.22,64.19,0.95,3.6,147,seal_leakage,running
pump,1.27,15.45,57.16,1.15,2.61,143.43,seal_leakage,running
pump,2.02,14.33,62.72,0.93,3.07,196.98,dry_run,warning
pump,3.54,11.76,82.9,0.91,3.98,158.36,bearing_failure,fault
pump,1.39,13.17,59.14,1.11,4.46,283.44,none,running
pump,2.47,15.14,58.72,1.07,1.77,141.43,impeller_damage,fault
pump,1.01,13.21,49.79,1.06,2.95,165.14,seal_leakage,running
pump,2.61,14.49,61.86,0.81,2.06,158.12,impeller_damage,warning
pump,2.69,15.3,89.45,1.06,3.67,187.14,bearing_failure,fault
pump,1.74,14.96,59.28,0.88,4.3,159.17,bearing_failure,running
pump,1.88,12.1,51.96,0.93,3.58,152.75,seal_leakage,running
pump,1.78,14.51,51.39,1.15,2.7,193.84,seal_leakage,running
pump,3.13,12.49,70.74,0.94,3.86,184.55,bearing_failure,warning
pump,2.27,12.74,61.62,0.29,3.89,124.46,cavitation,fault
pump,2.01,11.69,53.73,0.93,2.2,166.7,seal_leakage,warning
pump,1.87,14.41,64.74,0.88,2.54,93.5,impeller_damage,warning
pump,2.4,15.02,72.32,0.95,1.56,105.76,impeller_damage,fault
pump,2.09,16.72,65.71,0.26,5.24,108.83,clogging,fault
pump,2.84,18.56,62.16,0.98,4.07,196.16,bearing_failure,warning
pump,2.29,17.04,74.5,1.22,3.63,227.72,bearing_failure,warning
pump,0.72,11.44,55.47,0.92,2.15,194.47,seal_leakage,warning
pump,3.19,15.19,89.8,0.84,4.17,229.2,bearing_failure,fault
pump,1.64,17.35,56.16,0.76,1.76,119.45,impeller_damage,fault
pump,1.1,8.97,52.42,1.02,4.53,174.92,none,running
pump,2.04,15.04,70.09,1.11,4.19,204.93,bearing_failure,warning
pump,4.11,13.49,60.78,0.66,3.42,106.11,cavitation,fault
pump,1.11,11.39,73.97,0.93,2.71,177.76,impeller_damage,warning
pump,1.79,11.85,51.5,1.14,4.65,254.3,none,running
pump,1.91,16.54,51.76,0.9,3.42,143.03,impeller_damage,warning
pump,4.04,16.63,77.95,1.13,3.75,214.63,bearing_failure,fault
pump,1.93,14.4,45.18,1.02,3.74,243.74,bearing_failure,running
pump,2.04,13.59,58.4,1.1,3.13,183.07,seal_leakage,warning
pump,1.18,13.97,54.44,1.2,4.13,246.46,none,running
pump,2.99,22.75,74.4,1.04,5.41,67.75,clogging,fault
pump,1.52,16.33,67.94,0.81,2.29,124.6,impeller_damage,warning
pump,2.6,14.25,82.69,0,0.27,74.02,dry_run,fault
pump,4.78,14.1,87.06,0.24,0.45,16.43,dry_run,fault
pump,4.39,7.33,74,0.42,0.01,27.78,dry_run,fault
pump,2.4,13.08,64.88,1.11,4.21,224.78,impeller_damage,warning
pump,2.16,21.87,70.8,0.41,5.33,142.47,clogging,fault
pump,1.47,14.97,46.17,0.82,4.1,214.51,bearing_failure,running
pump,2.39,18.42,55.67,1.08,1.82,139.05,impeller_damage,warning
pump,1.25,16.27,79.74,0.35,1.2,28.91,dry_run,fault
pump,3.36,6.83,90.79,0.41,0.79,48.06,dry_run,fault
pump,1.22,15.47,54.5,0.88,2.96,169.31,seal_leakage,running
pump,1.63,6.58,92.3,0.01,1.97,4.77,dry_run,fault
pump,1.37,12.1,48.05,1.05,4.31,215.73,none,running
pump,5.71,14.13,56.01,0.77,3.68,152.76,cavitation,fault
pump,4.9,9.95,71.95,0.33,0.38,13.82,dry_run,fault
pump,2.09,16.74,55.41,1.01,1.62,129.49,impeller_damage,fault
pump,1.48,11.14,90.5,0.2,1.67,53.23,dry_run,fault
pump,3.71,11.55,84.07,0.26,1.78,75.7,dry_run,fault
pump,1.35,12.64,58.43,0.86,4.05,201.99,none,running
pump,2.07,13.9,66.64,0.75,1.84,123.56,impeller_damage,warning
pump,1.93,18.56,50.63,1.09,3.69,184.69,impeller_damage,warning
pump,2.19,11.17,87.79,0.15,0.32,51.84,dry_run,fault
pump,2.4,23.24,64.26,1.04,6.54,132.51,clogging,fault
pump,2.72,15.86,63.98,0.58,4.92,46.31,clogging,fault
pump,4.3,14.94,54.9,0.43,1.89,141.38,cavitation,fault
pump,1.52,12.95,67,1.25,3.77,201.85,seal_leakage,warning
pump,3.9,17.45,62.08,0.72,2.86,171.53,cavitation,fault
pump,1.44,16.65,57.72,1.16,2.89,135.25,seal_leakage,warning
pump,1.24,11.8,57.37,0.85,4.21,234.89,none,running
pump,2.81,7.76,91.8,0.15,1.74,1.46,dry_run,fault
pump,2.92,12.62,52.51,0.71,2.37,181.18,impeller_damage,warning
pump,1.81,13.53,72.39,0.41,1.62,61.74,dry_run,fault
pump,2.1,14.12,55.19,0.27,2.44,168.81,cavitation,fault
pump,1.89,9.91,60.86,1.11,2.64,168.07,seal_leakage,running
pump,1.14,14.3,61.02,1.1,2.26,148.17,seal_leakage,warning
pump,1.4,23.6,65.43,0.6,4.42,146.11,clogging,fault
pump,1.26,24.78,64.89,0.72,6.1,100.55,clogging,fault
pump,3.09,16.86,55.97,1.08,2.18,97.5,impeller_damage,warning
pump,0.81,11.95,52.85,1,2.79,149.62,seal_leakage,running
pump,2.18,12.13,54.53,0.88,3.65,184.92,seal_leakage,warning
pump,2.27,18.49,74.56,1.04,4.39,226.1,bearing_failure,warning
pump,1.84,19.22,55.84,0.76,4.74,65.12,clogging,fault
pump,1.74,13.62,57.83,1.26,4.59,184.78,none,running
pump,2.82,7.54,70.71,0,1.91,26.38,dry_run,fault
pump,2.79,15.78,53.44,1.24,4.2,220.58,bearing_failure,warning
pump,1.91,20.62,64.73,1.04,3.25,116.17,impeller_damage,fault
pump,2.76,15.06,52.8,0.51,3.57,187.51,cavitation,warning
pump,1.93,18.68,67.7,1.06,2.03,96.05,impeller_damage,warning
pump,1.61,10.53,37.08,0.97,4.5,163.57,bearing_failure,running
pump,2.49,6.17,86.92,0.24,0.66,40.41,dry_run,fault
pump,0.53,17.97,64.53,0.79,2.21,116.44,impeller_damage,warning
pump,1.84,13.8,64.06,0.12,2.11,134.84,cavitation,fault
pump,1.74,11.08,87.74,0,1.35,35.55,dry_run,fault
pump,3.33,11.77,73.37,1.09,4.58,184.06,bearing_failure,warning
pump,2.29,15.66,94.99,1.12,3.58,189.71,bearing_failure,fault
pump,2.66,13.46,80.89,0,0.84,32.4,dry_run,fault
pump,1.35,13.44,58.8,1.25,4.13,233.61,none,running
pump,1.59,16.28,59.67,0.75,3.32,146.67,impeller_damage,warning
pump,5.68,13.67,67.75,0.56,3.15,145.58,cavitation,fault
pump,2.69,13.08,71.44,0.76,3.27,88.06,impeller_damage,warning
pump,1.31,11.34,53.46,1.07,3.86,253.1,none,running
pump,2.15,12.99,72.05,0.07,0.44,54.22,dry_run,fault
pump,1.24,13.75,50.27,1.04,4.16,239.37,none,running
pump,2.05,13.55,56.18,0.23,3.44,141.5,cavitation,fault
pump,5.68,11.58,67.51,0.48,1.98,184,cavitation,fault
pump,1.16,12.41,56.37,1.05,4.42,212.47,none,running
pump,1.25,21.4,66.5,0.77,5.42,95.71,clogging,fault
pump,2.83,6.61,76.86,0.38,0.23,70.37,dry_run,fault
pump,1.72,11.58,59.72,1.1,4.15,143.01,seal_leakage,running
pump,2.9,13.32,65.01,0.5,3.02,133.08,cavitation,warning
pump,3.75,16.67,58.2,0.74,2.13,85.36,cavitation,fault
pump,1.33,13.42,62.97,1,3.37,168.35,seal_leakage,running
pump,1.45,18.02,53.6,0.98,2.03,195.8,seal_leakage,warning
pump,0.77,12.96,62.6,0.84,6.29,39.29,clogging,fault
pump,2.67,14.25,52.49,0.11,3.71,147.22,clogging,fault
pump,1.97,8.95,80.26,0.31,1.88,16.25,dry_run,fault
pump,1.62,11.83,57.74,1.12,4.65,207.24,none,running
pump,2.16,9.72,82.3,0.39,0.58,46.21,dry_run,fault
pump,0.76,10.17,55.2,0.81,2.97,169.34,seal_leakage,running
pump,3.16,17.55,59.55,0.7,2.39,85.1,none,warning
pump,1.85,10.78,53.66,1.03,4.28,196.51,none,running
pump,1.78,11.28,55.86,0.86,4.36,214.69,none,running
pump,0.93,14.49,63.89,1.06,2.34,175.54,seal_leakage,warning
pump,1.92,18.73,62.02,0.83,2.74,166.2,impeller_damage,warning
pump,1.89,13.45,56.1,0.49,3.09,115.8,cavitation,fault
pump,1.07,11.74,63.9,0.93,3.14,89.42,impeller_damage,warning
pump,2.62,13.99,71.02,0.87,4.1,197.7,bearing_failure,warning
pump,3.2,21.42,74.17,0.88,5.19,149.91,dry_run,fault
pump,2.92,15.25,71.91,0.96,2.08,148.77,impeller_damage,warning
pump,2.94,16.79,64.12,0.21,2.19,92.76,cavitation,fault
pump,1.92,10.44,71.92,0.06,1.09,35.68,dry_run,fault
pump,2.51,12.87,71.71,0.83,3.52,230.02,bearing_failure,warning
pump,3.44,15.23,61.59,0.68,3.56,89.52,cavitation,warning
pump,2.1,14.18,67.65,1.03,4.06,170.36,bearing_failure,warning
pump,1,14.28,48.17,0.91,4.22,258.17,none,running
pump,1.54,15.15,58.05,1.14,2.99,135.24,impeller_damage,running
pump,4.49,10.32,85.19,0.27,1.37,75.07,dry_run,fault
pump,3.03,10.04,91.44,0.19,0.5,9.91,dry_run,fault
pump,0.86,14.47,66.42,0.54,2.95,120.81,cavitation,warning
pump,2.96,15.43,68.63,0.74,2.66,131.28,impeller_damage,warning
pump,1.74,14.69,56.74,0.89,1.92,112.07,impeller_damage,warning
pump,1.1,11.81,53.82,1.04,4.41,203.18,none,running
pump,2.17,11.77,52.94,1.07,2.06,122.92,seal_leakage,warning
pump,3.41,18.49,52.7,0.92,3.23,69.44,impeller_damage,fault
pump,3.81,7.51,66.06,0.26,1.47,12.31,dry_run,fault
pump,2.3,13.97,63.77,0.81,4.9,46.01,clogging,fault
pump,1.91,13.72,71.83,1.05,1.29,94.5,impeller_damage,fault
pump,1.58,12.41,50.31,1.1,3.84,189.97,none,running
pump,2.35,11.82,60.81,1.17,2.19,177.27,seal_leakage,warning
pump,2.31,19.03,68.39,0.3,5.14,59.94,clogging,fault
pump,2.81,22.1,74.39,0.93,6.08,58.86,clogging,fault
pump,3.02,13.41,78.48,1.08,4.08,241.69,impeller_damage,fault
pump,2.47,12.23,52.94,1.2,1.68,110.78,impeller_damage,fault
pump,1.48,12.23,51.18,0.84,2.27,156.49,seal_leakage,warning
pump,2.24,12.52,79.83,1.05,3.79,213.3,bearing_failure,fault
pump,1.39,14.77,54.65,0.91,4.82,253.3,none,running
pump,2.41,24.07,62,0.65,4.56,131.82,clogging,fault
pump,3.84,15.26,90.87,0.12,1.07,42.16,dry_run,fault
pump,1.53,16.27,66.17,0.96,2.03,143.59,impeller_damage,warning
pump,1.98,13.29,64.49,0.54,2.84,118.27,cavitation,warning
pump,1.36,12.39,56.23,0.91,4.34,266.93,none,running
pump,1.65,15.99,74.26,0.75,4.11,200.2,bearing_failure,warning
pump,0.5,11.64,46.51,0.9,4.36,225.8,none,running
pump,1.88,16.52,59.84,1.14,1.17,114.02,impeller_damage,fault
pump,2.13,12.98,53.23,0.22,2.93,163.02,cavitation,fault
pump,2.72,17.05,73.95,1.19,4.23,241.74,bearing_failure,warning
pump,3.05,15.71,65.38,0.93,2.17,106.49,bearing_failure,warning
pump,1.7,15.15,54.37,0.9,3.32,195.2,seal_leakage,running
pump,2.44,14.76,60.14,1,1.55,157.21,impeller_damage,fault
pump,2.87,12.72,59.6,0.82,3.63,168.82,bearing_failure,warning
pump,2.21,11.96,77.63,0.88,4.31,202.87,bearing_failure,fault
pump,2.48,17.6,55.63,0.95,3.41,198.51,seal_leakage,warning
pump,1.91,17.63,58.64,1.09,4.12,189.02,bearing_failure,warning
pump,3.18,11.79,52.02,1,3.55,160.07,bearing_failure,warning
pump,2.45,14.63,76.65,0.43,0.39,15.75,dry_run,fault
pump,1.46,14.51,58.39,1.05,3.34,195.93,seal_leakage,running
pump,2.19,18.03,66.11,0.89,2.61,166.81,impeller_damage,warning
pump,1.99,13.82,90.99,0.07,1.17,56.54,dry_run,fault
pump,4.1,15.9,62.63,0.56,3.7,108.23,cavitation,fault
pump,4.76,13.05,66.38,0.59,2.45,170.74,cavitation,fault
pump,4.22,17,63.43,0.56,3.25,103.84,cavitation,fault
pump,1.43,10.47,50.53,0.97,2.16,189.07,seal_leakage,warning
pump,1.73,10.29,51.99,1.17,4.15,206.57,none,running
pump,1.51,10.94,68.6,0.22,0.5,61.66,dry_run,fault
pump,2.46,16.34,67.65,0.84,4.3,247.75,bearing_failure,warning
pump,3.65,12.61,79.68,0.25,0.69,57.62,dry_run,fault
pump,2.94,15.09,57.43,0.93,4.53,118.25,clogging,warning
pump,1.34,12.54,70.85,1.18,2.14,182.96,impeller_damage,warning
pump,1.06,14.24,50.4,0.93,4.41,229.63,bearing_failure,running
pump,1.16,15.64,61.28,0.8,2.32,141.67,impeller_damage,warning
pump,1.09,11.56,54.64,1.22,4.28,264.17,none,running
pump,1.07,10.91,59.12,0.85,3.38,157.04,seal_leakage,running
pump,3.14,14.75,62.57,0.8,2.45,148.63,cavitation,warning
pump,1.27,11.63,54.94,1,3.5,148.04,seal_leakage,running
pump,1.7,13.67,53.31,1.3,4.27,254.16,none,running
pump,1.92,12.81,53.13,1.01,3.85,162.61,seal_leakage,running
pump,2.03,16.51,59.73,0.25,2.32,89.92,cavitation,fault
pump,2.88,17.19,59.97,0.78,4.91,119.66,clogging,warning
pump,1.51,15.04,76.85,0.87,5.26,134.26,clogging,fault
pump,2.56,16.19,71.12,1.06,4.3,220.37,bearing_failure,warning
pump,2.09,20.13,68.43,0.85,5.58,86.96,clogging,fault
pump,1.28,13.67,56.22,0.91,4.54,255.34,none,running
pump,2.5,13.62,60.72,1.01,3.04,115.86,impeller_damage,warning
pump,2.58,14.17,54.92,1.14,4.16,204.44,bearing_failure,warning
pump,1.58,13,59.74,0.97,3.08,207.85,seal_leakage,running
pump,2.52,14,60.31,0.27,3.11,185.23,seal_leakage,fault
pump,4.57,8.16,87.73,0.04,1.36,30.04,dry_run,fault
pump,0.55,19.56,62.04,0.94,5.53,137.4,clogging,warning
pump,1.34,10.78,63.06,0.98,3.06,173.98,seal_leakage,running
pump,1.33,14.89,53.79,1.18,3.57,131.93,seal_leakage,running
pump,2.13,10.85,53.24,0.22,2.18,181.36,cavitation,fault
pump,3.36,13.85,61.16,0.87,3.11,110.71,impeller_damage,warning
pump,3.24,12.94,89.06,0.15,1.41,101.4,dry_run,fault
pump,1.45,14.4,79.01,0.9,4.76,102.72,clogging,fault
pump,2.44,13.54,89.09,0.21,1.22,0,dry_run,fault
pump,2.92,11.4,65.56,0.34,2.98,126.69,cavitation,fault
pump,2.45,15.03,63.22,0.5,6.48,92.58,clogging,warning
pump,5.05,8.54,76.98,0.18,1.59,74.1,dry_run,fault
pump,3.35,13.62,74.6,1.1,3.6,165.28,bearing_failure,warning
pump,1.07,15.15,61.15,1.21,4.4,247.74,none,running
pump,2.81,16.59,61.15,0.88,1.7,121.39,impeller_damage,fault
pump,3.32,16.61,59.33,0.34,3.66,189.78,cavitation,fault
pump,2.88,12.63,74.9,0.35,0,39.33,dry_run,fault
pump,1.24,13.24,58.26,0.96,4.44,220.29,none,running
pump,2.62,13.53,56.86,0.39,2.28,132.57,cavitation,fault
pump,2.34,13.93,66.38,0.49,3.89,169.64,cavitation,fault
pump,3.15,12.48,61.46,0.57,2.74,152.66,cavitation,warning
pump,2.39,8.66,75.86,0.16,1.14,42.42,dry_run,fault
pump,1.64,10.85,48.83,1.24,4.73,194.74,none,running
pump,1.58,12.73,48.53,0.99,2.67,183.51,seal_leakage,running
pump,2.55,16.93,62.04,0.14,2.26,143.54,cavitation,fault
pump,3.06,12.11,66.24,1.03,2.43,100.29,impeller_damage,warning
pump,1.63,12,54.2,0.95,4.45,237,none,running
pump,3.18,18.74,77.78,0.98,3.55,265.25,bearing_failure,fault
pump,1.76,7.81,84.44,0.41,0.61,26.31,dry_run,fault
pump,3.51,8.62,91.77,0.43,1.49,5.5,dry_run,fault
pump,1.08,14.07,57.03,1.12,4.62,231.26,none,running
pump,3.25,12.53,86.44,0.19,0.02,39.71,dry_run,fault
pump,1.55,20.01,74.27,0.35,4.72,103.92,clogging,fault
pump,3.78,14,64.85,0.97,3.35,220.81,bearing_failure,fault
pump,4.9,16.54,57.35,0.34,2.84,163.13,cavitation,fault
pump,2.15,16.32,67.79,1.02,6.76,104.4,clogging,warning
pump,3.7,15.36,56.31,0.49,2.66,199.41,seal_leakage,fault
pump,2.52,10.98,56.78,0.84,2.41,149.6,seal_leakage,warning
pump,2.86,13.68,75.83,0.03,1.03,68.46,dry_run,fault
pump,1.66,10.65,52.39,0.91,4.48,215.12,none,running
pump,3.15,8.09,70.12,0.24,0.12,17.54,dry_run,fault
pump,3.15,17.29,63.59,0.89,1.99,158.21,cavitation,warning
pump,1.01,12.66,49.07,1.15,4.18,171.71,none,running
pump,3.62,10.63,65.66,0.33,3.05,177.99,cavitation,fault
pump,2.29,13.6,69.54,0.77,2.44,133.68,impeller_damage,warning
pump,2.26,13.64,65.98,0.7,3.28,164.57,cavitation,warning
pump,1.79,16.54,57.27,0.13,2.55,91.99,cavitation,fault
pump,1.07,12.58,58.21,0.92,3.87,180.32,none,running
pump,2.29,12.88,62.99,0.91,3.78,142.91,seal_leakage,warning
pump,0.61,9.89,57.94,1.06,3.86,158.91,seal_leakage,running
pump,1.46,12.44,63.96,1.06,3.63,137.12,seal_leakage,running
pump,1.37,12.5,30.55,1.16,4.03,216.47,bearing_failure,running
pump,2.09,16.87,58.4,1.18,4.25,234.13,bearing_failure,warning
pump,2.08,14.6,58.74,0.6,3.38,116.16,cavitation,warning
pump,3.14,21.62,56.22,0.77,4.76,45.96,clogging,fault
pump,3.64,7.22,90.02,0.32,1.46,34.68,dry_run,fault
pump,2.63,16.02,64.18,0.26,3.76,104.36,cavitation,fault
pump,2.04,11.86,56.68,0.89,4.09,187.8,bearing_failure,warning
pump,2.68,17.94,76.61,0.57,6.02,137.8,clogging,fault
pump,2.4,13.08,62.56,0.58,3.4,91.06,cavitation,warning
pump,2.98,17.9,54.84,1.09,3.26,75.37,impeller_damage,fault
pump,1.83,22.02,75.75,0.83,5.89,139.45,clogging,fault
pump,0.7,20.08,74.89,0.6,5.5,112.61,clogging,fault
pump,1.27,12.46,56.42,1.18,3.59,191.94,seal_leakage,running
pump,1.66,17.96,72.13,0.95,1.35,144.04,impeller_damage,fault
pump,1.58,15.29,69.46,0.97,4.24,203.16,seal_leakage,warning
pump,2.68,16.48,62.96,0.68,3.5,100.21,cavitation,warning
pump,2.22,11.4,83.31,0.35,1.44,15.84,dry_run,fault
pump,2.03,17.65,57.65,0.77,2.51,139.98,impeller_damage,warning
pump,3.39,16.07,77.3,0.44,0.22,48.11,dry_run,fault
pump,2.23,9.97,71.96,0,0.06,63.95,dry_run,fault
pump,0.99,15.01,68.86,0.95,6.05,54.21,clogging,fault
pump,3.05,18.94,65.62,0.77,4.66,102.42,clogging,warning
pump,3.97,11.65,55.04,0.63,2.98,100.35,cavitation,fault
pump,2,13.59,66.83,0.48,0.99,51.57,dry_run,fault
pump,2.97,17.45,72.97,0.92,6.03,98.33,clogging,warning
pump,1.36,16.98,67.44,0.89,3.1,160.95,impeller_damage,warning
pump,1.44,16.82,61.44,1,1.93,160.32,impeller_damage,warning
pump,1.12,14.35,55.37,1.1,4.54,202.21,none,running
pump,1.58,11.89,58.18,1.08,3.58,249.08,none,running
pump,1.83,11.82,67.67,0.76,6.14,137.87,clogging,warning
pump,3.45,13.3,79.66,1.04,3.84,173.44,bearing_failure,fault
pump,1.58,13.62,57.25,1.04,2.11,166.32,seal_leakage,warning
pump,1.17,8.87,68.51,0.17,0.81,61.39,dry_run,fault
pump,1.93,20.75,68.62,1.03,2.61,111.3,cavitation,fault
pump,1.75,13,56.22,0.35,3.48,190.58,cavitation,fault
pump,4.05,14.53,84.52,0.39,0.14,32.56,dry_run,fault
pump,2.63,17.68,65.82,0.8,2.77,141.62,impeller_damage,warning
pump,1.88,11.79,61.47,0.99,4.31,180.96,bearing_failure,running
pump,1,11.57,59.13,0.91,4.29,248.6,none,running
pump,2.58,22.85,65.87,0.46,5.43,100.45,clogging,fault
pump,1.48,11.98,57.89,1.22,4.52,227.71,none,running
pump,1.43,9.69,55.1,1.06,4.26,196.14,none,running
pump,2.45,8.29,77.88,0.23,0.19,0.96,dry_run,fault
pump,3.43,15.42,84.05,0.09,1.72,34.44,dry_run,fault
pump,1.64,10.23,51.61,1.12,3.91,209.46,none,running
pump,4.02,11.15,59.66,1.04,2.25,131.68,impeller_damage,fault
pump,2.46,18.24,66.82,1.13,2.25,109.76,impeller_damage,warning
pump,2.12,9.11,72.06,0.08,0.94,63.52,dry_run,fault
pump,3.42,27.27,67.53,0.69,4.69,132.09,clogging,fault
pump,2.64,14.59,73.57,1.07,3.39,266.4,bearing_failure,warning
pump,1.62,15.18,60.76,0.9,3.89,231.72,none,running
pump,3.88,11.8,65.51,0.57,2.32,113.46,cavitation,fault
pump,3.23,17.84,63.99,1.1,2.51,110.87,impeller_damage,warning
pump,2.41,12.42,94.1,0.02,0.88,36.85,dry_run,fault
pump,3.34,15.01,76.5,0.98,3.88,164.89,bearing_failure,fault
pump,1.94,14.44,59.81,1.03,3.52,142.16,seal_leakage,running
pump,2.42,15.49,60.93,0.66,5.18,145.28,seal_leakage,warning
pump,1.72,7.06,73.89,0.16,1.89,76.81,dry_run,fault
pump,2.06,14.69,65.26,0.67,3.26,158.34,cavitation,warning
pump,2.47,14.47,56.14,1.06,2.47,70.76,impeller_damage,fault
pump,1.18,13.17,38.46,1.11,3.77,197.18,bearing_failure,running
pump,3.24,10.93,58.21,0.72,3.22,160.35,cavitation,warning
pump,4,11.7,62.56,0.86,2.3,157.43,cavitation,fault
pump,2.97,18.17,74.12,0.65,4.44,118.84,clogging,warning
pump,1.69,15.69,61.93,0.96,4.55,133.83,clogging,running
pump,2.66,16.69,58.04,1.02,2.41,136.22,seal_leakage,warning
pump,2.43,14.53,51.93,0.95,2.14,167.96,seal_leakage,warning
pump,2.86,13.09,61.7,0.8,4.45,217.37,bearing_failure,warning
pump,4.55,10.15,55.4,0.49,2.22,193.12,cavitation,fault
pump,1.58,25.47,71.48,0.62,6.25,140.45,clogging,fault
pump,2.76,10.88,68.7,0.99,4.2,192.54,bearing_failure,warning
pump,1.44,14.47,50.47,1.21,2.44,182.5,seal_leakage,warning
pump,2,13.7,48.06,1,3.57,199.59,bearing_failure,running
pump,1.67,5.85,88.88,0.14,1.07,0,dry_run,fault
pump,2.9,21.58,68.18,0.66,6.81,56.93,clogging,fault
pump,1.6,11.73,55.65,0.99,3.83,265.91,none,running
pump,1.16,10.48,59.85,1.07,3.67,171.4,none,running
pump,2.14,14.33,55.78,0.38,3.3,81.51,cavitation,fault
pump,1.55,13.53,51.59,1.12,3.95,206.65,none,running
pump,1.84,14.18,69.82,0.51,6.19,132.81,clogging,warning
pump,1.66,15.86,55.11,0.95,4.07,182.25,bearing_failure,running
pump,3.27,14.47,68.93,0.32,0.59,45.96,dry_run,fault
pump,1.45,13.41,50.2,1.04,3.8,225.37,none,running
pump,1.94,13.74,56.18,1,2.25,144.11,seal_leakage,warning
pump,1.53,10.4,50.66,1.08,3.85,178.61,none,running
pump,2.2,13.42,64.83,1.02,3.76,172.96,seal_leakage,warning
pump,0.85,12.47,55.34,0.88,4.75,220.32,none,running
pump,2.45,14.48,49.81,1.11,4.16,206.59,bearing_failure,warning
pump,2.56,12.14,64.02,0.69,2.95,181.79,cavitation,warning
pump,2.03,18.36,76.11,1.07,3.66,208.64,bearing_failure,fault
pump,1.78,12.27,88.45,0.09,1.09,36.09,dry_run,fault
pump,2.82,16.03,77.33,0.33,1.63,38.74,dry_run,fault
pump,1.43,13.79,59.07,0.99,3.24,155.07,seal_leakage,running
pump,3.03,10.32,82.21,0.16,1.21,0,dry_run,fault
pump,1.02,13.64,52.99,1.05,3.91,263.11,none,running
pump,1.6,17.75,65.61,0.88,6.16,140.33,clogging,warning
pump,2.06,6.9,93.2,0.33,0.16,21.73,dry_run,fault
pump,3.35,11.65,69.38,0.39,1.69,0,dry_run,fault
pump,2.66,5.83,83.91,0.15,1.68,64.51,dry_run,fault
pump,2.34,13.38,51.36,1.08,3.04,194.93,seal_leakage,warning
pump,1.9,9.18,87.27,0.32,0.76,3.74,dry_run,fault
pump,3.26,19.16,60.45,0.68,4.72,40.96,clogging,fault
pump,4.08,13.04,79.53,0.3,1.15,2.17,dry_run,fault
pump,2.41,13.4,63.76,1.11,3.52,183.78,seal_leakage,warning
pump,1.76,18.09,72.43,1.04,2.85,133.53,impeller_damage,warning
pump,5.22,8.59,93.74,0.07,1.31,67.18,dry_run,fault
pump,2.26,22.22,77.66,0.54,5.72,43.71,clogging,fault
pump,2.73,14.79,59.99,1.18,4.01,211.46,bearing_failure,warning
pump,1.71,12,61.95,1.24,2.69,182.88,seal_leakage,running
pump,3.93,16.94,79.92,0.83,3.65,263.96,bearing_failure,fault
pump,2.71,18.66,62.31,0.71,4.23,103.34,clogging,warning
pump,1.23,12.43,51.74,0.98,3.23,179.66,seal_leakage,running
pump,2.36,23.12,57.92,0.42,4.24,74.23,clogging,fault
pump,1.39,12.48,52.63,1.26,4.44,197.69,none,running
pump,2.48,13.5,58.81,0.81,2.75,143.72,impeller_damage,warning
pump,3.98,12.14,57.15,0.63,2.2,126.69,cavitation,fault
pump,2.45,15.43,52.12,0.86,4.11,261.31,bearing_failure,warning
pump,1.76,12.39,69.8,0.73,2.94,114.08,impeller_damage,warning
pump,1.42,10.43,65.05,1.12,2.77,150.57,seal_leakage,warning
pump,1.54,11.6,61.27,0.56,2.24,119.68,cavitation,warning
pump,2.37,14.78,59.85,1.05,4.37,230.44,bearing_failure,warning
pump,1.3,10.89,58.36,1.01,3.75,226.32,none,running
pump,1.51,14.78,70.5,1.11,1.85,98.05,impeller_damage,warning
pump,2.73,16.41,58.17,1.21,2.27,59.59,impeller_damage,fault
pump,1.4,11.63,54.88,1.08,4.58,231.66,none,running
pump,1.56,11.56,68.32,0.19,1.08,79.15,dry_run,fault
pump,1.54,17.25,69.32,0.71,4.18,133.82,clogging,warning
pump,1.67,14.05,40.19,1.02,3.81,237.46,bearing_failure,running
pump,0.6,10.58,51.09,0.43,3.25,156.98,cavitation,fault
pump,1.78,11.12,89.48,0.22,0.06,72.6,dry_run,fault
pump,2.25,15.18,53.38,1.02,3.47,182.23,bearing_failure,warning
pump,4.55,9.09,90.28,0.42,0.34,63.35,dry_run,fault
pump,1.53,16.49,48.25,1.14,3.08,186.63,seal_leakage,warning
pump,3.56,17.71,71.92,0.72,6.78,108.05,clogging,fault
pump,2.7,14.9,66.46,1.07,1.99,117.97,impeller_damage,warning
pump,2.96,12.4,59.06,0.14,2.83,117.61,cavitation,fault
pump,2.21,10.79,82.44,0.08,0.47,68.3,dry_run,fault
pump,1.76,17.99,78.57,0.55,5.17,87.53,clogging,fault
pump,1.67,17.95,73.47,0.81,6.27,104.29,clogging,warning
pump,1.59,14.12,47.79,0.99,4.81,254.22,none,running
pump,0.87,13.94,66.03,0.93,1.77,153.25,impeller_damage,fault
pump,1.42,17.13,64.77,0.8,1.59,111.97,impeller_damage,fault
pump,2.46,11.55,80.75,1.07,3.61,200.09,bearing_failure,fault
pump,1.38,12.93,54.96,0.98,2.54,143.68,seal_leakage,running
pump,2.12,12.79,56.93,0.94,3.16,139.74,seal_leakage,warning
pump,2.88,18.3,72.21,0.68,6.19,138.84,clogging,warning
pump,1.35,15.85,48.6,1.01,3.13,145.25,seal_leakage,running
pump,1.98,9.04,68.41,0.22,1.07,49.48,dry_run,fault
pump,1.07,12.99,67.72,0.26,0.93,6.93,dry_run,fault
pump,2.39,21.3,66.93,0.91,5.64,126.07,clogging,fault
pump,1.92,23.04,71.17,0.72,5.37,82.5,clogging,fault
pump,3.95,6.53,82.14,0.05,1.39,35.82,dry_run,fault
pump,1.44,11.91,54.73,1.24,2.19,156.32,seal_leakage,warning
pump,2.54,15.42,70.69,0.97,4.86,102.65,clogging,warning
pump,2.31,16.51,57.24,1.11,3.39,193.83,seal_leakage,warning
pump,2.74,19.13,62.82,0.97,1.56,175.67,impeller_damage,fault
pump,2.74,13.85,52.09,1.19,3.49,153.99,seal_leakage,warning
pump,4.72,11.67,63.76,0.65,2.78,122.59,cavitation,fault
pump,2,16.04,62.43,0.43,5.4,107.43,clogging,fault
pump,1.84,13.91,52.44,0.98,3.6,233.92,bearing_failure,running
pump,1.13,14.29,53.74,0.83,2.48,177.7,seal_leakage,warning
pump,0.82,13.34,58.04,0.95,2.41,164.45,seal_leakage,warning
pump,1.18,11.69,56.01,1.19,4.01,206.07,none,running
pump,1.85,11.68,54.83,1.01,2.96,124.18,impeller_damage,running
pump,3.05,13.05,54.41,0.83,3.85,182.3,cavitation,warning
pump,1.6,13.23,55.45,1.17,4.53,229.53,none,running
pump,4.13,14.76,80.19,0.88,4.41,225.39,bearing_failure,fault
pump,2.08,12.45,71.53,0.91,3.89,200.54,bearing_failure,warning
pump,2.49,17.95,63.02,0.36,4.89,69.26,clogging,fault
pump,2.13,17.9,57.77,0.78,6.38,43.5,clogging,fault
pump,1.99,12.51,60.78,1.1,1.6,107.77,impeller_damage,fault
pump,4.6,14.32,52.9,0.67,3.71,127.77,cavitation,fault
pump,1.95,18.09,81.05,1.01,4.1,232.02,bearing_failure,fault
pump,1.25,11.94,54.37,1,4.4,185.49,none,running
pump,1.19,14.07,45.75,0.91,3.8,196.19,bearing_failure,running
pump,1.05,10.35,53.08,1.04,3.78,202.53,none,running
pump,2.07,15.46,61.09,0.94,4.39,66.74,clogging,fault
pump,3.96,18.17,57.03,0.81,1.62,110.98,impeller_damage,fault
pump,1,12.95,49.54,1.2,4.31,200.78,none,running
pump,1.74,17,61.65,0.11,3.37,59.45,cavitation,fault
pump,3.45,11.91,60.01,0.3,2.73,107.16,cavitation,fault
pump,3.4,23.5,65.55,1.05,4.58,143.22,clogging,fault
pump,1.78,10.62,54.64,0.95,4.09,221.88,none,running
pump,1.39,14.68,54.6,1.15,4.11,266.66,none,running
pump,1.49,15.8,62.58,0.84,1.8,118.81,impeller_damage,warning
pump,1.38,11.44,63.39,0.98,3.44,206.56,seal_leakage,running
pump,2.67,16.85,64.51,1.02,4.49,187.53,bearing_failure,warning
pump,0.84,15.97,66.06,0.8,3.45,174.81,seal_leakage,warning
pump,1.58,15.45,52.24,1.16,3.96,240.33,none,running
pump,2.86,11.25,59.29,0.76,3.17,82.19,cavitation,warning
pump,4.72,13.26,53.46,0.26,3,84.68,cavitation,fault
pump,3.87,7.41,67.86,0.1,0.49,26.23,dry_run,fault
pump,1.82,10.82,51.2,0.98,4.57,242.92,none,running
pump,2.24,19.86,71.52,0.98,5.91,75.39,clogging,fault
pump,1.99,14.21,83.16,1.18,3.87,221.54,bearing_failure,fault
pump,2.07,18.54,62.02,0.75,6.75,118.16,clogging,warning
pump,1.17,11.69,56.09,1.09,4,207.99,none,running
pump,1.91,7.24,72.07,0.2,1.09,52,dry_run,fault
pump,3.21,13.18,63.12,1.08,1.47,164.92,impeller_damage,fault
pump,1.91,15.75,61.12,1.09,1.85,87.1,impeller_damage,warning
pump,1.01,13.7,59.62,1.18,3.04,192.64,seal_leakage,running
pump,1.58,18.85,70.95,0.79,5.8,107.77,clogging,warning
pump,2.03,14.34,56.43,0.86,2.98,101.88,impeller_damage,warning
pump,2.6,17.37,62.28,1.04,2.24,138.24,impeller_damage,warning
pump,2.18,15.36,81.21,0.99,3.75,230.79,bearing_failure,fault
pump,2.41,13.9,58.71,0.6,3.33,175.2,cavitation,warning
pump,2.84,17.54,69.43,0.93,3.02,116.46,impeller_damage,warning
pump,2.04,16.37,66.95,1.14,4.43,227.6,bearing_failure,warning
pump,3.96,15.7,66.56,0.87,3.26,100.47,impeller_damage,fault
pump,1.87,10.79,63,1.17,3.86,225.43,none,running
pump,1.35,13.96,56.4,0.92,4.32,231.41,none,running
pump,1.26,13.75,54.45,0.83,2.82,127.53,seal_leakage,running
pump,3.06,10.9,90.82,0.03,0.87,49.15,impeller_damage,fault
pump,1.66,11.29,83.2,0.29,1.67,63.9,dry_run,fault
pump,2.33,19.09,67.42,0.91,1.9,138.32,impeller_damage,warning
pump,3.43,13.82,55.84,0.6,3.44,171.36,cavitation,warning
pump,1.46,14.69,59.04,1.2,4.12,256.5,none,running
pump,2.08,14.49,55.83,0.71,2.8,185.5,cavitation,warning
pump,1.9,11.17,55.19,1.22,4.15,197.82,none,running
pump,1.61,11.03,55.49,1.12,2.69,149.59,seal_leakage,running
pump,2.93,13.59,65.72,0.37,2.09,97.44,cavitation,fault
pump,2.96,16.26,54.07,0.95,2.76,181.82,impeller_damage,warning
pump,1.25,11.56,48,1.01,4.21,191.68,none,running
pump,3.9,16.04,62.05,0.69,3.44,147.62,cavitation,fault
pump,3.02,11.64,79.66,0.12,1.26,54.16,dry_run,fault
pump,1.44,14.6,57.28,1.16,3.86,258.95,none,running
pump,2.64,13.21,53.61,0.97,3.54,192.16,seal_leakage,warning
pump,2.3,12.07,61.45,1.12,2.56,168.59,seal_leakage,warning
pump,3.59,13.68,55.73,0.94,4.44,213.89,bearing_failure,fault
pump,1.66,13.24,52.72,1.13,3.21,180.79,seal_leakage,running
pump,1.75,10.69,54.71,0.96,3.6,203.74,seal_leakage,running
pump,2.26,8.99,93.65,0.16,1.63,81.58,dry_run,fault
pump,3.62,15.65,89.57,1.04,3.67,220.06,bearing_failure,fault
pump,1.54,9.16,50.24,1.13,4.47,177.05,none,running
pump,2.53,11.06,64.2,0.26,2.06,131.28,cavitation,fault
pump,1.73,14.41,64.68,0.43,4.8,106.75,clogging,fault
pump,1.59,17.62,62.69,0.72,5.28,58.32,clogging,fault
pump,3.5,14.55,62.05,0.71,3.45,177.85,cavitation,warning
pump,2.02,24.61,79.61,0.58,4.76,96.71,clogging,fault
pump,4.51,10.88,71.26,1.03,3.67,184.36,bearing_failure,fault
pump,4.1,12.03,57.2,0.96,3.6,136.6,cavitation,fault
pump,2.67,13.95,54.93,0.18,3.58,130.27,cavitation,fault
pump,1.38,11.85,59.42,1.03,4,253.22,none,running
pump,4.41,13.48,75.9,0.07,0.91,18.66,dry_run,fault
pump,3.22,11.65,57.71,1.01,2.98,98.37,impeller_damage,warning
pump,1.07,18.23,66.8,0.71,1.26,153.53,impeller_damage,fault
pump,3.15,20,73.37,1.14,3.13,164.15,impeller_damage,warning
pump,2.72,15.89,74.93,0.18,0.96,13.22,dry_run,fault
pump,3.94,14.77,65.67,0.85,4.53,181.14,bearing_failure,fault
pump,1.22,12.88,82.34,0.14,1.52,38.87,dry_run,fault
pump,1.78,14.8,74.11,1.1,3.81,211.79,bearing_failure,warning
pump,1.4,12.16,74.27,0.27,0.04,20.15,dry_run,fault
pump,1.28,14.37,52.31,1.16,4.5,242.31,none,running
pump,3.22,15.67,68.27,1.06,3.4,215.68,bearing_failure,warning
pump,1.09,15.08,59.01,0.86,2.41,215.58,seal_leakage,warning
pump,2.2,15.15,58.04,1.02,4.36,242.11,bearing_failure,warning
pump,1.83,15.47,72.02,0.84,2.5,144.89,impeller_damage,warning
pump,2.16,8.96,50.65,1.06,2.86,205.74,seal_leakage,warning
pump,1.47,16.05,69.2,0.95,3.03,95.9,impeller_damage,warning
pump,2.9,12.58,57.36,0.81,3.13,179.68,impeller_damage,warning
pump,1.63,16.51,51.45,1.14,3.43,131.18,seal_leakage,warning
pump,1.49,25.06,60.16,0.35,6.28,132.92,clogging,fault
pump,1.84,14.22,61.07,1.14,2.81,212.55,seal_leakage,running
pump,1.51,13.78,57.69,0.86,3.99,221.28,bearing_failure,running
pump,2.18,18.84,77.32,0.55,5.7,94.43,clogging,fault
pump,2.5,11.87,64.93,1.11,3.24,86.89,impeller_damage,warning
pump,1.72,23.98,68.11,0.92,4.54,142.88,clogging,fault
pump,3.04,15.71,54.41,0.74,3.07,160.56,cavitation,warning
pump,2.29,8.1,77.8,0.23,1.11,43.54,dry_run,fault
pump,3.26,14,69.28,0.32,1.2,0,dry_run,fault
pump,3.25,10.88,67.09,0.66,2.94,111.07,cavitation,warning
pump,4.35,11.56,59.08,0.61,3.76,135.25,cavitation,fault
pump,1.8,13.04,53.36,1.04,1.37,195.57,impeller_damage,fault
pump,2.43,14.55,49.37,0.9,2.23,150.96,seal_leakage,warning
pump,1.59,14.14,61.81,0.88,2.51,192.79,seal_leakage,running
pump,1.81,16.17,63.55,0.72,1.94,174.26,impeller_damage,warning
pump,2.29,16.12,52.38,0.56,2.76,185.07,cavitation,warning
pump,2.97,20.2,63.24,0.85,6.23,92.58,clogging,fault
pump,1.16,14.23,61.77,0.9,3.08,182.74,seal_leakage,running
pump,1.76,18.2,58.38,0.8,3.24,98.67,impeller_damage,warning
pump,4.78,14.51,51.63,0.46,3.55,156.75,cavitation,fault
pump,2.36,15.01,61.09,0.78,2.49,132.85,cavitation,warning
pump,1.41,11.57,59.11,0.93,4.52,241.68,none,running
pump,2.69,15.93,62.43,0.92,3.45,120.59,impeller_damage,warning
pump,4.65,16.38,54.35,0.76,2.41,77.89,cavitation,fault
pump,1.6,17.87,79.22,0.7,5.17,121.54,clogging,fault
pump,2.01,14.17,66.24,0.95,5.13,119.13,clogging,warning
pump,2.32,17.31,63.67,1.05,3.51,258.99,bearing_failure,warning
pump,1.36,12.2,59.47,1.09,2.21,126.87,seal_leakage,warning
pump,1.88,15.53,63.44,0.96,3.57,225.03,bearing_failure,running
pump,1.24,11.44,58.32,1.11,4.19,204.56,none,running
pump,3.39,14.73,60.03,0.93,1.56,100.07,impeller_damage,fault
pump,3.12,14.95,77.92,1.06,3.6,249.12,bearing_failure,fault
pump,1.4,14.39,55.57,1.17,4.2,217.48,none,running
pump,1.31,8.78,59.22,1.27,4.37,189.25,none,running
pump,4.37,15.46,55.11,0.76,2.94,156.11,cavitation,fault
pump,2.93,10.35,80.63,0.12,0.66,0,dry_run,fault
pump,2.88,12.32,55.79,1.06,3.14,170.83,impeller_damage,warning
pump,2.27,12.43,51.97,0.81,3.82,175.31,bearing_failure,warning
pump,2.47,12.21,66.97,0.83,3.6,184.84,cavitation,warning
pump,2.42,11.46,86.34,0.4,0.55,15.85,dry_run,fault
pump,4.48,13.38,58.21,0.33,3.14,159.61,cavitation,fault
pump,1.92,18.79,73.87,0.36,6.65,147.97,clogging,fault
pump,2.66,11.27,77.98,0.24,0.21,53.08,dry_run,fault
pump,1.64,13.28,54.81,1.18,4.67,279.7,none,running
pump,1.63,13.19,61.96,0.43,6.06,90.63,clogging,fault
pump,5.71,13.02,54.85,0.5,2.16,175.06,cavitation,fault
pump,2.57,15.07,70.99,0.87,6.38,120.67,clogging,warning
pump,3.04,12.52,63.93,0.27,3.1,130.2,cavitation,fault
pump,2.44,19.29,63.77,0.68,2.17,99.25,impeller_damage,warning
pump,1.93,16.81,62.97,0.42,5.31,97.03,clogging,fault
pump,4.49,14.33,55.21,0.77,2.51,75.2,cavitation,fault
pump,1.77,17.59,66.22,0.62,6.29,93.39,clogging,warning
pump,2.71,15.07,52.73,0.92,3.07,184.06,impeller_damage,warning
pump,1.45,14,60.69,1,3.24,166.52,seal_leakage,running
pump,1.66,14.47,53.82,1.06,3.95,188.31,bearing_failure,running
pump,1.75,11.65,53.96,0.86,2.77,182.62,seal_leakage,running
pump,2.11,16.72,59.09,0.41,5.29,132.14,clogging,fault
pump,2.71,22.49,60.51,0.32,6.1,56.85,clogging,fault
pump,2.97,19.38,76.89,1.06,4.03,230.76,bearing_failure,fault
pump,2.21,11.56,80.19,0.12,1.59,52.54,dry_run,fault
pump,1.17,15.79,56.03,0.97,2.86,196.66,seal_leakage,running
pump,1.62,11.17,58.12,0.92,4.07,237.09,none,running
pump,2.77,12.02,91.47,0.13,1.31,20.33,dry_run,fault
pump,3.12,12.93,61.67,0.39,2.86,79.96,cavitation,fault
pump,3.7,13.29,58.32,0.58,3.22,149.98,cavitation,fault
pump,3.73,16.85,51.18,0.37,3.45,169.65,cavitation,fault
pump,2.08,14.32,60.54,0.76,2.59,155.4,seal_leakage,warning
pump,2.87,7.46,77.88,0.46,0.7,64.1,dry_run,fault
pump,2.68,16.04,67.26,0.85,2.66,102.26,impeller_damage,warning
pump,1.35,14.71,50.13,1.22,4.28,217.44,none,running
pump,0.64,12.2,62.39,0.94,3.05,183.77,seal_leakage,running
pump,1.76,13.28,54.25,1.22,4.1,185.07,none,running
pump,3.48,7.9,81.29,0.3,1.65,57.08,dry_run,fault
pump,0.33,15.47,66.18,0.93,2.56,98.15,impeller_damage,warning
pump,1.11,9.39,54.77,0.93,3.77,219.76,none,running
pump,0.76,11.32,49.72,1.18,4.54,175.33,none,running
pump,1.66,11.68,51.16,1.23,4.4,244.63,none,running
pump,1.74,14.72,53.05,1.13,3.03,75.33,impeller_damage,fault
pump,1.22,13.11,51.39,1.12,4.43,207.42,bearing_failure,running
pump,3.59,10.71,87.28,0.09,1.64,12.61,dry_run,fault
pump,1.19,11.63,51.83,0.88,3.88,181.66,none,running
pump,3.51,12.61,75.54,0.42,1.94,31.56,dry_run,fault
pump,3.1,18.13,53.83,0.88,2.91,129.06,impeller_damage,warning
pump,1.62,13.61,56.65,1.17,2.49,137.53,seal_leakage,warning
pump,3.07,10.23,79.43,0.34,0.84,4.13,dry_run,fault
pump,4.75,10.87,86.16,0.42,0.11,56.33,dry_run,fault
pump,2.04,16.88,70.93,0.95,4.46,225.13,bearing_failure,warning
pump,1.03,15.44,57.27,1.13,4.24,229.68,none,running
pump,1.57,13.12,56.84,1.29,4.59,255.36,none,running
pump,1.78,13.5,47.81,1.08,4.5,224.58,none,running
pump,1.64,9.57,55.94,1.12,4.01,168.66,none,running
pump,1.41,11.57,64.71,0.87,2.96,202.63,seal_leakage,running
pump,2.29,15.45,60.86,0.32,3.13,157.86,cavitation,fault
pump,2.79,18.62,69.05,0.59,6.17,53.63,clogging,fault
pump,3.38,9.15,78.47,0.15,0.82,43.43,dry_run,fault
pump,1.71,11.73,63.9,0.91,2.3,208.3,seal_leakage,warning
pump,1.05,18.82,68.35,1,1.47,98.71,impeller_damage,fault
pump,4.01,13.18,76.99,0.24,0.09,36.51,dry_run,fault
pump,1.86,24.19,65.17,0.87,5.65,105.74,clogging,fault
pump,3.77,16.59,58.79,0.75,2.23,167.45,cavitation,fault
pump,3.13,21.22,71.83,0.98,4.45,63.5,clogging,fault
pump,1.2,18.76,64.35,0.94,3.14,135.47,impeller_damage,warning
pump,2.3,13.69,74.57,0.37,0.54,48.3,dry_run,fault
pump,1.49,10.54,54.02,1.12,2.81,176.67,seal_leakage,running
pump,3.18,14.4,61.96,0.94,1.34,84.63,impeller_damage,fault
pump,1.53,16.19,67.58,1.04,2.68,79.35,cavitation,fault
pump,2.18,10.63,85.43,0.11,0.57,33.68,dry_run,fault
pump,2.49,20.25,68.95,0.85,6.47,138.34,clogging,fault
pump,3.49,15.63,58.36,1.16,2.46,189.36,impeller_damage,warning
pump,1.95,15.64,55.04,1.07,2.35,114.13,impeller_damage,warning
pump,4.42,14.92,54.49,0.26,3.39,155.94,cavitation,fault
pump,3.34,14.58,65.42,0.23,0.46,28.71,dry_run,fault
pump,1.36,11.22,60.45,1.24,4.07,242.39,none,running
pump,3.89,16.07,92.67,0.2,0.33,0.21,dry_run,fault
pump,1.33,13.77,92.47,0.14,1.61,68.95,dry_run,fault
pump,2.85,14.48,73.03,0.85,4.18,216.08,bearing_failure,warning
pump,1.99,19.14,34.24,1.08,3.33,246.16,cavitation,warning
pump,2.4,11.88,58.28,0.82,1.82,148.11,impeller_damage,warning
pump,2.75,15.79,69.28,1.13,4.26,213.4,bearing_failure,warning
pump,2.03,15.32,50.7,0.99,3.57,146.51,seal_leakage,warning
pump,2.12,16.3,62.02,1.06,2.87,150.17,seal_leakage,warning
pump,1.41,12.75,55.4,0.96,4.47,245.88,none,running
pump,2.28,15.82,54.65,0.81,2.41,75.62,impeller_damage,fault
pump,1.33,12.54,50.38,1.09,3.92,193.22,none,running
pump,2.22,16.13,57.96,1.17,3.81,205.23,seal_leakage,warning
pump,1.94,11.77,58.42,0.63,3.7,120.7,cavitation,warning
pump,2.53,12.71,66.52,0.09,2.28,109.41,cavitation,fault
pump,3.39,14.84,65.7,1.13,4.31,217.05,bearing_failure,warning
pump,2.53,20.43,63.69,0.95,6.34,73.85,clogging,fault
pump,2.24,11.4,60.07,0.42,3.2,104.09,cavitation,fault
pump,1.53,10.69,52.19,0.97,4.31,177.52,none,running
pump,2.23,10.9,50.84,1.03,3.68,143.25,seal_leakage,warning
pump,2.97,8.84,87.67,0.32,1.21,33.31,dry_run,fault
pump,1.13,18.26,78.4,0.37,4.89,84.09,clogging,fault
pump,3.17,10.27,61.15,0.69,3.64,192.91,cavitation,warning
pump,2.51,13.58,81.13,0.12,1.71,38.56,dry_run,fault
pump,2.55,18.34,74.55,1.12,3.58,261.45,bearing_failure,warning
pump,1.94,17.47,69.68,0.91,1.47,188.17,impeller_damage,fault
pump,4.58,11.13,92.65,0.47,1.23,74.79,dry_run,fault
pump,1.16,11.9,59.13,1.16,3.98,213.76,none,running
pump,1.83,20.11,68.02,0.38,5.06,61.22,clogging,fault
pump,4.51,15.03,65.15,0.43,2.43,187.28,cavitation,fault
pump,2.96,18.21,63.69,1.06,3.96,229.98,bearing_failure,warning
pump,2.05,14.56,58.93,0.5,6.82,72.25,clogging,fault
pump,5.09,14,55,0.12,3.32,125.57,cavitation,fault
pump,4.93,17.79,64.94,0.58,1.98,119.46,cavitation,fault
pump,0.9,19.2,75.32,0.42,5.09,72.81,seal_leakage,fault
pump,4.18,11.23,85.58,0.34,0.49,82.7,dry_run,fault
pump,2.22,15.5,63.34,0.24,3.88,108.27,cavitation,fault
pump,1.85,13.09,84.06,0.3,1.64,51.54,dry_run,fault
pump,3.16,12.65,63.94,0.57,2.03,179.25,cavitation,warning
pump,1.45,15.84,72.3,0.1,0.4,80.78,dry_run,fault
pump,1.83,13.98,53.53,0.97,2.48,128.89,seal_leakage,warning
pump,1.24,14.3,59.61,0.93,2.82,174.1,seal_leakage,running
pump,2.08,15.42,66.87,0.93,3.75,230.24,bearing_failure,warning
pump,2.88,14.36,73.18,1.12,4.11,177.88,bearing_failure,warning
pump,1.92,14.82,66.44,0.83,2.53,130.18,impeller_damage,warning
pump,1.66,17.2,54.01,0.99,2.64,96.3,impeller_damage,warning
pump,3.32,15.51,58.49,0.57,2.97,138.36,cavitation,warning
pump,1.17,15.37,60.68,1.02,2.55,67.24,impeller_damage,fault
pump,3.93,18.01,54.33,0.44,2.52,123.72,cavitation,fault
pump,2.64,13.3,56.64,1.12,2.5,95.28,impeller_damage,warning
pump,4.89,11.63,65.79,0.27,3.33,130.59,cavitation,fault
pump,1.36,11.41,57.38,1.02,3.93,208.42,none,running
pump,1.94,15.47,55.45,0.72,2.91,117.04,cavitation,warning
pump,1.98,20.28,58.23,1.06,1.85,96.74,impeller_damage,fault
pump,2.38,18.95,67.94,0.34,5.74,70.57,clogging,fault
pump,3.23,18.41,59.5,0.88,1.68,93.54,impeller_damage,fault
pump,2.09,13.38,43.26,0.89,4.2,157.38,bearing_failure,warning
pump,1.74,12.49,59,1.17,4.73,227.07,none,running
pump,1.24,12.06,55.9,1.12,4.44,222.72,none,running
pump,1.35,10.28,52.38,1.22,4.62,210.62,none,running
pump,1.71,24.42,64.27,0.68,6.76,123.12,clogging,fault
pump,2.05,14.57,59.72,0.97,3.96,220.83,bearing_failure,warning
pump,1.21,11.68,56.44,0.98,3.21,170.71,seal_leakage,running
pump,4.01,13.32,60.53,0.88,1.4,127.94,impeller_damage,fault
pump,2.2,12.73,58.83,1.05,3.25,201.24,seal_leakage,warning
pump,1.91,16.08,67.44,0.73,2.13,93.99,cavitation,warning
pump,5.26,12.47,56.77,0.5,3.63,170.41,cavitation,fault
pump,2.85,6.79,76.65,0.11,0.86,23.2,dry_run,fault
pump,2.74,20.07,70.87,1.05,2.61,162.69,impeller_damage,fault
pump,2.43,17.6,68.03,1.2,3.61,185.64,bearing_failure,warning
pump,1.29,12.28,52.65,1.19,3.51,249.72,none,running
pump,1.71,12.28,57.65,1.13,4.28,189.26,none,running
pump,2.44,12.84,60.86,1.02,2.87,64.35,impeller_damage,fault
pump,1.14,11.33,55.42,1.01,4.17,239.96,none,running
pump,2.82,6.99,85.43,0.25,0.63,45.69,dry_run,fault
pump,2.28,9.24,88.17,0.26,1.77,12.71,dry_run,fault
pump,4.2,12.25,77.52,0.06,1.48,6.68,dry_run,fault
pump,1.28,13.68,61.2,0.4,2.18,76.41,cavitation,fault
pump,3.19,15.89,81.86,0.84,4.23,197.54,bearing_failure,fault
pump,1.04,12.88,60.66,1.16,2.5,172.88,seal_leakage,running
pump,3.97,12.62,87.35,0.3,0.15,8.6,dry_run,fault
pump,1.4,14.94,51.61,0.93,2.56,155.83,seal_leakage,running
pump,2.83,17.53,61.84,1.02,4.06,217.48,bearing_failure,warning
pump,2.2,10.1,70.58,0.16,1.76,64.31,dry_run,fault
pump,3.4,16.51,61.56,1.1,4.2,241.84,bearing_failure,warning
pump,1.37,16.44,61.24,0.96,2.36,162.76,seal_leakage,warning
pump,2.37,14.47,60.77,0.85,2.84,88.56,impeller_damage,warning
pump,2.88,15.51,67.96,0.44,2.44,177.34,cavitation,fault
pump,3.09,13.29,76.08,0.21,0.04,67.5,dry_run,fault
pump,3.74,19.32,79.02,0.99,4.54,275.54,bearing_failure,fault
pump,1.19,22.44,67.79,0.36,6.7,121.86,clogging,fault
pump,1.72,14.64,47.96,0.98,3.37,229.5,bearing_failure,running
pump,3.01,18.87,74.01,0.47,5.87,54.51,clogging,fault
pump,2.83,11.29,54.57,0.82,3.84,198.16,none,warning
pump,1.92,12.02,75.85,0.29,1.26,26.04,dry_run,fault
pump,2.19,13.48,55.86,0.68,1.74,161.03,impeller_damage,fault
pump,2.27,17.46,60.97,0.63,2.1,102.76,cavitation,warning
pump,2.35,20.12,67.76,0.81,4.38,219.93,bearing_failure,fault
pump,1.66,10.11,63.84,1.12,2.18,153.53,seal_leakage,warning
pump,3.66,11.65,83.67,0.12,0.82,25.12,dry_run,fault
pump,2.92,13.96,66.33,0.43,2.51,147.92,cavitation,fault
pump,3.2,9.59,66.96,0.35,0.14,56.13,dry_run,fault
pump,1.19,12.86,57.25,1.07,2.08,205.33,seal_leakage,warning
pump,4.87,13.81,59.99,0.79,3.7,120.63,cavitation,fault
pump,1.96,15.93,47.76,1.01,3.04,148.82,seal_leakage,running
pump,3.13,18.69,58.45,0.09,3.61,186.21,cavitation,fault
pump,1.68,15.14,56.38,1.1,3.96,235.85,none,running
pump,2.82,20.77,67.75,0.63,6.22,101.04,clogging,fault
pump,1.79,22.25,65.74,0.42,6.32,109.85,clogging,fault
pump,2.54,11,55.57,1.01,2.83,167.92,impeller_damage,warning
pump,3.23,14.35,58.61,0.45,3.75,117.59,cavitation,fault
pump,0.7,14.09,45.76,1.14,4,218.44,none,running
pump,0.84,14.4,60.39,0.76,2.96,68.16,impeller_damage,fault
pump,2.36,10.89,89.57,0.06,0.72,60.86,dry_run,fault
pump,2.53,14.22,69.09,1.19,4.13,222.93,bearing_failure,warning
pump,1.35,13.35,56.53,0.96,4.62,251.3,none,running
pump,1.37,10.68,58.16,0.86,4.67,186.97,none,running
pump,2.01,14.01,70.57,0.84,5.18,159.56,clogging,warning
pump,4.73,7.35,87.77,0.14,1.46,40.71,dry_run,fault
pump,2.14,14.32,58.59,1.16,3.83,168.36,bearing_failure,warning
pump,1.44,10.18,62.65,1.2,2.74,152.22,seal_leakage,running
pump,2.35,18.54,69.46,1.15,4.05,213.23,bearing_failure,warning
pump,2.24,14.57,58.98,0.86,2.58,177.06,seal_leakage,warning
pump,2.45,15.86,55.86,0.86,3.77,167.44,bearing_failure,warning
pump,1.82,14.5,52.48,0.82,3.25,214.69,seal_leakage,running
pump,1.72,19.72,62.06,0.84,3.21,88.36,impeller_damage,warning
pump,2.34,14.81,66.76,0.93,4.86,201.3,bearing_failure,warning
pump,3.66,17.03,56.6,0.52,2.46,119.02,cavitation,fault
pump,5.44,12.71,60.4,0.19,2.78,158.06,cavitation,fault
pump,1.2,15.28,57.33,1.25,4.03,212.58,none,running
pump,4.41,18.78,63.45,0.25,3.19,89.08,cavitation,fault
pump,0.9,9.67,78.6,0.01,0.57,0,dry_run,fault
pump,4.04,12.58,72.33,0,0.99,57.31,dry_run,fault
pump,2.85,20.66,69.7,0.56,5.66,56.8,clogging,fault
pump,2.17,14.86,76.03,0.09,0.63,24.53,dry_run,fault
pump,1.73,20.13,67.95,0.39,5.83,81.06,clogging,fault
pump,1.29,13.2,53.98,0.74,2.93,120.49,impeller_damage,warning
pump,2.93,11.34,62.28,0.98,4.12,185.89,bearing_failure,warning
pump,2.3,14.36,60.95,1.11,2.32,164.48,seal_leakage,warning
pump,1.24,12.49,50.82,1.24,3.85,213.62,none,running
pump,1.05,11.74,48.12,1.17,4.57,250.45,none,running
pump,4.47,17.64,58.59,0.17,3.83,166.2,cavitation,fault
pump,2.07,18.03,69.73,0.86,1.59,104.74,impeller_damage,fault
pump,2.71,13.59,53.67,0.25,2.49,138.82,cavitation,fault
pump,0.6,13.93,65.24,0.59,5.29,82.7,clogging,warning
pump,2.23,14.41,64.84,0.27,2.69,151.1,cavitation,fault
pump,1.21,13.06,57.01,1.25,4.44,234.21,none,running
pump,4.05,12.25,87.83,0.42,1.78,22.57,dry_run,fault
pump,2.1,13.47,65.92,0.8,3.8,190.26,seal_leakage,warning
pump,1.41,13.74,52.52,0.82,3.68,194.44,seal_leakage,running
pump,5.26,15.57,62.02,0.48,3.25,119.64,cavitation,fault
pump,4.83,15.16,53.45,0.73,2.6,146.88,cavitation,fault
pump,2.84,10.95,93.7,0,0.17,11.6,dry_run,fault
pump,1.08,12.52,43.55,1.09,3.88,219.57,bearing_failure,running
pump,3.52,10.39,60.34,0.79,3.06,153.17,impeller_damage,fault
pump,4.64,11.42,65.4,0.56,2.47,175.28,cavitation,fault
pump,2.12,11.03,53.46,1.11,4.59,274.77,none,warning
pump,1.2,12.41,72.64,0.49,3.96,151.86,cavitation,fault
pump,1.84,14.4,56.31,0.6,2.12,78.46,cavitation,fault
pump,1.73,7.2,90.16,0.29,0.11,1.13,dry_run,fault
pump,1.92,21.87,76.47,0.47,6.07,56.58,clogging,fault
pump,2.24,17.87,79.63,0.9,6.8,136.78,clogging,fault
pump,2.06,12.34,53,0.93,2.06,125.01,impeller_damage,warning
pump,3.54,17.37,64.87,0.98,3.92,233.93,bearing_failure,fault
pump,2.44,15.26,79.31,0.93,3.79,177.79,bearing_failure,fault
pump,4.12,15.57,65.68,0.65,2.49,87.93,cavitation,fault
pump,2.32,11.14,45.61,0.91,4.19,163.55,bearing_failure,warning
pump,1.07,12.05,76.11,0.83,4.38,55.32,clogging,fault
pump,1.76,11.04,51.19,1.15,5,219.4,none,running
pump,1.36,14.32,54.31,1.01,4.24,253.31,none,running
pump,2.04,12.2,61.29,0.79,3.19,161.24,seal_leakage,warning
pump,2.23,16.19,68.63,0.88,5.08,153.46,clogging,warning
pump,1.65,18.51,80,0.72,6.28,77.53,clogging,fault
pump,1.77,9.73,55.25,1.1,1.99,173.61,seal_leakage,warning
pump,3.2,13.38,76.94,1.02,4,182.38,bearing_failure,fault
pump,1.53,15.93,51.68,1.17,3.18,156.93,seal_leakage,running
pump,1.08,13.04,67.64,0.57,5.18,37.57,clogging,fault
pump,1.86,15.89,50.73,1.19,3.89,269.21,none,running
pump,1.92,22.37,56.04,0.44,5.94,111.94,clogging,fault
pump,2.17,17.03,76.11,0.72,5.67,129.58,clogging,fault
pump,5.39,10.95,90.5,0.21,0.4,22.37,dry_run,fault
pump,2.08,14.5,74.18,0.65,5.91,137.49,clogging,warning
pump,2.87,13.39,63.54,1.05,2.69,178.19,impeller_damage,warning
pump,1.32,12.38,58.55,1.12,2.4,194.33,seal_leakage,warning
pump,2.56,16.65,70.45,0.39,1.19,12.36,dry_run,fault
pump,1.86,19.05,71.53,1.05,4.1,249.01,bearing_failure,warning
pump,0.96,17.48,74.38,0.95,4.21,82.52,clogging,warning
pump,1.52,15.56,56.76,0.66,5.29,52.63,clogging,fault
pump,0.75,17.95,53.93,1.19,2.45,134.22,seal_leakage,warning
pump,3.1,13.05,64.86,0.61,3.48,131.89,cavitation,warning
pump,1.67,15.78,64.12,0.73,2.06,189.85,impeller_damage,warning
pump,2.22,17,69.35,1.08,1.84,77.7,impeller_damage,fault
pump,2.77,18.22,82.91,0.9,3.67,233.68,bearing_failure,fault
pump,2.03,12.04,68.51,0.76,2.24,103.95,cavitation,warning
pump,3.6,13.48,66.43,0.6,3.89,197.19,cavitation,fault
pump,2.96,16.81,71.8,0.09,0.14,26.51,dry_run,fault
pump,1.89,14.67,63.57,1.12,2.26,201.46,seal_leakage,warning
pump,1.67,15.04,34.34,0.96,3.87,243.66,bearing_failure,running
pump,1.94,11.75,47.69,0.88,3.55,182.2,bearing_failure,running
pump,1.87,12.53,61.43,0.98,3.01,185.05,seal_leakage,running
pump,1.79,11.39,75.37,0.28,0.91,80.51,dry_run,fault
pump,2.11,16.51,58.62,0.92,4.27,191.36,bearing_failure,warning
pump,2.39,14.7,70.78,0.19,1.06,30.44,dry_run,fault
pump,2.66,15.36,71.12,1.08,3.96,189.61,bearing_failure,warning
pump,2.66,15.34,56.75,0.37,3.83,186.89,cavitation,fault
pump,2.33,20.26,67.25,0.98,5.72,67.63,clogging,fault
pump,1.34,12.67,62.42,0.96,2.83,176.62,seal_leakage,running
pump,2.07,16.86,64.85,1.08,3.29,172.75,bearing_failure,warning
pump,2.68,7.79,68.36,0.12,1.54,86.42,dry_run,fault
pump,0.97,14.42,73.13,0.86,3.01,104.81,impeller_damage,warning
pump,1.24,9.83,56.27,0.94,2.89,212.49,bearing_failure,running
pump,1.51,16.25,36.34,1.16,3.85,242.26,bearing_failure,warning
pump,1.12,11.94,60.34,1.33,3.6,174.39,bearing_failure,running
pump,1.8,17.38,68.3,0.76,6.02,47.04,clogging,fault
pump,2.66,25.11,64.46,0.59,5.84,100.66,none,fault
pump,1.86,16.81,71.76,0.88,6.39,154.4,clogging,warning
pump,1.7,16.85,66.72,0.92,5.15,153.5,clogging,warning
pump,1.44,12.64,58.18,1.29,3.89,255.3,none,running
pump,2.3,15.89,59.31,1.04,2.78,203.87,bearing_failure,warning
pump,2.83,18.33,69.61,0.32,4.69,126.18,clogging,fault
pump,3.55,5.57,80.2,0.39,1.91,37.27,dry_run,fault
pump,1.08,13.65,49.24,1.19,4.25,219.27,none,running
pump,2.2,13.45,58.86,0.88,3.47,178.39,seal_leakage,warning
pump,1.95,9.56,69.16,0.07,1.2,50.17,dry_run,fault
pump,2.46,18.34,62.46,0.81,2.06,125.53,impeller_damage,warning
pump,1.45,12.83,56.7,1.1,3.82,208.55,none,running
pump,1.79,15.98,79.27,0.79,4.42,111.81,clogging,fault
pump,1.62,9.31,70.74,0.22,1,59.32,dry_run,fault
pump,4.44,14.82,62.18,0.3,3.02,141.48,cavitation,fault
pump,3.12,20.99,65.89,0.63,6.57,99.87,clogging,fault
pump,1.08,15.9,56.22,0.96,3.88,248.49,none,running
pump,1.27,19.49,72.67,0.76,6.43,82.31,clogging,warning
pump,1.64,15.63,57.88,0.98,3.48,177.71,seal_leakage,running
pump,3.05,12.31,63.41,0.85,3.69,188.35,cavitation,warning
pump,1.57,18.29,38.35,0.89,4,205.79,bearing_failure,warning
pump,2.69,15.93,74.93,1,5.96,90.12,clogging,warning
pump,2.35,12.56,53.61,0.65,2.62,162.4,cavitation,warning
pump,2.32,13.47,54.14,0.97,2.48,182.36,impeller_damage,warning
pump,3.27,13.01,80.86,0.02,1.83,20.63,dry_run,fault
pump,1.84,13.06,58.25,1.17,4.09,271.58,none,running
pump,4.02,12.55,61.08,0.31,2.46,138.06,cavitation,fault
pump,1.92,10.33,53.22,0.77,3.47,237.13,none,warning
pump,1.9,13.45,80.26,0.25,0.6,41.99,dry_run,fault
pump,1.6,17.14,56.18,1.1,2.79,186.76,seal_leakage,warning
pump,1.59,10.23,56.73,1.25,4.77,216.67,none,running
pump,1.62,13.66,51.46,1.23,3.58,274.66,none,running
pump,3.57,13.17,64.01,0.74,2.03,145.14,cavitation,fault
pump,1.17,13.92,53.58,1.02,4.07,240.67,none,running
pump,1.95,18.58,75.23,0.7,5.04,68.31,clogging,fault
pump,1.02,11.96,49.55,0.82,3.64,156.97,seal_leakage,running
pump,1.08,13.1,57.46,0.87,4.66,211.06,none,running
pump,1.39,10.48,63.45,0.46,2.31,126.85,cavitation,fault
pump,3.1,11.55,57.32,0.83,2.79,101.92,cavitation,warning
pump,2.21,18.93,84.6,0.88,4.28,194.32,bearing_failure,fault
pump,1.2,15.18,53.96,0.24,2.1,142.77,cavitation,fault
pump,3.06,14.37,77.04,1.05,4.04,169.3,bearing_failure,fault
pump,1.73,13.55,59.81,1.07,4.56,218.03,bearing_failure,running
pump,2.18,25.6,60.59,0.9,6.37,84.15,clogging,fault
pump,1.77,11.86,53.73,0.81,3.35,153.77,seal_leakage,running
pump,1.23,12.36,56.23,1.03,4.34,231.76,none,running
pump,1.84,11.79,55.89,0.99,4.34,240.43,none,running
pump,3.97,9.55,83.98,0.31,0.21,73.78,dry_run,fault
pump,1.7,13.73,49.08,1.3,3.61,239.46,none,running
pump,1.83,11.96,55.4,0.88,3.41,202.52,seal_leakage,running
pump,2.74,16.16,50.9,0.43,3.3,160.9,cavitation,fault
pump,2.65,14.21,66.59,1.03,1.75,172.16,impeller_damage,fault
pump,1.16,12.68,54.4,1.07,3.75,233.41,none,running
pump,1.32,14.88,51.96,1.1,4.25,266.06,none,running
pump,1.8,17.7,68.85,1.18,2.5,182.25,impeller_damage,warning
pump,2.78,17.09,70.57,1.05,4.3,199.74,bearing_failure,warning
pump,4.17,12.53,66.09,0.37,2.7,98.28,cavitation,fault
pump,3.42,14.31,60.63,1.02,3.62,253.3,bearing_failure,warning
pump,1.14,10,62.81,0.85,3.55,158.65,seal_leakage,running
pump,1.21,12.39,52.96,1.28,3.61,234.39,none,running
pump,1.42,10.93,80.87,0.26,1.8,69.76,dry_run,fault
pump,1.15,8.8,52.86,0.92,3.86,121.15,seal_leakage,running
pump,1.37,14.66,54.34,1,4.4,221.35,none,running
pump,2.79,13.1,55.45,0.92,4.07,192.06,bearing_failure,warning
pump,1.73,12.04,46.72,1,3.94,185.99,none,running
pump,2.87,12.14,67.44,0.58,3.06,178.55,cavitation,warning
pump,1.26,20.95,62.32,0.84,6.04,39.72,clogging,fault
pump,1.09,11.94,75.32,0.3,0.79,0,dry_run,fault
pump,3.44,10.68,85.91,0.06,0.41,23.61,dry_run,fault
pump,1.75,12.68,55.75,1.06,4.13,248.94,none,running
pump,2.58,15.92,60.59,0.45,2.72,146.4,cavitation,fault
pump,1.32,11.57,41.48,0.9,4.15,192.28,bearing_failure,running
pump,3.87,11.73,70.38,0.35,0.51,38.89,dry_run,fault
pump,1.43,15.59,58.45,1.04,4,245.27,none,running
pump,1.42,11.69,59.39,1.07,3.87,189.68,none,running
pump,1.98,11.71,57.5,0.19,3.24,78.3,cavitation,fault
pump,2.75,12.32,75.22,0.05,1.12,74.17,dry_run,fault
pump,2.24,12.93,57.88,1.05,3.01,180.35,seal_leakage,warning
pump,2.74,20.56,69.66,0.68,5.81,107.63,clogging,fault
pump,2.58,12.2,59.67,1.15,2.15,154.84,seal_leakage,warning
pump,1.66,16.99,52.22,1.1,3.66,195.09,seal_leakage,warning
pump,5.32,10.87,52.19,0.73,2.84,132.59,cavitation,fault
pump,3.34,15.84,80.83,0.93,3.97,207.81,bearing_failure,fault
pump,4.8,10.4,64.68,0.32,2.12,145.04,cavitation,fault
pump,2.58,17.06,80.21,0.93,3.69,247.79,bearing_failure,fault
pump,1.31,9.68,51.61,1.11,3.72,179.73,none,running
pump,2.62,19.84,54.34,1.15,2.17,168.42,impeller_damage,warning
pump,1.49,10.87,67.4,0.16,2.51,156.27,cavitation,fault
pump,1.56,13.06,52.12,1.04,4.39,223.37,none,running
pump,3.6,9.2,65.25,0.14,0.54,0,dry_run,fault
pump,1.84,13.77,62.1,0.52,2.21,119.92,cavitation,warning
pump,0.72,14.21,63.28,0.74,5.27,102.99,impeller_damage,warning
pump,1.12,17.87,71.45,0.51,5.18,109.96,clogging,warning
pump,3.19,15.63,86.41,0,0.31,26.93,dry_run,fault
pump,1.82,13.05,61.38,0.95,3.4,194.34,seal_leakage,running
pump,1.34,12.98,57.02,1.03,2.15,143.73,seal_leakage,warning
pump,4.93,14.82,54.62,0.59,2.48,110.36,cavitation,fault
pump,4.85,14.72,67.63,0.38,3.54,178.53,cavitation,fault
pump,1.54,11.83,51.81,1.02,3.88,194.53,none,running
pump,2.52,9.62,79.45,0.04,0.27,57.8,dry_run,fault
pump,2.43,15.89,67.19,1.07,3.34,171.36,impeller_damage,warning
pump,1.32,10.76,50.96,0.97,3.63,205.17,none,running
pump,2.23,19.19,61.9,0.4,4.37,129.06,clogging,fault
pump,1.65,14.26,50.33,1.03,4.37,221.78,none,running
pump,3.98,10.62,74.83,0.24,1.8,63.44,dry_run,fault
pump,2.63,11.06,94.04,0.9,4.46,170.55,bearing_failure,fault
pump,3.06,20.72,59.31,0.66,2.4,184.63,impeller_damage,fault
pump,2.9,16.78,68.25,0.65,6.57,141.06,clogging,warning
pump,2.69,14.2,56.37,1.11,2.83,136.22,impeller_damage,warning
pump,3.83,11.88,90.32,0.17,0.04,28.56,dry_run,fault
pump,2.44,16.3,67.99,0.89,6.46,44.28,clogging,fault
pump,2.85,11.91,61.32,0.39,3.4,100.9,cavitation,fault
pump,1.81,25.86,73.14,0.72,4.73,107.61,clogging,fault
pump,2.05,15.75,57.15,1.19,4.07,240.39,bearing_failure,warning
pump,3.8,11.73,77.79,1.03,3.64,201.6,bearing_failure,fault
pump,2.26,15.81,74.23,0.9,6.52,42.47,clogging,fault
pump,3.84,11.55,61.4,1.14,3.58,219.83,bearing_failure,fault
pump,1.77,16.51,52.43,0.79,3.34,185.26,seal_leakage,warning
pump,2.38,16.12,43.93,1.06,3.53,180.69,bearing_failure,warning
pump,1.2,13.15,59.26,1.11,4.65,221.91,none,running
pump,4.03,15,56,1.19,1.92,154.85,impeller_damage,fault
pump,1.36,13.34,65.42,0.54,4.54,124.37,clogging,warning
pump,1.54,17.96,62.84,0.98,3.04,84.49,impeller_damage,warning
pump,1.17,8.26,84.21,0.47,0.67,65.82,dry_run,fault
pump,2.62,15.2,67.38,0.91,4.61,214.78,bearing_failure,warning
pump,0.9,12.65,50.33,0.92,3.97,203.5,none,running
pump,1.78,12.1,57.76,0.99,4.68,203.57,none,running
pump,2.57,12.51,68.37,0.72,1.74,98.06,impeller_damage,fault
pump,1.44,14.38,51.15,0.86,3.2,165.73,seal_leakage,running
pump,1.98,16.79,51.71,1.24,3.92,243.25,bearing_failure,warning
pump,1.49,13.13,62.43,0.91,2.89,218.32,seal_leakage,running
pump,3.44,15.84,55.57,1.04,3.58,250.14,bearing_failure,warning
pump,3.23,18.35,71.37,1.07,4.09,225.58,bearing_failure,warning
pump,3.18,17.48,58.85,1.1,4.29,233.08,bearing_failure,warning
pump,1.96,13.4,73.46,0.24,0.37,56.34,dry_run,fault
pump,4.41,18.7,56.72,0.64,3.6,165.72,cavitation,fault
pump,4.3,15.09,58.4,0.6,3.23,148.82,cavitation,fault
pump,1.56,13.91,66.5,0.82,4.03,236.2,bearing_failure,warning
pump,3.46,17.27,93.2,0.83,4.36,247.8,bearing_failure,fault
pump,2.36,9.08,79.55,0.2,0.38,37.52,dry_run,fault
pump,2.11,21.86,66.11,0.44,5.85,148.01,clogging,fault
pump,2.9,17.93,68.34,0.87,2.14,98.02,impeller_damage,warning
pump,1.98,10.78,59.25,1.07,2.6,145.19,seal_leakage,running
pump,1.55,16.2,58.94,0.81,2.6,120.78,seal_leakage,warning
pump,2.03,16.92,64.14,0.95,3.92,269.95,bearing_failure,warning
pump,5.1,14.47,59.79,0.38,2.09,131.53,cavitation,fault
pump,1.37,12.15,62.26,0.93,3.27,224.42,seal_leakage,running
pump,3.31,8.7,83.76,0.09,1.19,21.05,dry_run,fault
pump,2.21,12.48,78.91,0.96,5.47,59.52,clogging,fault
pump,2.39,13.07,58.33,0.99,2.89,178.85,seal_leakage,warning
pump,2.07,14.03,54.74,0.84,3.97,213.87,bearing_failure,warning
pump,2.85,15.06,71.61,0.67,5.71,146.86,clogging,warning
pump,1.53,18.91,60.99,0.51,6.25,74.93,clogging,fault
pump,2.6,12.87,65.57,0.29,1.73,53.65,dry_run,fault
pump,2.39,14.63,60.41,0.26,3.21,119.86,cavitation,fault
pump,0.95,13.86,53,0.98,2.03,134.24,seal_leakage,warning
pump,2.13,14.83,58.6,0.95,3.8,169.62,bearing_failure,warning
pump,3.3,15.34,65.16,1.01,4.5,209.66,bearing_failure,warning
pump,3.95,16.24,74.33,1.02,4,187.17,bearing_failure,fault
pump,2.98,15.68,61.28,1.07,2.19,130.4,impeller_damage,warning
pump,3.54,15.56,56.56,0.77,2.6,177.13,cavitation,fault
pump,2.5,21.9,70.18,0.47,6.38,58.79,clogging,fault
pump,2.1,12.02,53.13,0.9,3.37,180.52,seal_leakage,warning
pump,3.01,19.04,62.46,1.25,4.33,224.02,bearing_failure,warning
pump,1.24,10.23,57.37,0.93,3.81,205.22,none,running
pump,1.88,15.51,66.76,0.96,3.83,232.66,bearing_failure,warning
pump,2.15,11.53,67.74,0.79,2.59,167.83,impeller_damage,warning
pump,2.75,15.67,64.2,0.3,2.93,135.98,cavitation,fault
pump,3.52,12.3,57.07,1.01,2.26,123.07,impeller_damage,fault
pump,1.65,12.09,61.75,0.88,4.21,197.8,none,running
pump,3.42,16.53,66.34,1.03,2.28,186.02,impeller_damage,warning
pump,1.63,18.24,60.28,1.02,5.02,119,clogging,warning
pump,2.93,15.1,58.94,0.74,2.79,147.34,cavitation,warning
pump,1.89,13.64,50.29,1,3.14,193.82,seal_leakage,running
pump,5.03,13.8,91.32,0.24,1.44,46.61,dry_run,fault
pump,1.46,18.69,73.75,0.65,1.45,87.59,impeller_damage,fault
pump,3.51,20.85,69.76,0.67,6.1,69.16,clogging,fault
pump,1.76,16.41,61.5,0.65,6.54,97.63,clogging,warning
pump,1.98,13.7,62.27,1.03,1.61,80.52,impeller_damage,fault
pump,2.88,16.55,65.89,0.91,1.77,162.84,impeller_damage,fault
pump,2.85,13.98,58.17,0.77,3.2,144.07,impeller_damage,warning
pump,3.57,15.94,58.74,0.53,2.39,80.11,cavitation,fault
pump,3,14.37,53.5,0.59,2.47,78.81,cavitation,fault
pump,1.19,11.16,48.93,1.19,4.41,203.38,none,running
pump,1.59,14.05,56.15,1.01,4.18,193.71,bearing_failure,running
pump,3.15,14.09,60.91,0.92,4.63,197.98,bearing_failure,warning
pump,1.3,16.51,73.07,0.93,1.39,158.06,impeller_damage,fault
pump,1.16,13.66,61.32,1.1,4.24,201.93,none,running
pump,0.58,14.05,73.77,0.84,6.08,64.58,clogging,fault
pump,2,18.16,61.23,1.15,1.39,86.03,impeller_damage,fault
pump,0.95,16.21,63.14,0.71,5.75,150.1,clogging,warning
pump,0.8,20.85,66.59,0.8,4.77,81.01,clogging,fault
pump,4.1,14.61,89.47,1.06,3.93,221.66,bearing_failure,fault
pump,2.07,11.67,84.84,0.28,0.52,66.72,dry_run,fault
pump,2.44,15.48,58.66,1,3.05,118.44,impeller_damage,warning
pump,0.73,15.45,67.88,0.5,4.94,102.15,clogging,warning
pump,1.84,14.97,64.79,0.68,3.18,109.8,impeller_damage,warning
pump,3.04,15.19,87.43,0.18,0.54,20.38,dry_run,fault
pump,1.82,10.63,52.71,1.16,4.28,225.75,none,running
pump,3.2,11.79,66.64,0.94,3.08,153.27,clogging,warning
pump,1.37,16.45,54.03,1.06,3.88,266.27,none,warning
pump,1.43,13.99,61.5,1.01,5.16,131.84,clogging,running
pump,2.63,17.68,62.58,0.49,2.57,141.71,cavitation,fault
pump,1.86,9.43,57.62,0.95,4.45,180.6,none,running
pump,3.6,10.63,90.2,0,0.14,16.68,dry_run,fault
pump,2.86,18.83,57.77,1.17,2.95,113.02,impeller_damage,warning
pump,3.08,12.89,62.68,0.86,1.5,160.91,impeller_damage,fault
pump,2.87,20.43,74.17,1.04,2.91,102.24,impeller_damage,fault
pump,3.55,13.12,65.68,0.43,2.15,101.24,cavitation,fault
pump,1.86,10.47,52.77,0.9,2.51,184.62,seal_leakage,running
pump,3.5,10.42,76.1,0.43,0.58,53.39,dry_run,fault
pump,3.98,15.94,63.78,0.48,2.3,132.24,cavitation,fault
pump,3.56,14.46,64.21,1,4.14,184.58,bearing_failure,fault
pump,2.77,16.98,48.52,1.07,3.76,207.07,bearing_failure,warning
pump,1.46,17.45,55.8,1.08,1.8,153.92,impeller_damage,warning
pump,3.56,12.58,88.68,0.22,0.58,34.43,dry_run,fault
pump,2.49,14.82,61.74,0.87,3.91,212.27,bearing_failure,warning
pump,1.45,16.51,61.8,0.77,3.08,145.87,impeller_damage,warning
pump,1.29,11.15,54.71,1.16,4.31,190.91,none,running
pump,1.45,12.49,59.87,0.91,4.68,214.69,none,running
pump,2.45,15.04,75.1,0.26,1.39,0.68,dry_run,fault
pump,1.17,14.96,54.19,1.05,4.71,269.42,none,running
pump,2.28,17.19,83.52,1.02,4.14,188.96,bearing_failure,fault
pump,2.02,6.61,71.3,0.37,1.46,19.94,dry_run,fault
pump,1.94,17.05,67.11,0.7,5.85,100.1,clogging,warning
pump,1.86,13.27,59.89,1.17,3.75,141.99,seal_leakage,running
pump,3.88,12.92,56.69,0.46,3.62,161.46,cavitation,fault
pump,1.28,12.9,87.39,0,0.05,78.17,dry_run,fault
pump,3.74,16.06,86.28,0.98,4.05,221.65,bearing_failure,fault
pump,2.78,12.98,77.68,0.12,0.39,69.41,dry_run,fault
pump,1.25,14.93,51.51,0.88,3.66,255.31,none,running
pump,2.2,7.47,92.23,0.12,1.02,66.46,dry_run,fault
pump,2.82,10.7,65.77,0.42,1.58,30.49,dry_run,fault
pump,2.46,22.37,73.04,0.71,6.57,75.93,clogging,fault
pump,1.8,16.8,63.17,0.79,5.85,128.44,clogging,warning
pump,2.05,11.1,77.91,0.15,1.93,0,dry_run,fault
pump,1.66,22.85,75.36,0.93,4.5,40.84,clogging,fault
pump,2.02,11.66,56.19,0.91,2.92,182.26,seal_leakage,warning
pump,2.42,14.16,67.69,0.78,5.66,135.87,clogging,warning
pump,2.19,17.54,62.51,0.17,2.91,88.52,cavitation,fault
pump,2.1,14.46,68.91,0.87,3.73,180.87,bearing_failure,warning
pump,1.54,11.27,57.29,1.12,4.39,214.08,none,running
pump,1.53,11.25,57.15,1.08,4.26,213.94,none,running
pump,2.65,16.87,61.21,0.45,2.42,155.76,cavitation,fault
pump,2,13.94,60.2,0.33,3.66,84.2,cavitation,fault
pump,5.36,12.34,65.27,0.74,2.19,152.17,cavitation,fault
pump,3.45,16.82,77.95,0.93,4.04,224.03,bearing_failure,fault
pump,1.89,12.91,65.96,0.03,0.46,31.21,dry_run,fault
pump,1.79,12.69,58.58,1.18,4.69,204.16,none,running
pump,1.64,12.98,57.45,1.17,4.74,238.53,none,running
pump,3.45,15.67,81.95,0.95,3.79,235.8,bearing_failure,fault
pump,4.08,15.73,63.77,0.24,3.01,183.96,cavitation,fault
pump,0.77,12.31,56.3,0.84,3.3,162.52,seal_leakage,running
pump,3.27,20.3,63.3,1.01,2.86,138.7,impeller_damage,fault
pump,1.33,9.54,49.81,0.96,4.63,211.66,none,running
pump,2.05,16.33,61.62,1.16,2.28,146.4,impeller_damage,warning
pump,2.29,14.42,58.45,0.8,3.26,154.06,impeller_damage,warning
pump,1.35,11.31,48.41,1.2,4.04,186.18,none,running
pump,2.35,16.97,65.2,0.85,5.47,104.61,clogging,warning
pump,2.86,15.58,58.27,1.08,1.63,128.96,impeller_damage,fault
pump,1.33,14.23,68.1,0.48,5.73,135.52,clogging,fault
pump,1.76,9.67,48.89,0.92,3.46,211.6,seal_leakage,running
pump,3.73,13.82,78.18,1.01,3.46,238.78,bearing_failure,fault
pump,1.94,21.69,72.98,0.87,4.54,130.72,clogging,fault
pump,3.72,14.5,56.13,0.48,3.81,130.57,cavitation,fault
pump,2.89,13.11,64.03,1.03,2.84,152.38,impeller_damage,warning
pump,3.2,13.26,66.45,1.13,4.15,180.35,bearing_failure,warning
pump,2.59,17.18,75.29,0.3,4.95,146.56,clogging,fault
pump,2.64,15.3,63.93,1.25,3.71,230.75,bearing_failure,warning
pump,2.46,14.22,52.52,0.96,3.1,168.71,seal_leakage,warning
pump,1.94,20.37,62.51,0.46,6.27,50.22,clogging,fault
pump,2.19,18.79,74.86,0.57,5.71,133.53,clogging,warning
pump,5.54,15.49,61.23,0.7,3,164.42,cavitation,fault
pump,1.01,22.25,59.5,0.65,6.69,108.25,clogging,fault
pump,1.41,9.3,53.73,1.3,4.1,197.87,none,running
pump,4.75,12.13,66.81,0.57,2.74,178.38,cavitation,fault
pump,1.91,19.91,66.72,0.37,5.9,93.11,clogging,fault
pump,3.71,18.77,51.47,0.74,3.79,186.11,cavitation,fault
pump,2.23,18.52,73.16,0.62,6.36,146.54,clogging,warning
pump,3.11,13.89,55.65,1.03,1.39,184.89,impeller_damage,fault
pump,2.22,17.72,41.94,1.14,3.88,228.63,bearing_failure,warning
pump,2.48,9.44,88.78,0,1.5,44.3,dry_run,fault
pump,1.54,13.98,65.22,0.41,4.64,65.18,clogging,fault
pump,2.51,11.78,56.96,1.17,2.44,144.36,seal_leakage,warning
pump,1.34,11.9,57.74,1.17,4.11,195.23,none,running
pump,2.64,13.76,68.99,0.02,1.72,77.2,dry_run,fault
pump,4.35,11.26,88.75,0.13,0.86,54.75,dry_run,fault
pump,1.4,17.22,47.1,0.99,3.85,231.54,bearing_failure,warning
pump,1.97,16.46,73.49,0.62,6.69,82.77,clogging,warning
pump,2.14,11.81,65.95,1.19,1.55,79.33,impeller_damage,fault
pump,2.96,16.94,67.31,0.8,3.98,227.94,seal_leakage,warning
pump,3.56,7.37,85.65,0,1.01,0,dry_run,fault
pump,2.53,17.16,73.16,0.78,6.61,55.05,clogging,fault
pump,4.39,10.84,72.28,0.04,1.19,10.04,seal_leakage,fault
pump,1.72,11.32,57.22,1.02,3.98,238.97,none,running
pump,0.97,11.29,62.14,1.1,3.49,167.67,seal_leakage,running
pump,2.45,10.44,56.85,1.21,3.08,166.6,seal_leakage,warning
pump,1.24,9.28,52.38,0.99,4.79,196.54,none,running
pump,0.95,11.71,48.59,1.07,4.56,235.07,none,running
pump,1.36,17.64,40.95,1.06,4.37,199.71,bearing_failure,warning
pump,3.4,16.78,65.36,0.32,3.21,157.98,cavitation,fault
pump,1.24,14.58,59.15,1.14,2.65,201.68,seal_leakage,running
pump,2.09,14.87,75.78,0.94,3.84,227.09,bearing_failure,fault
pump,2.29,14.9,78.9,0.96,3.67,230.93,bearing_failure,fault
pump,1.58,10.08,63.48,0.84,3.45,143.74,seal_leakage,running
pump,0.89,12.16,56.82,1.3,4.18,241.17,none,running
pump,1.31,12.52,58.81,1.15,4.21,205.62,none,running
pump,2.39,13.19,58.92,0.19,2.42,128.25,cavitation,fault
pump,4.21,8.91,84.65,0.14,1.29,60.63,dry_run,fault
pump,1.79,17,75.3,0.79,6.26,88.72,clogging,fault
pump,3.37,13.93,81.68,1.04,3.9,172.43,bearing_failure,fault
pump,3.15,12.14,63.25,0.3,2.66,147.9,cavitation,fault
pump,3.14,12.15,88.98,0.3,1.23,12.13,dry_run,fault
pump,1.91,12.54,54.23,0.46,3.1,168.88,cavitation,fault
pump,2.56,18.27,58.68,0.95,3.07,69.62,impeller_damage,fault
pump,2.61,20.26,65.98,0.28,5.52,132.45,clogging,fault
pump,1.7,13.56,59.95,0.97,2.69,107.76,impeller_damage,warning
pump,0.9,10.14,51.55,1.08,3.47,191.25,seal_leakage,running
pump,2.43,21.52,71.63,0.61,6.69,87.3,clogging,fault
pump,2.34,11.3,68.59,0.77,1.63,161.71,impeller_damage,fault
pump,3.05,18.15,57.99,0.19,3.18,131.22,cavitation,fault
pump,3.93,11.33,88.47,0.19,0.55,21.36,dry_run,fault
pump,1.59,12.53,53.24,0.86,3.47,136.68,seal_leakage,running
pump,1.89,12.58,52.15,0.9,2.7,171.66,seal_leakage,running
pump,1.35,16.52,75.59,0.37,6.45,139.65,clogging,fault
pump,2.25,11.2,51.24,1.07,3.61,187.04,seal_leakage,warning
pump,1.45,15.08,53.38,0.98,3.62,202.29,seal_leakage,running
pump,4.14,14.12,66.83,0.87,3.62,215.86,bearing_failure,fault
pump,3.57,11.11,65.3,0.25,2,91.08,cavitation,fault
pump,1.38,11.19,55.54,1.09,4.09,193.59,none,running
pump,1.86,16.05,53.35,1.11,1.6,104.44,impeller_damage,fault
pump,1.56,14.07,67.7,1.13,2.5,146.22,impeller_damage,warning
pump,1.79,13.03,57.67,1.14,2.59,131.36,impeller_damage,running
pump,1.48,13.6,53.78,1.23,4.41,175.65,none,running
pump,1.18,12.02,57.64,1.19,3.97,208.5,none,running
pump,2.04,13.06,63.62,0.78,2.71,127.39,seal_leakage,warning
pump,1.5,11.46,57.04,0.89,4.02,162.84,none,running
pump,1.61,12.99,72.27,0.96,2.09,104.78,impeller_damage,warning
pump,2.51,14.26,69.51,1.05,3.87,160.61,bearing_failure,warning
pump,2.54,10.49,92.89,0.36,1.62,0,dry_run,fault
pump,1.94,15.39,71.51,0.75,6.09,63.66,clogging,fault
pump,2.49,12.8,63.66,1.01,1.56,84.15,impeller_damage,fault
pump,1.59,13.49,54.31,1.03,4.41,221.3,none,running
pump,1.85,11.22,59.41,0.25,3.32,90.81,cavitation,fault
pump,2.78,21.11,64.05,0.77,4.45,60.64,clogging,fault
pump,0.81,13.78,53.52,0.92,2.35,193.99,seal_leakage,warning
pump,1.75,17.87,55.23,1.09,2.66,140.64,impeller_damage,warning
pump,1.31,12.84,56.39,1.09,3.86,277.69,none,running
pump,2.87,17.19,81.34,1.12,4.36,198.16,bearing_failure,fault
pump,3.5,11.94,71.97,0.82,3.9,210.37,bearing_failure,warning
pump,2.58,20.18,79.14,0.69,4.32,127.03,clogging,fault
pump,1.6,16.73,56.73,1.01,1.84,123.66,impeller_damage,warning
pump,1.52,17.49,76.24,0.69,4.51,111.15,clogging,fault
pump,1.22,10.55,50.8,1.16,4.1,212.31,none,running
pump,1.55,10.32,62.42,0.94,3.73,159.81,seal_leakage,running
pump,2.06,12.4,61.02,0.93,2.33,187.76,seal_leakage,warning
pump,2.09,16.88,62.12,0.8,6.37,122.94,clogging,warning
pump,3.19,16.14,64.51,1.07,2.01,190.16,impeller_damage,warning
pump,2.51,24.18,67.57,0.89,6.86,131.96,clogging,fault
pump,1.32,10.65,57.79,1.25,4.09,211.96,none,running
pump,4.65,15.28,64.73,0.77,3.65,96.15,cavitation,fault
pump,2.77,13.07,65.34,0.62,3.56,164.08,cavitation,warning
pump,1.41,13.1,52.79,0.95,3.03,127.58,seal_leakage,running
pump,4.12,11.57,77.58,0.39,1.23,12.16,dry_run,fault
pump,1.92,13.84,48.15,1.2,3.74,204.44,bearing_failure,running
pump,1.11,15.29,63.53,0.6,4.49,140.85,clogging,warning
pump,1.35,19.19,56.33,1,2.71,95.3,impeller_damage,warning
pump,1.71,13.32,46.97,1.03,3.61,185.51,none,running
pump,3.02,14.37,74.96,1.16,4.19,223.23,bearing_failure,warning
pump,2.49,14.14,57.99,0.92,2.55,98.45,impeller_damage,warning
pump,1.91,19.8,66.67,0.59,4.31,87.67,clogging,warning
pump,3.7,13.26,82.49,0.94,3.74,225.16,bearing_failure,fault
pump,1.82,17.29,66.33,0.62,2.38,137.25,impeller_damage,warning
pump,2.89,11.32,61.58,0.81,2.17,146.82,impeller_damage,warning
pump,3.15,14.82,68.71,0.96,1.86,118.26,impeller_damage,warning
pump,1.68,14.21,64.86,0.84,3.78,190.91,bearing_failure,running
pump,1.12,12.85,63.6,0.57,4.83,99.25,clogging,warning
pump,3.9,12.05,65.92,0.51,2.56,93.68,cavitation,fault
pump,2.46,13.98,55.24,1.19,3.35,148.02,seal_leakage,warning
pump,4.02,15.52,61.06,0.73,2.3,110.66,cavitation,fault
pump,1.93,11.57,67.24,0.66,5.6,108.11,clogging,warning
pump,2.18,15.82,58.22,1.04,2.23,145.27,seal_leakage,warning
pump,2.25,13.81,55.43,0.61,2.67,87.92,cavitation,warning
pump,1.1,11.36,51.5,1.16,4.03,230.4,none,running
pump,3.1,15.25,64.38,0.97,4.31,193.94,bearing_failure,warning
pump,2.22,11.7,31.46,1.01,3.65,188.71,bearing_failure,warning
pump,1.64,14.42,58.69,0.75,6.13,86.8,clogging,warning
pump,1.3,13.52,54.49,1.19,4.27,244.19,none,running
pump,4.48,15.27,55.57,0.71,2.1,133.76,cavitation,fault
pump,3.25,10.63,85.69,0.93,4.69,178.95,bearing_failure,fault
pump,1.88,16.24,65.82,0.67,2.5,90.69,cavitation,warning
pump,1.49,11.13,53.33,1.1,4.86,209.56,none,running
pump,1.02,12.52,56.75,1.31,3.6,217.84,seal_leakage,running
pump,4.08,11.86,73.69,0.15,0,63.39,dry_run,fault
pump,1.6,17.65,61.01,0.85,2.53,82.36,impeller_damage,warning
pump,2.28,11.68,42.65,1.06,4.28,184.49,bearing_failure,warning
pump,2.27,14.37,64.3,0.15,3.1,139.07,cavitation,fault
pump,1.43,16.87,51.64,1,3.56,220.03,bearing_failure,warning
pump,1.86,10.4,62.88,0.91,4.29,107.17,clogging,warning
pump,3.28,19.05,63.45,0.22,3.18,161.86,cavitation,fault
pump,4.21,14.39,80.32,0.41,0.86,34.96,dry_run,fault
pump,1.66,12.72,52.33,0.93,4,213.38,none,running
pump,4.32,13.48,51.09,0.51,3,161.03,cavitation,fault
pump,1.82,13.57,72.26,0.17,1.27,0,dry_run,fault
pump,1.82,18.67,73.18,0.95,4.71,143.38,clogging,warning
pump,2.94,14.7,55.38,0.18,2.96,133.14,cavitation,fault
pump,4.13,15.58,65.59,0.82,2.3,135.33,cavitation,fault
pump,4.33,15.33,67.07,0.41,2.22,126.8,cavitation,fault
pump,1.2,16.38,66.04,0.63,6.03,129.45,clogging,warning
pump,1.54,9.86,55.29,1.21,4.48,206.26,none,running
pump,2.52,11.16,71.16,0.52,0.4,54.28,dry_run,fault
pump,3.16,19.6,64.91,0.93,6.58,87.32,clogging,warning
pump,1.39,12.87,58.17,0.86,2.43,179.85,seal_leakage,warning
pump,2.12,20.13,76.12,0.88,5.32,35.32,clogging,fault
pump,1.75,12.95,52.25,0.97,3.03,177.46,seal_leakage,running
pump,2.45,19.06,70.78,1.15,2.01,176.19,impeller_damage,warning
pump,1.54,12.76,50.04,1.12,4.28,251.8,none,running
pump,3.29,11.8,68.8,0.16,0.24,76.76,dry_run,fault
pump,3.65,13.62,82.91,0.15,1.08,79.67,dry_run,fault
pump,3.73,17.69,56.71,0.31,3.71,173.75,cavitation,fault
pump,1.57,16.69,70.24,0.74,2.28,137.69,impeller_damage,warning
pump,1.24,12.4,60.36,0.9,3.53,138.48,seal_leakage,running
pump,2.88,13.91,62.59,0.27,2.59,170.4,cavitation,fault
pump,1.3,19.72,69.86,0.4,5.95,143.17,clogging,fault
pump,2.98,17.5,58.09,0.52,3.63,153.84,cavitation,warning
pump,1.28,14.44,55.26,1.11,3.79,281.85,none,running
pump,3.12,16.1,58.91,0.53,2.85,189.75,cavitation,warning
pump,1.94,14.42,49.52,0.99,3.14,144.29,seal_leakage,running
pump,1.59,13.22,68.21,0.92,3.03,193.36,impeller_damage,warning
pump,2.4,16.9,58.43,0.63,2.57,114.34,cavitation,warning
pump,1.16,12.27,69.62,0.43,1.77,3.21,dry_run,fault
pump,3.17,24.5,65.85,0.8,5.9,113.94,clogging,fault
pump,0.93,12.44,51.24,1.04,4.72,238.06,none,running
pump,1.34,25.91,59.6,0.59,5.61,119.62,clogging,fault
pump,1.6,17.39,65.98,0.96,6.39,73.59,clogging,fault
pump,2.85,15.93,54.65,0.38,2.94,170.44,cavitation,fault
pump,0.92,12.1,53.82,1.17,3.69,221.98,none,running
pump,5.23,16.01,62.68,0.38,2.98,153.73,cavitation,fault
pump,1.46,13.18,64.21,0.88,2.81,156.16,seal_leakage,running
pump,1.7,11.87,55.63,0.92,3.03,159.66,seal_leakage,running
pump,2.79,16.28,69.26,1.07,4.42,246.33,bearing_failure,warning
pump,1.79,12.66,53.11,1.13,2.47,158.48,seal_leakage,warning
pump,1.64,11.66,50.46,0.92,2.39,189.07,seal_leakage,warning
pump,3,20.28,61.18,1.05,6.45,50.87,clogging,fault
pump,1.16,12.34,50.57,0.91,4.52,186.68,none,running
pump,1.79,14.23,56.57,1.2,3.1,125,seal_leakage,running
pump,1.32,13.91,51.38,0.98,4.44,225.19,none,running
pump,1.27,11.75,60.09,0.99,4.8,190.78,none,running
pump,2.63,20.2,63.81,0.86,2.62,151.91,impeller_damage,fault
pump,1.66,15.07,58.54,0.98,5.57,155.6,clogging,running
pump,1.39,13.47,48.39,1.13,4.33,255.03,none,running
pump,1.51,14.38,55.83,0.95,3.93,220.01,none,running
pump,1.82,16.42,62.34,0.71,4.94,130.17,clogging,warning
pump,1.91,12.28,57.56,1.08,3.83,193.82,none,running
pump,2.53,18.57,74.5,1.06,4.4,242.29,bearing_failure,warning
pump,1.07,12.47,56.58,0.92,2.35,139.26,seal_leakage,warning
pump,1.19,9.62,52.1,0.84,4.66,166.52,none,running
pump,1.93,21.4,62.72,1.03,4.55,56.58,clogging,fault
pump,4.12,16.4,60.86,0.79,2.99,68.92,impeller_damage,fault
pump,3.66,14.31,58.7,0.45,2.25,99.15,cavitation,fault
pump,1.64,16.29,63.98,1.17,4.71,226.09,none,warning
pump,0.78,13.66,53.56,0.52,2.33,116.77,cavitation,warning
pump,1.5,13.38,59.46,1.21,3.55,211.16,none,running
pump,1.07,19.25,71.78,0.96,5.98,68.95,clogging,fault
pump,3.53,10.75,89.92,0.16,0.62,48.78,dry_run,fault
pump,2.22,14.42,57.16,0.75,3.65,91.69,cavitation,warning
pump,1.62,13.46,61.48,0.8,1.82,96.79,bearing_failure,warning
pump,2.16,18.61,59.83,0.59,2.66,191.69,cavitation,warning
pump,2.02,16.28,69.71,0.95,1.58,91.47,impeller_damage,fault
pump,3.3,14.94,64.51,1.08,3.45,220.46,bearing_failure,warning
pump,3.67,13.73,55.51,0.8,2.97,149.56,cavitation,fault
pump,1.69,22.62,62.48,0.73,5.58,46.43,clogging,fault
pump,1.86,17.9,62.68,1.22,4.02,250.72,bearing_failure,warning
pump,3.2,12.09,55.01,0.83,1.74,123.67,impeller_damage,fault
pump,2.35,14.86,90.73,0.25,0.37,106.6,dry_run,fault
pump,3.21,12.95,70.39,0.64,1.38,73.93,impeller_damage,fault
pump,2.43,18.08,73.86,0.95,4.97,143.94,clogging,warning
pump,2.84,12.52,62.69,0.69,2.18,115.88,cavitation,warning
pump,2.81,10.88,72.22,0.14,0.13,64.25,dry_run,fault
pump,3.42,17.41,52.21,0.58,2.74,168.22,cavitation,warning
pump,1.78,12.88,46.31,0.93,3.82,195.81,bearing_failure,running
pump,1.19,9.53,56.54,0.99,3.94,176.46,none,running
pump,1.41,14.06,51.68,0.96,3.81,199.21,none,running
pump,2.81,13.1,89.26,0.05,0.7,43.39,dry_run,fault
pump,2.97,12.56,64.98,1,2.36,134.47,impeller_damage,warning
pump,3.18,20.97,76.61,0.55,6.5,97.77,clogging,fault
pump,1.63,9.23,58.96,1.09,3.77,196.04,none,running
pump,1.45,9.51,51.64,1.13,3.89,217.1,none,running
pump,2.74,12.75,76.1,0,0.74,36.97,dry_run,fault
pump,1.69,12.18,53.72,1.17,4.65,196.41,none,running
pump,1.72,12.55,50.51,0.92,2.39,167.24,seal_leakage,warning
pump,1.68,17.79,69.31,0.31,2.51,127.28,cavitation,fault
pump,1.6,9.05,61.14,1.17,3.89,205.65,none,running
pump,1.66,16.1,52.09,1.06,4.13,194.55,bearing_failure,warning
pump,2.79,13.11,55.22,0.69,1.68,90.53,impeller_damage,fault
pump,2.6,14.55,65.36,1.21,4,245.65,bearing_failure,warning
pump,2.04,13.8,72.03,0.79,3.14,129.99,impeller_damage,warning
pump,1.86,16.12,57.86,1.18,3.89,252.9,bearing_failure,warning
pump,1.33,13.57,57.54,1.2,3.76,241.46,none,running
pump,3.67,13.96,66.3,0.42,3.4,114.73,cavitation,fault
pump,1.92,16.29,74.74,0.71,6.03,155.51,clogging,warning
pump,3.04,11.7,54.98,0.75,3.61,134.12,cavitation,warning
pump,1.56,13.22,68.06,0.87,1.93,80.3,impeller_damage,warning
pump,0.89,16.58,58.68,0.83,5.1,164.93,clogging,warning
pump,3.46,15.3,68.28,0.85,4.15,169.67,bearing_failure,warning
pump,1.63,19.06,50.15,1.01,3.82,259.71,bearing_failure,warning
pump,1.58,16.46,52.63,0.61,2.36,165.12,cavitation,warning
pump,2.39,12.82,52.55,0.93,2.57,140.45,seal_leakage,warning
pump,4,15.4,54.29,0.39,2.52,170.5,cavitation,fault
pump,2.2,15.71,67.52,0.89,2.2,148.09,impeller_damage,warning
pump,1.81,15.06,60.56,1.11,2.24,172,seal_leakage,warning
pump,4.52,12.55,90.59,0.3,0.26,29.74,dry_run,fault
pump,1.75,12.85,51.14,0.94,4.5,202.37,none,running
pump,1.52,12.31,52.88,0.83,2.62,181.19,seal_leakage,running
pump,0.46,15.58,59.29,1.19,4.67,262.58,none,running
pump,1.55,11.49,54.65,1.12,3.95,190.39,none,running
pump,1.58,13.5,71.71,0.36,0.33,55.59,dry_run,fault
pump,1.72,11.65,53.85,0.96,2.79,191.93,seal_leakage,running
pump,1.47,13.19,60,1.05,3.35,140.79,seal_leakage,running
pump,1.76,10.17,62.77,0.98,3.09,146.67,seal_leakage,running
pump,2.08,21.35,66.44,0.46,5.11,134.56,clogging,fault
pump,1.79,15.69,60.94,0.31,4.24,87.52,clogging,fault
pump,1.03,18.34,51.54,0.57,2.34,83.78,cavitation,warning
pump,3.7,8.02,68.14,0.1,1.57,11.68,dry_run,fault
pump,1.25,12.98,64.07,0.99,2.24,195.96,impeller_damage,warning
pump,1.19,26.28,64.96,0.98,5.39,78.18,clogging,fault
pump,1.29,13.18,55.03,0.94,3.53,144.54,seal_leakage,running
pump,0.81,14.41,66.26,0.96,1.93,142.83,impeller_damage,warning
pump,1.61,12.79,61.15,1.05,3.28,202.11,seal_leakage,running
pump,1.94,10.6,55.28,1.19,2.33,124.29,seal_leakage,warning
pump,3.38,13.3,60.54,0.3,2.88,142.33,cavitation,fault
pump,1.19,12.51,54.49,0.81,1.98,143.07,seal_leakage,warning
pump,1.88,20.13,61.77,0.57,5.78,131.48,clogging,fault
pump,2,17.25,57.01,0.75,1.97,87.85,impeller_damage,warning
pump,1.31,17.57,64.16,0.93,1.69,159.16,impeller_damage,fault
pump,2.26,15.88,73.1,0.49,5.85,131.17,clogging,fault
pump,1.25,16.49,60.06,1.02,2.33,179.34,impeller_damage,warning
pump,3.14,11.44,60.29,0.74,3.41,121.91,cavitation,warning
pump,1.33,10.99,53.5,0.87,2.46,177.38,seal_leakage,warning
pump,1.04,11.95,57.48,0.94,2.6,161.43,bearing_failure,running
pump,1.85,11.86,60.68,1.16,2.46,174.68,seal_leakage,warning
pump,2.76,17.26,56.59,0.21,2.82,144.46,cavitation,fault
pump,2.27,13.27,62.97,0.62,3.24,131.86,cavitation,warning
pump,5.07,13.4,58.3,0.66,2.47,135.03,cavitation,fault
pump,2.85,14.66,54.86,0.64,2.62,154.17,cavitation,warning
pump,2.06,16.8,68.76,0.73,1.69,80.67,impeller_damage,fault
pump,0.88,13.41,74.38,0.9,6.04,67.55,clogging,fault
pump,1.63,11.13,54.54,1.22,4.17,212.6,none,running
pump,1.72,12.95,54.37,1.06,3.48,211.18,seal_leakage,running
pump,4.89,13.4,59.33,0.75,2.06,99.74,cavitation,fault
pump,2.13,13.7,65.56,1.15,2.4,116.5,impeller_damage,warning
pump,4.62,11.13,76.66,0.36,0.69,67.79,dry_run,fault
pump,1.99,16.98,66.55,0.9,1.98,203.1,impeller_damage,warning
pump,2.26,11.69,51.34,1.05,3.65,164.13,seal_leakage,warning
pump,1.47,14.73,59.99,1.13,3.41,167.1,seal_leakage,running
pump,1.71,16.98,61.39,0.96,2.08,75.43,impeller_damage,fault
pump,2.12,13.56,62.37,0.47,6.31,93.38,clogging,fault
pump,3.79,12.9,56.68,0.55,2.73,99.99,cavitation,fault
pump,1.68,26.19,72.59,0.74,5.49,144.1,clogging,fault
pump,3.27,17.44,75.2,1.07,4.1,226.89,bearing_failure,fault
pump,2.56,8.49,76.41,0.31,1,34.19,dry_run,fault
pump,2.77,16.98,65.93,1.18,4.49,240.59,bearing_failure,warning
pump,1.71,14.04,61.53,1.16,3.88,246.94,bearing_failure,running
pump,4.13,18.16,91.2,1.09,4.22,220.75,bearing_failure,fault
pump,3.08,12.84,74.3,0.9,4.51,206.5,bearing_failure,warning
pump,1.01,17.42,36.69,1.13,3.43,213.27,bearing_failure,warning
pump,1.74,11.11,58.08,0.96,4.47,221.38,none,running
pump,2.86,14.73,69.82,0.87,1.49,103.27,impeller_damage,fault
pump,2.1,18.07,78.89,0.65,4.29,58.31,clogging,fault
pump,3.21,14.53,61.91,0.94,4.37,204.29,bearing_failure,warning
pump,2.51,17.69,72.85,0.76,2.32,121.81,impeller_damage,warning
pump,1.27,14.3,57.05,1.22,4.6,207.57,none,running
pump,2.22,14.59,68.42,0.35,1.57,54.32,dry_run,fault
pump,2.09,14.54,67,0.92,6.35,133.98,clogging,warning
pump,4.39,14.46,62.83,0.83,3.25,166.92,cavitation,fault
pump,1.82,15.68,57.22,0.86,3,119.22,impeller_damage,warning
pump,2.51,13.13,55.1,0.74,1.85,94.7,impeller_damage,warning
pump,1.21,13.81,62.16,0.63,5.79,52.28,clogging,fault
pump,1.37,14.77,60.66,0.98,3.04,169.06,seal_leakage,running
pump,2.25,17.41,59.59,0.98,1.9,152.77,impeller_damage,warning
pump,3.55,17.73,59.59,1.04,2.29,121.42,impeller_damage,fault
pump,1.83,12.97,60.79,1.08,3.32,159.07,seal_leakage,running
pump,1.31,12.52,55.31,0.93,4.39,181.82,none,running
pump,1.18,13.64,47.29,1.19,4.37,246.75,none,running
pump,2.07,20.85,77.93,0.49,6.18,132.67,clogging,fault
pump,0.96,15.84,50,0.99,2.49,180.03,seal_leakage,warning
pump,4.62,12.08,56.08,0.72,2.18,140.97,cavitation,fault
pump,1.61,14.48,50.17,1.17,3.93,210.16,none,running
pump,2.27,13.45,78.48,0.92,4.48,168.87,bearing_failure,fault
pump,1.61,16.75,47.67,1.04,4.08,228.52,bearing_failure,warning
pump,1.68,17.35,63.54,0.65,3.07,112.2,impeller_damage,warning
pump,3.64,16.87,73.87,1.05,4.32,198.48,bearing_failure,fault
pump,1.58,15.89,68.03,0.82,1.61,132.14,impeller_damage,fault
pump,2.05,13.68,56.72,1.13,3.62,144.9,seal_leakage,warning
pump,1.73,13.42,51.56,1.23,2.58,131.84,seal_leakage,running
pump,1.24,14.57,64.07,1.15,3.39,188.86,seal_leakage,running
pump,3.46,9.32,69.05,0.23,0.95,50.66,dry_run,fault
pump,2.7,15.4,65.38,0.67,2.68,140.16,cavitation,warning
pump,1.78,18.76,60.62,0.41,5.08,59.11,clogging,fault
pump,3.88,8.76,81.28,0.43,0.89,84.06,dry_run,fault
pump,2.98,19.9,71.21,1.04,5.31,84.22,clogging,warning
pump,3.25,9.26,72,0.21,1.06,45.56,dry_run,fault
pump,3.9,18,66.05,0.29,3.52,124.85,cavitation,fault
pump,1.9,12.28,52.33,0.93,3.18,128.72,impeller_damage,running
pump,1.92,19.84,64.19,0.85,2.84,104,impeller_damage,warning
pump,1.57,14.96,54.95,0.88,1.45,102.55,impeller_damage,fault
pump,3.78,10.53,76.75,0.42,0.3,61.73,dry_run,fault
pump,1.82,18.32,62.35,0.42,5.2,114.55,clogging,fault
pump,2.16,12.83,56.56,0.42,3.33,123.59,cavitation,fault
pump,2.17,16.62,59.06,0.77,1.48,171.53,impeller_damage,fault
pump,1.24,10.98,60.58,1.04,3.03,191.5,seal_leakage,running
pump,2.56,11.57,67.52,0.26,1.67,15.19,dry_run,fault
pump,3.04,16.53,64.63,1.18,3.91,229.01,bearing_failure,warning
pump,3.09,15.31,69.43,0.7,2.13,75.5,impeller_damage,fault
pump,3.08,14.44,65.11,0.92,4.3,195.93,bearing_failure,warning
pump,2.99,18.6,69.33,0.43,6.39,141.06,clogging,fault
pump,2.97,15.15,93.45,0.17,0,2.8,dry_run,fault
pump,1.6,12.31,52.89,0.95,4.4,231.69,none,running
pump,2.93,6.35,70.99,0.31,1.37,56.89,dry_run,fault
pump,1.49,16.16,61.75,1.02,1.17,145.38,impeller_damage,fault
pump,4.57,16,53.63,0.37,3.31,155.67,cavitation,fault
pump,1.93,21.5,74.43,0.8,5.21,122.41,clogging,fault
pump,1.05,12.93,56.22,1.02,4.18,210.23,none,running
pump,1.42,15,51.62,1.12,2.6,182.98,seal_leakage,running
pump,3.88,13.67,68.86,1.11,3.8,181.8,bearing_failure,fault
pump,2.54,18.02,72.06,0.97,5.58,119.74,clogging,warning
pump,2.38,12.86,64.45,1.18,3.5,209.43,seal_leakage,warning
pump,1.66,24.24,61.13,0.46,5.53,156.59,clogging,fault
pump,0.57,13.04,54.17,1.05,2.95,197.44,seal_leakage,running
pump,3.59,14.71,66.11,0.53,3.7,169.36,impeller_damage,fault
pump,5.28,11.78,63.87,0.84,2.58,136.74,cavitation,fault
pump,2.7,12.82,88.66,0.23,0.35,0.35,dry_run,fault
pump,2.51,12.3,56.11,0.29,2.52,120.17,cavitation,fault
pump,2.48,15.42,62.93,0.97,5.38,124.21,clogging,warning
pump,2.61,18.26,71.97,0.72,6.19,75.45,clogging,fault
pump,2.03,8.68,76.49,0.38,1.42,75.87,dry_run,fault
pump,0.93,11.93,45.38,1.01,4.12,211.93,none,running
pump,4.13,9.02,83.61,0.17,0,37.36,dry_run,fault
pump,1.31,13.11,58.35,1.2,3.65,294.38,none,running
pump,2.86,15.19,58.41,1.13,1.47,85.58,impeller_damage,fault
pump,2.02,24.77,60.63,0.66,4.66,87.67,clogging,fault
pump,2.3,7.32,85.72,0.44,0.71,62.68,dry_run,fault
pump,1.64,11.93,67.63,0.41,0.27,17.45,dry_run,fault
pump,3.65,15.05,79.85,0.32,0.16,32.88,dry_run,fault
pump,2.26,16.43,54.4,0.96,1.8,166.13,impeller_damage,warning
pump,2.58,17.71,48.62,1,4.42,260.67,bearing_failure,warning
pump,2.51,13.92,89.72,0.32,0.84,15.4,dry_run,fault
pump,4.15,11.29,94.22,0,0.62,91.47,dry_run,fault
pump,2.57,21.72,66.12,0.78,5.24,88.22,clogging,fault
pump,3.91,13.83,73.65,1.07,3.86,180.48,bearing_failure,fault
pump,2.66,17.36,62.44,0.38,6.52,35.8,clogging,fault
pump,2.17,12.07,69.2,0.26,0.84,51.19,dry_run,fault
pump,2.99,17.68,55.39,0.36,2.82,85.74,cavitation,fault
pump,1.74,13.76,71.45,1.1,3.55,201.34,bearing_failure,warning
pump,2.53,23.44,75.14,0.84,5.83,158.01,clogging,fault
pump,2.04,22.63,64.34,0.81,6.74,94.44,clogging,fault
pump,1.67,10.55,58.4,1.23,4.65,174.39,none,running
pump,2.11,14.21,61.18,0.84,5.73,65.62,clogging,fault
pump,1.37,15.06,53.31,1.07,2.46,177.38,seal_leakage,warning
pump,1.68,13.35,52.02,0.95,4.19,235.69,none,running
pump,1.12,12.2,90.06,0.27,0.1,89.47,dry_run,fault
pump,3.68,9.13,84.73,0.28,0.13,59.68,dry_run,fault
pump,1.02,15.23,68.8,0.85,1.84,154.9,impeller_damage,warning
pump,2.11,13.3,67.09,0.45,1.01,36.42,dry_run,fault
pump,2.68,18.85,76.07,0.87,4.99,125.73,clogging,fault
pump,1.7,14.55,50.43,0.9,3.92,222.66,bearing_failure,running
pump,5.57,10.76,54.09,0.79,3.68,130.42,cavitation,fault
pump,1.63,20.08,64.33,0.73,5.17,147.5,clogging,fault
pump,1.32,9.67,57.4,0.88,2.3,182.27,seal_leakage,warning
pump,2.18,13.21,82.15,0.38,0.9,35.47,dry_run,fault
pump,3.85,18.97,88.2,1.01,3.71,263.73,bearing_failure,fault
pump,2.07,14.23,55.94,0.79,3.76,178.32,seal_leakage,warning
pump,2.57,18.25,69.46,0.85,2.47,147.97,impeller_damage,warning
pump,1.9,12.12,57.98,0.94,3.68,195.33,seal_leakage,running
pump,1.65,12.4,59.59,1.08,4.37,200.16,none,running
pump,1.25,21.11,75.05,0.92,4.3,113.08,clogging,fault
pump,2.13,12.35,55.16,0.71,2.98,115.91,cavitation,warning
pump,2.7,16.16,60.76,0.38,2.15,162.31,cavitation,fault
pump,1.44,10.9,52.81,1.04,2.71,176.33,seal_leakage,running
pump,1.48,11.83,49.4,1.11,3.7,212.98,none,running
pump,3.68,13.18,56.84,0.88,3.74,149.82,cavitation,fault
pump,1.73,11.44,62.65,0.9,2.25,163.27,seal_leakage,warning
pump,1.33,15.4,32.16,0.99,3.48,183.11,bearing_failure,running
pump,1.56,17.84,60.71,0.46,5.75,132.52,clogging,fault
pump,1.29,7.05,74.71,0.22,0.83,0,dry_run,fault
pump,1.77,11.47,56.66,1.15,3.71,174.8,seal_leakage,running
pump,1.56,10.72,57.16,1.16,4.35,230.78,none,running
pump,2.58,10.1,75.85,0.32,1.53,61.02,dry_run,fault
pump,1.52,15.1,53.37,0.87,4.21,258.51,none,running
pump,3.48,12.61,67.36,0.79,3.42,161.62,bearing_failure,warning
pump,2.37,11.14,62.17,1.18,2.69,159.03,seal_leakage,warning
pump,2.31,15.5,70,0.76,5.29,84.44,clogging,warning
pump,3.56,17.24,59.56,0.73,2.03,191.54,impeller_damage,fault
pump,1.64,16.86,57.35,0.73,2,88.99,cavitation,warning
pump,2.53,10.25,93.43,0.32,0.57,21.79,dry_run,fault
pump,0.81,15.02,52.04,1.25,4.12,256.26,none,running
pump,0.79,13.48,84.05,0.12,0.83,13.51,dry_run,fault
pump,2.88,14.17,64.15,0.84,4,230.56,bearing_failure,warning
pump,2.02,19.41,73.4,0.49,4.73,89.52,clogging,fault
pump,1.78,12.48,55.52,1.17,3.99,181.86,none,running
pump,2.44,11.97,49.43,1.15,3.11,156.68,seal_leakage,warning
pump,1.63,11.52,57.45,1.09,4.6,216.29,none,running
pump,1.39,9.82,50.41,1.15,3.86,195.4,none,running
pump,1.26,11.59,56.22,0.93,3.69,248.97,none,running
pump,1.24,12.58,58.69,0.99,4.09,258.37,none,running
pump,3.32,15.82,53.2,0.65,2.8,201.95,cavitation,warning
pump,2.99,17.16,66.04,0.92,1.71,120.68,impeller_damage,fault
pump,2.68,10.49,94.65,0.04,1.55,20.06,dry_run,fault
pump,2.67,15.49,51.14,1.25,2.6,212.65,seal_leakage,warning
pump,1.87,13.88,53.53,0.85,3.84,129.59,cavitation,running
pump,1.41,11.01,65.4,1.14,3.75,246.11,none,warning
pump,1.25,13.24,55.88,1.2,4.13,256.03,none,running
pump,1.7,15.8,52.07,0.99,4.73,220.18,none,running
pump,1.63,13.56,52.43,1.1,3.68,217.34,none,running
pump,1.03,14.42,55.85,1.15,4.17,246.52,none,running
pump,2.4,15.5,59.23,1.07,2.39,139.72,impeller_damage,warning
pump,4.04,16.31,60.13,0.82,3.08,162.58,cavitation,fault
pump,3.25,22.33,73.58,0.46,6.59,84.47,clogging,fault
pump,2.67,6.73,91.41,0.35,0.55,53.91,dry_run,fault
pump,2.12,20.72,68.4,0.76,6.19,69.88,dry_run,fault
pump,1.3,14.82,55.5,1.28,3.89,234.43,none,running
pump,2.13,14.01,56.13,0.76,3.57,109.54,cavitation,warning
pump,1.6,19.24,55.47,0.81,5.05,99.41,clogging,warning
pump,2.95,15.02,65.07,0.92,3.07,82.83,impeller_damage,warning
pump,2.28,14.31,64.2,0.92,4.16,264.48,bearing_failure,warning
pump,2.52,17.23,55.3,0.23,2.66,181.29,cavitation,fault
pump,1.3,11.84,68.44,0.85,2.73,83.4,impeller_damage,warning
pump,1.76,15.28,50.97,0.95,4.11,224.01,none,running
pump,1.81,23.42,73.89,0.87,4.72,83.7,clogging,fault
pump,0.86,16.04,52.58,0.85,2.23,157.07,seal_leakage,warning
pump,1.49,13.73,62.24,0.91,2.41,177.45,seal_leakage,warning
pump,3.04,11.68,88.74,0,0.32,26.61,dry_run,fault
pump,2.5,11.85,58.87,0.64,2.64,141.4,cavitation,warning
pump,1.14,13.13,58.57,1.14,4.62,241.73,none,running
pump,2.09,13.19,56.62,0.9,3.61,207.07,bearing_failure,warning
pump,3.22,15.39,64.48,1,4.05,191.71,bearing_failure,warning
pump,1.97,17.92,65.17,1.08,2.87,152.71,impeller_damage,warning
pump,1.57,14.56,54.28,0.98,2.76,193.23,seal_leakage,running
pump,2.06,12.73,59.88,0.91,3.63,186.4,bearing_failure,warning
pump,4.42,14.84,90.38,0.29,0.85,26.84,dry_run,fault
pump,2.47,15.48,64.17,0.75,2.77,88.38,impeller_damage,warning
pump,1.51,14.25,57.36,1.19,3.95,267.68,none,running
pump,0.91,15.75,64.12,0.99,3.37,189.31,seal_leakage,running
pump,0.92,12.79,48.83,1.14,4.5,230.06,none,running
pump,1.8,16.14,67.31,0.77,2.94,126.67,cavitation,warning
pump,2.12,16.84,51.47,0.39,2.98,117.61,cavitation,fault
pump,1.57,14.72,70.8,0.89,2.32,132.14,impeller_damage,warning
pump,1.83,16.62,66.85,1.01,2.2,104.15,impeller_damage,warning
pump,1.77,16,51.21,0.93,3.85,233.15,bearing_failure,running
pump,2.14,12.76,57.04,0.94,2.31,119.75,seal_leakage,warning
pump,1.44,13.19,55.3,1.21,4.47,264.43,none,running
pump,1.41,15.88,49.83,1.19,4.38,248.24,none,running
pump,2.49,16.96,76.15,0.22,0.1,9.72,dry_run,fault
pump,1.2,13.45,53.26,0.92,4.4,243.41,none,running
pump,1.93,11.32,49.63,0.96,3.95,177.1,none,running
pump,3.46,13.85,92.19,0.23,1.65,70.78,dry_run,fault
pump,4.02,13.16,57.46,0.42,2.46,108.02,cavitation,fault
pump,1.27,14.28,51.93,0.94,4.72,269.78,none,running
pump,1.68,12.93,57.99,0.57,3.46,153.49,cavitation,warning
pump,1.95,13.47,58.04,1.15,3.91,252.75,none,running
pump,4.53,16.62,61.15,0.54,2.29,103.18,cavitation,fault
pump,3.74,9.15,83.23,0.43,1.77,57.25,dry_run,fault
pump,4.35,8.54,92.9,0.39,0.81,17.44,dry_run,fault
pump,4.77,12.84,72.42,0.33,0.8,51.07,bearing_failure,fault
pump,2.31,13.82,60.54,0.85,5.07,147.88,clogging,warning
pump,2.57,16.05,64.06,0.66,1.41,91.94,impeller_damage,fault
pump,2.39,14.81,67.68,0.34,0.17,5.39,dry_run,fault
pump,1.26,21.86,59.82,0.72,5.31,48.93,clogging,fault
pump,1.29,9.83,55.86,1.06,4.49,194.17,none,running
pump,2.52,13.92,76.06,0.98,4.37,207.97,bearing_failure,fault
pump,1.4,19.34,72.88,1,6.64,158.44,clogging,warning
pump,1.74,16.64,64.12,0.96,4.56,214.96,bearing_failure,warning
pump,1.47,14.06,67.65,0.51,5.85,88.97,clogging,warning
pump,1.18,15.73,53.3,1.03,4.35,257.7,none,running
pump,1.34,14.2,48.76,1.03,4.67,223.13,none,running
pump,1.13,11.65,51.68,1.15,4.71,232.99,none,running
pump,2.97,15.19,61.01,0.44,4.54,82,clogging,fault
pump,4.05,12.8,68.52,0.55,2.8,135.81,cavitation,fault
pump,2.65,10.87,68.16,0.51,0.57,97.1,dry_run,fault
pump,1.35,12.77,51.91,1.15,4.7,244.93,none,running
pump,1.5,11.27,55.65,1.25,3.76,245.54,none,running
pump,3.53,15.15,82.82,0.75,6.41,54.02,clogging,fault
pump,2.21,14.79,67.67,0.82,3.79,177.88,bearing_failure,warning
pump,4.02,13.79,62.98,1.08,4.03,172.9,bearing_failure,fault
pump,2.44,15.72,70.47,1.08,1.41,80.95,impeller_damage,fault
pump,2.18,12.09,63.2,0.95,3.64,185.88,seal_leakage,warning
pump,2.41,10.93,86.58,0.25,0.42,24.42,dry_run,fault
pump,3.19,9.27,81.98,0,0.33,72.67,dry_run,fault
pump,4,13.63,81.32,1.1,3.52,218.27,bearing_failure,fault
pump,1.14,10.23,50.49,0.9,4.57,218.75,none,running
pump,5.55,15.21,57.53,0.42,3.31,146,cavitation,fault
pump,1.15,14.33,50.54,0.99,4.56,230.83,none,running
pump,1.2,15.37,56.75,1.11,3.31,175.64,impeller_damage,running
pump,2.28,11.94,60.61,1.04,1.56,93.43,impeller_damage,fault
pump,2.38,12.85,84.51,0.49,1.29,28.36,dry_run,fault
pump,2.17,22.6,65.4,0.52,6.55,86.14,clogging,fault
pump,3.74,13.58,88.18,1.01,3.99,181.91,bearing_failure,fault
pump,2.39,13.5,74.42,0.86,3.72,198.26,bearing_failure,warning
pump,1.39,16.04,51.5,0.39,3.24,171,cavitation,fault
pump,1.68,13.19,54.83,0.94,4.14,176.73,bearing_failure,running
pump,2.77,18.89,62.93,0.91,2.7,105.73,impeller_damage,warning
pump,0.89,20.84,72.29,0.41,4.46,92.18,clogging,fault
pump,1.48,13.99,54.44,0.98,4.5,201.94,none,running
pump,1.74,11.26,54.15,0.88,1.75,124.2,impeller_damage,fault
pump,0.5,13.83,50,1.14,3.78,192.78,seal_leakage,running
pump,0.98,14.72,50.12,0.88,2.88,210.35,seal_leakage,running
pump,3.31,12.5,51.07,0.82,3.03,121.12,cavitation,warning
pump,2.62,19.49,65.33,0.39,2.8,131.36,cavitation,fault
pump,2.89,19.28,73.18,0.52,5.71,49.42,clogging,fault
pump,1.3,11.39,53.24,0.82,3.28,145.47,seal_leakage,running
pump,2.2,14.36,58.06,0.93,3.38,199.77,bearing_failure,warning
pump,3.51,14.92,79.14,1.05,4.54,172.42,bearing_failure,fault
pump,2.8,17.58,55.11,0.36,2.43,80.22,cavitation,fault
pump,2.82,21.29,58.07,0.97,4.45,123.9,clogging,fault
pump,3.61,10.54,81.88,0.09,0.47,42.94,dry_run,fault
pump,1.29,15.48,52.93,0.93,1.96,145.23,impeller_damage,warning
pump,1.84,13.9,59.93,0.8,3.14,170.39,seal_leakage,running
pump,1.33,11.89,54.84,1.15,4.11,190.59,none,running
pump,2.9,9.67,76.27,0.19,1.23,66.04,dry_run,fault
pump,3.24,15.16,64.35,1,4.47,219.2,bearing_failure,warning
pump,2.68,9.48,85.59,0.36,1.59,13.86,dry_run,fault
pump,4.29,8.51,71.1,0.26,0.67,24.28,dry_run,fault
pump,2.72,14.35,62.55,0.85,1.67,97.75,impeller_damage,fault
pump,0.38,14.31,57.25,1.04,2.38,167.18,seal_leakage,warning
pump,1.97,11.36,78.31,0,0.21,9.99,dry_run,fault
pump,1.82,16.39,67.65,0.64,3.01,70.95,impeller_damage,fault
pump,3.09,12.15,68.78,0.14,3.55,104.01,cavitation,fault
pump,3.34,15.84,64.77,0.57,3.75,119.07,cavitation,warning
pump,1.09,15.4,53.17,1.12,3.38,195.37,seal_leakage,running
pump,1.34,19.57,37.72,0.98,3.79,246.1,bearing_failure,warning
pump,3.72,12.88,55.54,0.41,2.39,177.65,cavitation,fault
pump,1.42,13.85,69.37,0.05,0.5,64.87,dry_run,fault
pump,2.02,16.61,58.4,1.13,3.67,223.04,bearing_failure,warning
pump,2.69,12.66,64.52,0.13,2.98,189.62,cavitation,fault
pump,1.68,13.7,52.87,1.15,2.16,177.59,seal_leakage,warning
pump,1.55,22.72,72.14,0.63,5.05,115.63,clogging,fault
pump,1.98,16.17,39.26,1.01,3.67,208.35,bearing_failure,warning
pump,1.43,12.65,59.31,0.84,3.53,167.25,seal_leakage,running
pump,2.76,8.59,80.27,0.17,1.38,68.13,dry_run,fault
pump,4.14,14.23,83.64,1.1,3.73,198.6,bearing_failure,fault
pump,2.33,12.47,43.59,1.06,4.03,173.01,bearing_failure,warning
pump,2.84,15.09,92.88,0.27,0.96,24.39,dry_run,fault
pump,2.2,25.73,76.74,0.65,6.44,165.59,clogging,fault
pump,2.8,16.88,82.04,1.04,3.93,231.43,bearing_failure,fault
pump,4.03,10.93,61.7,0.82,3.06,139.76,cavitation,fault
pump,2.39,19.93,64.51,0.39,6.29,70.21,clogging,fault
pump,1.72,13.06,80.63,0.53,0.25,31.26,dry_run,fault
pump,1.66,15.27,52.99,1.04,4.17,237.02,none,running
pump,1.12,18.04,58.44,1.15,4.01,195.81,bearing_failure,warning
pump,3.23,8.86,88.83,0.1,0.22,55.61,dry_run,fault
pump,1.88,16.88,77.5,1.08,3.88,228.06,bearing_failure,fault
pump,3.17,14.49,64.36,1.04,3.96,185.14,bearing_failure,warning
pump,1.61,12.28,54.83,0.83,3.36,195.1,seal_leakage,running
pump,4.32,10.74,92.03,0.14,1.2,26.36,dry_run,fault
pump,3.29,6.68,65.58,0,1.14,45.41,dry_run,fault
pump,2.63,18.99,83.91,0.93,4.03,269.12,bearing_failure,fault
pump,3.62,14.65,56.05,0.66,3.11,143.42,cavitation,fault
pump,3.46,12.55,57.57,0.67,2.91,136.87,cavitation,warning
pump,1.68,15.72,69.51,1.05,3.35,203.26,bearing_failure,warning
pump,2.99,13.96,60.07,0.9,1.56,86.14,impeller_damage,fault
pump,2.06,15.94,64.08,0.65,4.77,90.69,clogging,warning
pump,1.58,12.32,50.43,0.96,4.01,205.11,none,running
pump,2.42,15.56,60.58,0.76,3.59,123.39,cavitation,warning
pump,1.76,15.27,68.61,0.43,4.79,100.05,clogging,fault
pump,1.87,12.12,57.56,1.02,4.03,166.86,none,running
pump,2,11.72,87.75,0.21,1.63,24.23,dry_run,fault
pump,1.98,19.33,76.45,0.89,3.59,276.69,bearing_failure,fault
pump,2.33,11.63,70.81,0.4,1.49,7.47,dry_run,fault
pump,2.12,17.39,68.22,1.18,3.08,122.56,impeller_damage,warning
pump,2.64,16.5,69.5,1.02,1.6,125.48,impeller_damage,fault
pump,3.45,12.73,93.41,0.37,1.69,31.07,dry_run,fault
pump,1.66,13.51,48.98,1.09,4.47,247.51,none,running
pump,1.45,16.78,56.57,0.78,2.06,175.78,cavitation,warning
pump,2.97,12.17,80.55,1.01,3.76,179.78,bearing_failure,fault
pump,2.29,11.92,66.85,0.76,2.15,120.11,impeller_damage,warning
pump,1.2,14.81,58.14,1.23,4.62,253.21,none,running
pump,3.55,17.14,59.99,0.94,1.51,135.58,impeller_damage,fault
pump,3.29,11.31,95,1.13,3.77,208.41,bearing_failure,fault
pump,2.98,10.17,90.95,0.39,1.77,13.75,dry_run,fault
pump,1.27,12.7,52.77,0.98,3.88,190.68,none,running
pump,4.11,11.39,57.95,0.66,3.2,170.93,cavitation,fault
pump,1.42,13.92,69.86,1.11,3.34,69.67,impeller_damage,fault
pump,1.79,11.13,59.87,0.93,3.41,194.69,seal_leakage,running
pump,2.61,15,56.89,0.96,3.17,213.27,seal_leakage,warning
pump,5.3,16.57,60.95,0.61,2.57,176.87,cavitation,fault
pump,1.75,10.5,52.42,1.11,2.7,197.55,seal_leakage,running
pump,2.07,17.1,57.28,1.12,2.41,180.38,impeller_damage,warning
pump,1.62,14.2,68.63,0.79,2.61,169.96,impeller_damage,warning
pump,1.34,11.88,57.09,0.93,3.05,193.88,seal_leakage,running
pump,1.18,9.61,57.3,1.11,3.69,169.18,none,running
pump,3.23,19.39,59.43,0.46,2.1,124.9,cavitation,fault
pump,2.15,21.82,64.41,0.88,5.15,139.61,clogging,fault
pump,1.25,12.84,54.51,1.08,3.74,201.62,none,running
pump,1.71,8.27,86.62,0.26,1.29,41.79,dry_run,fault
pump,3.14,14.89,61.74,1.2,1.98,167.5,impeller_damage,warning
pump,2.89,10.63,86.15,0.15,1.93,12.1,dry_run,fault
pump,2.57,16.14,70.28,0.68,5.29,99.12,dry_run,warning
pump,3.84,12.03,66.16,0.54,3.64,147.59,cavitation,fault
pump,1.64,15.6,69.1,0.85,1.84,162.33,impeller_damage,warning
pump,1.16,15.09,54.06,1.1,4.18,244.37,none,running
pump,4.01,10.9,64.38,0.19,1.41,26.33,dry_run,fault
pump,1.39,11.82,59.13,0.76,2.25,213.74,seal_leakage,warning
pump,2.92,12.61,55.8,0.34,2.38,142.64,cavitation,fault
pump,3.73,17.01,82.71,1.12,4.36,249.35,bearing_failure,fault
pump,2.27,13.46,82.07,0.05,0,39.08,dry_run,fault
pump,1.17,10.24,50.92,1.24,4.36,189.69,none,running
pump,2,11.02,64.46,0.83,2.48,138.62,impeller_damage,warning
pump,3.25,14.65,60.38,1.01,2.71,117.49,impeller_damage,warning
pump,2.21,26.03,73.64,0.49,5.76,137.54,clogging,fault
pump,3.45,17.16,67.76,0.43,2.88,179.19,cavitation,fault
pump,1.87,14.63,54.61,0.84,3.41,176.84,seal_leakage,running
pump,1.97,15.9,54.7,0.22,2.99,125.68,cavitation,fault
pump,1.96,14.03,61.21,0.95,4.38,191.07,bearing_failure,running
pump,2.45,12.52,60.49,1.11,2.46,121.89,impeller_damage,warning
pump,3.03,18.2,65.3,1.15,2.66,130.98,impeller_damage,warning
pump,2.07,14.02,62.01,1.19,2.49,182.06,seal_leakage,warning
pump,1.97,11.82,84.97,0.46,1.01,35.66,dry_run,fault
pump,3,12.33,62.97,0.59,3.65,80.79,cavitation,warning
pump,1.21,12.27,58.11,0.89,4.41,221.8,none,running
pump,2.78,11.58,61.78,1.04,3.77,167.65,seal_leakage,warning
pump,2.73,10.11,75.09,0.4,0.97,0,dry_run,fault
pump,3.42,17.25,61.76,1.13,3.47,232.65,bearing_failure,warning
pump,0.91,13.74,51.28,0.96,2.83,205.11,seal_leakage,running
pump,1.25,14.38,40.4,1.24,3.89,182.61,bearing_failure,running
pump,4.46,13.64,61.77,0.63,2.09,157.67,cavitation,fault
pump,2.47,13.25,50.84,0.9,2.42,190.47,seal_leakage,warning
pump,3.39,11.56,62.02,0.45,2.12,144.52,cavitation,fault
pump,4,13.2,54.01,0.69,3.28,116.85,cavitation,fault
pump,2.09,13.64,58.22,1.16,3.26,185.99,seal_leakage,warning
pump,3.64,15.84,57.22,0.99,3.35,92.4,impeller_damage,fault
pump,3.41,10.79,79,0.88,4.51,158.89,bearing_failure,fault
pump,1.87,11.46,66.05,0.49,2.85,135.28,cavitation,fault
pump,3.39,7.37,76.61,0.2,0.12,14.29,dry_run,fault
pump,1.32,10.65,57.1,0.8,2.45,132.77,seal_leakage,warning
pump,1.84,13.37,68.57,0.87,4.26,242.67,bearing_failure,warning
pump,1.56,17.67,77.22,0.99,4.87,125.98,clogging,fault
pump,4.19,16.43,82.07,1.11,3.96,199.5,bearing_failure,fault
pump,0.99,12.28,63.32,0.93,3.17,168.11,seal_leakage,running
pump,1.95,13.35,61.81,0.59,3.35,87.08,cavitation,warning
pump,4.44,14.08,71.62,0.18,1.29,25.99,dry_run,fault
pump,2.71,8.9,84.01,0.42,0.64,78.17,dry_run,fault
pump,1.51,13.69,49.85,1.12,4.69,221.87,none,running
pump,2.14,17.39,52.25,0.85,1.53,178.42,impeller_damage,fault
pump,1.36,12.23,61.15,0.99,4.11,195.31,none,running
pump,3.42,17.74,61.59,1.04,2.16,118.93,impeller_damage,warning
pump,2.89,13.15,65.55,0.97,3.02,158.32,impeller_damage,warning
pump,2.82,16.06,68.64,0.39,3.23,180.54,cavitation,fault
pump,1.77,12.73,60.17,1.05,3.54,195.99,seal_leakage,running
pump,1.93,13.25,60.96,0.95,3.2,199.91,seal_leakage,running
pump,5.15,12.29,55.54,0.57,3.71,149.63,cavitation,fault
pump,1.52,10.33,53.35,1.05,4,224.68,none,running
pump,3.94,10.03,78.12,0.2,1.35,46.51,dry_run,fault
pump,1.59,14.52,61.76,0.9,2.88,215.5,seal_leakage,running
pump,1.23,12.94,59.33,0.5,3.83,112.14,cavitation,warning
pump,4.55,11.78,67.4,0.27,0.5,35.34,dry_run,fault
pump,2.15,14.51,71.19,1.02,6.4,111.71,clogging,warning
pump,1.54,12.22,53.56,0.88,3.76,185.85,none,running
pump,3.17,13.88,67.52,0.25,2.27,86.39,cavitation,fault
pump,3.03,13.34,56.73,0.93,4.29,195.89,bearing_failure,warning
pump,1.83,14.62,63.24,0.75,1.52,126.78,impeller_damage,fault
pump,1.49,17.3,49.71,1.09,4.28,204.05,bearing_failure,warning
pump,1.96,14.98,64.15,0.9,1.55,88.6,impeller_damage,fault
pump,1.48,15.1,67.21,0.69,2.93,190.73,impeller_damage,warning
pump,2.8,9.37,84.92,0.06,0.97,12.67,dry_run,fault
pump,3.1,17.23,73.44,0.57,6.75,69.74,clogging,fault
pump,1.18,13.25,68.22,0.51,6.02,104.72,clogging,warning
pump,1.09,11.38,87.67,0.27,0.01,39.64,dry_run,fault
pump,3.53,13.48,52.85,0.6,2.94,110.42,cavitation,fault
pump,1.23,14.47,60.86,0.93,2.03,84.56,impeller_damage,warning
pump,2.72,21.51,70.73,0.51,6.32,97,clogging,fault
pump,3.35,11.19,71.16,0.16,0.63,8.64,dry_run,fault
pump,3.38,15.17,73.86,1.03,3.94,248,bearing_failure,warning
pump,1.43,12.94,53.45,1.16,3.61,199.8,seal_leakage,running
pump,1.69,13.23,55.42,1.13,4.03,267.13,none,running
pump,1.8,18.8,68.82,0.93,1.58,169.07,impeller_damage,fault
pump,0.87,13.75,40.41,1.18,3.76,174.72,bearing_failure,running
pump,2.1,22.71,61.99,0.84,5.24,126.73,clogging,fault
pump,2.25,10.91,86.17,0.06,0,51.73,dry_run,fault
pump,2,19.82,66.03,0.92,2.35,79.5,impeller_damage,fault
pump,1.45,13.44,70.78,0.38,0.21,52.74,dry_run,fault
pump,2.07,24.26,72.28,0.77,6.16,121.12,clogging,fault
pump,4.19,14.48,64.34,0.42,3.81,165.41,cavitation,fault
pump,1.17,11,57.25,0.98,3.93,199.49,none,running
pump,2.36,24.95,61.49,0.9,6.46,98.88,clogging,fault
pump,1.52,14.41,56.62,1.14,4.1,196,none,running
pump,3.69,19.17,85.74,1.11,4.3,254.94,bearing_failure,fault
pump,2.21,25.18,62.52,0.97,4.86,68.69,clogging,fault
pump,1.78,13.99,57.54,1.2,4.26,176.93,none,running
pump,1.35,15.97,59.07,1.25,4.48,226.37,none,running
pump,1.35,17.93,79.74,0.79,5.56,114.8,clogging,fault
pump,2.57,16.26,74.39,1.16,3.42,260.9,bearing_failure,warning
pump,5.91,13.82,67.74,0.36,3.39,94.88,cavitation,fault
pump,2.18,13.68,82.31,0.94,3.38,201.06,bearing_failure,fault
pump,4.23,8.3,81.2,0.15,1.8,73.41,dry_run,fault
pump,1.49,18.95,67.69,0.86,4.84,109.14,clogging,warning
pump,2.42,16.23,68.56,0.76,2.32,144.97,cavitation,warning
pump,1.78,13.75,56.3,1.18,4.05,264.87,none,running
pump,1.11,16,65.04,0.57,5.82,69.64,clogging,fault
pump,0.75,14.6,73.18,0.8,2.1,119.33,impeller_damage,warning
pump,2.14,15.97,57.11,0.87,3.5,150.34,seal_leakage,warning
pump,2.87,15.29,87.5,1.03,4,187.01,bearing_failure,fault
pump,1.7,20.66,68.74,0.53,6.61,139.81,clogging,fault
pump,0.82,13.68,62.16,1.37,4.4,256.26,none,running
pump,1.14,14.26,55.44,0.97,4.2,269.83,none,running
pump,3.57,18.37,76.5,0.96,4.22,262.09,bearing_failure,fault
pump,0.94,11.35,70.27,0.92,1.94,168.54,impeller_damage,warning
pump,1.42,10.34,53.86,1.1,4.02,210.36,none,running
pump,1.15,13.59,66.35,0.82,3.05,108.76,impeller_damage,warning
pump,1.49,14.03,58.56,0.18,2.22,177.08,cavitation,fault
pump,2.12,16.53,64.82,0.72,2.36,156.24,impeller_damage,warning
pump,2.21,14.67,59.48,0.95,2.93,127.18,cavitation,warning
pump,2.93,14.92,67.73,0.91,2.53,118.77,impeller_damage,warning
pump,4.14,9.41,69.92,0.05,0.61,5.22,dry_run,fault
pump,1.87,12.99,59.61,0.91,3.63,175.8,seal_leakage,running
pump,2.3,19.48,57.86,0.83,2.44,184.97,impeller_damage,warning
pump,1.08,13.14,54.53,1.15,3.72,229.06,none,running
pump,4.46,19.11,63.89,0.71,4.4,308.12,bearing_failure,fault
pump,1.45,17.82,68.91,1.15,1.97,119.12,impeller_damage,warning
pump,2.19,15.4,71.75,0.99,1.52,161.69,impeller_damage,fault
pump,3.47,12.56,64.13,0.78,2.2,143.18,impeller_damage,warning
pump,1.43,9.91,71.03,0.15,1.95,20.35,dry_run,fault
pump,5.22,12.13,76.12,0.47,0.49,70.9,dry_run,fault
pump,3.4,11.61,55.59,0.24,1.97,162.03,cavitation,fault
pump,2.44,15.98,66.24,0.9,4.08,189.48,bearing_failure,warning
pump,2.6,8.6,61.06,0.4,1.21,79.22,dry_run,fault
pump,3.73,11.45,82.37,1.08,3.86,194.62,bearing_failure,fault
pump,1.54,26.29,71.33,0.78,4.96,106.97,clogging,fault
pump,2.84,16.08,56.82,0.81,3.1,157.63,impeller_damage,warning
pump,3.4,14.21,57.11,0.17,3.27,90.14,cavitation,fault
pump,1.86,12.36,52.18,1.06,3.64,162.38,seal_leakage,running
pump,1.55,13.94,57.14,1.03,2.16,217.54,seal_leakage,warning
pump,2.84,12.57,72.31,0.94,4.5,191.27,bearing_failure,warning
pump,1.93,15.81,77.08,1.1,3.76,173.14,bearing_failure,fault
pump,2.23,14.97,53.47,0.32,2.95,119.81,cavitation,fault
pump,2.76,17.33,51.91,0.65,2.63,162.84,cavitation,warning
pump,4.3,12.71,62.62,0.42,3.53,154.54,bearing_failure,fault
pump,0.69,13.09,63.41,0.87,3.42,170.18,seal_leakage,running
pump,2.39,16.57,80.03,0.91,4.14,198.89,bearing_failure,fault
pump,2.16,17.66,58.27,1.05,2.04,175.1,impeller_damage,warning
pump,2.23,10.87,93.73,0.23,0.24,24.26,dry_run,fault
pump,1.53,11.64,52.02,1.07,3.34,121.42,seal_leakage,running
pump,2.95,11.39,88.3,0.29,0.53,15.54,dry_run,fault
pump,1.89,20.42,65.63,0.52,5.82,42.85,clogging,fault
pump,3.56,17.73,70.51,1.04,4.01,242.48,bearing_failure,fault
pump,1.77,14.51,61.13,1.04,2.91,169.24,seal_leakage,running
pump,1.83,16.91,56.53,0.81,3.35,189.65,seal_leakage,warning
pump,4.8,13.46,70.86,0,0.31,35.83,dry_run,fault
pump,2.01,15.57,61.14,0.47,5.95,86.82,clogging,fault
pump,1.63,9.23,49.76,1.15,4.19,180.36,none,running
pump,1.44,15.42,50.33,1.12,4.14,242.8,none,running
pump,1.06,10.26,48.54,0.96,3.71,186.82,none,running
pump,3.33,17.33,64.26,0.7,6.58,86.99,clogging,warning
pump,2.15,21.42,65.78,0.58,6.03,162.72,clogging,fault
pump,3.63,15.68,58.11,0.74,2.48,195.86,impeller_damage,fault
pump,1.6,14.42,53.94,1.03,4.13,234.45,none,running
pump,3.42,12.99,68.81,0.89,2.96,69.28,impeller_damage,fault
pump,4.23,12.21,78.35,0.15,1.51,56.6,dry_run,fault
pump,3.97,11.67,57.39,0.44,2.23,189.96,cavitation,fault
pump,0.73,14.97,59.57,0.98,3.39,193.19,seal_leakage,running
pump,2.35,15.01,79.97,0.1,0.82,47.92,dry_run,fault
pump,1.82,16.85,59.05,1.04,5.53,107.96,clogging,warning
pump,2.25,17.24,67.26,0.75,2.21,94.02,impeller_damage,warning
pump,1.15,13.15,50.11,1.05,4.51,187.78,none,running
pump,2.88,14.37,82.79,0.44,0.15,49.84,dry_run,fault
pump,1.98,16.23,76.4,0.33,6.54,106.5,clogging,fault
pump,3.73,16.6,79.04,0,0.86,13.27,dry_run,fault
pump,1.42,18.14,76.63,1,4.57,96.21,clogging,fault
pump,3.24,15.13,56.74,0.71,2.96,143.57,cavitation,warning
pump,2.42,11.13,51.94,0.91,2.82,193.92,seal_leakage,warning
pump,2.93,15.02,64.8,0.99,4.34,203.83,bearing_failure,warning
pump,2.17,12.32,61.51,0.97,1.98,145.62,impeller_damage,warning
pump,3.37,13.72,62.57,0.81,2.27,160.39,cavitation,warning
pump,1.34,13.23,52.31,0.98,3.98,241.24,none,running
pump,2.15,9.6,85.21,0.39,0.26,12.56,dry_run,fault
pump,2.44,16.62,69.09,1.08,3.87,201.58,bearing_failure,warning
pump,3.42,9.22,78.93,0.13,1.43,66.58,dry_run,fault
pump,1.99,11.74,52.46,1.23,3.05,161.87,seal_leakage,running
pump,1.36,10.54,61.19,0.86,2.77,165.41,seal_leakage,running
pump,1.35,11.15,63.84,0.77,2.75,149.77,seal_leakage,warning
pump,1.86,20.12,66.74,0.42,4.66,133.46,clogging,fault
pump,2.22,13.95,62.28,0.94,1.98,192.94,impeller_damage,warning
pump,1.65,16.97,53.99,0.8,1.82,76.72,impeller_damage,fault
pump,3.37,8.84,93.41,0.39,1.38,62.62,dry_run,fault
pump,3.1,13.96,56.84,0.77,3.32,77.25,cavitation,fault
pump,1.34,11.95,53.36,1.03,3.93,204.62,none,running
pump,2.75,10.41,65.49,1.11,1.77,143.29,impeller_damage,fault
pump,1.73,20.63,69.42,0.52,5.28,145.62,clogging,fault
pump,3.34,13.48,70,1.01,4.34,214.24,bearing_failure,warning
pump,4.21,13.06,56.57,0.47,2.52,126.82,cavitation,fault
pump,2.47,13.93,69.6,1.02,4.47,180.88,bearing_failure,warning
pump,5.54,18.03,55.48,0.17,3.09,160.52,cavitation,fault
pump,1.5,14.15,56.34,0.9,2.87,150.92,seal_leakage,running
pump,1.59,11.6,57.75,1.25,2.46,99.16,impeller_damage,warning
pump,2.72,9.74,72.09,0.13,0.15,21.75,dry_run,fault
pump,1.43,12.57,52.3,1.21,3.85,249.93,none,running
pump,0.96,12.04,53.62,0.93,4.58,231.81,none,running
pump,0.78,24.58,60.67,0.4,6.53,64.68,clogging,fault
pump,2.06,19.15,61.98,0.69,2.29,91.2,impeller_damage,warning
pump,1.1,11.84,57.93,0.97,4.73,217.8,none,running
pump,0.81,13.1,56.33,0.78,2.16,161.66,cavitation,warning
pump,1.2,10.58,70.4,0.99,1.77,132.17,impeller_damage,fault
pump,1.76,16.39,75.71,0.48,6.03,114.79,clogging,fault
pump,2.62,19,60.51,0.65,6.67,83.49,clogging,warning
pump,1.46,14.18,60.94,1.12,2.67,174.69,seal_leakage,running
pump,2.8,16,70.99,1.04,3.98,177.46,bearing_failure,warning
pump,5.45,12.5,61.18,0.53,3.27,138.22,cavitation,fault
pump,1.65,10.71,54,1.02,3.75,190.63,none,running
pump,2.22,13.49,68.66,0.82,3.22,176.82,impeller_damage,warning
pump,1.67,17.29,63,0.98,1.48,85.35,impeller_damage,fault
pump,2.84,18.09,61,1.04,4.14,241.55,bearing_failure,warning
pump,1.44,13.63,59.11,0.8,1.48,181.89,impeller_damage,fault
pump,1.17,14.19,70.72,1.07,2.7,162.1,impeller_damage,warning
pump,3.06,12.3,73.64,0.32,0.14,34.75,dry_run,fault
pump,1.37,12.26,55.78,0.9,4.3,223.55,none,running
pump,1.42,12.1,54.83,1.04,3.61,179.21,none,running
pump,3.41,22.31,77.26,0.65,6.11,159.4,clogging,fault
pump,1.1,13.98,58.33,1.01,2.89,163.87,impeller_damage,running
pump,1.35,15.1,62.73,0.8,2.59,138.85,impeller_damage,running
pump,3.12,15.5,61.18,0.94,2.78,107.86,impeller_damage,warning
pump,1.86,16.08,61.59,1.21,3.29,120.84,seal_leakage,warning
pump,2.46,17.82,63.75,0.53,5.51,116.9,clogging,warning
pump,2.55,14.19,62.6,0.32,3.14,126.93,cavitation,fault
pump,2.45,19.91,58.85,1.13,2.33,167.77,seal_leakage,warning
pump,1.23,13.37,61.51,0.85,2.98,155.62,seal_leakage,running
pump,2.13,15.28,57.26,0.94,3.44,152.29,seal_leakage,warning
pump,1.46,14.4,48,0.93,3.8,165.96,bearing_failure,running
pump,1.18,10.22,47.73,1.27,4.48,242.22,none,running
pump,1.59,13.6,48.62,0.96,3.3,180.04,seal_leakage,running
pump,3.87,12.08,71.21,1.02,4.13,181.28,none,fault
pump,1.77,15.01,50.76,0.89,4.37,210.5,bearing_failure,running
pump,3.16,8.42,84.57,0.04,1.43,0,dry_run,fault
pump,0.76,16.56,47.57,0.71,4.22,189.91,bearing_failure,warning
pump,0.77,12.29,58.81,1.01,4.5,230.66,none,running
pump,4.75,11.05,74.26,0,0.26,26.45,dry_run,fault
pump,2.54,16.7,55.42,0.2,3.13,115.51,cavitation,fault
pump,2.57,13.76,69.74,0.39,1.42,33.77,dry_run,fault
pump,1.98,14.38,56.22,0.92,3.63,172.82,bearing_failure,running
pump,1.26,12.74,58.07,0.83,3.49,214.97,seal_leakage,running
pump,1.73,15.08,55.78,1.06,3.92,252.22,none,running
pump,2.44,10.28,63.25,0.93,4.01,149.1,bearing_failure,warning
pump,1.8,13.33,72.47,0.36,1.13,74.79,dry_run,fault
pump,2.22,17.6,53.08,0.76,3.4,171.13,cavitation,warning
pump,2.47,19.56,36.95,0.89,3.78,231.39,bearing_failure,warning
pump,1.54,10.52,62.8,1.11,3.55,178.41,seal_leakage,running
pump,2.47,13.27,68.98,0.75,2.21,106.86,cavitation,warning
pump,1.86,13.45,61.2,1.2,2.43,192.41,seal_leakage,warning
pump,2.78,13.87,83.55,0.96,4.31,237.57,bearing_failure,fault
pump,1.36,11.88,57.46,1.12,4.06,228.58,none,running
pump,2.17,8.86,74.81,0.04,1.46,45.75,dry_run,fault
pump,2.58,12.05,66.49,1.14,4.25,173.47,bearing_failure,warning
pump,1.42,12.79,50.54,1.23,4.27,193.51,none,running
pump,2.44,12.21,60.54,0.44,2.23,144.84,cavitation,fault
pump,1.39,12.9,59.6,0.99,3.54,236.24,none,running
pump,2.66,13.99,61.66,0.52,2.14,127.36,cavitation,warning
pump,1.46,13.9,62.89,0.46,6.46,71.93,clogging,fault
pump,1.78,14.86,57.86,0.9,1.55,133.95,impeller_damage,fault
pump,1.07,14.24,60.67,0.62,2.41,143.64,cavitation,warning
pump,2.92,13.47,54.5,0.61,3.36,132.28,cavitation,warning
pump,2.38,9.3,90.96,0.33,1.63,42.57,dry_run,fault
pump,2.82,14.61,57.2,1.13,1.48,70.06,impeller_damage,fault
pump,4.04,7.21,76.57,0.29,1.01,53.86,dry_run,fault
pump,1.47,19.08,68.82,0.48,5.09,97.8,clogging,fault
pump,3.02,14.7,64.09,0.76,4.86,55.49,clogging,fault
pump,2.52,12.8,78.96,0.11,1.39,61.52,dry_run,fault
pump,2.5,12.55,52.68,0.77,1.27,163.48,impeller_damage,fault
pump,2.08,12.52,70.71,0.42,0.06,76.55,dry_run,fault
pump,1.27,12.61,48.27,1.12,4.49,224.54,none,running
pump,1.46,18.45,72.68,0.87,5.97,48.03,clogging,fault
pump,1.98,15.41,58.21,1.16,3.02,133.06,seal_leakage,running
pump,2.99,16.23,72.99,0.58,4.81,69.41,clogging,fault
pump,1.7,15.98,74.99,0.48,5.2,113.7,clogging,fault
pump,3.04,14.58,66.91,0.66,2.63,145.53,cavitation,warning
pump,0.5,13.09,57.03,1.01,3.6,205.99,seal_leakage,running
pump,2.35,18.39,73.29,1.15,3.93,265.58,bearing_failure,warning
pump,4.93,11.84,55.34,0.78,2.93,176.26,cavitation,fault
pump,1.31,12.72,52.33,0.91,4.29,278.57,none,running
pump,1.59,17.48,70.26,1.03,1.82,174.11,impeller_damage,warning
pump,2.82,13.83,62.83,0.85,3.52,176.06,seal_leakage,warning
pump,1.84,13.8,59.04,1.01,4.33,169.75,none,running
pump,1.6,13.33,51.9,1.2,3.95,231.96,none,running
pump,3.21,13.56,71.06,0.95,3.29,163.78,impeller_damage,warning
pump,1.28,9.8,52.87,1.01,3.76,190.97,seal_leakage,running
pump,3.73,14.7,77.2,0.96,3.98,184.8,bearing_failure,fault
pump,2.24,13.01,67.78,0.53,2.47,130.73,cavitation,warning
pump,1.47,12.96,54.11,1.05,4.5,256.38,none,running
pump,1.88,11.22,55.69,0.91,2.24,129.71,seal_leakage,warning
pump,2.71,10.01,60.31,0.17,2.68,191.62,cavitation,fault
pump,4.75,13.18,71.63,0.27,1.6,53.15,dry_run,fault
pump,1.76,14.98,54.98,0.89,3.87,215.01,none,running
pump,1.5,12.42,57.07,0.97,3.74,211.72,none,running
pump,1.94,18,70.94,1.01,4.11,243.29,bearing_failure,warning
pump,1.19,9.72,55.54,1.12,4.28,222.04,none,running
pump,2.94,16.37,78.8,1.17,3.93,191.1,bearing_failure,fault
pump,4.76,13.39,53.98,0.54,3.29,158.3,cavitation,fault
pump,1.43,14.32,63.56,1.27,4.64,278.29,none,running
pump,1.47,24.02,63.23,0.47,4.89,49.05,clogging,fault
pump,2.79,18.84,62.39,0.86,5.88,63.18,clogging,fault
pump,1.71,22.23,71.58,0.54,4.52,73.76,clogging,fault
pump,1.41,13.91,50.61,1.07,2.99,159.61,seal_leakage,running
pump,1.63,14.6,56.02,1.13,3.22,182.52,seal_leakage,running
pump,1.82,14.89,57.05,1.19,2.63,205.64,seal_leakage,running
pump,2.17,13.02,79.41,0.43,1.22,40.96,dry_run,fault
pump,2.58,9.95,74.62,0.08,0.49,36.8,dry_run,fault
pump,1.16,14.11,54.26,0.74,2.62,117.56,impeller_damage,warning
pump,0.85,11.88,56.59,1.03,4.22,167.67,none,running
pump,3.39,15.25,63.01,0.55,3.13,153.46,cavitation,warning
pump,1.29,13.84,53.48,1.02,4.32,270.71,none,running
pump,2.02,17.23,59.27,1.12,2.98,114.06,impeller_damage,warning
pump,3.3,17.21,66.33,0.99,4.08,262,bearing_failure,warning
pump,2.66,16.48,61.56,0.23,2.83,196.84,cavitation,fault
pump,3.22,13.56,84.72,1.02,4.26,168.66,bearing_failure,fault
pump,2.79,16.41,60.83,0.1,3.38,180.7,cavitation,fault
pump,2.12,13.41,57.75,0.25,2.92,167.46,cavitation,fault
pump,4.84,12.18,67.66,0.54,3.17,100.88,cavitation,fault
pump,1.19,16.44,41.85,1.11,4.02,235.28,bearing_failure,warning
pump,1.33,10.47,52.16,1.16,4.21,248.3,none,running
pump,2.72,13.05,63.17,0.96,2.78,113.86,impeller_damage,warning
pump,1.51,27.08,59.75,0.75,6.76,69.61,clogging,fault
pump,1.87,11.19,53.58,0.8,3.09,131.11,seal_leakage,running
pump,2.9,11.2,76.53,1.07,4.5,167,bearing_failure,fault
pump,1.02,15.84,52.91,1.19,3.78,233.6,bearing_failure,running
pump,1.78,11.05,59.57,0.94,3.63,127.8,seal_leakage,running
pump,3.41,14.31,64.05,0.67,2.52,194.2,cavitation,warning
pump,2.37,10.25,67.03,0.89,3.48,172.86,bearing_failure,warning
pump,1.11,11.3,53.86,0.96,3.63,194.12,seal_leakage,running
pump,2.12,16.98,62.44,0.86,2.25,170.83,seal_leakage,warning
pump,4.58,11.6,52.91,0.45,2.72,115.95,cavitation,fault
pump,1.06,12.73,57.76,0.9,3.39,153.2,seal_leakage,running
pump,1.37,22.85,70.21,0.66,4.55,142.02,clogging,fault
pump,2.03,18.48,66.75,0.99,3.17,134.46,impeller_damage,warning
pump,1.97,16.84,59.92,0.85,2.6,130.29,seal_leakage,warning
pump,2.06,20.11,64.03,0.52,4.91,134.79,clogging,fault
pump,3.56,13.31,67.84,0.29,1.94,138.46,cavitation,fault
pump,1.72,13.15,59.36,1.03,4.49,213.59,none,running
pump,3.89,17.15,70.58,1.17,3.88,233.4,bearing_failure,fault
pump,2.85,17.08,70.02,1.11,3.91,181.47,bearing_failure,warning
pump,1.6,10.81,68.36,0.71,2.61,102.46,impeller_damage,warning
pump,1.84,12.84,60.16,0.95,3.16,194.31,seal_leakage,running
pump,3.68,15.72,61.23,0.18,2.12,152.33,cavitation,fault
pump,1.99,14.13,60.15,1.08,2.24,139.11,impeller_damage,warning
pump,1.8,14.67,47.89,1.12,4.41,252.73,none,running
pump,2.76,18.82,64.95,0.65,2.57,94.1,impeller_damage,warning
pump,4.66,14.94,81.02,0.47,1.09,75.65,dry_run,fault
pump,2.6,14.62,62.15,0.96,2.93,103.53,impeller_damage,warning
pump,3.03,21.03,69.67,0.52,5.18,52.93,clogging,fault
pump,1.17,20.43,68.43,0.71,5.4,51.84,clogging,fault
pump,3.44,9.62,79.15,0.11,1.54,54.72,dry_run,fault
pump,1.48,14.91,53.54,1.03,4.48,238.22,none,running
pump,1.62,13.91,55.73,1.06,3.84,232.47,none,running
pump,1.47,9.63,56.55,1.19,4.31,218.23,none,running
pump,2.99,18.09,68.04,1.02,4.19,204.32,bearing_failure,warning
pump,1.46,13.26,54.74,1.15,2.13,197.63,seal_leakage,warning
pump,2.39,16.74,58.12,0.89,2.82,78.58,impeller_damage,fault
pump,2.49,16.7,60.04,0.75,1.92,144.78,impeller_damage,warning
pump,1.36,25.2,60.49,0.94,4.93,127.99,clogging,fault
pump,2.9,17.38,69.15,1.1,3.84,217.05,bearing_failure,warning
pump,2.15,20.04,69.43,0.84,6.94,137.55,clogging,fault
pump,3.97,12.56,84.34,0.11,0.35,62.54,dry_run,fault
pump,1.41,24.55,74.31,0.34,5.14,134.88,clogging,fault
pump,1.22,11.67,51.43,1.11,3.81,168.64,none,running
pump,1.06,12.71,50.66,0.97,3.96,241.06,none,running
pump,1.32,14.32,54.02,1,3.98,243.83,none,running
pump,2.02,15.72,50.42,0.88,2.94,142.18,seal_leakage,warning
pump,1.58,13.75,54.58,0.9,2.49,162.34,seal_leakage,warning
pump,2.09,15.88,80.34,0.95,4.06,234.49,bearing_failure,fault
pump,2.23,14.03,54.06,1.08,4.39,232.92,bearing_failure,warning
pump,1.43,10.66,58.55,0.94,4,163.16,none,running
pump,3.39,10.2,79.95,0.36,0.2,23.66,dry_run,fault
pump,2.44,16.7,59.6,1.08,4.18,220.01,bearing_failure,warning
pump,2.33,18.98,60.55,0.82,5.08,49.27,clogging,fault
pump,2.31,18.92,61.91,1.06,2.99,87,impeller_damage,warning
pump,2.69,23.91,60.81,0.76,5.92,152.88,clogging,fault
pump,1.78,16.27,55.7,1.12,4.23,277.21,none,warning
pump,1.5,11.47,50.28,1.19,4.29,198.71,none,running
pump,1.16,16.27,60.27,0.86,1.32,125.54,impeller_damage,fault
pump,4.71,11.88,59.18,0.69,2.88,79.61,cavitation,fault
pump,2.42,13.23,69.91,0.33,2.43,96.46,cavitation,fault
pump,1.56,17.62,35.09,1.04,3.82,262.05,bearing_failure,warning
pump,2.05,14.57,66.55,0.78,2.47,85.99,impeller_damage,warning
pump,0.76,11.68,57.45,1.04,3.86,162.51,seal_leakage,running
pump,2,14.71,60.86,0.96,3.66,204.07,seal_leakage,running
pump,2.09,16.45,65.34,1.09,3.27,175.3,seal_leakage,warning
pump,1.62,14.08,54.82,1.07,2.51,162.8,seal_leakage,running
pump,2.2,15.28,64.83,0.15,2.93,161.56,cavitation,fault
pump,4.55,13.93,64.81,0.73,3.26,89.06,cavitation,fault
pump,2.12,14.03,52.49,1.09,4.28,212.12,bearing_failure,warning
pump,2.5,16.35,72.87,0.9,5.88,88.34,clogging,warning
pump,1,15.58,64.05,0.51,6.07,81.08,clogging,warning
pump,1.32,13.38,57.01,1.17,4.14,191.54,none,running
pump,2.89,17.45,74.37,1.23,3.25,208.42,bearing_failure,warning
pump,0.7,10.32,89.91,0.46,1.3,0,dry_run,fault
pump,1.95,15.03,65.58,0.95,4.61,220.16,none,warning
pump,1.9,13.85,50.96,0.82,2.44,146.87,seal_leakage,warning
pump,1.82,23.08,69.66,0.92,6.75,154.58,clogging,fault
pump,2.65,21.81,66.93,0.58,4.89,116.69,clogging,fault
pump,4.25,11.74,65.3,0.67,3.49,116.94,cavitation,fault
pump,2.7,18.62,73.72,0.53,4.51,131.62,clogging,warning
pump,1.42,12.98,58,1.19,4.5,268.99,none,running
pump,1.72,11.11,50.85,0.94,4.61,205.51,none,running
pump,1.58,10.25,53.16,1.11,4.12,177.47,none,running
pump,2.47,16.12,52.55,0.44,3.1,165.98,cavitation,fault
pump,2.39,13.45,80.31,0.98,3.67,215.9,bearing_failure,fault
pump,1.4,10.61,77.23,0.2,1.36,61.44,dry_run,fault
pump,1.74,11.64,56.99,0.96,2.44,153.7,seal_leakage,warning
pump,2.13,15.25,43.14,1.05,4.41,213.7,bearing_failure,warning
pump,1.53,11.49,49.21,1.08,3.46,159.29,bearing_failure,running
pump,1.1,11.09,54.51,0.99,3.33,142.12,seal_leakage,running
pump,1.29,9.77,62.41,0.84,2.57,145.49,cavitation,running
pump,1.59,11.2,56.16,0.91,3.21,154.86,seal_leakage,running
pump,1.55,17.51,58.12,0.95,1.73,153.92,impeller_damage,fault
pump,3.03,17.63,64.72,0.96,3.35,117.09,seal_leakage,warning
pump,1.86,8.09,79.02,0.37,0.97,1.24,dry_run,fault
pump,1.06,22.86,66.13,0.72,5.89,125.24,clogging,fault
pump,1.22,10.07,51.9,1.17,4.13,206.69,none,running
pump,2.88,18.51,62.04,0.97,2.25,135.05,impeller_damage,warning
pump,3.39,17.12,60.25,0.93,3.73,197.49,bearing_failure,warning
pump,2.67,17.22,66.56,0.69,2.54,97.26,impeller_damage,warning
pump,2.05,9.88,81.5,0.37,0.81,69.4,dry_run,fault
pump,1.82,11.94,82.13,0.36,0.59,74.33,dry_run,fault
pump,3.7,12.42,62.46,0.15,3.82,178.98,cavitation,fault
pump,0.9,12.85,56.72,1.17,2.6,200.22,seal_leakage,running
pump,2.31,11.22,70.52,1.08,4.45,182.89,bearing_failure,warning
pump,1.17,25.55,63.75,0.76,6.42,140.44,clogging,fault
pump,1.29,17.25,73.89,0.55,5.91,110.22,clogging,warning
pump,2.61,13.67,64.8,0.27,2.96,127.03,cavitation,fault
pump,2,13.34,45.21,1.02,4.45,183,bearing_failure,running
pump,4.36,16.27,87.05,0.01,0.36,81.98,dry_run,fault
pump,2.76,24.1,77.36,0.67,5.08,144.51,clogging,fault
pump,3.24,10.52,67.32,0.04,1.5,50.36,dry_run,fault
pump,4.32,15.52,61.14,0.39,3.62,167.51,cavitation,fault
pump,1.52,15.86,51.96,0.39,2.55,138.05,cavitation,fault
pump,3.12,13,66.96,0.39,0.01,38.63,dry_run,fault
pump,5.28,16.59,67.42,0.41,3.01,83.77,cavitation,fault
pump,2,15.46,88.01,0.97,4.28,192.78,bearing_failure,fault
pump,1.86,15.91,56.83,0.89,3.15,169.82,seal_leakage,running
pump,2.98,16.99,95,1.1,4,235.09,bearing_failure,fault
pump,2.44,11.33,54.02,0.9,3.06,149.8,seal_leakage,warning
pump,1.45,14.56,49.15,1.15,4.33,190.2,bearing_failure,running
pump,4.07,10.95,52.83,0.89,2.05,100.65,cavitation,fault
pump,2.61,21.34,64.62,0.39,6.59,78.01,clogging,fault
pump,2.64,14.29,59.51,0.8,3.6,168.37,seal_leakage,warning
pump,1.76,14.28,51.9,0.92,3.29,167.4,seal_leakage,running
pump,2.89,11.86,57.97,0.79,2.49,110.22,impeller_damage,warning
pump,1.54,10.34,58,1.04,3.65,123.02,seal_leakage,running
pump,1.85,18.67,77.12,0.61,4.72,120.03,clogging,fault
pump,4.01,15.31,56.84,0.55,3.38,132.52,cavitation,fault
pump,1.47,9.09,53.96,1.03,4.24,164.17,none,running
pump,5.26,8.28,75.59,0.23,1.42,4.56,dry_run,fault
pump,1.63,10.91,50.06,1.3,4.82,218.19,none,running
pump,2.12,8.31,79.98,0.18,1,31.59,dry_run,fault
pump,1.8,12.12,61.51,0.93,3.66,169.87,bearing_failure,running
pump,1.28,11.63,53.69,0.92,4.83,233.42,none,running
pump,2.43,14.57,66.49,0.91,2.36,113.06,impeller_damage,warning
pump,1.34,10.43,52.1,1.1,4.19,245.18,none,running
pump,4.14,11.72,76.5,0.08,1.74,40.51,dry_run,fault
pump,1.79,16.22,73.41,0.77,2.08,165.5,impeller_damage,warning
pump,1.96,16.03,62.32,1.04,1.48,149.51,impeller_damage,fault
pump,1.51,12.12,60.96,0.84,2.68,142.14,seal_leakage,running
pump,1.37,19.36,70.06,0.47,5.55,45.15,clogging,fault
pump,1.99,15.5,70.09,0.9,2.2,121.77,impeller_damage,warning
pump,3.99,15.53,65,0.35,2.3,148.73,cavitation,fault
pump,1.49,14.07,55.89,0.99,4.45,224.01,none,running
pump,2.77,6.77,83.83,0.36,0.54,44.94,dry_run,fault
pump,4.48,13.95,58.15,0.45,3.34,167.76,cavitation,fault
pump,4.12,13.85,58.48,0.72,2.55,142.03,none,fault
pump,3.77,15.15,77.64,1.19,3.41,264.03,bearing_failure,fault
pump,1.28,9.29,67.99,0.26,0.79,0,dry_run,fault
pump,5.93,14.08,51.76,0.52,2.4,169.74,cavitation,fault
pump,4.73,7.52,81.15,0.48,0.39,24.38,dry_run,fault
pump,2.55,13.66,60.66,0.56,3.46,116.23,cavitation,warning
pump,1.34,13.47,61.62,0.98,3.21,154.36,seal_leakage,running
pump,1.37,14.86,58.51,1.09,4.36,221.76,none,running
pump,1.46,10.82,50.69,1.14,3.45,187.19,seal_leakage,running
pump,1.28,12.27,47.95,1,4.49,248.57,none,running
pump,1.86,12.68,55.06,0.85,2.27,194.19,seal_leakage,warning
pump,1.44,16.62,50.63,0.93,3.15,158.15,seal_leakage,warning
pump,1.67,13.52,55.67,0.8,3.57,199.22,seal_leakage,running
pump,0.96,11.96,57.73,0.91,4.12,212.99,none,running
pump,2.79,15.43,65.47,0.6,1.83,122.59,impeller_damage,warning
pump,1.89,15.53,57.67,0.89,3.05,140.15,seal_leakage,running
pump,1.09,12.74,61.68,0.81,2.42,152.57,seal_leakage,warning
pump,2.92,15.28,73.7,1.07,4.28,240.95,bearing_failure,warning
pump,4.5,14.85,54.63,0.18,3.3,124.78,cavitation,fault
pump,2.97,24.27,63.08,0.29,5.72,80.46,clogging,fault
pump,1.04,14.21,53.43,0.85,4.16,264.61,none,running
pump,3.31,15.01,54.87,0.26,3.76,142.28,cavitation,fault
pump,1.4,12.43,49.56,0.99,3.93,207.49,none,running
pump,1.56,11.65,55.32,1.03,3.06,185.91,seal_leakage,running
pump,2.55,18.64,71.57,1.23,3.7,213.37,bearing_failure,warning
pump,2.66,14.1,72.72,0.89,4.21,214.55,bearing_failure,warning
pump,3.83,12.54,79.27,0.89,4.22,211.47,bearing_failure,fault
pump,0.99,11.83,63.57,0.96,3.09,134.57,seal_leakage,running
pump,1.52,12.64,54.82,0.89,4.39,240.62,none,running
pump,2.91,16.02,57.02,0.96,1.36,100.82,impeller_damage,fault
pump,1.43,13.72,55.85,1.03,4.15,261.15,none,running
pump,3.14,8.77,69.68,0.15,0.77,23.1,dry_run,fault
pump,1.59,16.8,64.19,0.6,5.69,61.44,clogging,fault
pump,1.55,11.86,49.23,0.8,2.48,170.51,impeller_damage,warning
pump,1.33,14.99,60.03,1.1,3.92,217.07,bearing_failure,running
pump,1.39,12.12,58.36,0.98,2.21,149.93,seal_leakage,warning
pump,1.92,12.01,69.51,0.82,2.09,146.83,bearing_failure,warning
pump,1.2,17.87,70.58,0.87,6.19,90.31,clogging,warning
pump,3.05,12.75,56.37,0.7,2.7,168.47,impeller_damage,warning
pump,2.84,11.71,52.88,0.84,2.93,170.88,impeller_damage,warning
pump,4.5,12.62,52.87,0.47,3.6,119.21,cavitation,fault
pump,3.53,10.49,67.2,0.17,1.34,110.41,dry_run,fault
pump,4.03,11.73,51.06,0.53,2.45,78.33,cavitation,fault
pump,1.39,13.08,54.96,0.91,4.16,205.2,none,running
pump,3.42,17.48,64.87,0.89,3.78,226.49,bearing_failure,warning
pump,1.59,13.44,55.28,0.93,4.22,265.58,none,running
pump,2.56,18.64,69.48,0.94,3.23,160.37,impeller_damage,warning
pump,2.5,12.93,56.54,0.79,2.96,160.52,impeller_damage,warning
pump,2.21,14.3,63.36,1,2.65,182.45,seal_leakage,warning
pump,1.34,13.56,52.62,1.19,4.73,223.49,none,running
pump,4.75,13.52,56.25,0.81,3.28,84.85,cavitation,fault
pump,5.09,11.92,74.2,0.36,0.03,14.94,dry_run,fault
pump,2.73,18.95,71.9,0.59,5.57,59.26,clogging,fault
pump,1.37,13.14,60.6,0.73,1.86,118.73,impeller_damage,warning
pump,1.19,15.36,55.22,1.02,4.33,223.5,none,running
pump,1.82,13.77,66.12,0.96,3.51,187.27,bearing_failure,warning
pump,1.7,15.67,62.19,1.2,4.04,212.05,bearing_failure,running
pump,1.65,17.01,77.02,0.48,5.15,59.57,clogging,fault
pump,2.34,20.31,58.49,0.72,2.98,97.46,impeller_damage,fault
pump,3.5,12.82,73.31,0.11,0.64,37.96,dry_run,fault
pump,2.99,16.63,71.32,0.62,4.99,63.81,clogging,fault
pump,1.78,16.21,43.82,1.09,4.25,223.38,bearing_failure,warning
pump,2.18,23.62,59.12,0.37,5.91,131.76,clogging,fault
pump,2.31,9.93,56.37,1.06,2.98,168.75,seal_leakage,warning
pump,2.14,13.1,83.35,0.45,0.98,23.44,dry_run,fault
pump,1.45,5.97,80.43,0.33,0.96,68.9,dry_run,fault
pump,3.55,11.24,83.36,0.18,1.5,44.94,dry_run,fault
pump,1.2,11.22,62.61,0.8,3.95,190.72,cavitation,running
pump,1.34,10.74,50.53,0.99,4.06,164.03,none,running
pump,3.2,7.96,67.92,0.05,0.98,60.96,dry_run,fault
pump,1.69,14.12,55.86,1.08,2.57,162.48,impeller_damage,running
pump,3.73,16.83,77.02,1.09,3.82,207.61,bearing_failure,fault
pump,2.78,24.45,70.38,0.76,6.47,141.08,clogging,fault
pump,2.05,13.3,54.44,0.64,2.05,147.32,cavitation,warning
pump,3.31,13.01,54.83,0.57,3.16,187.58,cavitation,warning
pump,1.55,15.74,49.55,1.11,2.86,182.14,seal_leakage,running
pump,1.49,18.27,63.88,0.82,3.15,102.8,impeller_damage,warning
pump,1.78,8.64,69.64,0.01,0.62,55.91,dry_run,fault
pump,2.17,16.87,51.82,1.04,3.71,211.39,bearing_failure,warning
pump,1.58,12.67,52.32,1.02,3.88,229.02,none,running
pump,2.01,15.93,70.9,1.12,1.71,137.18,impeller_damage,fault
pump,0.63,13.56,59.2,0.83,3.29,155.8,seal_leakage,running
pump,3.2,6.72,77.65,0.31,0,34.74,dry_run,fault
pump,1.12,16.9,58.07,0.89,1.88,178.56,impeller_damage,warning
pump,5.44,16.3,58.62,0.74,2.19,172.69,cavitation,fault
pump,1.35,12.22,60.27,1.18,4.55,201.43,none,running
pump,3.63,16.03,60.95,0.67,2.15,171.05,cavitation,fault
pump,3.56,8.82,68.66,0.31,0.65,37.14,dry_run,fault
pump,1.88,13.8,64.11,1.06,3.85,150.02,seal_leakage,running
pump,0.84,13.66,63.85,0.96,2.59,96.41,seal_leakage,warning
pump,2.1,13.07,56.78,0.96,2.78,162.36,seal_leakage,warning
pump,2.04,14.09,62.7,0.85,3.62,183.55,seal_leakage,warning
pump,2.27,14.01,51.84,0.91,3.03,196.39,seal_leakage,warning
pump,2.42,13.38,58.06,1.07,1.57,176.33,bearing_failure,fault
pump,2.25,12.85,83.19,0.02,1,8.36,dry_run,fault
pump,1.29,12.71,57.45,1.14,2.44,170.31,seal_leakage,warning
pump,4.01,16.82,58.58,0.81,2.61,104.13,cavitation,fault
pump,3.22,13.1,69.24,0.6,3.21,180.85,cavitation,warning
pump,1.96,16.1,67.54,0.59,2.99,178.23,cavitation,warning
pump,1.39,11.03,59.35,1.15,3.96,196.07,none,running
pump,1.58,16.18,60.71,0.86,1.54,178.34,none,fault
pump,1.57,10.53,55.76,1.12,2.73,154.8,seal_leakage,running
pump,4.04,14.09,92.95,0.49,0.56,0,dry_run,fault
pump,2.32,13.55,82.64,0.18,1.77,12.82,dry_run,fault
pump,0.85,14.4,80.26,0.6,6.02,109.62,clogging,fault
pump,2.5,12.73,72.03,1.07,4.21,211.29,bearing_failure,warning
pump,5.39,11.39,76.97,0.19,1.82,63.55,dry_run,fault
pump,1.29,17.05,67.65,1.21,2.8,185.5,impeller_damage,warning
pump,1.98,12.9,62.72,1.16,4.07,207.45,none,running
pump,1.85,9.68,51.76,1.01,2.32,196.59,seal_leakage,warning
pump,2.88,14.38,60.48,0.85,1.63,170.39,impeller_damage,fault
pump,3.5,14.05,57.61,0.38,3.1,128.2,cavitation,fault
pump,3.88,6.46,72.89,0.01,1.39,41.48,dry_run,fault
pump,2.02,13.21,88.3,0.16,1.86,36.7,dry_run,fault
pump,2.02,12.78,55.67,1.11,2.78,80.72,impeller_damage,warning
pump,1.24,13.12,53.24,1.17,4.67,216.39,none,running
pump,2.97,12.61,74.94,0.4,1.06,45.98,impeller_damage,fault
pump,2.27,14.59,64.44,0.75,2.23,179.01,cavitation,warning
pump,1.69,15.22,55.72,1.06,3.75,159.75,seal_leakage,running
pump,1.3,10.14,50.8,0.87,4.01,172.17,seal_leakage,running
pump,2.05,12.86,55.96,0.84,2.56,141.27,impeller_damage,warning
pump,1.21,15.15,53.95,0.89,3.11,166.13,cavitation,running
pump,2.3,17.73,69.28,0.85,3.43,228.76,seal_leakage,warning
pump,0.92,14.57,55.13,1.15,2.16,130.02,seal_leakage,warning
pump,4.6,14.36,61.29,0.21,3.48,186.16,cavitation,fault
pump,4.04,17.16,95,0.38,0.07,78.76,dry_run,fault
pump,4.76,9.19,70.59,0.39,0.03,69.75,dry_run,fault
pump,1.33,15.18,56.42,1.1,3.48,191.96,seal_leakage,running
pump,2.87,16.49,69.82,0.63,6.39,142.03,clogging,warning
pump,2.71,14.8,69.01,0.96,3.91,221.57,bearing_failure,warning
pump,1.17,12.32,52.16,1.12,4.34,202.41,none,running
pump,1.96,7.75,71.82,0.32,1.28,23.46,dry_run,fault
pump,2.06,13.9,58.6,0.51,3.42,187.41,cavitation,warning
pump,1.61,10.63,54.45,1.03,4.69,188.09,none,running
pump,2.38,20.14,75.97,1.02,3.44,252.82,bearing_failure,fault
pump,3.95,11.87,77.14,0.35,1.18,28.46,dry_run,fault
pump,1.96,12.69,52.8,0.94,3.03,175.26,seal_leakage,running
pump,3.45,16.34,67.53,1.12,1.97,138.26,impeller_damage,warning
pump,3.76,11.29,67.24,0.18,2.17,84.54,cavitation,fault
pump,4.66,15.43,55.31,0.52,3.34,202.35,cavitation,fault
pump,1.78,15.44,91.11,0.27,0.78,70.6,dry_run,fault
pump,1.35,14.79,65.76,0.53,6.3,127.18,clogging,warning
pump,0.71,16.29,61.64,0.95,3.18,164.5,seal_leakage,warning
pump,1.81,13.76,63.99,1.05,2.78,168.46,impeller_damage,running
pump,3.6,8.22,84.42,0.49,0,34.81,dry_run,fault
pump,2.75,15.53,74.68,0.96,3.86,201.28,bearing_failure,warning
pump,1.31,12.7,39.66,0.87,4.13,207.5,bearing_failure,running
pump,1.2,12.43,51.97,1.12,3.64,160.12,seal_leakage,running
pump,1.21,11.81,48.68,1.03,3.15,144.85,seal_leakage,running
pump,1.75,10.22,56.17,1.19,4.14,170.99,none,running
pump,3.5,24.08,67.17,0.56,6.14,44.06,clogging,fault
pump,1.44,12.89,49.69,1.12,3.8,214.74,none,running
pump,1.61,11.33,57.19,1.13,3.95,192.22,none,running
pump,1.28,9.67,93.12,0.41,0.31,71.18,dry_run,fault
pump,2.19,11.69,56.88,0.62,2.52,144.39,cavitation,warning
pump,2.77,14.85,76.41,0.88,3.66,233,bearing_failure,fault
pump,1.98,11.96,72.77,0.23,0.59,40.75,dry_run,fault
pump,1.96,19.31,75.36,0.67,5.93,142.91,clogging,fault
pump,2.11,12.63,54.29,1.16,2.46,188.85,impeller_damage,warning
pump,2.13,13.19,79.45,0.26,1.31,56.09,dry_run,fault
pump,1.7,18.65,53.39,0.9,1.56,68.64,impeller_damage,fault
pump,1.77,19.14,70.51,0.86,6.5,121.79,clogging,warning
pump,1.32,24.79,72.85,0.66,5.6,75.89,clogging,fault
pump,2.64,15.59,66.87,1.11,3.67,205.4,bearing_failure,warning
pump,1.05,11.79,56.66,1.02,4.17,244.35,none,running
pump,3.5,9.78,68.97,0.19,0.94,43.43,dry_run,fault
pump,3.42,15,57.79,0.4,3.1,150.96,cavitation,fault
pump,1.7,10.97,55.76,0.74,3.3,175.86,seal_leakage,warning
pump,1.48,10.21,56.44,1.11,4.03,204.52,none,running
pump,3.01,14.68,67.95,0.71,3.54,117.36,cavitation,warning
pump,2.21,17.97,65.87,0.9,1.82,113.38,impeller_damage,warning
pump,1.48,11.32,57.12,1.31,3.96,228.85,none,running
pump,1.74,14.52,60.83,0.16,2.05,102.3,cavitation,fault
pump,1.27,11.93,55.48,1.14,3.94,226.09,none,running
pump,1.3,20.63,77.29,0.61,6.77,90.82,clogging,fault
pump,1.53,13.47,76.62,0.99,5.98,99.52,clogging,fault
pump,4.39,10.05,82.38,0.13,1.23,1.99,dry_run,fault
pump,2.27,13.06,67,0.97,1.73,162.12,impeller_damage,fault
pump,1.74,10.46,55.87,0.99,4.28,184.15,none,running
pump,1.77,16.69,67.77,0.82,6.58,96.62,clogging,warning
pump,1.22,14.45,49.85,1.07,4.03,247.26,none,running
pump,1.82,12.48,55.71,1.16,2.02,88.46,impeller_damage,warning
pump,1.28,12.5,55.72,1.17,3.66,218.93,none,running
pump,4.46,16.24,63.67,0.77,3.56,138.64,cavitation,fault
pump,2.83,15.3,67.2,0.81,2.05,142.6,impeller_damage,warning
pump,5.28,16.67,62.38,0.31,2.52,155.03,cavitation,fault
pump,2.17,8.49,83.13,0.21,1.91,60.51,dry_run,fault
pump,1.46,15.84,71.36,0.62,4.74,63.36,clogging,fault
pump,0.94,13.37,62.01,1.15,3.08,207.77,seal_leakage,running
pump,2.01,19.63,59.29,0.4,5.48,78.59,clogging,fault
pump,2.97,14.71,56.11,1.13,4.14,198.21,bearing_failure,warning
pump,1.97,24.53,61.02,0.43,4.61,37.5,clogging,fault
pump,1.64,11.24,65.99,0.75,3.11,185.19,seal_leakage,warning
pump,1.92,14.74,52.66,0.98,3,158.36,seal_leakage,running
pump,3.18,15.37,61.26,1.22,3.9,200.85,bearing_failure,warning
pump,3.13,19.77,68.06,1.14,4.42,268.57,bearing_failure,warning
pump,1.13,15.04,62.72,1.1,3.48,203.49,seal_leakage,running
pump,3.02,10.9,53.73,0.29,2.48,195.94,cavitation,fault
pump,2.37,16.42,65.46,0.96,1.59,176.68,impeller_damage,fault
pump,2.15,16.07,59.92,0.16,2.48,189.21,cavitation,fault
pump,2.12,10.34,69.48,0.22,0.69,16.95,dry_run,fault
pump,1.59,13.12,59.43,1.22,4.58,290.75,none,running
pump,0.61,13.09,53.69,1.09,3.26,169.9,seal_leakage,running
pump,3.32,13.98,64.71,1.16,4.22,192.49,bearing_failure,warning
pump,1.05,16.99,58.43,0.69,4.53,82.66,clogging,warning
pump,3.03,13.95,74.59,0.92,6.27,163.34,clogging,warning
pump,2.9,11.56,85.59,0.02,1.6,61.47,dry_run,fault
pump,2.31,15.31,58.64,0.99,3.55,215.17,cavitation,warning
pump,1.33,14.63,52.08,1.02,3.68,255.41,none,running
pump,1.72,16.24,56.81,1.06,1.23,95.67,impeller_damage,fault
pump,4.47,14.58,85.48,0.33,1.47,48.85,dry_run,fault
pump,2.03,13.07,49.96,1.05,3.23,191.69,seal_leakage,warning
pump,5.14,7.52,86.09,0.17,1.75,37.16,dry_run,fault
pump,1.16,13.91,48.36,0.96,3.36,192.41,seal_leakage,running
pump,2.39,20.12,64.33,0.84,5.91,141.57,clogging,fault
pump,1.19,15.33,56.64,1.28,4.38,220.64,none,running
pump,1.54,14.45,59.54,0.91,2.55,164.34,impeller_damage,running
pump,1.22,12.34,54.92,0.95,2.48,213.82,seal_leakage,warning
pump,3.11,13.85,53.82,1.12,2.22,154.16,impeller_damage,warning
pump,2.17,12.72,53.93,0.89,3.65,157.45,bearing_failure,warning
pump,2.89,11.81,90.2,0.3,1.69,84.57,dry_run,fault
pump,3.15,14.28,57.18,0.64,2.54,83.2,cavitation,warning
pump,2.01,11.81,57.93,1,3.79,155.6,seal_leakage,warning
pump,1.46,19.62,73.01,0.78,4.53,91.86,clogging,warning
pump,1.3,15.53,54,0.82,3.4,140.79,seal_leakage,running
pump,1.3,10.48,56.6,0.99,3.61,208.34,none,running
pump,1.06,10.46,55.72,1.03,3.77,197.78,none,running
pump,1.21,12.47,60.75,1.14,4.06,215.01,none,running
pump,1.4,14.04,58.83,0.92,2.73,215.93,seal_leakage,running
pump,1.65,11.22,48.04,0.98,4.26,198.17,none,running
pump,1.4,12.22,54.24,1.12,4.05,217.04,none,running
pump,1.46,10.53,50.13,1.01,4.33,197.25,none,running
pump,4.44,12.09,72.4,0.34,0.36,22.73,dry_run,fault
pump,2.26,11.85,64.64,0.75,2.58,114.13,impeller_damage,warning
pump,2.4,9.76,94.87,0.31,1.53,18.04,dry_run,fault
pump,2.31,16.28,65.3,1.05,2.59,131.08,impeller_damage,warning
pump,4.49,8.83,89,0.24,0.87,51.28,dry_run,fault
pump,1.77,18.47,70.63,0.89,1.7,129.36,impeller_damage,fault
pump,1.77,20.19,63.89,1.17,2.31,132.2,impeller_damage,fault
pump,2.4,16.4,78.45,1.06,3.82,275.7,bearing_failure,fault
pump,1.03,14.57,49.5,1.01,2.38,143.02,seal_leakage,warning
pump,2.22,14.47,55.65,0.87,2.26,181.18,seal_leakage,warning
pump,1.5,14.03,65.32,1.32,4.4,175.52,seal_leakage,warning
pump,1.92,14.54,81.17,0.24,1.05,13.4,dry_run,fault
pump,3.71,12.48,83.21,0.15,0.45,70.1,dry_run,fault
pump,1.56,13.52,64.95,0.41,3.2,102.42,cavitation,fault
pump,3.19,9.24,68.74,0.05,1.2,41.81,dry_run,fault
pump,1.98,15.22,66.11,1.06,2.15,132.7,none,warning
pump,1.46,15.53,69.5,0.33,3.52,136.64,cavitation,fault
pump,3.55,8.55,68.77,0.12,1.73,0,dry_run,fault
pump,2.19,12.6,56.52,0.81,2.85,165.42,seal_leakage,warning
pump,2.38,12.02,91.73,0.29,1.1,26.5,dry_run,fault
pump,2.93,9.2,84.16,0,1.79,22.27,dry_run,fault
pump,1.28,13.62,51.44,1.1,4.65,205.49,none,running
pump,2.96,11.31,77.05,0.87,4.33,159.62,bearing_failure,fault
pump,2.3,8.46,66.68,0.41,0.84,80.21,dry_run,fault
pump,2.85,24.34,62.98,0.8,5.27,93.11,clogging,fault
pump,2.94,16.97,66.06,0.8,3.88,237.72,bearing_failure,warning
pump,2.62,14.19,58.8,0.79,2.99,145.54,impeller_damage,warning
pump,1.21,11.12,60.38,1.05,3.04,185.8,seal_leakage,running
pump,2.75,14.55,66.53,1.04,4.14,213.23,bearing_failure,warning
pump,2.12,12.77,62.22,0.92,3.73,150.52,seal_leakage,warning
pump,1.86,14.35,52.18,0.84,3.59,213.21,bearing_failure,running
pump,2.64,17.82,65.39,0.96,3.62,215.53,bearing_failure,warning
pump,4.71,16.86,56.93,0.57,3.82,157.28,cavitation,fault
pump,2.04,14.11,92.47,0.15,1.58,38.34,dry_run,fault
pump,1.15,22.08,67.17,0.79,5.24,106.25,clogging,fault
pump,2.19,19.98,72.95,1.02,3.81,274.47,bearing_failure,warning
pump,2.2,8.49,85.5,0.41,0.55,50.42,dry_run,fault
pump,0.99,11.46,49.48,0.96,4.15,214.72,none,running
pump,2.34,16.27,56.82,0.95,2.97,198.9,seal_leakage,warning
pump,3.14,12.98,79.44,1.22,4.12,186.26,bearing_failure,fault
pump,3.78,13.96,76.85,0.88,4.31,210.67,bearing_failure,fault
pump,3.96,13.74,73.15,0.34,0.04,77.35,seal_leakage,fault
pump,2.49,14.56,65.55,0.67,2.52,119.11,impeller_damage,warning
pump,2.19,13.49,70.27,0.6,4.75,122.45,clogging,warning
pump,1.63,12.02,54.68,1.19,4.13,170.13,none,running
pump,1.17,12.46,57.38,1.19,4.07,245.42,none,running
pump,2,14.19,56.69,1.1,1.51,94.11,impeller_damage,fault
pump,2.3,14.14,77.63,0,1.34,40.59,dry_run,fault
pump,1.93,11.31,77.01,0.08,1.83,0,dry_run,fault
pump,2.44,18.12,71.92,0.66,1.62,184.64,impeller_damage,fault
pump,1.16,24.03,62.81,0.73,5.57,151.36,clogging,fault
pump,3.25,13.11,65.92,0.94,3.57,181.63,bearing_failure,warning
pump,2.92,14.34,65.04,0.88,2.87,130.98,cavitation,warning
pump,4.16,15.86,55.8,0.56,2.7,160.58,cavitation,fault
pump,2.37,16,59.45,1.01,2.67,190.7,seal_leakage,warning
pump,3.08,12.52,55.66,0.56,2.37,77.77,cavitation,fault
pump,3.34,8.56,89.75,0.3,0.77,52.08,dry_run,fault
pump,1.27,17.96,68.92,0.73,1.68,49.65,impeller_damage,fault
pump,1.7,15.96,67.77,0.44,2.09,144.7,cavitation,fault
pump,1.91,15.32,55.06,0.9,4.17,229.54,none,running
pump,1.69,12.34,95,0.24,0.91,6.09,dry_run,fault
pump,2.61,21.71,68.77,0.79,4.76,129.13,clogging,fault
pump,2.63,12.21,81.81,0.7,3.86,147.39,bearing_failure,fault
pump,2.35,10.47,94.15,0.24,0.73,37.45,dry_run,fault
pump,1.58,11.69,55.95,1.14,2.67,177.95,seal_leakage,running
pump,2.6,17.59,69.97,0.71,6.25,127.62,clogging,warning
pump,2.24,13.11,92.53,0.25,0.82,33.19,dry_run,fault
pump,2.17,15.39,66.47,0.27,2.36,153.02,cavitation,fault
pump,1,12.59,61.77,1.2,3.06,157.05,impeller_damage,running
pump,4.06,9,89.98,0.2,0.64,56.92,dry_run,fault
pump,2.02,15.93,57.96,0.85,1.51,164.42,cavitation,fault
pump,2.13,16.08,62.11,1.2,3.04,132.46,impeller_damage,warning
pump,1.53,13.69,59.06,0.98,3.86,204.41,none,running
pump,1.48,14.29,57.7,0.97,2.43,146.11,seal_leakage,warning
pump,0.41,12.31,55.51,1.22,4.69,244.16,none,running
pump,1.71,11.36,66.21,0.42,2.59,165.51,cavitation,fault
pump,2.48,15.72,54.79,1.03,3.05,162.26,seal_leakage,warning
pump,3.31,17.18,68.71,1.07,2.16,71.07,impeller_damage,fault
pump,4.7,10.27,79.59,0.09,0.53,12.64,dry_run,fault
pump,3.43,18.17,68.96,0.94,4.4,209.43,bearing_failure,warning
pump,2.02,15.09,67.81,0.74,3.04,124.28,impeller_damage,warning
pump,1.47,16.5,63.82,0.89,5.8,92.07,clogging,warning
pump,1.85,9.01,70.67,0.3,0.06,72.21,dry_run,fault
pump,1.07,13.81,50.34,1,2.38,148.33,seal_leakage,warning
pump,3.85,12.23,81.18,0.2,1.21,56.43,dry_run,fault
pump,3.71,15.08,85.46,0.93,4.17,178.88,bearing_failure,fault
pump,1.65,14,47.23,1.14,3.71,254.36,bearing_failure,running
pump,1.61,19.76,78.15,1.01,6.07,93.55,clogging,fault
pump,2.61,22.18,72.42,0.41,5.31,62.1,clogging,fault
pump,1.65,15.84,58.56,1.02,4.46,228.9,none,running
pump,2.57,12.74,64.96,0.9,1.84,190.88,impeller_damage,warning
pump,1.58,17.67,53.83,0.94,4.4,204.29,bearing_failure,warning
pump,3.93,12.79,64.36,0.75,3.13,169.26,cavitation,fault
pump,3.04,13.34,52.46,0.3,3.62,179.75,cavitation,fault
pump,0.89,10.95,56.89,0.43,2.03,164.55,cavitation,fault
pump,1.61,14.98,51.04,1.03,3.74,185.25,seal_leakage,running
pump,1.15,20.68,66.58,0.89,6.86,123.96,clogging,fault
pump,2.72,17.12,56.94,0.35,3.04,197.09,cavitation,fault
pump,3.01,15.14,65.51,0.39,3.32,117.76,cavitation,fault
pump,1.51,12,54.28,0.3,2.06,185.6,cavitation,fault
pump,2.36,26.53,78.56,0.99,6.59,160.99,clogging,fault
pump,3.61,12.75,88.3,0.23,0.51,88.72,dry_run,fault
pump,2.71,20.05,76.64,1.03,6.05,101.63,clogging,fault
pump,2.37,18.16,62.89,0.62,2.71,91.37,cavitation,warning
pump,3.56,12.57,78.42,0,1.86,48.73,dry_run,fault
pump,1.79,14.95,62.93,1.02,4.51,248.92,bearing_failure,running
pump,1.81,8.71,71.73,0.18,1.61,34.17,dry_run,fault
pump,1.8,17.33,71.66,0.96,6.01,126.02,clogging,warning
pump,2.09,18.06,69.44,0.78,1.32,97.14,impeller_damage,fault
pump,1.4,14.16,41.95,1,3.94,179.25,bearing_failure,running
pump,3.11,16.4,64.81,1.04,4.38,200.53,bearing_failure,warning
pump,1.26,14.87,53.27,0.91,4.16,244.77,none,running
pump,1.1,11.67,52.15,1.03,4.63,185.83,none,running
pump,1.11,15.26,55.42,0.97,4.5,287.15,none,running
pump,1.08,14.81,52.17,1.1,4.74,209.8,none,running
pump,1.5,17.61,42.52,1.14,4.17,214.22,bearing_failure,warning
pump,3.1,8.49,78.78,0.09,0.9,17.76,dry_run,fault
pump,2.25,25.55,62.18,0.69,5.55,142.33,clogging,fault
pump,0.96,13.66,50.05,0.91,2.16,182.96,seal_leakage,warning
pump,3.23,16.84,60.48,0.49,6.87,124.37,clogging,fault
pump,2.4,18.73,69.91,1.06,4.38,223.02,bearing_failure,warning
pump,2.18,16.52,69.82,1.1,1.6,124.37,impeller_damage,fault
pump,1.13,11.05,58.91,0.89,4.27,192.6,none,running
pump,1.63,13.33,63.1,1,3.31,185.03,seal_leakage,running
pump,3.41,13.52,60.2,0.38,2.75,109.65,cavitation,fault
pump,2.03,14.29,66.79,0.94,4.3,198.41,bearing_failure,warning
pump,1.13,16.27,62.29,0.4,6.2,101.4,bearing_failure,fault
pump,1.58,16.23,71.65,1,5.89,100.81,clogging,warning
pump,1.03,14.48,55.79,0.99,3.5,242.15,none,running
pump,1.61,13.38,49.86,1.22,4.08,232.63,none,running
pump,2.71,17.07,64.59,0.77,4.57,77.67,clogging,fault
pump,2.87,15.59,78.86,0.96,4.38,256.62,bearing_failure,fault
pump,3.45,10.98,79.52,0.06,0.72,13.84,dry_run,fault
pump,2.12,15.21,44.38,0.95,4.1,212.44,bearing_failure,warning
pump,4.14,13.73,63.39,0.43,2.74,191.49,cavitation,fault
pump,1.63,16.41,71.45,0.43,6.83,111.37,clogging,fault
pump,3.59,14.75,73.7,0.92,3.92,186.8,bearing_failure,fault
pump,2.91,15.43,64.13,0.83,3.17,164.09,seal_leakage,warning
pump,2,12.29,59.65,1.19,2.51,190.63,seal_leakage,running
pump,4.82,13.98,66.02,0.27,2.73,114.86,cavitation,fault
pump,2.34,18.23,63.04,0.93,4.48,112.32,clogging,warning
pump,2.09,13.86,58.23,0.91,3.62,210.63,seal_leakage,warning
pump,1.29,14.11,54.8,1.09,2.94,141.8,seal_leakage,running
pump,1.04,11.5,55.86,1.14,3.85,240.58,none,running
pump,2.59,17.16,90.82,0.06,0.83,9.72,dry_run,fault
pump,2.92,13.23,63.37,0.2,3.45,79.65,cavitation,fault
pump,0.86,12.76,52.7,0.99,4.46,228.91,none,running
pump,3.08,19.28,73.35,1.09,3.92,249.94,bearing_failure,warning
pump,4.25,15.13,55,0.73,3.72,123.88,cavitation,fault
pump,1.25,12.71,59.71,1.21,3.74,175.96,none,running
pump,1.25,11.86,53.54,0.92,3.99,186.92,bearing_failure,running
pump,1.74,17.01,61.86,1.06,1.68,167.35,impeller_damage,fault
pump,3.84,13.76,62.06,1.21,1.68,144.25,impeller_damage,fault
pump,1.61,11.87,53.78,0.91,4.37,179.15,none,running
pump,1.56,15.62,66.05,0.48,2.26,135.24,cavitation,fault
pump,2.2,13.3,56.05,0.86,3.69,233.82,bearing_failure,warning
pump,1.34,11.43,60.06,1.07,3.64,191.94,none,running
pump,2.08,25.33,69.47,0.43,4.9,50.34,clogging,fault
pump,2.7,12.97,58.71,1.11,4.08,204.35,bearing_failure,warning
pump,1.43,12.62,56.82,1.04,4.14,210.56,none,running
pump,4.14,11.3,55.34,0.4,3.33,93.98,cavitation,fault
pump,1.23,11.78,52.55,1.07,4.13,231.79,none,running
pump,3.14,13.38,55.01,0.68,2.95,105.4,cavitation,warning
pump,1.55,16.58,57.81,0.87,3.85,194.54,none,warning
pump,1.5,15.3,74.99,0.83,5.07,132.05,clogging,warning
pump,2.89,14.68,67.93,0.69,2.99,133.19,impeller_damage,warning
pump,1.53,17.43,69.65,0.71,5.12,140.01,clogging,warning
pump,2.77,14.66,56.31,0.27,1.89,100.22,cavitation,fault
pump,1.17,14.52,57.88,0.77,3.2,144.79,cavitation,warning
pump,2.34,13.25,64.32,0.5,3.14,127.93,cavitation,warning
pump,1.66,10.67,59.67,0.84,2.85,167.69,impeller_damage,running
pump,3.12,21.24,59.39,0.94,5.6,102.85,clogging,fault
pump,3.43,10.79,62.82,0.38,3.52,185.44,cavitation,fault
pump,2.83,12.5,55.16,0.94,1.24,126,impeller_damage,fault
pump,2.2,15.19,82.71,0.89,3.55,173.89,bearing_failure,fault
pump,1.87,21.42,69.35,0.77,4.68,127.53,clogging,fault
pump,2.91,11.99,65.1,0.65,3.18,89.17,cavitation,warning
pump,1.63,9.15,80.68,0.42,0.82,45.86,dry_run,fault
pump,1.96,14.78,68.08,0.93,1.76,126.83,impeller_damage,fault
pump,3.17,14.45,64.08,0.75,1.28,122.6,impeller_damage,fault
pump,2.13,18.93,53.33,1.04,2.18,95.77,impeller_damage,warning
pump,2.94,13.58,86.65,1.01,4,213.66,bearing_failure,fault
pump,0.83,19.01,64.88,1.15,3.33,168.27,impeller_damage,warning
pump,5.73,14.56,59.37,0.29,2.7,146.05,cavitation,fault
pump,2.54,16.89,73.32,0.15,1.18,84.59,dry_run,fault
pump,3.78,15.75,59.66,0.61,3.24,138.14,cavitation,fault
pump,1.06,11,55.57,1.14,2.22,127.67,seal_leakage,warning
pump,2.78,18.96,56.24,0.82,1.7,138.36,impeller_damage,fault
pump,1.86,14.42,66.09,0.89,4.12,170.53,bearing_failure,warning
pump,1.37,13.05,56.76,0.79,2.26,209.11,seal_leakage,warning
pump,1.08,15.18,41.68,0.81,3.54,207.69,bearing_failure,running
pump,2.93,8.06,66.95,0.17,0.26,59.39,dry_run,fault
pump,1.9,14.23,48.85,0.96,3.85,221.74,none,running
pump,1.39,15.37,58.92,0.14,3.03,131.57,cavitation,fault
pump,1.82,13.31,56.64,0.96,2.45,182.2,seal_leakage,warning
pump,2.78,15.66,66.19,1.18,3.92,269.04,bearing_failure,warning
pump,1.94,23.76,72.78,0.91,5.12,144.33,clogging,fault
pump,2.98,15.04,62.76,0.75,1.7,148.41,impeller_damage,fault
pump,2.26,15.37,53.01,0.81,2.32,163.08,seal_leakage,warning
pump,2.52,14.11,82.15,0.37,0.12,36.33,dry_run,fault
pump,2.64,14.95,67.66,0.87,2.44,98.31,impeller_damage,warning
pump,1.61,17.58,59.61,0.95,3.07,200.08,seal_leakage,warning
pump,1.5,17.47,68.7,0.87,5.89,119.58,clogging,warning
pump,3.42,7.11,85.94,0.42,0.15,34.81,dry_run,fault
pump,2.76,17.51,60.36,1.11,1.7,125.11,impeller_damage,fault
pump,0.89,12.07,61.66,0.84,2.58,202.23,seal_leakage,running
pump,2.05,16.1,71.65,1.06,6.38,111.31,clogging,warning
pump,1.26,25.49,78.38,0.52,5.33,150.33,clogging,fault
pump,1.85,8.69,55.39,1.15,4.49,197.37,none,running
pump,1.39,11.29,57.76,0.79,2.21,155.68,seal_leakage,warning
pump,3.34,14.59,62.16,0.71,3.25,133.38,cavitation,warning
pump,2.54,12.52,90.17,0.31,0.33,25.62,dry_run,fault
pump,1.63,10.71,81.91,0.39,1.58,19.61,dry_run,fault
pump,3.5,12.67,72.2,0.93,2.75,123.63,impeller_damage,warning
pump,2.7,11.66,54.8,0.98,3.97,170.82,seal_leakage,warning
pump,1.51,9.6,50.26,1.07,4.61,172.99,none,running
pump,1.48,20.36,66.98,0.5,4.8,84.99,clogging,fault
pump,1.69,15.55,61.49,1.09,4.39,204.24,bearing_failure,running
pump,1.57,11.22,74.53,0,0.8,33.11,dry_run,fault
pump,4.77,13.51,65.76,0.54,2.66,126,cavitation,fault
pump,1.9,17.47,66.53,1.03,2.88,168.35,impeller_damage,warning
pump,1.53,11.64,64.01,0.91,2.59,219.46,seal_leakage,running
pump,2.21,7.59,80.27,0.25,0.72,46.04,dry_run,fault
pump,1.27,12.56,54.43,1.03,3.82,179.66,none,running
pump,3.36,16.95,53.9,1.17,1.9,123.52,impeller_damage,warning
pump,2.19,21.86,62.8,0.86,5.55,135.66,clogging,fault
pump,1.59,15.49,51.38,0.87,4.42,207.51,bearing_failure,running
pump,3.13,16.79,66.15,0.54,6.5,55.45,clogging,fault
pump,2.24,21.88,75.41,0.51,6.48,61.55,clogging,fault
pump,1.45,14.35,54.55,0.99,3.64,184.22,seal_leakage,running
pump,4.17,14.08,62.93,0.65,2.51,171.23,cavitation,fault
pump,0.74,14.01,61.83,0.34,5.75,69.08,clogging,fault
pump,4.72,16.12,54.87,0.45,2.9,121.44,cavitation,fault
pump,2.52,15.44,78.34,0.87,4.15,231.58,bearing_failure,fault
pump,2.92,20.67,81.63,0.4,5.01,159.34,clogging,fault
pump,1.52,18.37,44.43,0.89,3.81,202.18,bearing_failure,warning
pump,2.04,11.87,62.41,1.26,2.6,206,impeller_damage,warning
pump,1.46,17.33,59.56,1.05,3,126.76,impeller_damage,warning
pump,1.81,17.32,71.3,0.66,5.39,138.45,clogging,warning
pump,0.67,13.64,56.13,1.18,2.93,175.92,seal_leakage,running
pump,2.02,11.86,72.87,0.82,1.28,192.24,impeller_damage,fault
pump,2.52,17.11,64.36,0.66,3.38,156.57,cavitation,warning
pump,1.9,16.06,56.1,0.96,2.45,209.41,seal_leakage,warning
pump,1.58,12.55,55.1,1.07,4.5,230.75,none,running
pump,2.26,11.65,60.05,0.94,3.07,165.18,impeller_damage,warning
pump,1.46,10.81,53.46,1.09,3.69,194.54,none,running
pump,1.96,10.64,52.27,0.79,2.91,136.64,seal_leakage,warning
pump,2.76,11.75,72.63,1.09,4.28,198.79,bearing_failure,warning
pump,1.05,14.45,54.87,0.97,2.33,97.35,impeller_damage,warning
pump,1.21,19.58,63.34,0.65,4.39,55.52,clogging,fault
pump,2.26,17.79,64.25,0.96,1.98,114.92,impeller_damage,warning
pump,3.22,14.88,58.63,0.55,5.94,116.9,clogging,warning
pump,1.95,13.39,87.04,0.27,1.47,0,dry_run,fault
pump,2.59,12.38,61.13,0.5,2.2,128.01,cavitation,warning
pump,3.43,14.54,62.42,0.4,3.35,154.1,cavitation,fault
pump,4.29,17.18,58.74,0.73,3.18,177.26,impeller_damage,fault
pump,1.48,10.23,50.85,1.07,3.54,155.66,seal_leakage,running
pump,4.79,12.39,66.46,0.54,2.5,169.03,cavitation,fault
pump,1.79,11.58,55.26,1.1,3.59,149.68,seal_leakage,running
pump,1.71,16.16,54.91,1.04,1.62,86.45,impeller_damage,fault
pump,1.82,15.52,69.04,1.05,1.65,190.29,impeller_damage,fault
pump,1.56,15.26,49.7,0.96,3.76,221.39,bearing_failure,running
pump,4.58,12.28,54.41,0.67,3.22,152.46,cavitation,fault
pump,5.24,13.14,52.17,0.26,2.92,107.98,cavitation,fault
pump,1.8,14.1,87.24,0.47,1.29,80.86,dry_run,fault
pump,2.49,20.96,70.55,0.6,4.78,90.02,clogging,fault
pump,1.37,15.27,59.02,0.7,4.82,106.85,clogging,warning
pump,5.29,13.24,59.54,0.81,3.06,142.33,cavitation,fault
pump,2.68,23.19,61.68,1,6.62,138.22,clogging,fault
pump,3.86,10.05,67.54,0.22,0.83,67.67,dry_run,fault
pump,2.9,12.52,70.24,1.08,3.65,196.99,bearing_failure,warning
pump,2.4,11.91,54.69,0.71,2.84,155.04,cavitation,warning
pump,2.68,7.81,87.65,0.3,0.57,9.18,dry_run,fault
pump,2.35,15.91,60.51,0.16,3.03,118.33,cavitation,fault
pump,3.07,22.05,65.3,0.4,5.56,74.52,clogging,fault
pump,1.43,12.93,59.3,1.22,4.64,214.49,none,running
pump,1.24,14.47,57.85,0.78,2.86,96.35,impeller_damage,warning
pump,3.07,22.21,66.74,0.86,4.78,48.41,clogging,fault
pump,2.81,19.44,54.25,0.74,1.88,73.53,impeller_damage,fault
pump,2.42,15.06,68.8,1.03,4.29,179.98,bearing_failure,warning
pump,3,15.11,67.3,0.77,3.37,184.87,impeller_damage,warning
pump,2.16,14.89,64.17,0.47,4.46,80.47,clogging,fault
pump,1.52,11.64,56.07,0.88,3.68,236.27,none,running
pump,1.49,19.84,62.64,0.79,5.05,135.86,clogging,warning
pump,1.63,18.91,54.82,0.67,3.11,126.66,impeller_damage,warning
pump,2.17,11.42,56.07,0.98,2.5,167.74,cavitation,warning
pump,2.76,22.03,75.77,0.91,4.76,110.76,clogging,fault
pump,1.53,13.21,58.73,1.07,3.72,231.36,none,running
pump,2.05,9.56,72.46,0.25,0.15,0,dry_run,fault
pump,2.88,6.93,69.14,0.15,0.4,12.7,dry_run,fault
pump,1.61,12.68,50.75,1.16,3.78,271.37,none,running
pump,1.46,12.47,53.95,1.17,4.58,243.93,none,running
pump,1.96,14.13,78.75,0.38,0.71,28.9,dry_run,fault
pump,1.8,14.37,57.17,0.87,3.34,211.05,seal_leakage,running
pump,1.98,12.93,76.17,0.48,0.61,28.58,dry_run,fault
pump,1.45,24.58,69.36,0.9,4.51,45.66,clogging,fault
pump,5.01,11.12,62.55,0.14,3.67,152.99,cavitation,fault
pump,0.42,12.59,68.31,0.9,2.44,104.77,seal_leakage,warning
pump,4.11,13.26,64.16,0.66,2.68,100.55,cavitation,fault
pump,3.53,14.17,78.73,0.2,1.58,41.66,dry_run,fault
pump,2.7,14.17,94.69,0.13,1.44,0,dry_run,fault
pump,2.62,14.51,71.19,0.45,1.39,40.94,dry_run,fault
pump,2.22,9.91,55.08,1.06,3.53,189.32,seal_leakage,warning
pump,2.61,18.98,63.76,1.08,3.57,203.51,bearing_failure,warning
pump,1.25,18.13,68.45,0.7,1.31,143.39,impeller_damage,fault
pump,2.36,13.02,64.96,0.41,5.38,144.83,clogging,fault
pump,1.51,13.4,52.01,1.26,4.32,266.42,none,running
pump,1.75,17.41,54.66,1.1,4.13,239.82,none,warning
pump,2.17,13.8,70.83,0.6,6.59,88.18,clogging,warning
pump,3.58,12.64,57,0.69,2.44,189.35,cavitation,fault
pump,1.9,14.52,62.84,0.08,2.18,198.94,cavitation,fault
pump,0.55,11.26,59.59,1.08,2.36,98.8,impeller_damage,warning
pump,2.16,15.04,61.68,0.83,1.73,100.91,none,fault
pump,1.9,19.74,51.23,0.78,1.9,152.29,impeller_damage,warning
pump,1.91,13.78,58.73,1.05,3.52,228.31,bearing_failure,running
pump,3.09,13.36,64.42,0.88,3.48,127.27,cavitation,warning
pump,2.09,18.99,59.59,0.55,5.05,132.25,clogging,warning
pump,1.79,18.82,72.19,0.77,6.62,115.38,clogging,warning
pump,1.78,10.59,68.45,0.95,2.64,97.33,impeller_damage,warning
pump,3.68,12.89,57.53,0.48,3.46,95.56,cavitation,fault
pump,2.18,17.18,63.56,0.78,3.11,149.77,seal_leakage,warning
pump,2.71,17.56,58.05,0.74,2.44,131.66,impeller_damage,warning
pump,1.19,16.49,63.92,0.77,5.25,54.24,clogging,fault
pump,1.79,13.97,55.67,0.93,3.58,163.78,bearing_failure,running
pump,2.18,17.19,56.11,0.67,1.93,137.61,cavitation,warning
pump,3.4,14.84,62.58,1.14,3.63,217.39,bearing_failure,warning
pump,1.62,15.34,50.5,1.2,4.23,283.17,none,running
pump,1.6,17.48,55.96,0.68,3.03,158.56,cavitation,warning
pump,2.28,13.13,75.57,0.85,4.83,58.44,clogging,fault
pump,4.32,10.8,85.68,0.16,1.74,54.6,dry_run,fault
pump,3.87,17.47,77.05,0.84,3.79,254.04,bearing_failure,fault
pump,0.68,11.61,55.25,0.82,2.18,175.8,seal_leakage,warning
pump,1.81,9.93,57.13,1.14,4.01,189.48,none,running
pump,1.8,12.72,61.54,0.79,2.86,149,impeller_damage,warning
pump,2.88,17.38,66.9,1.07,3.63,234.09,bearing_failure,warning
pump,5.53,10.42,67.57,0.46,2.73,134.23,cavitation,fault
pump,2.73,22.58,62.13,0.58,4.81,41.27,clogging,fault
pump,4.26,14.92,64.11,0.31,2.92,144.11,cavitation,fault
pump,3.16,11.89,57.84,0.54,3.6,154.77,cavitation,warning
pump,1.44,11.79,49.13,0.89,4.31,236.26,none,running
pump,2.63,11.48,70.39,0.39,0,36.45,dry_run,fault
pump,1.36,20.86,65.3,0.75,6.26,94.02,clogging,fault
pump,1.86,9.7,55.09,0.93,3.92,183.88,none,running
pump,1.15,11.69,60.73,1.06,3.99,182.81,none,running
pump,1.48,13.73,55.24,0.89,3.79,234.74,none,running
pump,2.79,11.49,62.96,0.25,2.09,92.63,cavitation,fault
pump,3.23,12.17,86.93,0.13,1.44,0,clogging,fault
pump,2.9,12.59,63.58,0.85,2.52,130.93,cavitation,warning
pump,2.03,19.24,74.05,0.99,4.4,116.99,clogging,warning
pump,2.87,20.27,70.04,0.95,4.04,267.1,bearing_failure,fault
pump,2.38,14.17,73.45,0.93,3.84,207.75,bearing_failure,warning
pump,3.01,14.79,65.16,0.74,2.03,145.09,impeller_damage,warning
pump,2.23,13.47,62.58,0.79,1.82,164.98,impeller_damage,warning
pump,2.73,11.93,83.12,0.49,1.25,57.9,dry_run,fault
pump,3.02,14.05,85.92,0.34,1.2,25.34,dry_run,fault
pump,1.17,12.72,59.54,1.11,2.45,160.14,seal_leakage,warning
pump,1.81,17.32,30.11,1.12,4.2,217.44,bearing_failure,warning
pump,1.57,14.69,54.89,0.45,2.5,148.95,cavitation,fault
pump,1.75,15.39,50.38,0.96,4.46,255.19,none,running
pump,2.14,15.55,84.47,1.11,3.69,224.66,bearing_failure,fault
pump,1.15,11.68,49.76,1.1,4.04,219.09,none,running
pump,3.72,10.55,90.24,1.08,3.67,172.61,bearing_failure,fault
pump,2.04,10.03,77.19,0.05,0.12,43.26,dry_run,fault
pump,1.22,10.98,60.47,0.97,4.09,215.16,none,running
pump,1.82,11.16,56.73,1.06,4.04,205.55,none,running
pump,1.92,9.79,54.13,1.03,2.95,131.9,seal_leakage,running
pump,3.02,14.49,65.02,1.04,2.99,144.26,impeller_damage,warning
pump,3.58,11.72,90.34,1.05,3.67,171.56,bearing_failure,fault
pump,2.13,18.25,66.23,0.98,1.56,122.63,clogging,fault
pump,3.12,16.95,54.76,1.14,2.96,173.04,impeller_damage,warning
pump,2.04,18.98,66.63,0.91,4.75,67.22,clogging,fault
pump,0.98,14.92,56.17,0.78,2.23,127.67,impeller_damage,warning
pump,2.92,13.36,75.5,1.21,4.44,228.74,bearing_failure,fault
pump,3.68,18.46,70.08,0.89,4.51,246.89,bearing_failure,fault
pump,1.84,13.95,65.46,0.05,0.74,49.22,dry_run,fault
pump,3.41,11.13,83.5,0.17,0.96,37.35,dry_run,fault
pump,1.51,9.26,77.8,0.39,1.66,39.31,dry_run,fault
pump,3.11,18.93,65.88,0.94,3.99,219.99,bearing_failure,warning
pump,2.95,10.7,55.73,1.06,1.58,122.68,impeller_damage,fault
pump,5.66,13.31,53.59,0.76,2.53,151.51,cavitation,fault
pump,2.17,17.53,75.92,0.75,6.02,80.13,clogging,fault
pump,1.3,9.6,52.68,1.05,2.41,173.46,seal_leakage,warning
pump,4.75,11.16,63.85,0.74,2.4,140.16,cavitation,fault
pump,2.01,14.55,68.56,0.85,3.93,233.29,bearing_failure,warning
pump,2.04,15.76,63.91,0.94,2.94,131.27,impeller_damage,warning
pump,2.99,10.89,93.37,0.32,0.23,47.15,dry_run,fault
pump,2.5,13.5,54.51,0.5,1.93,169.77,cavitation,warning
pump,2.68,13.87,87.49,0.93,3.58,225.03,bearing_failure,fault
pump,4.29,13.13,87.31,0.17,0.48,29.93,dry_run,fault
pump,2.32,10.92,70.71,0.32,0.17,44.37,dry_run,fault
pump,3.04,16.15,73.35,1.05,2.44,147.66,impeller_damage,warning
pump,1.86,19.43,61.46,0.42,6.6,118.78,clogging,fault
pump,3.39,17.55,75.13,1.07,4.24,263.39,bearing_failure,fault
pump,2.73,14.43,59.05,0.98,2.26,192.49,cavitation,warning
pump,1.2,24.62,60.92,1.01,5.94,85.34,clogging,fault
pump,1.99,18.26,60.17,0.78,3.18,99.1,impeller_damage,warning
pump,3.56,11.58,72.45,0.31,1.33,21.82,dry_run,fault
pump,2.54,21.54,63.89,0.82,4.46,67.81,clogging,fault
pump,2.83,13.96,55.34,0.86,2.2,98.59,impeller_damage,warning
pump,1.07,15.95,60.95,0.94,4.34,224.04,none,running
pump,4.71,11.54,66.41,0.48,2.86,120.49,cavitation,fault
pump,2.21,20.27,66.69,0.66,5.85,92.79,clogging,fault
pump,1.78,18.44,36.36,1.21,3.71,212.49,bearing_failure,warning
pump,2.07,16.7,61.23,1.09,4.12,190.57,bearing_failure,warning
pump,1.78,15.01,57.38,1.11,3.22,177.63,seal_leakage,running
pump,2.43,7.72,91.87,0.21,1.3,41.29,dry_run,fault
pump,1.66,9.72,62.1,1.13,3.9,200.58,none,running
pump,2.11,16.23,80.1,0,0.47,64.72,dry_run,fault
pump,1.83,15.83,55.02,0.93,3.94,178.61,bearing_failure,running
pump,4.54,13.62,58.66,0.5,3.36,131.44,cavitation,fault
pump,1.41,13.04,52.41,0.95,3.97,216.16,none,running
pump,1.72,15.51,55.59,0.99,4.06,229.75,none,running
pump,3.92,14.95,59.15,0.41,3.3,108.09,cavitation,fault
pump,2.41,14.13,54.95,0.84,2.02,162.67,impeller_damage,warning
pump,1.94,9.95,59.4,1.1,2.97,157.15,seal_leakage,running
pump,1.73,14.14,49.31,1.27,4.28,217.95,none,running
pump,1.57,19.12,58.04,0.65,2.55,127.93,impeller_damage,warning
pump,5.65,16.67,66.76,0.5,2.89,137.96,cavitation,fault
pump,2.03,13.51,62.26,0.9,3.57,143.98,seal_leakage,warning
pump,2.79,16.92,60.73,0.96,5.04,63.16,clogging,fault
pump,4.46,14.96,57.65,0.29,3.69,171.17,cavitation,fault
pump,1.79,16.88,51.17,1.19,3.15,150.68,seal_leakage,warning
pump,1.33,15.49,55.41,0.96,3.52,140,seal_leakage,running
pump,2.35,14.32,61.57,0.86,3.67,196.65,bearing_failure,warning
pump,4.27,13.14,82.39,0.94,4.12,207.08,bearing_failure,fault
pump,4.03,13.07,84.94,1.13,4,206.77,bearing_failure,fault
pump,2.95,14.09,81.02,0.19,1.09,43.03,dry_run,fault
pump,2.19,15.86,60.21,0.73,1.53,127.03,impeller_damage,fault
pump,1.23,21.38,65.68,0.85,2.28,108.36,impeller_damage,fault
pump,2.64,12.77,60.3,0.25,3.73,92.92,cavitation,fault
pump,1.32,13.84,58.33,1.14,4.26,207.21,none,running
pump,3.84,12.33,58.65,0.45,3.87,105.11,cavitation,fault
pump,0.7,15.22,64.5,1.18,3.19,217.18,seal_leakage,running
pump,3.49,15.2,85.62,1.2,4.02,212.71,bearing_failure,fault
pump,1.38,13.93,52.52,0.96,4.64,260.74,none,running
pump,3.75,7.36,73.26,0.38,0.87,56.05,dry_run,fault
pump,3.53,8,90.74,0.04,0.95,72.3,dry_run,fault
pump,2.45,14.59,65.96,0.91,3.07,131.32,impeller_damage,warning
pump,0.7,19.57,58.96,1.01,2.6,144.88,impeller_damage,warning
pump,0.72,11.75,56.04,0.73,3.41,170.48,seal_leakage,warning
pump,1.49,14.88,90.77,0.26,0.44,0,dry_run,fault
pump,3.15,18.23,66.47,0.84,5.87,119.42,clogging,warning
pump,1.37,17.45,67.13,0.96,2.26,141.18,impeller_damage,warning
pump,0.78,15.19,62.8,1.03,3.32,142.73,seal_leakage,running
pump,0.89,15.54,76.72,0.39,5.02,77.18,clogging,fault
pump,4.63,8.2,72.99,0.36,1.15,24.61,dry_run,fault
pump,2.43,17.74,62.76,0.31,2.11,145.4,cavitation,fault
pump,3.12,15.7,56.65,0.46,3.27,172.71,cavitation,fault
pump,2.06,9.76,58.78,1.05,3.06,144.13,seal_leakage,warning
pump,1.93,11.62,55.55,1.11,3.34,191.54,seal_leakage,running
pump,2.57,12.19,50.64,0.96,3.47,157.66,seal_leakage,warning
pump,4.15,14.71,59.99,0.39,2.25,175.95,cavitation,fault
pump,2.05,19.1,58.33,0.91,1.64,151.78,impeller_damage,fault
pump,1.34,15.49,63.45,0.91,2.68,168.57,seal_leakage,running
pump,3.36,12.35,52.82,1.19,1.62,136.42,impeller_damage,fault
pump,1.07,15.03,58.9,0.89,3.9,198.36,seal_leakage,running
pump,3.13,8.77,77.38,0,1.32,1.61,dry_run,fault
pump,1.58,14.45,53.1,1.09,4.44,243.58,none,running
pump,1.17,18.98,48.8,1,4.33,195.81,dry_run,warning
pump,2.56,12.55,69.62,1.03,2.75,183.79,impeller_damage,warning
pump,2.18,10.17,51.16,1.02,2.58,185.27,seal_leakage,warning
pump,4.84,12.53,67.48,0.52,2.43,161.69,cavitation,fault
pump,2.42,14.39,57.83,1.23,2.32,175.15,seal_leakage,warning
pump,1.19,14.77,52.42,1.11,1.81,113.49,impeller_damage,warning
pump,1.09,17.98,39.31,1.16,4.52,232.48,bearing_failure,warning
pump,2.22,12.83,82.62,0.28,0.51,8.57,dry_run,fault
pump,2.46,12.98,54.8,0.99,1.6,104.97,impeller_damage,fault
pump,2.23,14.6,62.12,0.76,2.74,178.04,impeller_damage,warning
pump,4.69,16.47,64.54,0.29,3.07,130.33,cavitation,fault
pump,4.31,10.98,88.22,0.26,0.13,56.13,dry_run,fault
pump,1.8,17.23,57.69,0.85,2.17,145.41,impeller_damage,warning
pump,3.88,14.52,84.76,1.04,3.57,221.06,clogging,fault
pump,1.55,10.8,48.85,1.17,3.88,219.56,none,running
pump,1.23,11.64,57.56,1.13,3.91,207.32,none,running
pump,2.35,14.61,57.8,0.52,3.48,187.77,cavitation,warning
pump,1.46,12.56,57.37,1.11,3.73,206.73,none,running
pump,1.43,11.52,59,1.43,3.91,249.32,none,running
pump,2.43,21.26,64.58,0.55,6.88,132.49,clogging,fault
pump,1.15,13.06,53.23,0.95,3.77,158.05,seal_leakage,running
pump,3.67,12.71,55.09,0.56,3.53,99.87,cavitation,fault
pump,1.49,14.02,52.08,1.08,3.06,193.57,seal_leakage,running
pump,1.42,10.07,52.82,1.02,3.94,176.09,none,running
pump,2.17,9.37,89.53,0.39,1.63,20.34,dry_run,fault
pump,2.56,18.2,72.55,1.04,4.46,222.31,bearing_failure,warning
pump,1.23,18.1,65.5,0.99,2.14,159.55,impeller_damage,warning
pump,1.75,12.53,69.35,0.86,5.11,85.31,clogging,warning
pump,2.77,15.33,62.24,0.46,4.6,84.42,clogging,fault
pump,1.73,14.41,60.92,0.31,3.48,126.4,cavitation,fault
pump,3.14,12.32,65.09,0.2,1.12,27.55,dry_run,fault
pump,2.21,9.06,78.43,0.48,1.54,31.64,seal_leakage,fault
pump,0.78,12.95,55.17,1.16,2.26,134.73,seal_leakage,warning
pump,3.96,16.44,59.96,0.17,2.82,149.6,cavitation,fault
pump,3.6,15.79,55.88,0.91,1.34,147.89,impeller_damage,fault
pump,2.33,18.75,71.9,1.06,6.6,90.25,clogging,warning
pump,2.86,17.11,63.37,0.83,2.82,107.09,impeller_damage,warning
pump,3.45,13.42,84.08,0.12,0.42,26.68,dry_run,fault
pump,2.86,17.67,72.98,0.57,4.94,114.88,clogging,warning
pump,2.96,14.13,75.19,1.01,3.94,260.62,bearing_failure,fault
pump,2.35,10.19,87.76,0.06,0.86,59.42,dry_run,fault
pump,1.65,13.2,50.88,0.98,2.84,206.51,seal_leakage,running
pump,1.9,13.92,55.62,1.23,4.41,245.37,none,running
pump,2.76,20.27,66.26,1.02,3.02,147.23,impeller_damage,fault
pump,1.73,7.72,80.42,0.39,1.21,92.66,dry_run,fault
pump,1.47,15.14,55.17,0.93,2.97,193.54,seal_leakage,running
pump,0.66,13.65,52.97,1.12,3.27,142.7,seal_leakage,running
pump,2.49,17.06,54.73,1.09,2.7,127.33,impeller_damage,warning
pump,2.16,12.11,66.64,0.41,3.62,86.11,cavitation,fault
pump,4.25,12.65,64.57,0.52,2.71,98.94,cavitation,fault
pump,1.72,19.24,59.95,0.48,6.01,70.24,clogging,fault
pump,1.5,14.45,66.88,0.59,4.77,104.11,clogging,warning
pump,3.58,12.38,83.77,0.41,1.38,62.7,dry_run,fault
pump,3.78,18.15,57.23,1.01,4.17,210.09,bearing_failure,fault
pump,1.54,10.43,56.98,1.13,3.53,152.4,seal_leakage,running
pump,1.66,16.38,57.29,1.04,4.31,270.64,none,warning
pump,2.55,14.9,70.93,0.07,0.37,3.82,dry_run,fault
pump,1.06,10.63,55.55,1,4.24,206.49,none,running
pump,1.84,15.82,66.81,0.96,5.3,130.03,clogging,warning
pump,1.54,18.29,63.18,0.76,1.61,174.14,impeller_damage,fault
pump,3.91,11.1,63.3,0.63,2.72,151.35,cavitation,fault
pump,2.57,11.01,60.96,0.68,3.69,161.45,cavitation,warning
pump,2.88,7.73,69.75,0.21,1.06,37.55,dry_run,fault
pump,1.71,12.94,73.04,1.11,4.4,178.93,bearing_failure,warning
pump,3.37,17.67,77.89,1.13,3.66,220.86,bearing_failure,fault
pump,1.73,14.76,60.85,0.95,3.32,196.01,seal_leakage,running
pump,2.7,9.29,90.1,0.2,1.36,50.64,dry_run,fault
pump,2.72,15.38,52.28,1.1,2.76,124.49,impeller_damage,warning
pump,3.29,15.69,66.17,0.61,2.18,151.02,cavitation,warning
pump,1.97,22.33,63.48,0.53,5.94,49.03,clogging,fault
pump,1.74,10.45,52.25,1.2,4.02,196.97,none,running
pump,2.27,15.36,60.69,0.93,1.47,153.93,impeller_damage,fault
pump,1.73,15.05,71.91,1.04,1.5,100.38,impeller_damage,fault
pump,1.16,14.21,59.01,1.24,3.7,255.09,none,running
pump,2,18.14,59.26,1.04,2.97,83.74,impeller_damage,warning
pump,1.97,9.5,78.14,0.36,0.48,0,dry_run,fault
pump,4.12,10.01,83.6,0.14,0.44,24.3,dry_run,fault
pump,2.71,15.98,65.97,0.58,4.83,62.22,clogging,fault
pump,1.21,13.03,89.76,0.28,0,49.97,dry_run,fault
pump,3.99,14.61,81.76,0.19,0.84,6.91,dry_run,fault
pump,1.59,13.07,61.55,0.79,5.19,92.01,clogging,warning
pump,3.86,14.3,78.6,0.43,1.05,55,dry_run,fault
pump,2.29,13.06,78.63,1.2,3.44,185.92,bearing_failure,fault
pump,1.4,14.11,55.35,1.14,3.93,224.28,none,running
pump,4.09,6.86,69.76,0,0.47,68.4,dry_run,fault
pump,1.96,11.75,57.87,1.22,2.86,181.78,seal_leakage,running
pump,3.79,11.36,66.45,0.24,2.52,129.56,cavitation,fault
pump,1.89,13.61,55.73,0.74,1.52,154.92,impeller_damage,fault
pump,2.28,17.14,56.79,1.12,2.11,140.05,impeller_damage,warning
pump,1.88,16.53,65.54,0.4,4.44,152.72,clogging,fault
pump,2.14,18.18,57.84,1.02,3.2,133.75,impeller_damage,warning
pump,1.23,11.82,53.42,0.96,4.14,235.22,none,running
pump,2.45,19.45,55.35,1.11,2.48,147.92,impeller_damage,warning
pump,1.41,18.31,59.99,0.84,1.73,101.39,impeller_damage,fault
pump,2.37,15.48,68.32,0.68,3.84,103.69,cavitation,warning
pump,2.44,14.4,63.06,0.98,2.4,170.75,seal_leakage,warning
pump,3.4,13.12,54.45,0.85,3.07,118.05,impeller_damage,warning
pump,1.26,14.76,51.94,0.92,4.56,215.24,none,running
pump,2.38,16.62,65.32,0.96,3.53,230.8,bearing_failure,warning
pump,0.96,11.48,57.59,1.24,3.96,200.65,none,running
pump,3.12,16.13,66.68,0.41,5.16,70.64,clogging,fault
pump,1.41,26,70.79,0.57,5.19,125.23,clogging,fault
pump,1.89,20.98,63.58,0.94,4.41,69.35,clogging,fault
pump,4.57,10.89,67.9,0.73,3.13,103.55,cavitation,fault
pump,1.95,16.42,62.49,0.83,2.36,173.66,impeller_damage,warning
pump,1.57,9.16,69.1,0.21,0.52,62.09,dry_run,fault
pump,1.82,14.75,58.94,1.09,2.02,106.04,impeller_damage,warning
pump,1.37,10.2,50.4,1.02,4.57,211.8,none,running
pump,5.26,9.89,63.95,0.51,2.25,164.11,cavitation,fault
pump,3.81,10.8,69.27,0.51,2.96,96.1,cavitation,fault
pump,2.44,13.75,62.83,0.38,3.01,164.67,cavitation,fault
pump,1.93,11.04,58.16,0.91,2.37,197.59,seal_leakage,warning
pump,3.7,18.79,57.97,0.28,2.71,182.43,cavitation,fault
pump,2.62,17.71,78.66,0.92,4.07,227.46,bearing_failure,fault
pump,3.55,13.32,59.91,0.65,2.72,167.83,impeller_damage,fault
pump,1.63,18.86,73.03,0.67,5.38,119.02,clogging,warning
pump,2.12,18.97,60.21,0.46,6.46,108.87,clogging,fault
pump,1.58,21.64,69.62,0.56,6.23,113.73,clogging,fault
pump,1.96,13.16,85.72,0.32,0.93,0,dry_run,fault
pump,3.58,14.63,58.62,1.11,3.8,230.66,bearing_failure,fault
pump,2.67,13.16,62.41,1.19,2.69,77.78,impeller_damage,fault
pump,1.02,19.11,77.92,0.59,5.29,96.14,clogging,fault
pump,3.5,13.86,69,0.68,1.88,129.21,cavitation,warning
pump,1.74,11.17,67.64,0.28,1.71,34.65,dry_run,fault
pump,1.29,12.98,57.61,1.24,3.74,281.32,none,running
pump,2.05,15.28,58.42,0.56,3.8,147.39,cavitation,warning
pump,3.72,16.89,77.29,0.09,0.75,54.03,dry_run,fault
pump,1.09,8.34,75.05,0.2,0.18,69.24,dry_run,fault
pump,2.55,10.67,54.14,0.68,3.7,111.85,cavitation,warning
pump,1.26,19.72,57.69,0.99,6.06,122.97,clogging,warning
pump,2.41,15.84,67.02,0.25,3.36,157.05,cavitation,fault
pump,4.35,13.22,61.02,0.77,2.64,133.26,cavitation,fault
pump,2.68,10.12,71.16,0.07,1.29,53.41,dry_run,fault
pump,3.61,13.89,93.92,0.22,0,26.9,dry_run,fault
pump,2.95,11.23,64.21,1.11,2.3,134.62,impeller_damage,warning
pump,1.41,20.42,60.58,0.69,6.43,136.93,clogging,fault
pump,4.86,9.78,66.19,0.07,0.24,39.46,dry_run,fault
pump,1.13,15.53,55.63,0.97,3.62,163.16,seal_leakage,running
pump,0.81,14.47,68.3,0.75,4.45,88.34,clogging,warning
pump,2.75,8.32,69.66,0.27,0.73,26.4,dry_run,fault
pump,2.5,21.8,68.86,0.52,4.64,59.97,clogging,fault
pump,3.32,8.32,86.66,0.14,1.07,50.75,dry_run,fault
pump,2.74,14.7,64.37,0.94,2.6,161.98,seal_leakage,warning
pump,1.61,12.26,64.65,1.09,1.63,132.22,impeller_damage,fault
pump,2.49,14.96,76.1,0.92,6.26,85.42,clogging,fault
pump,2.51,19.21,61.45,0.82,4.3,104.6,clogging,warning
pump,1.69,13.11,53.68,1.19,3.82,227.53,none,running
pump,2.65,11.52,67.06,0.39,2.11,92.11,cavitation,fault
pump,2.13,12.89,66.26,1.1,2.52,179.8,seal_leakage,warning
pump,3.17,13.5,64.09,0.95,3.71,174.99,bearing_failure,warning
pump,1.31,9.06,52.39,1,3.8,186.81,none,running
pump,1.85,13.23,37.4,1.06,3.59,212.52,bearing_failure,running
pump,1.34,9.37,55.9,1.05,4.18,222.18,none,running
pump,3.11,14.27,76.13,0.23,1.68,33.32,dry_run,fault
pump,3.62,10.35,81.46,0.08,0.54,47.69,dry_run,fault
pump,1.17,11.04,74.77,0.78,1.99,169.9,impeller_damage,warning
pump,2.09,12.3,53.5,0.58,3.72,136.69,cavitation,warning
pump,2.36,13.98,55.11,1.08,2.82,111.59,impeller_damage,warning
pump,1.96,17.98,65.21,0.99,3.7,198.64,bearing_failure,warning
pump,1.42,22.92,72.08,0.85,6.19,149.09,clogging,fault
pump,1.83,14.3,58.6,1,2.41,154.63,impeller_damage,warning
pump,1.93,25.19,59.78,0.84,6.53,116.3,clogging,fault
pump,1.54,9.22,57.11,1.1,4.31,165.03,none,running
pump,3.91,15.94,92.26,0.19,0.13,12.17,dry_run,fault
pump,2.51,19.47,79.59,0.5,4.65,129.03,clogging,fault
pump,1.76,11.44,48.67,1.24,4.21,177.32,none,running
pump,2.3,25.36,59.91,0.56,4.74,80.53,clogging,fault
pump,1.03,15.48,55.46,0.84,2.85,129.56,impeller_damage,running
pump,2.64,13.75,56.13,1.08,3.66,206.41,seal_leakage,warning
pump,2.91,13.93,61.67,0.75,2.94,166.3,cavitation,warning
pump,2.28,18.51,59.15,0.29,3.55,121.97,cavitation,fault
pump,3.23,10.88,53.69,0.65,2.8,134.81,cavitation,warning
pump,2.16,15.82,65.3,1.07,2.09,167.38,impeller_damage,warning
pump,2.44,15.25,70.55,0.94,3.55,215.4,bearing_failure,warning
pump,2.97,13.81,52.84,1.05,4.33,171.17,bearing_failure,warning
pump,1.39,12.78,53.44,1.14,3.63,224.4,none,running
pump,1.89,12.14,53.41,0.78,2.62,103.55,impeller_damage,warning
pump,2.13,15.72,58.59,0.55,3.14,129.18,cavitation,warning
pump,3.63,12.3,63.94,0.97,3.97,210.82,bearing_failure,fault
pump,0.92,11.84,55.51,0.95,2.29,146.93,seal_leakage,warning
pump,1.69,17.92,71.45,1.01,4.98,75.66,clogging,fault
pump,1.48,11.86,58.99,1.16,3.66,189.53,none,running
pump,2.35,18.07,69.09,0.87,1.7,163.13,impeller_damage,fault
pump,3.31,12.35,62.68,0.49,2.96,146.67,cavitation,fault
pump,2.62,17.6,54.61,0.75,3.12,171.87,impeller_damage,warning
pump,3.23,13.06,70.03,0.27,0.65,29.82,dry_run,fault
pump,4.64,11.03,83.41,1,4.08,216.46,bearing_failure,fault
pump,2.46,15.85,54.69,0.74,2.56,148.56,cavitation,warning
pump,3.19,13.62,66,0.11,0.46,17.77,dry_run,fault
pump,2.36,11.98,60.35,1.18,4.11,170.77,bearing_failure,warning
pump,1.18,19.3,62.51,0.62,6.13,142.89,clogging,warning
pump,2.94,7.38,84.78,0.33,0.68,65.79,dry_run,fault
pump,2.94,13.96,78.65,0.37,0.04,19.22,dry_run,fault
pump,1.35,11.59,87.51,0.03,0.17,15.53,dry_run,fault
pump,1.03,11.1,55.14,0.96,4.32,188.81,none,running
pump,1.43,8.89,52.6,1.23,3.88,183.24,none,running
pump,3.31,16.32,54.73,0.65,2.33,188.38,cavitation,warning
pump,1.06,14.37,52.17,1.25,4.76,273.65,none,running
pump,2.21,14.9,64.76,0.46,2.97,133.42,cavitation,fault
pump,2.96,13.54,82.12,0.33,0.56,0,dry_run,fault
pump,2.46,9.62,82.34,0.21,0.91,15.83,dry_run,fault
pump,1.21,11.32,58.2,1.12,4.17,188.66,none,running
pump,1.99,23.58,77.02,0.71,6.28,115.89,clogging,fault
pump,1.4,14.88,51.38,1.2,4.34,229.71,none,running
pump,2.8,15.76,61.94,0.96,1.54,91.44,impeller_damage,fault
pump,2.43,10.67,56.47,0.38,3.29,183.05,cavitation,fault
pump,1.14,13.54,51.62,1.31,4.57,227,none,running
pump,3.09,15.97,65.09,0.28,2.35,163.92,cavitation,fault
pump,1.95,15.24,63.93,0.79,2.06,160.89,impeller_damage,warning
pump,1.93,11.89,88.04,0.02,0.38,28.11,dry_run,fault
pump,2.42,12.11,69.01,0.6,3.53,91.62,cavitation,warning
pump,1.51,12.89,50.29,1.03,4.4,256.6,none,running
pump,2.45,16.8,62.59,1.03,3.16,198.19,impeller_damage,warning
pump,2.54,18.03,59.26,1.25,4.01,248.41,bearing_failure,warning
pump,1.92,14.75,52.58,1.01,2.06,146.78,seal_leakage,warning
pump,1.11,13.77,34.34,1.25,3.63,236.17,bearing_failure,running
pump,1.13,11.97,54.3,1.09,4.21,249.46,none,running
pump,2.77,9.95,75.98,0.24,1.93,56.9,dry_run,fault
pump,2.18,17.85,64.7,0.75,6.35,73.15,clogging,fault
pump,1.78,11.01,72.39,1.02,3.08,83.48,impeller_damage,warning
pump,1.52,14.4,51.53,0.93,4.1,269.28,none,running
pump,3.12,18.7,70.09,1.12,1.36,121.2,impeller_damage,fault
pump,4.52,14.2,62.47,0.53,3.68,177.35,cavitation,fault
pump,2.57,17.1,68.47,0.58,6.02,107.88,clogging,warning
pump,2.32,9.37,65.35,0,0.13,46.76,seal_leakage,fault
pump,2.71,19.7,71.46,0.67,6.67,135.08,clogging,warning
pump,1.8,22.51,68.41,0.97,6.78,87.02,clogging,fault
pump,1.27,14.02,53.07,1.11,3.96,218.71,none,running
pump,1.14,12.62,46.17,1.03,3.89,174.33,none,running
pump,4.61,14.99,59.08,0.16,2.71,197.55,cavitation,fault
pump,2.37,17.38,58.71,1.01,3.05,123.96,impeller_damage,warning
pump,1.57,20.49,61,0.86,4.72,129.9,clogging,fault
pump,2.13,15.04,57.16,1.05,2.59,160.8,seal_leakage,warning
pump,4,15.34,79.17,0.92,4.3,189.04,bearing_failure,fault
pump,1.8,14.3,62.8,0.7,6.38,139.97,clogging,warning
pump,0.9,17.38,70.02,0.67,5.29,69.35,clogging,fault
pump,1.95,13.29,57.97,1.08,2.98,150.83,seal_leakage,running
pump,4.41,14.85,59.26,0.7,3.19,163.77,cavitation,fault
pump,1.38,8.59,68.92,0.33,1.69,31.24,dry_run,fault
pump,1.7,9.73,54.21,1.02,4.28,186.23,none,running
pump,2.08,9.41,51.37,0.83,2.7,150.43,seal_leakage,warning
pump,3.75,13.76,79.69,0.95,3.63,235.14,bearing_failure,fault
pump,0.96,10.8,50.68,1.11,2.15,203.38,seal_leakage,warning
pump,1.36,13.36,65.43,1.1,3.62,145.47,seal_leakage,warning
pump,4.17,11.83,71.66,0.07,0.15,60.73,dry_run,fault
pump,1.49,17.77,59.98,0.96,2.32,170.22,impeller_damage,warning
pump,1.6,15.62,61.55,0.97,2.17,134.78,seal_leakage,warning
pump,2.63,14.24,63.06,0.22,3.63,156.81,cavitation,fault
pump,3.25,13.97,68.67,0.99,3.46,221.5,bearing_failure,warning
pump,2.38,23.17,71.24,0.61,6.12,141.62,clogging,fault
pump,1.62,12.35,52.33,1.05,4.55,208.2,none,running
pump,3.56,13.5,60.23,0.49,3.69,125.29,cavitation,fault
pump,3.64,11.32,62.71,0.78,2.79,184.48,cavitation,fault
pump,1.49,10.95,51.95,1.12,3.83,178.46,none,running
pump,3.85,13.25,57.47,0.8,2.48,121.89,cavitation,fault
pump,2.73,14.2,61.31,0.93,4.48,197.49,bearing_failure,warning
pump,2.14,13.56,55.56,1,3.06,119.98,impeller_damage,warning
pump,1.62,19.53,60.53,1.1,2.56,72.48,cavitation,fault
pump,1.79,22.32,70.84,0.43,4.27,69.56,clogging,fault
pump,3.08,18.43,59.18,0.54,6.18,46.66,clogging,fault
pump,3.58,20.32,74.48,0.83,6.09,49.5,clogging,fault
pump,1.94,17.68,47,1.12,4.35,229.96,bearing_failure,warning
pump,3.49,14.96,78.12,0.39,0.33,53.16,dry_run,fault
pump,3.56,21.34,55.49,1.12,3.09,119.85,impeller_damage,fault
pump,1.33,14.36,53.15,1.12,4.54,228.82,none,running
pump,2.31,17.61,57.22,0.71,2.77,114.62,impeller_damage,warning
pump,1.34,16.51,65.17,0.86,5.9,70.44,clogging,fault
pump,2.07,15.96,74.83,0.91,4.56,230.67,bearing_failure,warning
pump,2.63,20.77,57.53,0.83,4.36,101.79,clogging,fault
pump,1.07,12.06,58.43,0.98,3.64,150.96,seal_leakage,running
pump,0.97,12.99,56.07,1.3,4.61,173.5,none,running
pump,3.7,17.12,61.26,0.31,2.88,146.59,cavitation,fault
pump,2.25,16.18,79.95,1.15,3.81,169.77,bearing_failure,fault
pump,1.68,13.71,63.02,1.02,3.01,135.67,impeller_damage,running
pump,1.15,12.68,61.85,0.49,2.48,170.75,cavitation,fault
pump,3.57,11.73,79.27,1.08,3.96,248.3,bearing_failure,fault
pump,1.67,12.89,58.26,0.72,2.91,112.97,cavitation,warning
pump,4.82,14.18,65.84,0.2,3.48,88.19,cavitation,fault
pump,1.17,13.64,53.73,1,4.54,251.67,none,running
pump,2.6,7.52,71.15,0.18,0.24,23.06,dry_run,fault
pump,1.6,15.62,52.6,0.9,3.14,125.47,seal_leakage,running
pump,2.78,13.24,68.1,0.41,1.01,67.53,dry_run,fault
pump,1.19,13.14,57.53,1.09,2.81,201.3,seal_leakage,running
pump,1.21,13.83,72.83,0.31,0.08,75,dry_run,fault
pump,3.37,16.56,94.46,0.33,1.32,13.58,dry_run,fault
pump,4.25,15.52,51.26,0.69,3.09,118.99,cavitation,fault
pump,2.09,13.26,51.74,0.9,3.52,208.4,seal_leakage,warning
pump,2.69,10.66,56.47,0.99,2.83,165.63,seal_leakage,warning
pump,1.75,18.33,59.72,0.92,1.94,150.42,impeller_damage,warning
pump,3.28,16.14,65.18,0.32,2.65,77.61,cavitation,fault
pump,1.29,18.78,69.03,0.4,4.4,163.69,clogging,fault
pump,4.84,7.23,78.79,0.29,0.28,60.56,dry_run,fault
pump,3.22,15.06,60.77,1,2.89,104.53,impeller_damage,warning
pump,1.92,10.18,48.28,0.95,3.82,168.64,none,running
pump,1.1,13.3,55.16,1.12,2.86,164.4,seal_leakage,running
pump,1.24,14.88,69.74,1.06,2.79,111.39,impeller_damage,warning
pump,1.04,13.63,69.81,1.03,2.66,191.31,seal_leakage,warning
pump,2.11,11.61,54.26,1.12,2.23,178.98,seal_leakage,warning
pump,4.3,15.71,72.97,0.07,1.41,46.64,dry_run,fault
pump,2.94,18.46,66.85,0.61,2.63,94.79,cavitation,warning
pump,2.18,14.19,62.61,0.91,2.32,183.16,seal_leakage,warning
pump,2.23,12.55,64.04,1.18,2.87,158.96,seal_leakage,warning
pump,2.08,12.81,54.08,0.88,3.21,151.46,seal_leakage,warning
pump,2.04,14.19,71.2,0.09,1.75,51.3,dry_run,fault
pump,2.74,21.26,65.88,0.38,6.73,102.01,clogging,fault
pump,1.87,15.76,67.95,0.95,4.7,145.47,clogging,warning
pump,3.97,11.15,65.34,0.34,1.71,60.69,dry_run,fault
pump,1.52,13.82,63.6,0.81,3.8,203.68,bearing_failure,running
pump,1.15,11.06,50.75,1.24,4.06,187.32,none,running
pump,1.75,13.05,60.12,0.95,2.25,207.47,seal_leakage,warning
pump,1.25,15.36,51.01,1.14,4.61,227.42,none,running
pump,1.74,14.15,57.75,0.75,2.53,147.69,cavitation,warning
pump,2,17.67,67.02,0.91,3.38,182.96,cavitation,warning
pump,1.78,21.63,75.05,0.29,4.89,153.99,clogging,fault
pump,1.65,16.6,75.23,0.55,4.9,85.92,clogging,fault
pump,2.56,12.47,78.7,0.17,0.62,35.64,dry_run,fault
pump,3.43,7.97,83.49,0.21,1.8,38.81,dry_run,fault
pump,0.91,11.76,60.98,1.14,3.77,171.72,seal_leakage,running
pump,1.47,14.82,60.15,0.92,3.99,288.61,none,running
pump,3.2,14.42,64.44,0.88,1.6,72.93,impeller_damage,fault
pump,2.38,14.31,67.92,0.75,2.7,75.65,impeller_damage,fault
pump,2.54,14.98,71.69,0.63,4.98,86.75,clogging,warning
pump,1.83,15.68,52.55,1.01,2.32,104.89,impeller_damage,warning
pump,3.87,10.67,87.44,0.44,0.07,37.32,dry_run,fault
pump,1.7,18.06,60.12,0.91,5.4,137.57,clogging,warning
pump,2.08,11.73,82.05,0.96,3.84,207.25,bearing_failure,fault
pump,4.99,17.48,59.3,0.48,3.23,148.4,cavitation,fault
pump,1.26,14.23,55.49,0.97,4.2,241.65,none,running
pump,1.96,13.23,63.92,1.12,2.09,186.34,seal_leakage,warning
pump,2.56,9.1,72.8,0.43,1.45,8.05,dry_run,fault
pump,2.3,15.61,69.91,0.89,2.33,78.11,impeller_damage,fault
pump,1.39,11.19,58.54,1.19,4.73,218.26,none,running
pump,1.02,8.57,87.16,0.39,1.74,38.67,dry_run,fault
pump,2.26,10.3,85.4,0.04,0.5,13.47,dry_run,fault
pump,1.73,11.05,58.16,1.05,4.19,201.53,none,running
pump,1.43,12.43,60.98,1.06,2.51,170.17,seal_leakage,running
pump,2.68,15.91,53.77,1.15,2.9,128.5,impeller_damage,warning
pump,1.91,10.79,55.59,0.87,2.39,189.7,seal_leakage,warning
pump,2.82,17.06,48.69,0.81,4.02,214.97,bearing_failure,warning
pump,1.59,10.8,52.09,1.06,3.84,211.11,none,running
pump,1.45,12.31,55.43,1.03,4.13,193.54,none,running
pump,0.98,10.58,52.53,1.18,4.29,202,none,running
pump,1.48,11.59,60.67,1.13,3.59,229.95,none,running
pump,1.54,10.09,50.39,1.24,4.11,183.51,none,running
pump,3.22,20.45,72.25,0.59,5.43,142.66,clogging,fault
pump,1.67,10.52,49.52,1.04,4.29,196.83,none,running
pump,0.36,13.26,52.25,0.98,4.01,217.63,none,running
pump,1.74,15.5,72.82,0.76,2.64,165.62,impeller_damage,warning
pump,4.98,14.15,69.73,0.39,3.12,132.7,cavitation,fault
pump,1.26,23.37,64.56,0.71,5.99,150.3,clogging,fault
pump,1.95,16.29,69.33,0.89,6.04,60.74,clogging,fault
pump,1.79,16.62,72.47,0.77,5.45,78.69,clogging,fault
pump,1.64,11.92,49.13,1.1,4.4,226.12,none,running
pump,0.77,11.08,53.57,1.14,2.31,159.93,seal_leakage,warning
pump,2.17,9.04,66.97,0.06,1.32,14.73,dry_run,fault
pump,2.06,17.6,58.95,0.3,2.6,147.34,cavitation,fault
pump,1.97,10.85,55.59,0.78,2.87,148.01,seal_leakage,warning
pump,2.71,19.89,69.82,0.49,4.42,83.62,clogging,fault
pump,2.74,12.02,64.14,0.89,3.91,179.59,bearing_failure,warning
pump,1.62,15.39,66.28,0.51,3.19,200.36,cavitation,warning
pump,3.66,16.21,68.44,0.92,3.99,215.62,bearing_failure,fault
pump,0.86,13.72,53.51,0.88,2.45,173.42,seal_leakage,warning
pump,1.78,16.94,71.77,0.62,6.33,83.23,clogging,warning
pump,1.3,22.02,67.49,0.76,1.94,122.54,impeller_damage,fault
pump,1.54,12.84,58.73,0.96,3.94,250.78,none,running
pump,3.22,13.91,69.35,0.82,2.11,158.97,impeller_damage,warning
pump,1.24,17.74,53.27,0.71,2.86,167.38,impeller_damage,warning
pump,2.05,16.54,59.68,0.8,2.42,193.8,seal_leakage,warning
pump,3.02,18.45,68.69,1.01,1.57,84.04,impeller_damage,fault
pump,1.62,12.91,54.38,1.17,3.96,212.64,none,running
pump,3.78,15.74,64.85,0.4,3.43,108.92,cavitation,fault
pump,3,14.73,65.4,0.71,2.79,118.81,cavitation,warning
pump,2.26,15.02,60.28,0.82,1.5,88.09,impeller_damage,fault
pump,1.37,12.62,60.81,1,4.32,231.78,none,running
pump,4.91,13.3,67.02,0.81,2.96,191.16,cavitation,fault
pump,4.24,11.9,94.63,0.03,0.42,31.79,dry_run,fault
pump,0.98,14.53,56.85,0.87,2.51,125.19,seal_leakage,running
pump,1.77,11.35,58.76,1.13,3.89,210.65,none,running
pump,1.33,13.34,53.48,1.25,3.58,247.44,none,running
pump,2.1,16.07,72.45,1.06,3.72,234.34,bearing_failure,warning
pump,4.24,10.24,62.89,0.44,2.34,122.22,cavitation,fault
pump,1.38,14.5,64.38,0.87,4.93,96.23,clogging,warning
pump,1.45,8.76,60.54,0.93,4.52,202.06,none,running
pump,2.35,15.55,74.77,0.78,6.04,113.02,clogging,warning
pump,1.47,12.85,61.63,1.01,3.51,125.76,seal_leakage,running
pump,3.16,19.88,64.11,0.43,5.1,72.48,clogging,fault
pump,1.76,15.37,60.53,0.24,2.8,131.08,cavitation,fault
pump,1.92,13.52,54.02,1.14,3.82,239.7,none,running
pump,3.61,13.7,56.27,0.96,1.77,114.69,impeller_damage,fault
pump,2.15,17.22,64.74,0.77,4.42,70.43,clogging,fault
pump,1.22,11.69,55.88,0.99,4.52,204.76,none,running
pump,1.28,9.65,59.51,1.22,3.7,217.03,none,running
pump,1.15,12.91,66.26,0.82,1.87,187.82,impeller_damage,warning
pump,1.41,9.88,55.75,1.27,4.02,198.94,none,running
pump,2.24,14.9,66.5,0.95,4.16,239.4,bearing_failure,warning
pump,3.35,20.23,56.42,0.89,2.31,99.05,impeller_damage,fault
pump,1.37,15.85,55.49,1,2.95,175.08,seal_leakage,running
pump,2.54,18.38,64.32,0.5,4.7,109.57,clogging,warning
pump,2.15,15.78,76.03,0.89,6.85,121.96,clogging,fault
pump,1.9,12.14,65.98,1.3,4.33,170.37,seal_leakage,warning
pump,1.17,12.95,57.28,1.17,4.42,185.83,none,running
pump,1.63,6.75,71.77,0.2,0.92,70.53,dry_run,fault
pump,1.26,15.08,57.55,1.16,4.16,239.52,none,running
pump,1.39,12.84,52.61,0.97,4.44,202.63,none,running
pump,4.55,14.38,67.73,0.46,3.52,90.64,cavitation,fault
pump,2.28,22.4,75.92,0.29,5.72,113.36,clogging,fault
pump,2.79,10.92,63.35,0.22,2.12,160.91,cavitation,fault
pump,4.33,16.1,61.73,0.3,2.58,130.04,cavitation,fault
pump,1.54,13.98,60.78,1.01,2.56,185.26,seal_leakage,running
pump,1.61,11.87,59.57,1.12,4.53,184.76,none,running
pump,1.58,13.58,63.14,0.98,2.58,151.49,seal_leakage,running
pump,0.98,12.4,61.21,0.84,2.94,198.9,seal_leakage,running
pump,1.76,12.03,70.67,0.28,1.9,64.61,dry_run,fault
pump,2.15,16.16,57.47,0.98,4.31,187.48,bearing_failure,warning
pump,3.08,14.93,59.61,0.64,3.13,136.74,cavitation,warning
pump,4.12,12.89,57.28,0.48,2.64,125.42,cavitation,fault
pump,4.25,14.79,58.51,0.3,2.4,118.15,cavitation,fault
pump,2.16,17.28,65.97,0.82,3.15,109.06,impeller_damage,warning
pump,4.74,9.58,85.41,0.21,1.27,6.49,dry_run,fault
pump,3.49,12.15,59.61,0.66,3.01,107.17,cavitation,warning
pump,4.32,18.11,57.84,0.24,3.63,111.8,cavitation,fault
pump,1.61,13.08,68.3,0.69,1.84,125.18,impeller_damage,warning
pump,1.65,21.35,56.42,0.66,4.94,109.83,clogging,fault
pump,3.63,11.14,70.74,0.96,3.61,153.29,bearing_failure,fault
pump,1.15,11.59,54.72,1.05,4.7,253.64,none,running
pump,1.42,11.09,61.23,1.13,3.9,173.9,none,running
pump,2.78,12.37,63.49,0.38,3.25,147.82,cavitation,fault
pump,1.63,7.81,95,0.2,1.48,39.44,dry_run,fault
pump,2.51,10.66,84.3,0.41,0.46,8.48,dry_run,fault
pump,0.99,12.58,32.54,1.12,3.82,178.87,bearing_failure,running
pump,1.72,12.12,67,0.91,3.53,156.37,bearing_failure,warning
pump,1.92,14.8,61.22,1.02,1.58,131.86,impeller_damage,fault
pump,1.51,15.4,60.44,1.1,3.97,207.5,seal_leakage,running
pump,3.02,8.22,93.28,0.31,1.26,32.06,dry_run,fault
pump,2.16,15.06,49,1.06,4.43,246.8,none,warning
pump,2.58,14.67,59.08,0.44,2.28,171.27,cavitation,fault
pump,1.44,11.96,57.11,0.99,4.2,221.78,none,running
pump,1.42,11.75,58.73,0.87,3.46,148.06,seal_leakage,running
pump,1.49,13.5,53.7,0.83,2.51,116.22,impeller_damage,warning
pump,2.98,17.24,67.42,1,3.86,176.15,cavitation,warning
pump,1.61,13.07,53.88,1.12,3.98,218.8,none,running
pump,2.3,11.3,56.88,0.88,2.68,183.4,seal_leakage,warning
pump,3.94,8.7,60.97,0.14,2.24,165.69,cavitation,fault
pump,1.84,13.83,60.22,0.62,2.28,99.02,cavitation,warning
pump,3.85,10.14,91.85,0.08,1.69,49.3,dry_run,fault
pump,2.05,14.31,59.85,1.07,3.46,202.94,seal_leakage,warning
pump,1.1,11.1,62.19,0.93,3.58,142.38,seal_leakage,running
pump,0.65,12.85,65.37,1,3.72,173.28,seal_leakage,warning
pump,1.34,12.58,57.61,0.96,3.2,134.2,seal_leakage,running
pump,3.25,12.39,69.67,1.18,3.76,152.42,bearing_failure,warning
pump,1.49,11.49,92.65,0.04,1.05,21.97,dry_run,fault
pump,2.07,15.4,69.3,1.04,4.27,205.57,bearing_failure,warning
pump,3.22,12.19,66.19,0.56,2.64,97.66,cavitation,warning
pump,2.62,20.18,77.35,0.77,5.88,65.66,clogging,fault
pump,1.01,12.85,55.38,0.87,2.61,139.06,seal_leakage,running
pump,1.65,15.2,75.91,0.84,5.98,99.36,clogging,fault
pump,3.32,16.16,63.84,1.07,4.2,220.15,bearing_failure,warning
pump,2.21,15.35,85.14,0.36,0.33,30.17,dry_run,fault
pump,1.52,11.76,53.2,1.08,4.1,209.48,none,running
pump,1.33,10.63,57.66,1.28,3.51,244.85,none,running
pump,2.1,11.79,85.15,0.35,1.19,47.02,dry_run,fault
pump,4.78,13.65,54.26,0.63,2.63,141.89,cavitation,fault
pump,1.84,19.57,56.26,1.22,3.58,237.77,bearing_failure,warning
pump,2.54,9.69,93.11,0.4,1.01,69.7,dry_run,fault
pump,1.54,11.4,61.3,0.79,3.56,188.48,cavitation,warning
pump,2.79,15.79,81.89,1.02,3.57,223.67,bearing_failure,fault
pump,1.4,16.02,58.71,1.01,2.91,198.98,seal_leakage,warning
pump,1.64,11.74,59.39,1.23,3.8,214.57,none,running
pump,2.1,17.27,65.82,1.06,3.9,237.14,bearing_failure,warning
pump,0.75,18.36,62.05,1.13,1.85,135.44,impeller_damage,warning
pump,1.48,14.84,55.92,1.01,2.94,189.89,seal_leakage,running
pump,1.43,9.5,57.56,1.04,4,168.22,none,running
pump,0.96,14.1,53.38,0.91,3.54,196.53,seal_leakage,running
pump,4.11,15.28,72.32,0.87,4.38,237.94,bearing_failure,fault
pump,2.05,14.62,38.43,1.07,3.47,207.4,bearing_failure,warning
pump,1.38,14.83,67.19,0.89,1.97,149.73,impeller_damage,warning
pump,1.01,11.36,62.21,0.97,2.05,140.92,seal_leakage,warning
pump,2.22,9.97,86.58,0,1.18,75.91,dry_run,fault
pump,3.78,17.96,77.02,1.09,3.67,242.67,bearing_failure,fault
pump,1.99,17.6,57.53,0.81,3.3,152.49,cavitation,warning
pump,3.32,18.02,60.07,0.97,2.65,105.78,impeller_damage,warning
pump,1.93,17.99,56.07,0.66,3.47,159.9,cavitation,warning
pump,1.72,12.07,60.89,1.07,2.52,125.35,seal_leakage,running
pump,3.38,13.95,67.21,0.93,4.08,176.95,bearing_failure,warning
pump,2.3,17.72,64.56,0.41,6.56,95.96,clogging,fault
pump,1.65,12.45,53.11,1.06,4.3,184.69,none,running
pump,1.06,14.56,55.52,1.09,3.33,143.81,seal_leakage,running
pump,1.35,13.32,50.48,1.12,3.94,268.96,none,running
pump,1.49,12.04,50.7,1.07,4.52,194.67,none,running
pump,3.71,17.07,65.92,1.16,3.83,265.25,bearing_failure,fault
pump,1.86,14.76,60.64,0.82,3.07,216.19,seal_leakage,running
pump,2.47,20.11,56.81,0.94,6.2,122.83,clogging,fault
pump,2.59,15.14,79.94,0.2,0.53,35.29,bearing_failure,fault
pump,2.01,10.89,55.39,1.1,2.67,144.14,seal_leakage,warning
pump,4.25,11.09,73.66,0.31,0.49,65.53,dry_run,fault
pump,1.55,9.2,56.03,1.03,4.56,180.2,none,running
pump,2.98,18.65,73.13,0.59,5.31,44.9,clogging,fault
pump,2.41,13.68,47.4,0.83,3.83,180.12,bearing_failure,warning
pump,2.67,13.14,67.15,0.29,0.85,42.99,dry_run,fault
pump,1.62,11.49,58.86,1.02,4.01,168.79,none,running
pump,2.1,14.26,61.65,0.94,5.93,94.84,clogging,warning
pump,1.68,12.87,70.63,1.01,1.99,130.1,impeller_damage,warning
pump,4.73,12.75,74.34,0.5,1.18,75.85,dry_run,fault
pump,2.02,15.17,64.4,1.01,3.48,189.42,seal_leakage,warning
pump,1.11,11.66,56.29,1.19,3.76,149.36,seal_leakage,running
pump,1.17,16.71,59.92,0.24,3.55,184.43,cavitation,fault
pump,1.96,11.76,57.13,1.2,3.32,189.77,seal_leakage,running
pump,1.44,16.98,50.36,1.07,3.87,187.38,seal_leakage,warning
pump,1.96,14.21,65.88,0.28,2.42,140.41,cavitation,fault
pump,1.2,11.52,67.88,0.45,1.01,52.07,dry_run,fault
pump,2.3,18.09,69.29,0.91,2.01,75.2,impeller_damage,fault
pump,1.7,9.78,89.61,0.08,1.17,58.42,dry_run,fault
pump,3.23,13.81,73.52,0.97,3.5,179.16,bearing_failure,warning
pump,1.7,11.73,86.1,0,1.86,28.78,dry_run,fault
pump,1.63,17.28,73.95,0.77,5.94,82.59,clogging,warning
pump,1.95,12.12,75.51,0.26,0.55,28.98,dry_run,fault
pump,3.62,12,89.38,0.18,1.71,36.72,dry_run,fault
pump,2.28,11.58,82.65,1.23,3.48,156.49,bearing_failure,fault
pump,2.98,11.8,64,0.69,2.46,197.57,cavitation,warning
pump,2.54,17.08,65.79,0.94,2.22,93.22,impeller_damage,warning
pump,1.77,17.1,76.82,0.66,5.61,57.77,clogging,fault
pump,2.81,16.91,54.93,1.04,2.24,96.88,impeller_damage,warning
pump,2.06,8.79,60.47,0.83,4.56,196.39,none,warning
pump,2.99,14.48,58.55,0.54,2.89,105.56,cavitation,warning
pump,3.13,14.74,66.51,0.91,4,164.68,bearing_failure,warning
pump,1.93,17.17,74.64,0.43,5.73,78.34,clogging,fault
pump,3.83,12.85,59.78,0.46,2.31,135.61,cavitation,fault
pump,2.58,8.42,87.23,0,1.15,41.29,dry_run,fault
pump,2.8,11.89,55.24,0.54,2.31,182.57,cavitation,warning
pump,1.02,13.64,55.09,1.03,3.38,191.73,seal_leakage,running
pump,2.49,11.23,74.58,0.06,0.21,70.53,dry_run,fault
pump,1.41,12.52,51.4,1.18,4.71,206.06,none,running
pump,3.71,8.95,87.11,0.22,2.07,30.28,dry_run,fault
pump,4.1,12.7,54.47,0.71,3.35,167.92,cavitation,fault
pump,1.89,11.56,73.29,1.07,3.87,161.31,bearing_failure,warning
pump,1.48,12.64,50.56,0.96,3.74,213.99,none,running
pump,3.89,14.29,71.54,1.09,4.01,239.62,bearing_failure,fault
pump,2.26,10.3,57.18,1.12,3.13,141.68,seal_leakage,warning
pump,1.85,11.01,54.36,1.21,4.21,168.77,none,running
pump,2.4,18.22,62.23,0.25,3.6,128.32,cavitation,fault
pump,2.48,19.76,50.24,1,2.97,145.44,impeller_damage,warning
pump,2.74,6.98,93.53,0.37,0.88,34.24,dry_run,fault
pump,1.51,10.92,50.58,0.93,4.21,219.08,none,running
pump,3.28,21.98,60.3,0.75,6.63,99.59,clogging,fault
pump,1.53,16.91,60.1,0.43,4.58,100.6,clogging,fault
pump,3.17,15.54,69.83,0.93,4.28,222.35,bearing_failure,warning
pump,1.24,12.89,49.87,1.11,3.86,239.13,bearing_failure,running
pump,1.63,13.82,59,0.92,2.9,192.72,seal_leakage,running
pump,2.71,15.1,68.56,0.7,2.71,165.69,cavitation,warning
pump,2.16,23.86,64.82,0.4,4.99,84.79,clogging,fault
pump,1.34,14.28,54.8,1.15,4.72,273.61,none,running
pump,3.84,12.93,57.51,0.67,2.95,116.69,cavitation,fault
pump,1.4,12.27,53.02,0.9,3.68,159.27,seal_leakage,running
pump,1.84,12.43,51.65,0.96,3.92,198.08,bearing_failure,running
pump,3.15,21.53,73.97,0.4,5.28,123.23,clogging,fault
pump,1.61,17.53,57.34,0.62,4.55,162.24,clogging,warning
pump,1.73,24.21,67.67,0.4,5.69,72.49,clogging,fault
pump,0.91,12.49,86.39,0.2,0.05,81.03,dry_run,fault
pump,1.92,9.67,56.52,1.16,4.05,166.47,none,running
pump,3.64,10.46,64.15,0.27,0.35,23.02,dry_run,fault
pump,1.7,13.66,54.96,0.95,2.13,192.24,seal_leakage,warning
pump,2.43,20.97,57.48,0.94,5.63,46.83,clogging,fault
pump,2.18,17.4,85.63,0.22,1.46,0,dry_run,fault
pump,3.23,14.18,61.39,0.26,2.12,94.81,cavitation,fault
pump,2.91,14.3,73.15,1.1,3.9,266.45,cavitation,warning
pump,2.35,24.89,74.81,0.61,4.46,136.84,clogging,fault
pump,2.98,17.96,63.51,1.12,3.11,81.37,impeller_damage,warning
pump,2.08,8.12,76.8,0.21,0.98,49.63,dry_run,fault
pump,1.44,13.15,56.6,1.08,3.21,211.27,seal_leakage,running
pump,1.89,12.8,43.55,1.07,4.37,209.89,bearing_failure,running
pump,1.12,12.44,49.1,0.97,3.29,171.1,seal_leakage,running
pump,1.84,11.79,56.44,1.26,4.56,233.19,none,running
pump,1.77,13.01,83.46,0.35,1.86,37.35,dry_run,fault
pump,2.18,16.73,65.49,0.97,6.61,93.34,clogging,warning
pump,1.13,12.63,55.58,1.23,2.3,161.61,seal_leakage,warning
pump,3.65,8.62,67.43,0.07,0,76.68,dry_run,fault
pump,1.39,17.74,66.19,0.51,4.72,80.32,clogging,warning
pump,1.28,10.8,52.08,1.06,4.04,185.33,none,running
pump,1.36,15.41,62.48,0.8,2.84,128.72,impeller_damage,running
pump,2.1,18.82,59.53,1.07,1.56,143.18,impeller_damage,fault
pump,2.05,15.62,69.66,0.76,1.45,147.62,impeller_damage,fault
pump,2.16,20.53,70.86,1.06,2.09,113,impeller_damage,fault
pump,3.04,12.36,81.27,1.1,3.44,206.42,bearing_failure,fault
pump,2.18,11.16,59.65,0.91,2.4,197.41,seal_leakage,warning
pump,2.27,14.12,56.56,0.8,2.43,164.25,impeller_damage,warning
pump,2.54,12.44,64.86,0.91,3.63,220.55,bearing_failure,warning
pump,2.84,18.26,65.76,0.57,3.14,147.32,cavitation,warning
pump,2.32,14.28,70.95,0.89,3.32,93.97,impeller_damage,warning
pump,2.4,10.18,56.37,1,2.63,181.03,seal_leakage,warning
pump,1.72,24.16,74.47,0.95,5.03,54.92,clogging,fault
pump,1.85,12.36,50.65,1.2,2.89,120.92,seal_leakage,running
pump,1.71,27.34,61.56,0.74,4.43,100.93,clogging,fault
pump,2.68,8.64,82.59,0.19,1.35,36.75,dry_run,fault
pump,2.98,15.07,73.49,1.05,4.28,202.02,bearing_failure,warning
pump,1.02,12.85,63.99,1.13,2.73,140.95,impeller_damage,running
pump,2.66,13.43,54.67,0.44,2.97,143.85,cavitation,fault
pump,1.69,11.19,56.81,1.09,3.36,210.52,seal_leakage,running
pump,3.86,13.35,61.34,0.12,2.48,108.67,cavitation,fault
pump,3.38,15.35,58.9,0.83,1.97,182.78,impeller_damage,warning
pump,2.94,17.78,64.28,0.94,3.97,251.95,bearing_failure,warning
pump,2.49,16.04,62.8,1.09,2,162.76,impeller_damage,warning
pump,3.28,11.92,68.74,1.09,4.62,203.4,bearing_failure,warning
pump,2.3,17.65,75.47,0.65,6.1,70.4,clogging,fault
pump,2.22,14.47,65.36,1.11,2.03,185.01,seal_leakage,warning
pump,2.89,13.63,72.24,0.88,2.85,188.36,impeller_damage,warning
pump,0.97,13.78,54.61,1.13,4.48,240.39,none,running
pump,2.91,12.24,91.17,0.4,0.91,51.14,dry_run,fault
pump,1.34,10.06,56.89,1.25,4.16,164.34,none,running
pump,3.05,12.97,69.98,0.84,3.09,113.37,impeller_damage,warning
pump,1.69,12.28,83.28,0.14,0.46,39.35,dry_run,fault
pump,1.52,13.26,52.19,1.11,4.23,232.53,none,running
pump,4.69,10.26,83.19,0.09,1.23,35.56,dry_run,fault
pump,1.5,10.71,54.78,1,4.06,192.06,none,running
pump,2.48,14.85,74.9,0.99,3.47,218.05,bearing_failure,warning
pump,1.53,9.85,54.79,0.99,3.15,181.47,seal_leakage,running
pump,2.36,14.36,59.85,0.92,4.32,213.99,bearing_failure,warning
pump,1.93,11.24,67.35,0,0.94,15.32,dry_run,fault
pump,0.84,15.96,70.67,1.03,2.72,141.45,impeller_damage,warning
pump,1.7,16.58,68.55,0.71,4.55,94.39,clogging,warning
pump,2.95,14.47,64.76,0.63,2.41,111.12,cavitation,warning
pump,4.5,15.69,56.95,0.72,2.71,125.71,cavitation,fault
pump,2.93,17.75,61.39,1.17,3.15,90.07,impeller_damage,warning
pump,4.9,14.19,59.87,0.19,3.09,117.97,cavitation,fault
pump,3.7,10.32,90.84,0.27,1.07,66.54,dry_run,fault
pump,2.65,20.8,70.39,0.93,2.35,117.33,impeller_damage,fault
pump,1.54,15.66,62.93,1.01,3.52,192.74,bearing_failure,running
pump,2.91,13.33,66.45,0.26,3.6,125.47,cavitation,fault
pump,1.73,12.58,60.83,0.95,3.56,166.2,seal_leakage,running
pump,1.43,14.24,62.03,0.9,3.91,244.21,none,running
pump,1.39,12.5,56.55,0.77,1.79,134.45,impeller_damage,fault
pump,1.56,11.8,50.5,1.01,4.41,255.19,none,running
pump,3.63,12.99,62,0.24,3.29,168.45,cavitation,fault
pump,2.12,8.07,91.11,0.17,1.59,72.34,dry_run,fault
pump,2.14,16.17,58.54,1.09,2.15,152.24,impeller_damage,warning
pump,1.79,16.44,65.9,1.14,2.71,172.7,seal_leakage,warning
pump,2.21,14.89,66.41,0.12,1.28,34.05,dry_run,fault
pump,2.04,11.06,55.49,1.14,3.45,141.18,seal_leakage,warning
pump,1.83,18.73,67.52,0.82,6.67,91.21,clogging,warning
pump,4.47,9.96,71.62,0.14,0.72,17.6,dry_run,fault
pump,1.75,14.48,59.82,1.01,3.59,194.61,seal_leakage,running
pump,1.21,11.36,51.59,0.83,1.24,86.13,impeller_damage,fault
pump,1.59,16.78,57.39,1.08,4.54,277.27,none,warning
pump,5.75,17.71,61.2,0.28,2.26,181.4,cavitation,fault
pump,1.74,13.82,49.15,1.13,4.21,227.27,none,running
pump,2.43,17.47,70.34,0.85,1.61,115.41,impeller_damage,fault
pump,2.12,15.39,62.94,0.91,2.87,144.04,impeller_damage,warning
pump,2.62,17.87,71.85,0.32,5.91,56.3,clogging,fault
pump,1.65,15.91,51.17,1.01,3.41,152.53,seal_leakage,running
pump,2.32,13.31,49.73,1.05,3.37,145.79,seal_leakage,warning
pump,1.59,11.36,58.41,0.96,4.67,170.94,none,running
pump,3.06,24.17,74.23,0.86,6.5,56.41,clogging,fault
pump,2.45,12.21,66.13,0.94,2.5,155.46,seal_leakage,warning
pump,1.56,19.83,72.85,0.44,5.25,81.13,clogging,fault
pump,2.3,11.47,57.56,0.9,3.02,134.83,seal_leakage,warning
pump,2.63,17.14,76,0.86,3.89,237.53,bearing_failure,fault
pump,3.48,15.58,68.39,0.53,3.1,140.64,cavitation,warning
pump,1.85,14.53,59.63,0.98,1.65,87.56,impeller_damage,fault
pump,2.23,13.23,60.3,1.12,4.33,193.81,bearing_failure,warning
pump,2.22,16.9,59.97,1,2.68,153.82,impeller_damage,warning
pump,1.54,13.86,52.39,1.05,3.78,274.6,none,running
pump,2.23,13.91,73.05,1.14,4.02,201.06,bearing_failure,warning
pump,1.96,13.62,55.9,0.37,2.7,157.38,cavitation,fault
pump,1.35,18.04,48.7,1.21,3.69,227.66,bearing_failure,warning
pump,2.18,11.3,93.09,0.38,1.01,40.84,dry_run,fault
pump,3.34,19.32,69.99,0.38,4.46,107,clogging,fault
pump,3.47,11.07,85.62,0.01,0.45,45.89,dry_run,fault
pump,2.5,14.79,87.15,0.98,3.76,205.92,bearing_failure,fault
pump,3.85,20.59,87.13,0.86,3.62,249.36,bearing_failure,fault
pump,1.18,13.39,48.51,1.15,4.13,203.93,none,running
pump,3.31,11.31,74.71,0.35,0.54,27.84,dry_run,fault
pump,2.99,13.79,74.79,0.99,3.83,193.11,bearing_failure,warning
pump,0.93,12.26,57.29,0.93,4.68,225.49,none,running
pump,1.57,21.56,53.66,1.12,2.18,88.04,impeller_damage,fault
pump,1.96,16.53,73.29,0.37,5.83,148.05,clogging,fault
pump,2.79,12.99,62.45,0.87,4.03,161.15,bearing_failure,warning
pump,2.71,11.68,69.83,0.23,0.99,35.34,dry_run,fault
pump,2.5,23.82,61.44,0.96,5.01,77.83,clogging,fault
pump,2.13,13.46,39.32,0.87,4.27,244.92,bearing_failure,warning
pump,3.48,16.23,87.87,1.15,4.27,220.87,bearing_failure,fault
pump,2.58,18.2,66.69,1.04,3.77,216.02,bearing_failure,warning
pump,1.63,13.92,50.45,1.04,4.5,216.85,none,running
pump,0.9,10.68,59.05,1.15,4.25,176.44,none,running
pump,4.38,11.63,57.36,0.56,2.49,128.82,cavitation,fault
pump,1.16,13.27,62.04,0.85,3.39,182.29,seal_leakage,running
pump,1.22,13.4,76.93,0.47,5.55,79.6,clogging,fault
pump,1.85,13.82,71.9,1.04,4.81,151.73,clogging,warning
pump,0.92,13.2,95,0.22,0.36,61.94,dry_run,fault
pump,2.67,13.77,86.43,1.17,4.34,227.26,bearing_failure,fault
pump,1.72,12.23,55.05,0.86,3.5,206.93,seal_leakage,running
pump,4.28,14.62,80.29,0,1.43,0,dry_run,fault
pump,2.78,14.64,67.71,1.05,4.45,214,bearing_failure,warning
pump,3.11,18.86,63.93,0.64,1.85,80.08,impeller_damage,warning
pump,2.89,17.11,57.08,0.19,2.73,73.22,cavitation,fault
pump,1.59,16.85,78.4,0.54,4.81,120.66,clogging,fault
pump,2.35,11.55,53.2,0.46,3.59,117.54,cavitation,fault
pump,3.74,10.03,75.96,0.56,1.53,54.62,dry_run,fault
pump,1.78,14.58,47.69,0.88,4.82,249.45,none,running
pump,1.03,12.43,55.39,0.96,3.67,153.83,seal_leakage,running
pump,1.87,14.66,64.31,0.5,2.87,178.16,cavitation,warning
pump,1.65,13.69,65.34,1.13,3.01,175.7,seal_leakage,warning
pump,4.66,11.72,62.21,0.19,2.69,132.74,cavitation,fault
pump,3.05,14.01,73.5,0.71,6.08,115.86,clogging,warning
pump,1.38,17.97,46.42,0.93,3.79,264.2,bearing_failure,warning
pump,1.51,12.09,55.12,1.01,4.5,214.75,none,running
pump,1.7,17.63,39.18,0.93,3.8,250.42,bearing_failure,warning
pump,1.32,14.47,57.76,1.29,4.27,270.44,none,running
pump,2.07,13.97,79.01,0.94,3.39,204.7,bearing_failure,fault
pump,1.7,14.57,55.72,0.97,2.75,160.8,seal_leakage,running
pump,3.35,16.52,57.25,0.71,3.21,128.04,cavitation,warning
pump,1.98,12.95,64.91,1.1,2.59,110.98,cavitation,warning
pump,4.77,10.57,73.67,0.17,1.68,57.79,dry_run,fault
pump,4.26,8.33,73.47,0.3,0.57,47.11,dry_run,fault
pump,2.78,15.71,55.97,0.86,3.03,94.33,impeller_damage,warning
pump,2.69,11.02,67.35,0.25,0.35,91.92,dry_run,fault
pump,2.2,15.97,59.52,0.7,3.21,179.47,impeller_damage,warning
pump,1,16.61,59.18,0.91,4.55,268.84,none,warning
pump,2,12.68,66.6,1.09,2.6,166.84,impeller_damage,warning
pump,2.44,14.4,71.65,0.06,0.48,65.88,dry_run,fault
pump,1.89,12.76,64.96,1.06,2.59,88.43,none,warning
pump,1.6,11.92,52.93,1.23,4.39,262.41,none,running
pump,3.23,13.09,75.43,1.07,3.75,173.97,bearing_failure,fault
pump,1.62,16.84,75.04,0.44,5.83,69.71,clogging,fault
pump,2,17.85,52.74,0.81,2.66,174.8,impeller_damage,warning
pump,1.21,14.17,60.16,0.2,3.04,175.97,cavitation,fault
pump,1.8,11.7,56.4,0.43,2.52,155.98,cavitation,fault
pump,2.84,12.43,66.8,0.26,0.27,70.99,dry_run,fault
pump,2.59,9.73,68.77,0.21,1.37,66.92,dry_run,fault
pump,3.21,10.29,70.15,0.31,1.68,18.98,dry_run,fault
pump,1.16,23.53,62.34,0.97,5.68,72.44,clogging,fault
pump,2.35,13.4,50.18,0.95,2.82,154.65,seal_leakage,warning
pump,2.24,15.9,61.17,0.41,3.18,148.4,cavitation,fault
pump,1.39,19.37,63.18,0.98,4.46,261.1,bearing_failure,warning
pump,1.94,17.36,65.83,0.75,5.28,97.31,clogging,warning
pump,3.8,10.73,74.38,0.13,0.74,36.28,dry_run,fault
pump,5.55,14.61,65.59,0.52,1.95,164.01,cavitation,fault
pump,1.31,15.47,51.59,0.94,2.52,196.24,seal_leakage,running
pump,5.23,12.96,58.86,0.33,2.75,158.6,bearing_failure,fault
pump,1.94,20.92,74.69,0.69,6.08,155.16,clogging,fault
pump,3.99,9.81,89.36,0.12,1.01,77.3,dry_run,fault
pump,3.65,11.76,55.15,0.27,2.92,95.15,cavitation,fault
pump,0.95,11.32,60.08,1.03,2.59,179.76,seal_leakage,running
pump,3.66,18.37,54.88,1.2,1.68,82.89,impeller_damage,fault
pump,4.86,12.64,61.59,0.84,3.16,157.18,cavitation,fault
pump,1.49,14.46,50.21,1.11,4.23,253,none,running
pump,2.34,21.16,69.58,0.59,6.03,57.99,clogging,fault
pump,1.82,20.61,62.66,0.89,5.16,122.11,clogging,fault
pump,2.02,13.18,72.66,0.87,2.24,145.08,impeller_damage,warning
pump,0.95,14.49,26.11,0.96,4,190.75,bearing_failure,running
pump,1.52,20.87,59.67,0.91,6.48,96.09,clogging,fault
pump,1.86,12.57,65.85,0.98,3.11,147.4,impeller_damage,warning
pump,3.21,23.2,76.76,0.5,5.28,55.46,clogging,fault
pump,1.69,16.47,81.57,0.42,0.75,102.44,dry_run,fault
pump,1.42,14.98,58,1.07,3.25,183.71,seal_leakage,running
pump,0.65,13.93,57.09,1.14,4.61,231.75,none,running
pump,2,23.57,56.57,0.76,5.1,87.19,clogging,fault
pump,2.9,18,59.32,0.91,4.49,132.03,clogging,warning
pump,2.16,12.83,56.92,1.03,1.87,77.47,impeller_damage,fault
pump,1.42,14.17,58.47,1.01,3.99,206.16,bearing_failure,running
pump,2.08,9.52,66.94,0.29,1.65,5.17,dry_run,fault
pump,3.87,14.76,60.97,0.14,3.55,174.39,cavitation,fault
pump,2.31,25.77,57.14,0.7,4.96,129.67,clogging,fault
pump,3.58,12.91,88.52,0.42,0.9,6.23,dry_run,fault
pump,1.64,13.91,62,0.26,2.01,128.27,cavitation,fault
pump,1.91,12.77,54.35,1.17,4.38,289.63,none,running
pump,2.63,26.73,60.05,0.6,5.55,61.79,clogging,fault
pump,2,17.03,62.07,0.19,2.17,98.42,cavitation,fault
pump,2.17,13.62,75.48,0.64,4.99,62.34,clogging,fault
pump,2.51,15,71.95,1.08,3.15,78.36,impeller_damage,fault
pump,2.14,17.56,54.73,0.92,3.47,123.31,seal_leakage,warning
pump,3.91,16.91,64.72,0.68,1.95,100.61,cavitation,fault
pump,2.01,11.8,54.03,1.25,3.42,184.43,seal_leakage,warning
pump,2.57,17.47,76.53,1.13,4.19,247.54,bearing_failure,fault
pump,4.05,11.21,80.65,1.05,4.09,157.48,bearing_failure,fault
pump,2.98,12.6,63.38,1.01,1.94,159.19,impeller_damage,warning
pump,2.82,12.52,53.4,0.76,2.34,160.23,impeller_damage,warning
pump,1.98,13.87,66.79,0.34,4.73,53.08,clogging,fault
pump,2.34,12.5,75.74,0.38,0.71,29.85,dry_run,fault
pump,2.52,24.51,65.99,0.52,4.37,128.09,clogging,fault
pump,1.14,21.16,71.53,0.51,5.13,63.86,clogging,fault
pump,2.08,21.07,74.98,0.99,5.34,37.12,clogging,fault
pump,3.39,15.52,56.61,0.71,3.19,190.72,cavitation,warning
pump,2.87,11.43,62.26,1.03,1.43,141.75,dry_run,fault
pump,1.34,12.7,61.72,1.26,4.24,254.2,none,running
pump,1.37,15.8,52.36,1.02,2.36,208.64,seal_leakage,warning
pump,1.62,12.26,49.58,0.91,4.51,255.88,none,running
pump,2.07,12.13,56.74,0.64,2.45,164.89,cavitation,warning
pump,2.68,16.39,74.32,0.61,6.31,63.06,clogging,fault
pump,2.32,16.08,59.96,1.08,2.34,127.72,seal_leakage,warning
pump,2.22,11.54,84.73,0.11,1.61,8.05,dry_run,fault
pump,3.13,15.34,69.33,0.65,4.85,58.81,clogging,fault
pump,1.34,10.76,57.95,0.89,3.13,157.71,seal_leakage,running
pump,0.95,12.35,52.44,1.27,3.58,237.54,none,running
pump,3.39,15.78,57.26,0.77,3.65,190.58,cavitation,warning
pump,1.76,16.33,71.16,0.61,4.66,136.2,clogging,warning
pump,1.36,13.72,49.2,1,4,239.11,none,running
pump,1.63,13.13,54.38,1.21,4.52,240.14,none,running
pump,4.24,6.98,78.31,0.22,1.01,38.87,dry_run,fault
pump,1.41,10.2,49.61,1.15,3.87,225.45,none,running
pump,3.98,16.46,65.58,0.76,2.75,101.01,cavitation,fault
pump,1.45,13.29,54.84,1.24,3.71,221.56,none,running
pump,1.03,11.94,60.39,1.11,4.71,206.45,none,running
pump,3.76,14.39,63.53,0.41,2.1,180.59,cavitation,fault
pump,2.1,11.65,36.61,1.17,3.41,223.67,bearing_failure,warning
pump,1.83,10.64,52.17,0.78,2.76,136.67,seal_leakage,warning
pump,4.95,15.68,56.27,0.46,2.9,152.35,cavitation,fault
pump,0.86,14.52,68.91,0.67,1.82,71.75,impeller_damage,fault
pump,2.2,16.05,55.17,0.45,3.22,154.73,cavitation,fault
pump,1.59,13.42,68.33,0.88,2.51,113.95,impeller_damage,warning
pump,2.51,11.44,70.93,0,1.2,56.42,dry_run,fault
pump,1.17,14.49,53.24,0.91,3.54,130.15,seal_leakage,running
pump,1.98,18.21,65.97,0.42,6.19,159.83,clogging,fault
pump,0.84,19.7,66.96,0.98,1.79,131.86,impeller_damage,fault
pump,2.03,12.48,51.21,0.31,3.44,139.97,cavitation,fault
pump,3.29,13.32,57.77,0.49,2.41,159.92,cavitation,fault
pump,4.3,8.83,68.65,0.06,0.79,45.57,dry_run,fault
pump,2.85,10.34,59.79,0.31,2.47,125.74,cavitation,fault
pump,3.97,14.02,55.26,0.82,1.94,174.56,cavitation,fault
pump,1.75,15.91,55.54,1.04,1.66,98.48,impeller_damage,fault
pump,2.46,18.3,53.05,0.75,3.81,181.62,cavitation,warning
pump,2.12,11.92,45.45,1.07,2.92,187.56,seal_leakage,warning
pump,2.12,15.38,90.7,1.24,3.8,253.68,bearing_failure,fault
pump,2.6,17.03,69.78,1.06,4.55,214.09,bearing_failure,warning
pump,2.95,12.05,65.85,0.81,3.07,133.27,cavitation,warning
pump,1.86,16.43,57.53,0.81,2.86,65,impeller_damage,fault
pump,2.39,12.36,44.94,1.24,4.3,218.8,bearing_failure,warning
pump,3.51,12.65,79.63,0.37,0.42,52.84,dry_run,fault
pump,3.12,14.99,72.56,0.17,1.04,54.07,dry_run,fault
pump,0.98,15.64,56.54,1.12,1.45,100.03,impeller_damage,fault
pump,2.78,10.29,68.54,0.2,1.4,27.41,dry_run,fault
pump,2.35,19.43,76.44,0.51,5.18,122.13,clogging,fault
pump,2.46,14.08,69.85,0.9,3.96,223.34,bearing_failure,warning
pump,3.01,8.55,88.2,0,0.25,60.55,dry_run,fault
pump,4,13.06,54.2,0.22,3.8,169.03,cavitation,fault
pump,4.53,12.01,54.57,0.42,2.88,147.7,cavitation,fault
pump,3.01,14.98,56.87,0.93,2.01,131.54,impeller_damage,warning
pump,1.14,11.09,54.4,1.06,3.27,199.44,seal_leakage,running
pump,1.52,11.38,55.49,1.35,5.1,140.55,none,running
pump,1.35,13.45,77.58,0.73,6.57,117.57,clogging,fault
pump,4.52,14.92,85.81,0.37,1.35,67.36,dry_run,fault
pump,2.62,15.93,61.78,1.13,2.43,167.59,impeller_damage,warning
pump,1.2,14.87,51.99,1.09,3.93,239.76,none,running
pump,1.65,24.67,60.59,0.37,5.02,67.25,clogging,fault
pump,0.89,10.81,56.25,1.08,2.88,196.91,seal_leakage,running
pump,2.1,13.58,37.14,1.06,4.17,246.64,bearing_failure,warning
pump,1.49,17.95,61.78,0.92,5.24,119.6,clogging,warning
pump,2.02,12.78,52.99,0.81,3.3,181.43,seal_leakage,warning
pump,1.27,15.17,59.78,0.86,3.1,187.89,seal_leakage,running
pump,2.35,16.32,58.26,1.06,1.22,181.45,impeller_damage,fault
pump,1.97,20.98,64.56,0.96,3.01,166.45,impeller_damage,fault
pump,2.98,12.4,58.01,0.95,2.74,165.44,seal_leakage,warning
pump,5.02,15.39,66.85,0.22,2.39,90.18,cavitation,fault
pump,0.63,18.12,73.85,0.44,5.48,69.55,clogging,fault
pump,1.35,15.78,61.05,1.1,1.42,111.4,impeller_damage,fault
pump,5.36,13.46,66.36,0.56,3.4,155.69,cavitation,fault
pump,2.59,16.52,90.47,0.2,0.09,36.97,dry_run,fault
pump,2.95,17.67,63.06,1.05,3.17,87.9,impeller_damage,warning
pump,3.81,17.98,53.77,0.63,2.46,169.19,cavitation,fault
pump,1.15,12.66,51.94,1.06,4.55,230.92,none,running
pump,3.41,13.07,91.92,0.24,0.85,56.83,dry_run,fault
pump,2.3,19.2,72.35,0.53,5.52,53.14,clogging,fault
pump,1.84,13.54,53.81,1.11,4.17,219.18,none,running
pump,1.37,20.91,65.23,0.57,5.2,121.87,clogging,fault
pump,3.12,10.83,68.78,0.48,2.53,156.22,cavitation,fault
pump,1.72,10.04,83.63,0.4,1.15,27.14,dry_run,fault
pump,4.43,17.49,59.51,0.34,2.97,139.9,none,fault
pump,2.8,10.83,55.24,0.58,2.47,156.53,cavitation,warning
pump,2.74,20.6,56.46,0.51,6.13,124.2,clogging,fault
pump,2.71,10.39,72.39,0.4,0.76,72.22,dry_run,fault
pump,1.5,15.66,50.55,1.07,2.66,159.82,seal_leakage,running
pump,2.15,14.1,61.22,0.78,2.23,90.84,impeller_damage,warning
pump,1.23,15.25,51.23,1.22,3.73,243.47,none,running
pump,4.2,13.28,62.2,0.55,2.32,98.78,cavitation,fault
pump,2.47,20.64,70.98,0.69,4.52,94.43,clogging,fault
pump,1.39,12.79,51.31,1.1,3.62,201.42,seal_leakage,running
pump,2.86,13.16,69.57,0.24,0.66,49.51,dry_run,fault
pump,0.8,16.22,61.82,1.02,2.62,144.85,seal_leakage,warning
pump,1.65,9.71,70.48,0.05,1.62,62.91,dry_run,fault
pump,1.73,13.38,55.26,0.94,3.8,218.62,none,running
pump,1.56,13.42,54.88,1.1,2.52,175,seal_leakage,running
pump,2.34,14.71,63.07,1.05,2.57,107.49,impeller_damage,warning
pump,1.19,14.01,65.29,0.76,5.94,127.84,clogging,warning
pump,2.47,12.05,57.45,0.21,3.04,175.86,cavitation,fault
pump,1.92,14.53,65.51,0.42,3.33,153.04,cavitation,fault
pump,3.72,12.55,67.09,0.95,3.94,180.63,bearing_failure,fault
pump,1.81,12.92,52.07,1.21,3.98,237.48,none,running
pump,2.54,20.74,65.74,0.6,6.38,90.49,clogging,fault
pump,3.74,15.54,63,0.89,3.57,225.99,bearing_failure,fault
pump,5.29,17.25,53.46,0.21,3.12,184.98,cavitation,fault
pump,2.78,8.36,86.01,0.21,1.48,41.43,dry_run,fault
pump,2.93,12.7,67.42,0.29,2.15,143.52,cavitation,fault
pump,2.88,10.48,62.02,0.79,2.73,131.76,cavitation,warning
pump,1.75,11.59,56,1.22,3.81,169.24,seal_leakage,running
pump,0.8,13.77,59.14,1.03,2.34,147.01,seal_leakage,warning
pump,1.01,12.08,61.06,0.85,3.28,204.44,seal_leakage,running
pump,1.66,17.91,61.12,0.44,6.16,58.34,clogging,fault
pump,2.68,16.4,70.09,1.04,2.05,65.34,impeller_damage,fault
pump,2.07,15.47,61.36,0.57,3.73,124.21,cavitation,warning
pump,2.46,17.87,69.94,0.8,2.91,74.84,impeller_damage,fault
pump,1.28,11.98,51.26,1.11,4.03,195.77,none,running
pump,2.1,13.83,68.41,1.01,4.41,206.74,bearing_failure,warning
pump,2.04,17.72,69.39,0.41,6.09,125.05,clogging,fault
pump,2.37,14.68,59.7,0.87,4.8,56.82,clogging,fault
pump,1.99,18.84,73.87,0.87,4.21,235.08,bearing_failure,warning
pump,2.02,13.94,56.56,0.95,2.2,90.5,impeller_damage,warning
pump,1.09,16.46,58.43,1.03,5.38,38.65,clogging,fault
pump,2.07,12.81,59.65,1.12,1.42,106.29,none,fault
pump,2.18,10.86,64.52,0.21,2.76,111.84,cavitation,fault
pump,1.8,14,78.04,0.07,1.42,13.39,dry_run,fault
pump,2.3,15.92,62.56,0.26,3.33,177.24,cavitation,fault
pump,3.96,19.5,80.31,0.84,4.4,258.88,bearing_failure,fault
pump,1.51,19.1,64.73,0.85,6.69,59.71,clogging,fault
pump,2.11,11.95,84.35,0.2,1.58,90.95,dry_run,fault
pump,1.43,14.66,56.58,0.95,4.56,218.05,none,running
pump,3.76,13.74,82.91,1.19,3.78,190.37,bearing_failure,fault
pump,1.31,12.44,61.46,0.96,3.52,194.33,seal_leakage,running
pump,1.23,14.83,89.2,0.29,0.88,34.38,dry_run,fault
pump,1.04,11.16,50.7,1.17,4.13,176.82,none,running
pump,2.53,16.54,58.28,0.58,5.61,139.15,clogging,warning
pump,2.16,15,92.16,0.25,0.75,60.26,dry_run,fault
pump,2.26,15.37,73.16,0.06,1.16,51.43,dry_run,fault
pump,2.15,10.91,55.07,0.61,2.92,114.02,cavitation,warning
pump,3.4,18.38,67.2,0.79,1.98,177.35,impeller_damage,warning
pump,3.82,13.85,60.2,0.56,2.31,156.2,cavitation,fault
pump,4.05,16.53,81.79,1.17,3.91,196.5,bearing_failure,fault
pump,1.7,15.6,63.11,1.17,2.65,162.56,seal_leakage,running
pump,1.39,12.93,90.36,0.22,0.24,65,dry_run,fault
pump,3.31,19.85,71.86,0.36,6.15,130.63,clogging,fault
pump,1.64,14.51,48.5,0.85,4.49,267.37,none,running
pump,1.78,11.39,49.79,1.06,4.71,189.34,none,running
pump,1.81,16.37,40.91,0.91,3.95,197.79,bearing_failure,warning
pump,1.89,17.15,57.44,0.93,4.27,213.94,bearing_failure,warning
pump,3.35,9.89,74.01,0.38,0,107.16,dry_run,fault
pump,5.76,18.43,67.38,0.61,2.21,99.31,cavitation,fault
pump,2.52,14.16,59.6,0.76,2.26,82.1,cavitation,warning
pump,1.57,10.93,51.3,0.97,3.76,159.68,seal_leakage,running
pump,1.35,18.49,67.39,0.67,5.66,85.08,clogging,warning
pump,1.52,12.98,60.85,0.75,2.63,89.36,none,warning
pump,2.04,17.26,40.6,1.19,3.73,226.38,bearing_failure,warning
pump,4.59,9.7,57.98,0.53,3.42,120.36,cavitation,fault
pump,1.35,13.02,57.79,1.03,4.82,213.74,none,running
pump,1.47,7.77,48.53,0.99,3.99,206.67,none,running
pump,3.27,11.84,69.77,0.25,1.52,38.41,dry_run,fault
pump,3.8,14.29,81.69,1,3.95,186.67,bearing_failure,fault
pump,3.86,8.3,82.28,0.24,0.59,28,dry_run,fault
pump,1.08,11.47,50.18,1.18,2.42,158.95,seal_leakage,warning
pump,1.67,17.2,58.13,1.07,5.19,162.08,none,warning
pump,4.46,12.43,88.02,0.22,0.93,6.87,dry_run,fault
pump,1.06,12.01,67.81,0.17,0.57,26.54,dry_run,fault
pump,2.39,13.65,71.85,1.1,3.65,225.82,bearing_failure,warning
pump,2.82,17.98,76.78,0.65,6.66,138.45,clogging,fault
pump,2,11.69,47.69,1.04,4.43,231.4,none,running
pump,1.68,9.2,57.22,1.23,3.86,181.76,none,running
pump,1.49,15.92,59.17,0.96,6.08,145.68,clogging,running
pump,1.05,13.18,52.22,1.21,3.99,207.53,none,running
pump,1.51,12.38,56.82,0.93,2.19,177.68,seal_leakage,warning
pump,3.13,12.52,57.78,1.15,3.88,176.02,bearing_failure,warning
pump,5.02,11,59.77,0.34,3.67,138.91,cavitation,fault
pump,4.06,11.25,59.11,0.6,2.34,178.54,cavitation,fault
pump,2.69,16.41,64.54,0.73,2.44,99.31,cavitation,warning
pump,3.29,11.11,68.78,0,0.99,26.68,dry_run,fault
pump,4.68,10.6,63.72,0.45,2.32,178.43,cavitation,fault
pump,1.26,19.43,42.04,1.04,4.38,244.57,bearing_failure,warning
pump,3.77,7.95,68.99,0.45,1.61,17.39,dry_run,fault
pump,2.32,18.34,71.99,0.93,2,103.11,impeller_damage,warning
pump,2.35,13.26,77.81,0.31,0.45,76.16,dry_run,fault
pump,1.05,20.3,60.57,0.84,5.77,101.81,clogging,fault
pump,2.53,12.76,56.06,0.84,3.23,109.35,impeller_damage,warning
pump,2.58,14.75,64.89,0.57,4.32,142.68,clogging,warning
pump,2.59,13.38,67.48,1.02,3.79,210.41,none,warning
pump,2.94,15.68,58.41,0.64,2.24,182.2,cavitation,warning
pump,1.29,25.49,65.9,0.53,6.54,132.41,clogging,fault
pump,3.78,12.82,64.32,0.84,2.18,193.4,cavitation,fault
pump,1.31,19.33,67.52,0.57,6.03,130.72,clogging,warning
pump,1.51,10.08,52.54,1.25,4.21,182.06,none,running
pump,3.5,13.64,60.14,0.88,3.2,180.4,cavitation,warning
pump,3.4,10.85,94.57,0.22,0.15,45.45,dry_run,fault
pump,2.26,9.91,81.91,0.37,0.52,71.35,dry_run,fault
pump,4.88,11.94,57.65,0.44,3.66,103.14,cavitation,fault
pump,3.58,7.41,75.57,0.36,1.19,68.74,dry_run,fault
pump,1.99,14.77,64.83,1.14,3.21,200.73,bearing_failure,running
pump,1.06,13.57,55.71,1.14,4.43,236.07,none,running
pump,2.54,12.96,59.16,1.19,4.08,201.83,bearing_failure,warning
pump,1.69,14.98,59.06,0.93,5.27,167.79,clogging,running
pump,1.2,13.13,51.54,1.07,3.98,257.37,none,running
pump,1.37,14.42,55.4,0.48,3.45,102.35,cavitation,fault
pump,1.59,15.84,59.41,1.13,2.33,106.81,impeller_damage,warning
pump,3.68,14.07,58.36,0.78,2.22,80.43,cavitation,fault
pump,2.73,16.03,90.04,0.06,1.09,55.3,dry_run,fault
pump,3.9,8.62,76.93,0,0.31,0,impeller_damage,fault
pump,2.18,12.16,80.36,0.16,0.81,42.49,dry_run,fault
pump,1.68,12.31,51.78,1.06,3.71,184.5,bearing_failure,running
pump,2.14,12.69,78.84,1.04,3.45,166.26,bearing_failure,fault
pump,3.94,9.91,77.5,0.38,0.08,31.32,dry_run,fault
pump,2.05,17.61,64.18,0.95,4.28,102.48,clogging,warning
pump,1.87,10.27,50.64,0.91,4.64,187.56,none,running
pump,1.48,17.87,61.98,0.88,5.78,53.48,clogging,fault
pump,2.48,13.48,93.96,0.1,1.28,71.26,dry_run,fault
pump,3.23,13.79,59.4,1.02,3.56,218.97,bearing_failure,warning
pump,1.27,11.21,60.1,0.97,4.58,223.13,none,running
pump,5.26,10.86,59.5,0.54,2.68,163.58,cavitation,fault
pump,1.35,13.19,62.59,1.12,3.21,185.61,seal_leakage,running
pump,1.71,11.44,53.49,0.96,3.92,165.88,seal_leakage,running
pump,0.87,14.69,53.02,1.09,4.61,239.35,none,running
pump,2.71,18.43,43.8,0.97,3.57,206.27,bearing_failure,warning
pump,1.67,13.3,60.23,0.91,3.7,207.06,none,running
pump,2.29,8.56,74.67,0.38,1.37,60.02,dry_run,fault
pump,2.33,12.8,68.28,0.95,3.87,176.74,bearing_failure,warning
pump,1.18,15.2,54.45,1.12,4.06,249.57,none,running
pump,4.07,16.83,59,0.71,2.06,168.08,cavitation,fault
pump,3.98,17.51,70.26,0.87,1.66,160.29,impeller_damage,fault
pump,1.57,13.55,61.51,1.17,3.05,143.39,seal_leakage,running
pump,1.12,13.67,57.55,0.98,2.7,200.66,seal_leakage,running
pump,1.54,12.76,51.29,1.05,3.93,198.06,none,running
pump,1.4,8.97,54.35,1.03,4,191,none,running
pump,4.42,15.45,64.98,0.14,1.76,28.07,dry_run,fault
pump,1.68,13.12,58.66,1.03,2.63,198.95,seal_leakage,running
pump,1.51,9.45,58.73,1.14,3.79,187.76,none,running
pump,3.33,13.59,86.7,0.94,3.83,214.64,bearing_failure,fault
pump,2.6,13.34,90.3,0.89,3.99,175.74,bearing_failure,fault
pump,3.48,12.16,82.98,0.36,1.82,42.02,dry_run,fault
pump,4.73,13.48,57.36,0.32,2.82,103.83,cavitation,fault
pump,0.99,12.84,63.87,0.97,3.1,141.06,seal_leakage,running
pump,1.86,14.18,64.51,1.16,2.76,112.39,impeller_damage,warning
pump,3.15,14.13,72.37,1.02,3.8,157.12,bearing_failure,warning
pump,1.76,12.95,61.04,0.81,2.6,183.38,cavitation,running
pump,2.06,11.78,72.75,0.14,0.41,86.01,dry_run,fault
pump,2.92,13.41,67.54,0.4,2.55,90.7,cavitation,fault
pump,2.21,6.78,69.47,0.36,1.65,14.74,dry_run,fault
pump,1.99,16.42,70.43,0.76,5.27,48.36,clogging,fault
pump,1.98,13.61,65.98,0.78,6.53,108.71,clogging,warning
pump,2.08,11.52,49.78,1.17,2.41,121.79,seal_leakage,warning
pump,1.21,13.82,51.89,1.1,3.17,187.34,clogging,running
pump,5.37,13.03,61.46,1.03,3.06,154.18,cavitation,fault
pump,2.33,22.11,71.79,1.04,6.33,52.5,clogging,fault
pump,2,21.75,59.7,0.84,6.11,66.88,clogging,fault
pump,0.97,11.88,58.26,1.04,4.45,228.65,none,running
pump,0.93,12.19,52.84,1.09,4.4,188.43,none,running
pump,1.18,15.91,59.05,0.75,2.6,134.55,cavitation,warning
pump,3.19,14.63,72.42,1,3.74,224.23,bearing_failure,warning
pump,3.81,15.63,80.49,0.38,0.61,47.99,dry_run,fault
pump,2.2,9.97,88.72,0.21,0.7,57.21,dry_run,fault
pump,2.06,20.4,71.3,0.83,6.02,46.27,clogging,fault
pump,1.58,15,31.15,1,4.33,194.97,bearing_failure,running
pump,2.31,12.55,62.07,1.19,4.47,201.26,bearing_failure,warning
pump,2.36,16.74,56.1,0.73,3.11,113.33,cavitation,warning
pump,2.14,17.6,77.33,0.92,5.33,87.8,clogging,fault
pump,0.98,11.38,57.44,1.01,2.86,171.31,seal_leakage,running
pump,1.99,12.75,67.17,0.79,3.34,116.87,impeller_damage,warning
pump,1,10.56,51.21,1.19,3.77,183.65,none,running
pump,3.18,15.9,62.05,0.47,4.61,55.18,clogging,fault
pump,2.15,14.33,70.95,0.41,6.34,80.82,clogging,fault
pump,4.19,17.47,80.15,1.04,3.56,240.31,bearing_failure,fault
pump,1.93,7.09,92.72,0.34,1.66,16.25,dry_run,fault
pump,2.14,10.26,89.9,0.02,1.27,34.06,dry_run,fault
pump,1.6,16.29,53.21,1.01,4.32,235.5,none,warning
pump,3.9,18.35,64.41,0.37,3.05,131.95,cavitation,fault
pump,1.4,12.95,59.01,0.98,2.97,70.16,impeller_damage,fault
pump,0.88,11.36,59.5,0.91,4.64,235.41,none,running
pump,1.18,12.28,73.18,0.38,0.55,24.5,dry_run,fault
pump,1.67,14.33,55.1,1.09,4.4,275.09,none,running
pump,1.58,12.48,59.77,0.99,3.32,158.19,seal_leakage,running
pump,1.78,12.09,54.13,0.31,2.52,104.86,cavitation,fault
pump,0.93,14.77,64.01,0.78,2.7,146.6,seal_leakage,warning
pump,1.56,12.94,49.02,1.02,3.92,218.67,none,running
pump,3.58,12.72,70.63,0.93,3.72,216.76,bearing_failure,fault
pump,4.51,14.83,64.86,0.57,3.18,184.85,cavitation,fault
pump,3.47,14.07,76.53,0.99,3.7,178.07,bearing_failure,fault
pump,1.81,12.59,53.97,1,2.54,202.59,seal_leakage,running
pump,3.85,16.31,64.73,0.52,2.12,161.29,cavitation,fault
pump,2.65,10.89,92.56,0.18,0.53,82.57,dry_run,fault
pump,1.88,17.78,63.45,1.07,3.93,249.81,bearing_failure,warning
pump,2.66,13.2,48.09,1.01,3.62,182.12,bearing_failure,warning
pump,3.43,15.54,54.46,0.25,2.05,198.49,cavitation,fault
pump,2.68,12.45,52.88,0.17,2.92,161.13,cavitation,fault
pump,3.7,13.78,72.46,0.04,1.26,80.5,dry_run,fault
pump,2.17,22.82,61.71,0.48,6.02,107.02,clogging,fault
pump,1.58,12.63,59.31,1.04,3.78,206.94,bearing_failure,running
pump,1.09,11.34,57.22,1.16,3.71,174.89,none,running
pump,1.59,15.22,52.81,0.96,3.01,171.28,seal_leakage,running
pump,2.29,14.32,62.49,1.01,2.8,173.94,seal_leakage,warning
pump,1.43,18.7,69.49,1.02,5.38,89.84,clogging,warning
pump,1.99,16.41,73.72,0.9,6.49,106.32,clogging,warning
pump,1.86,17.84,54.23,0.96,2.24,88.69,impeller_damage,warning
pump,2.97,11.38,71.11,0.97,1.47,130.17,impeller_damage,fault
pump,1.81,17.16,57.31,1.08,2.4,79.89,impeller_damage,fault
pump,3.31,9.81,64.05,0.21,1.95,175.57,cavitation,fault
pump,1.82,21.75,62.16,0.59,4.74,150.89,clogging,fault
pump,2.49,14.85,65.59,0.63,3.24,178.81,cavitation,warning
pump,1.7,16.4,61.48,1.01,2.47,94.34,impeller_damage,warning
pump,2.84,12.75,78.09,0.97,3.66,197.33,bearing_failure,fault
pump,1.83,18.08,51.86,0.85,3.67,209.51,bearing_failure,warning
pump,5.03,17.11,61.21,0.36,3.49,119.56,cavitation,fault
pump,2.87,15.79,77.55,0.84,4.49,95.24,clogging,fault
pump,3.25,15.99,76.73,0.08,0.93,32.91,dry_run,fault
pump,1.68,15.09,43.05,1.09,4.03,183.34,bearing_failure,running
pump,3.48,9.48,68.79,0.02,0.42,80.92,dry_run,fault
pump,2.46,11.8,46.25,0.87,4.01,191.14,bearing_failure,warning
pump,2.29,18.4,70.38,0.38,4.87,110.32,clogging,fault
pump,2.98,11.91,67.66,0.3,0.82,33.69,dry_run,fault
pump,2.88,13.18,64.74,0.65,3.03,94.65,cavitation,warning
pump,1.81,12.74,81.55,0,0.86,0,dry_run,fault
pump,2.06,18.11,61.52,0.83,2.29,168.43,impeller_damage,warning
pump,1.27,15.09,50.4,0.95,4.16,238.45,none,running
pump,1.99,15.55,70.83,0.88,4.06,223.88,bearing_failure,warning
pump,2.19,13.17,73.01,0.99,4.2,170.83,bearing_failure,warning
pump,2.1,11.87,52.98,0.92,2.12,141.22,seal_leakage,warning
pump,3.24,14.79,67.24,0.95,1.69,112.66,impeller_damage,fault
pump,3.88,16.89,64.57,1.2,4.79,221.45,bearing_failure,fault
pump,1.94,14.52,56.45,0.95,4.31,251.92,none,running
pump,2.04,14.64,79.89,0.91,4.12,273.3,bearing_failure,fault
pump,5.07,16.19,60.3,0.51,3.19,165.41,cavitation,fault
pump,4.08,15.79,81.05,0.11,0.81,83.22,dry_run,fault
pump,2.35,9.74,87.33,0.23,0.4,24.16,dry_run,fault
pump,4.31,14.88,55.7,0.46,3.8,106.81,cavitation,fault
pump,1.93,16.09,70.8,0.14,1.01,77.76,dry_run,fault
pump,4.17,15.54,67.73,0.46,2.56,140.45,cavitation,fault
pump,1.74,10.62,51.94,0.91,4.45,169.37,none,running
pump,5,13.43,61.66,0.3,2.63,168.39,cavitation,fault
pump,1.79,21.34,73.66,0.56,5.33,143.34,clogging,fault
pump,2.17,12.22,57.13,1.06,2.53,170.36,seal_leakage,warning
pump,3.05,14.94,64.29,1.13,3.9,192.48,bearing_failure,warning
pump,2.39,9.35,81.9,0.31,0.24,36.88,dry_run,fault
pump,4.38,11.94,56.93,0.37,2.58,161.74,cavitation,fault
pump,3.19,18.35,74.83,1.1,3.56,229.56,bearing_failure,warning
pump,2.55,11.82,49.87,1.21,3.9,174.1,bearing_failure,warning
pump,1.69,15.23,59.92,1.03,3.55,201.61,seal_leakage,running
pump,2.1,16.44,41.48,1.03,3.63,192.29,bearing_failure,warning
pump,2.82,16.51,68.52,1.11,3.69,230.18,bearing_failure,warning
pump,0.79,11.38,49.94,1.04,3.72,150.76,seal_leakage,running
pump,3.01,15.18,73.62,1.11,4.23,261.94,bearing_failure,warning
pump,0.84,12.1,57.97,1.01,3.35,167.84,seal_leakage,running
pump,4.21,15.59,59.93,0.68,2.23,138.32,cavitation,fault
pump,2.02,13.05,42.85,0.88,4.1,161.61,bearing_failure,warning
pump,2.13,13.09,45.69,1.09,4.09,204,bearing_failure,warning
pump,1.15,10.74,55.87,0.99,2.6,187.87,seal_leakage,running
pump,2.99,11.96,53.69,0.89,4.36,190.03,bearing_failure,warning
pump,2.77,16.51,73.22,0.46,1.37,72,dry_run,fault
pump,2.56,13.41,69.28,0.96,3.73,161.01,bearing_failure,warning
pump,3.02,19.49,84.38,0.96,3.94,219.12,bearing_failure,fault
pump,2.47,12.79,89.35,0.79,4.59,177.08,bearing_failure,fault
pump,3.85,15.1,61.66,0.46,2.31,130.24,cavitation,fault
pump,1.15,17.64,41.54,0.91,4.28,226.61,bearing_failure,warning
pump,1.78,18.96,69.13,0.84,6.31,126.29,clogging,warning
pump,1.15,12.85,54.22,1.22,4.12,239.51,none,running
pump,2.42,8.86,83.49,0.07,0.42,18.7,dry_run,fault
pump,1.94,14.85,56.1,1.18,4.32,199.74,none,running
pump,1.5,14.6,92.78,0.17,1.64,47.01,dry_run,fault
pump,1.29,18.59,64.22,1.04,1.9,134.27,impeller_damage,warning
pump,1.77,15.83,72.56,1.09,4.54,214.47,bearing_failure,warning
pump,1.63,12.74,65.41,0.72,2.54,124.77,impeller_damage,warning
pump,0.83,10.72,62.17,0.94,2.86,134.43,seal_leakage,running
pump,3.21,24.82,68.94,0.63,5.01,53.72,clogging,fault
pump,1.13,17.89,73.1,0.76,6.96,69.82,clogging,fault
pump,1.07,16.73,36.49,0.87,3.74,215.36,bearing_failure,warning
pump,1.26,12.24,58.86,1.07,4.1,248.08,none,running
pump,2.8,16.63,60.53,1.1,3.87,224.42,bearing_failure,warning
pump,0.81,17.62,72.7,0.52,6.6,99.26,clogging,warning
pump,2.69,18.13,71.87,0.78,5.08,94.45,clogging,warning
pump,1.02,13.26,48.16,1.11,3.86,246.56,none,running
pump,1.57,10.97,54.47,0.93,2.58,161.48,seal_leakage,running
pump,1.62,12.04,48.8,1.14,4.01,262.41,none,running
pump,1.95,11.27,52.1,1.11,3.14,214.08,seal_leakage,running
pump,1.96,16.81,59.45,0.67,3.64,147.4,cavitation,warning
pump,4.15,17.69,58.26,0.23,3.2,112.3,cavitation,fault
pump,1.81,12.48,61.95,1.03,4.42,190.5,bearing_failure,running
pump,1.24,13.24,49.75,1.01,4.16,234.98,none,running
pump,1.52,15.57,51.32,1.01,4.73,254.7,none,running
pump,3.1,13.89,68.01,0.94,3.67,214.94,bearing_failure,warning
pump,1.83,16.9,73.23,0.64,4.36,78.22,clogging,fault
pump,1.27,11.56,57.52,0.84,2.51,175.37,impeller_damage,running
pump,1.79,15.5,57.74,1.04,3.08,149.79,seal_leakage,running
pump,1.9,13.73,37.95,0.79,3.66,187.98,bearing_failure,warning
pump,1.99,11.45,53.68,0.85,4.55,269.13,none,running
pump,1.89,16.83,69.71,1.12,2.53,121.08,impeller_damage,warning
pump,4.27,14.22,58.14,0.5,2.43,123.23,cavitation,fault
pump,2.28,22.59,67.41,0.83,6.1,153.12,clogging,fault
pump,1.13,11.99,58.04,1.1,4.72,206.22,none,running
pump,1.34,12.33,57.1,1.14,3.97,208.88,none,running
pump,5.75,15.9,60.99,0.52,3.47,88.72,cavitation,fault
pump,2.66,12.22,63.75,1.01,1.35,103.22,impeller_damage,fault
pump,1.28,13.72,53.79,1.16,4.59,231.19,none,running
pump,2.32,20.75,71.69,0.97,4.54,124.7,clogging,fault
pump,2.7,11.84,79.82,0.2,1.32,21,dry_run,fault
pump,1.9,11.14,54.86,0.53,1.78,71.59,cavitation,fault
pump,1.48,13.89,56.38,1.07,4.45,231.96,none,running
pump,1.77,11.59,38.8,1.07,4.33,181.46,bearing_failure,running
pump,2.59,11.56,60.07,0.69,2.38,93.24,cavitation,warning
pump,1.97,13.59,66.85,0.68,2.21,141.41,impeller_damage,warning
pump,2.32,12.65,84.15,0.46,0.99,27.88,dry_run,fault
pump,2.99,18.22,67.89,0.4,5.62,135.32,clogging,fault
pump,1.87,13.61,52.78,1.2,3.87,186.35,none,running
pump,1.31,20.87,76.38,0.35,6.1,63.68,clogging,fault
pump,1.04,11.54,48.39,0.91,4.68,204.92,none,running
pump,3.1,14.4,66.83,0.87,4.4,215,bearing_failure,warning
pump,1.77,16.61,58.55,1.08,3.14,138.69,impeller_damage,warning
pump,1.36,18.83,59.54,0.44,4.51,57.44,clogging,fault
pump,1.35,11.53,60.06,1,3.91,239.49,none,running
pump,4.95,9.78,71.22,0.31,1.09,34.82,dry_run,fault
pump,2.74,22.15,76.4,0.62,5.52,59.65,clogging,fault
pump,2.99,15.04,67.29,1.02,4.21,240.7,bearing_failure,warning
pump,3.04,14.22,60.41,1.13,3.85,243.39,bearing_failure,warning
pump,3.71,13.19,74.75,0.29,0.95,1.63,dry_run,fault
pump,1.45,8.84,55.85,1.02,3.27,171.3,seal_leakage,running
pump,3.55,10.7,66.24,0.51,3.47,165.9,cavitation,fault
pump,1.65,13.68,54.33,1.12,3.59,178.51,bearing_failure,running
pump,1.98,24.61,57.72,0.51,4.75,90.2,clogging,fault
pump,3.66,14.12,61.47,0.78,3.36,148.73,cavitation,fault
pump,0.65,17.65,78.03,0.82,6.45,51.89,clogging,fault
pump,3.93,14.26,81.48,0.83,3.96,208.07,bearing_failure,fault
pump,3.32,15.63,64.67,1.03,2.37,162.14,impeller_damage,warning
pump,1.78,15.75,63.04,1.18,3.77,230.63,bearing_failure,running
pump,2.4,11.67,60.87,1.01,3.5,209.68,seal_leakage,warning
pump,0.83,14.65,57.79,1.01,2.76,183.43,seal_leakage,running
pump,5.28,13.07,67.38,0.21,3.54,185.49,cavitation,fault
pump,1.18,13.46,52.29,1.12,2.32,170.99,seal_leakage,warning
pump,1.67,13.82,53.79,0.99,3.64,240.63,none,running
pump,2.75,13.53,59.11,0.72,2.74,92.22,cavitation,warning
pump,3.58,15.32,58.85,0.39,2.62,152.29,cavitation,fault
pump,1.77,14.08,62.9,0.79,2.3,132.25,impeller_damage,warning
pump,0.99,12.46,60.93,1.22,3.84,264.13,none,running
pump,2.65,14.06,57.74,0.14,3.69,90.03,cavitation,fault
pump,3.73,6.68,77.2,0.22,0.98,66.75,dry_run,fault
pump,1.13,15.14,62.47,0.87,2.82,198.8,seal_leakage,running
pump,2.48,14.9,71.49,0.46,4.57,137.65,clogging,fault
pump,1.53,19.59,78.92,0.94,5.04,80.67,clogging,fault
pump,0.53,14.77,65.69,1.05,3.29,132.62,impeller_damage,warning
pump,1.98,16.65,61.25,0.83,2.69,193.92,impeller_damage,warning
pump,5.54,12.24,53.75,0.48,3.94,164.52,cavitation,fault
pump,1.42,12,59.21,1.03,2.95,130.81,seal_leakage,running
pump,1.49,13.37,54.56,0.99,4.55,255.77,none,running
pump,1.82,17.83,72.43,0.77,2.57,154.88,impeller_damage,warning
pump,1.66,19.28,60.27,0.85,1.99,144.36,impeller_damage,warning
pump,2.65,10.55,76.4,0.25,0.83,0,dry_run,fault
pump,1.95,10.63,55.09,0.95,2.24,192.49,seal_leakage,warning
pump,2.31,16.52,65.86,0.77,2.32,144.25,impeller_damage,warning
pump,1.42,20.58,68.93,0.58,4.42,150.42,clogging,fault
pump,3.43,14.97,70.53,0.29,0.97,38.78,dry_run,fault
pump,2.07,11.95,59.66,0.95,2.52,128.2,seal_leakage,warning
pump,1.81,11.34,52.09,1.24,4.63,244.88,none,running
pump,2.75,20.71,62.97,0.96,6.77,41.48,clogging,fault
pump,2.17,16.28,60.28,0.64,5.16,73.61,clogging,fault
pump,3.66,11.46,88.38,0.35,0.12,21.98,dry_run,fault
pump,2.59,14.45,74.24,0.9,6.55,80.57,clogging,warning
pump,1.55,13.12,66.55,1.09,1.86,80.48,impeller_damage,warning
pump,1.04,16.75,56.85,0.93,2.4,173.05,seal_leakage,warning
pump,3.05,14.9,85.56,1.21,4.38,179.69,bearing_failure,fault
pump,1.75,22.84,66.92,0.38,6.11,103.07,clogging,fault
pump,2.87,14.77,60.46,0.59,5.99,116.93,clogging,warning
pump,3.17,17,76.5,0.97,3.79,199.51,bearing_failure,fault
pump,0.81,17.04,36.71,0.96,4.49,235.05,bearing_failure,warning
pump,2.03,13.52,86.67,0.95,3.74,209.59,bearing_failure,fault
pump,1.91,15.06,60,0.65,2.18,92.44,impeller_damage,warning
pump,1.71,14.46,52.23,0.98,4.09,246.47,none,running
pump,1.88,16.18,54.81,1.05,2.35,147.94,seal_leakage,warning
pump,3.86,16.23,60.26,0.8,3.68,104.87,cavitation,fault
pump,4.52,11.16,61.22,0.51,3.25,176.92,cavitation,fault
pump,2.18,20.03,70.38,0.76,5.8,140.45,clogging,fault
pump,1.66,20.67,70.87,0.53,6.37,119.59,clogging,fault
pump,1.83,15.2,44.89,0.95,3.55,250.09,bearing_failure,running
pump,0.91,9.91,56.58,1.21,4.38,179.49,none,running
pump,1.62,13.46,55.7,1.19,3.92,218.23,none,running
pump,2.82,15.09,78.69,0.88,4.64,214.9,bearing_failure,fault
pump,2.15,9.74,53.06,1.16,3.46,189.44,seal_leakage,warning
pump,1.53,8.11,72.74,0.29,0.31,39.87,dry_run,fault
pump,1.8,19.26,69.11,0.97,3.83,269.67,bearing_failure,warning
pump,1.42,19.8,73.76,0.65,6.61,155.02,clogging,warning
pump,2.28,17.73,54.66,0.31,3.62,77,cavitation,fault
pump,1.6,10.04,61.91,0.37,3.28,96.54,cavitation,fault
pump,2.63,15.35,62.86,0.94,2.72,165,impeller_damage,warning
pump,1.85,13.91,47.72,0.85,2.34,120.66,seal_leakage,warning
pump,1.71,15.99,52.99,0.97,3.62,132.19,seal_leakage,running
pump,2.24,12.23,60.25,1.18,4.28,173.16,none,warning
pump,3.11,13.74,88.81,0.92,4.12,191.59,bearing_failure,fault
pump,2.6,16.31,61.07,0.96,2.11,137.59,impeller_damage,warning
pump,2.88,10.95,82.55,0.44,1.32,48.09,dry_run,fault
pump,2.05,15.21,69.92,1.08,4.12,264.6,bearing_failure,warning
pump,1.7,17.53,59.15,0.7,5.03,140.63,clogging,warning
pump,2.65,13.16,53.47,1.18,2.61,152.68,seal_leakage,warning
pump,1.26,13.94,71.57,0.38,1.75,41.33,dry_run,fault
pump,2.19,15.09,72.27,1.1,4.2,173.06,bearing_failure,warning
pump,3.43,13.91,66.22,0.98,4.4,195.73,bearing_failure,warning
pump,1.63,14.56,54.84,0.97,2.35,148.84,seal_leakage,warning
pump,1.75,17.77,57.07,0.84,5.49,79.22,clogging,fault
pump,3.25,10.46,76.2,0.21,1.3,21.91,dry_run,fault
pump,2.86,22.89,59.93,0.63,5.33,113.33,clogging,fault
pump,3.88,8.66,86.64,0.34,1.6,54.04,dry_run,fault
pump,2.42,17.26,58.26,0.62,3.56,118.04,cavitation,warning
pump,1.35,11.95,54.89,1.01,4.24,197.7,none,running
pump,1.74,11.68,62.77,0.6,2.33,117.9,cavitation,warning
pump,1.35,11.49,59.7,0.88,2.73,173.26,seal_leakage,running
pump,0.91,12.78,63.04,1.02,1.99,124.39,impeller_damage,warning
pump,2.95,13.3,90.48,0.3,0.76,63.54,dry_run,fault
pump,2.85,14.43,65.92,0.93,1.43,151.67,impeller_damage,fault
pump,3.65,14.18,75.2,0.89,4.37,207.48,bearing_failure,fault
pump,2.15,16,50.86,0.84,2.58,140.11,seal_leakage,warning
pump,2.5,18.66,67.56,0.46,5.74,55.78,clogging,fault
pump,2.24,18.35,49.61,0.92,4.26,210.7,bearing_failure,warning
pump,2.27,15.06,86.97,0.21,0.97,46.78,dry_run,fault
pump,1.64,16.73,64.58,1.13,3.58,185.62,impeller_damage,warning
pump,1.52,13.61,46.72,0.94,4.64,219.35,none,running
pump,2.37,10.99,87.38,0.29,1.67,9.36,dry_run,fault
pump,1.34,11.18,52.41,0.85,3.35,137.59,seal_leakage,running
pump,2.79,12.47,58.34,0.72,2.66,107.28,cavitation,warning
pump,1.25,12.29,58.32,0.93,4.52,250.86,none,running
pump,1.63,12.65,51.17,1.07,2.32,173.29,seal_leakage,warning
pump,3.19,6.96,71.1,0.32,1.63,56.88,dry_run,fault
pump,2.67,12.94,69.33,1.13,3.51,215.62,bearing_failure,warning
pump,3.04,17.34,69.74,0.91,2.5,99.89,impeller_damage,warning
pump,2.8,10.82,74.65,0.34,1.3,62.58,dry_run,fault
pump,2.07,16.08,74.85,1.12,3.55,250.62,bearing_failure,warning
pump,2.64,6.91,83.33,0.35,1.26,0.61,dry_run,fault
pump,2.61,13.46,68.06,0.79,1.88,154.04,impeller_damage,warning
pump,2.93,19.67,74.24,0.52,5.61,90.7,clogging,warning
pump,2.42,14.79,77.9,0.14,1.03,76.49,dry_run,fault
pump,0.84,25.49,57.63,0.33,6.51,93.75,clogging,fault
pump,1.34,15.52,77.58,0.33,5.2,58.67,clogging,fault
pump,2.95,19.24,70.02,0.78,5.16,61.02,clogging,fault
pump,1.78,14.48,50.84,0.92,3.63,207.29,seal_leakage,running
pump,1.14,18.01,69.07,0.51,6.47,77.31,clogging,fault
pump,2.2,12.16,69.25,0.75,2.92,90.87,impeller_damage,warning
pump,3.34,18.58,68.92,1.1,3.91,251.9,bearing_failure,warning
pump,1.35,14.12,58.32,1.24,4.42,225.95,none,running
pump,1.11,17.68,68.19,0.5,4.65,138.5,clogging,warning
pump,0.91,9.14,58.17,0.91,4.36,190.69,none,running
pump,1.15,15.06,57.51,1.08,3.22,193.77,seal_leakage,running
pump,2.47,14.39,66.42,1.03,3.57,211.46,bearing_failure,warning
pump,1.68,12.83,58.5,0.97,3.2,171.97,impeller_damage,running
pump,1.53,15.85,57.39,1.17,4.43,241.58,none,running
pump,1.33,13.95,59.05,1.22,3.46,167.63,seal_leakage,running
pump,2.57,15.95,55.48,0.95,4.19,231.31,bearing_failure,warning
pump,1.66,10.23,88.72,0.12,1.63,16.1,dry_run,fault
pump,1.15,10.6,64.33,1.09,2.3,176.14,seal_leakage,warning
pump,1.31,13.25,47.59,0.9,3.77,263.6,none,running
pump,2.41,22.88,71.66,0.74,4.58,134.93,clogging,fault
pump,1.64,13.01,52.2,1.1,3.93,262.95,none,running
pump,1.47,12.34,51.99,1.21,4.57,190.48,none,running
pump,2.08,15.98,74.74,1.03,4.17,219.33,bearing_failure,warning
pump,1.68,17.85,56.86,0.42,6.37,39.48,clogging,fault
pump,1.83,15.07,58.46,0.88,1.83,170.64,impeller_damage,warning
pump,1.03,12.42,65.44,0.98,2.17,163.34,impeller_damage,warning
pump,1.73,25.47,73.7,0.5,4.94,78.15,clogging,fault
pump,1.21,11.74,64.06,0.94,3.01,208.45,seal_leakage,running
pump,1.81,13.16,74.44,0.21,1.3,27.23,seal_leakage,fault
pump,1.81,11.57,50.13,1.18,4.15,186.35,none,running
pump,4.52,12.7,62.32,0.75,3.03,167.27,cavitation,fault
pump,1.97,12.08,58.84,0.84,2.71,103.26,impeller_damage,warning
pump,2.59,13.13,56.38,0.38,2.35,124.88,cavitation,fault
pump,1.16,13.96,57.03,1.14,3.59,229.93,none,running
pump,1.1,14.8,54.89,1.08,2.75,135.79,seal_leakage,running
pump,2.53,23.82,77.25,0.45,6.63,143.6,clogging,fault
pump,1.18,9.85,57.64,0.95,4.64,195.67,none,running
pump,1.74,18.45,68.64,1.08,4.52,255.91,bearing_failure,warning
pump,1.84,19.59,73.99,0.51,4.34,78.58,clogging,fault
pump,3.59,19.12,82.36,0.96,4.18,284.62,bearing_failure,fault
pump,2.49,19.11,74.43,0.37,6.29,151.14,clogging,fault
pump,1.1,12.51,55.35,1.17,4.24,239.01,none,running
pump,1.4,11.84,66.82,1.07,2.38,96.25,impeller_damage,warning
pump,1.25,15.01,53.62,0.95,4.48,177.85,bearing_failure,running
pump,1.59,22.42,70.15,0.71,4.58,95.94,clogging,fault
pump,1.26,15.67,39.31,1.12,4.19,183.84,bearing_failure,running
pump,1.75,15.25,48.75,0.93,4.05,193.61,bearing_failure,running
pump,1.91,7.31,80.33,0.01,0.29,42.06,dry_run,fault
pump,3.7,6.5,74.65,0,1.54,46.15,dry_run,fault
pump,1.28,14.47,61.02,1.17,4.14,194.62,none,running
pump,1.34,9.92,57.79,1.04,4.42,166.56,none,running
pump,1.2,12.28,57.95,1.09,2.79,170.49,impeller_damage,running
pump,0.89,14.44,61.21,1.09,2.67,175.42,seal_leakage,running
pump,1.91,10.67,61.01,0.81,2.96,140.62,seal_leakage,running
pump,2.29,14.15,65.81,0.96,2.89,104.21,cavitation,warning
pump,1.29,9.7,50.63,0.95,2.92,144.61,seal_leakage,running
pump,1.78,18.41,63.71,1.07,3.62,232.9,bearing_failure,warning
pump,3.61,19.5,77.07,0.86,4.33,223.72,bearing_failure,fault
pump,2.54,21.86,59.79,0.77,6.22,97.03,clogging,fault
pump,2.01,16.85,63.26,0.33,3.43,107.55,cavitation,fault
pump,2.83,14.21,71.41,0.57,0,72.85,dry_run,fault
pump,2.87,12.81,84.51,0.12,1.11,75.2,dry_run,fault
pump,3.75,14,57.16,0.45,2.48,175.23,cavitation,fault
pump,2.68,19.64,78.02,1.02,3.89,256.46,bearing_failure,fault
pump,1.99,11.45,55.05,1.1,4.5,171.15,none,running
pump,2.08,18.29,71.08,0.58,4.72,73.88,clogging,fault
pump,1.83,15.82,58.14,0.81,2.03,78.26,impeller_damage,fault
pump,1.55,12.22,39.35,1.08,4.39,197.26,bearing_failure,running
pump,2.6,19.37,60.78,0.92,4.16,212.47,bearing_failure,warning
pump,1.21,11.29,53.1,1.23,4.81,178.08,none,running
pump,2.65,12.87,54.93,1.24,4.56,152.27,bearing_failure,warning
pump,3.87,12.02,54.94,0.31,2.9,188,cavitation,fault
pump,3.73,14.4,53.47,0.35,3.43,182.63,cavitation,fault
pump,0.95,12.43,55.81,1.11,4.16,222.43,none,running
pump,1.44,13.63,53.4,1.1,3.1,144.03,seal_leakage,running
pump,2.22,19.39,63.51,0.82,6.01,48.58,clogging,fault
pump,1.28,17.91,42.71,1.03,3.36,220.64,bearing_failure,warning
pump,1.3,16.82,68.71,0.93,6.35,68.69,clogging,fault
pump,0.63,12.19,57.85,0.87,2.45,130.52,seal_leakage,warning
pump,4.06,14.35,64.85,0.73,2.53,113.09,cavitation,fault
pump,2.96,14.64,65.76,0.96,3.11,120.95,impeller_damage,warning
pump,0.99,10.31,58.79,1.15,4.26,205.53,none,running
pump,1.26,13.85,51.49,1.01,4.85,188.68,none,running
pump,1.34,11.37,51.48,1.01,2.91,193.06,seal_leakage,running
pump,3.15,14,86.69,0.15,0.29,49.29,dry_run,fault
pump,2.02,18.09,56.56,0.78,2.15,156.96,impeller_damage,warning
pump,0.84,15.36,36.65,1.23,3.48,281.45,bearing_failure,running
pump,1.98,14.23,58.6,1.06,1.86,134.02,impeller_damage,warning
pump,4.65,12.6,87.36,0.35,1.13,33.62,dry_run,fault
pump,1.1,9.64,51.51,1.06,3.64,155.48,none,running
pump,2.24,19.74,59.51,0.77,5.21,151.2,clogging,warning
pump,2.94,14.98,88.45,1.09,4.36,225.19,bearing_failure,fault
pump,1.58,14.58,68.78,0.71,1.63,167.88,impeller_damage,fault
pump,3.82,15.87,64.96,0.3,1.83,101.36,cavitation,fault
pump,2.93,9.72,59.15,0.75,3.68,174.12,impeller_damage,warning
pump,5.74,10.24,61.08,0.24,2.51,97.66,cavitation,fault
pump,2.24,9.35,75.96,0.26,0.82,47.1,dry_run,fault
pump,2.36,22.78,70.26,0.71,5.71,78.46,clogging,fault
pump,1.59,15.98,71.29,0.38,4.66,90.69,clogging,fault
pump,0.85,23.45,66.09,0.95,4.62,55.21,clogging,fault
pump,2.13,14.07,57.83,1.11,4.06,201.45,bearing_failure,warning
pump,2.58,12.89,60.44,1.02,3.99,198.06,bearing_failure,warning
pump,3.64,9.39,63.11,0.12,1.19,34.85,dry_run,fault
pump,3.56,21.72,67.49,0.94,6.01,78.71,clogging,fault
pump,1.31,10.91,79.51,0.47,0.64,62.98,clogging,fault
pump,2.82,14.25,67.19,0.53,4.69,115.48,clogging,warning
pump,2.66,15.44,60.36,0.85,2.63,160.34,impeller_damage,warning
pump,0.72,11.97,61.27,0.85,2.53,198.47,seal_leakage,running
pump,1.33,11.85,58.75,1.04,3.68,219.37,none,running
pump,3.08,7.84,81.5,0.07,0.71,21.13,dry_run,fault
pump,4.14,11.19,73.96,0.26,1.63,3.77,dry_run,fault
pump,2.7,16.32,72.3,0.86,4.07,233.79,bearing_failure,warning
pump,2.01,14.93,70.35,0.31,2.09,77.38,cavitation,fault
pump,3.29,21.14,75.91,0.82,6.13,78.55,clogging,fault
pump,2.68,9.21,52.12,1.03,2.31,185.55,none,warning
pump,1.68,18.43,75.91,0.55,6.51,55.25,clogging,fault
pump,4.69,13.29,66.63,1.02,2.08,134.94,cavitation,fault
pump,3,14.3,64.43,0.94,4.05,247.43,bearing_failure,warning
pump,1.45,19.46,61.73,0.94,6.43,73.72,clogging,fault
pump,0.9,13.05,56.42,1.25,4.52,218.27,none,running
pump,1.34,13.24,59.43,1.08,4.64,215.47,none,running
pump,2.28,14.08,62.73,0.67,3.4,149.67,seal_leakage,warning
pump,1.39,12.48,56.88,1.01,3.39,179.48,seal_leakage,running
pump,1.72,17.9,73.03,0.97,4.87,142.7,clogging,warning
pump,1.21,12.43,50.28,1,4.08,251.32,none,running
pump,1.75,11.74,61.6,0.93,3.61,154.38,seal_leakage,running
pump,2.53,16.22,69.71,0.39,6.69,89.98,clogging,fault
pump,1.2,11.64,59.31,0.89,4.52,231.78,none,running
pump,4.33,7.79,87.4,0.14,1.66,54.37,dry_run,fault
pump,2.14,17.32,67.81,1.08,4.3,202.16,bearing_failure,warning
pump,1.78,23.09,60.72,0.55,4.82,62.53,clogging,fault
pump,4,7.27,87.13,0.26,0.84,20,dry_run,fault
pump,2.25,11.84,59.78,1.14,3.09,135.12,seal_leakage,warning
pump,2.65,13.69,68.7,0.92,3.22,87.09,impeller_damage,warning
pump,2.7,13.82,84.86,1.11,3.51,156.1,bearing_failure,fault
pump,3.13,14.16,53.78,0.58,3.05,118.73,cavitation,warning
pump,2.19,13.55,61.93,0.38,3.76,174.02,cavitation,fault
pump,1.99,18.66,66.5,0.57,5.75,138.29,clogging,warning
pump,2.83,12.97,56.57,0.13,2.68,88.15,cavitation,fault
pump,1.37,10.12,52.56,1.25,4.18,179.38,none,running
pump,3.48,14.98,61.69,0.94,3.88,258.99,bearing_failure,warning
pump,1.7,20.69,64.35,0.62,5.13,116.31,clogging,fault
pump,1.54,13.26,62.91,0.79,3.44,187.31,seal_leakage,warning
pump,3.21,13.36,67.78,1.08,4,246.9,bearing_failure,warning
pump,2.31,15.55,72.61,0.32,0.03,46.48,dry_run,fault
pump,2.18,17.67,75.66,0.44,4.86,87.19,clogging,fault
pump,3.84,18.58,63.26,0.99,4.33,258.03,bearing_failure,fault
pump,4.14,18.44,66.83,0.37,3.45,133.13,cavitation,fault
pump,0.87,13.32,59.06,0.92,2.95,159.34,seal_leakage,running
pump,2.07,13.5,53.06,1.03,2.33,207.19,seal_leakage,warning
pump,2.33,10.12,76.86,0.23,0.31,34,dry_run,fault
pump,3.84,15.47,81.91,1.09,3.64,243.77,bearing_failure,fault
pump,3.43,11.12,84.1,0.96,4.06,214.36,bearing_failure,fault
pump,2.38,7.78,89.13,0.35,0.11,1.4,dry_run,fault
pump,1.03,19.38,74.66,0.77,4.84,98.9,clogging,warning
pump,1.39,14.27,51.78,1.14,3.91,261.22,none,running
pump,1.91,16.11,70.14,1.01,3.04,90.19,impeller_damage,warning
pump,2.2,15.86,73.92,0.97,4.08,194.72,bearing_failure,warning
pump,1.58,21.74,75.33,0.66,6.63,85.86,clogging,fault
pump,1.82,18.6,45.98,0.89,4.05,257.43,bearing_failure,warning
pump,1.69,15.31,62.84,0.8,4.53,95.24,clogging,warning
pump,2.57,13.17,68.61,1.05,4.78,199.41,bearing_failure,warning
pump,1.05,11.97,50.12,1.17,2.41,208.17,seal_leakage,warning
pump,2.04,14.74,66.47,1.15,3.82,240.97,bearing_failure,warning
pump,1.46,13.71,56.28,1.25,3.76,226.48,none,running
pump,1.27,14.61,37.39,0.92,4.02,206.94,bearing_failure,running
pump,1.63,10.77,51.35,1.04,4.83,191.97,none,running
pump,1.72,12.65,60.68,0.91,3.61,157.62,seal_leakage,running
pump,2.91,15.59,65.33,0.53,4.8,121.64,clogging,warning
pump,3.21,18.57,59.25,0.48,6.11,112.55,clogging,fault
pump,0.93,12.56,54.42,1.14,4.09,232.17,none,running
pump,2.2,11.87,57.26,0.88,3.26,99.44,impeller_damage,warning
pump,2.23,17.01,60.2,1.05,4.31,179.84,bearing_failure,warning
pump,0.94,13.6,72.3,0.93,2.45,145.02,impeller_damage,warning
pump,1.87,8.39,69.04,0.32,0.81,8.21,dry_run,fault
pump,2.37,19,73.4,0.73,6.1,63.46,clogging,fault
pump,1.07,12.78,58.32,0.8,3.8,164.68,seal_leakage,running
pump,4.17,15.17,79.33,0.92,4.33,220.86,bearing_failure,fault
pump,3.42,13.69,60.1,1.15,3.78,207.43,bearing_failure,warning
pump,3.99,16.78,80.02,0.93,4.42,227.82,bearing_failure,fault
pump,2.88,10.07,70.08,0.34,1.52,60.98,dry_run,fault
pump,2.08,14.99,76.08,1.02,3.93,190.64,bearing_failure,fault
pump,1.36,15.19,69.31,0.71,5.42,131.26,clogging,warning
pump,2.71,23.71,58.66,0.43,4.48,150.47,clogging,fault
pump,3.99,10.7,59.65,1.05,4.2,203.56,bearing_failure,fault
pump,1.9,13.96,55.39,1.09,3,185.1,seal_leakage,running
pump,2.88,16.77,70.11,0.54,6.5,165.1,clogging,warning
pump,2.22,16.93,68.46,0.57,5.83,44.38,clogging,fault
pump,1.45,15.21,49.1,0.96,2.15,159.52,seal_leakage,warning
pump,4.66,13.48,52.83,0.8,2.61,134.63,cavitation,fault
pump,2.56,27.54,72.2,1.04,6.48,77.1,clogging,fault
pump,2.84,19.62,68.82,0.34,5.11,61.59,clogging,fault
pump,2.33,14.44,83.86,0.36,0,0,dry_run,fault
pump,3.12,14.09,87.91,0.1,0.11,25.72,dry_run,fault
pump,1.23,14.17,50.86,0.93,3.92,178.33,seal_leakage,running
pump,5.32,9.15,75.17,0.06,0.23,33.8,dry_run,fault
pump,5.24,13.61,70.69,0.3,0.74,8.9,dry_run,fault
pump,2.44,15.9,58.72,0.96,2.98,173.44,seal_leakage,warning
pump,1.57,11.18,55.55,1.21,3.7,217.4,none,running
pump,1.15,13.22,58.15,1.05,4.44,251.53,none,running
pump,2.03,19.36,60.11,0.77,6.35,141.39,clogging,warning
pump,3.29,19.88,57.14,0.9,4.23,200.38,bearing_failure,warning
pump,2.88,10.73,74.88,0.03,1.3,24.87,dry_run,fault
pump,5.17,12.77,52.93,0.89,2.89,182.68,cavitation,fault
pump,1.8,17.16,59.63,1.02,1.67,119.75,impeller_damage,fault
pump,2.5,18.49,70.73,0.94,4.25,198.72,bearing_failure,warning
pump,2.27,9.55,73.78,0.12,1.33,43.5,dry_run,fault
pump,1.72,13.26,57.69,0.92,4.15,216.9,none,running
pump,1.18,14.45,47,1.03,4.63,230.47,none,running
pump,2.99,15.47,63.55,1.07,3.88,156.18,bearing_failure,warning
pump,2.49,17.02,60.74,1.04,4.48,218.81,bearing_failure,warning
pump,1.87,16.26,57.71,0.86,2.61,122.49,impeller_damage,warning
pump,2,22.56,60.4,0.45,4.96,84.64,clogging,fault
pump,2.79,13.18,60.53,1.02,4.12,177.63,bearing_failure,warning
pump,2.27,18.24,73.57,0.61,5.19,145.54,clogging,warning
pump,1.24,12.86,55.81,1.13,2.23,145.09,seal_leakage,warning
pump,2.56,12.28,53.91,1.12,4.17,182.95,bearing_failure,warning
pump,3.01,15.49,58.19,1.03,3.99,221.79,bearing_failure,warning
pump,3.92,13.1,56.22,0.12,3.25,177.07,cavitation,fault
pump,1.55,14.55,56.01,1.2,3.19,126.98,bearing_failure,running
pump,2.59,23.04,69.38,0.49,4.45,61.91,clogging,fault
pump,1.27,18.4,66.49,0.97,2.21,151.96,impeller_damage,warning
pump,3.71,14.42,58.33,0.71,2.66,138.4,cavitation,fault
pump,1.67,15.39,54.59,1.16,4.68,216,none,running
pump,2.05,12.87,82.37,0.29,0.76,24.65,dry_run,fault
pump,1.72,13.42,60.72,0.82,2.4,110.19,impeller_damage,warning
pump,3.23,13.6,69.68,0.04,0.69,43.69,dry_run,fault
pump,2.04,12.97,47.55,1.05,4.26,207.77,bearing_failure,warning
pump,0.77,10.74,64.61,0.95,2.47,159.11,seal_leakage,warning
pump,1.78,13.2,57.41,1.05,3.93,267.78,none,running
pump,2.68,12.46,73.66,1.17,4.29,190.95,bearing_failure,warning
pump,1.62,12.71,61.07,0.78,2.15,175.65,seal_leakage,warning
pump,3.37,11.85,87.53,0.22,0.1,23.45,dry_run,fault
pump,4.4,12.99,71.92,0.3,0.4,67.17,dry_run,fault
pump,3.89,13.01,80.15,1.1,4.03,173.15,bearing_failure,fault
pump,1.09,10.72,90.63,0.17,1.71,21.91,dry_run,fault
pump,1,13.44,51.61,1.24,4.55,261.44,none,running
pump,1.66,12.02,71.25,1.16,1.8,181.11,impeller_damage,warning
pump,3.82,18.52,69.36,0.45,2.94,140.65,cavitation,fault
pump,2.15,14.93,60.53,1.15,2.4,152.01,impeller_damage,warning
pump,3.23,15.32,66.55,0.72,3.05,137.52,cavitation,warning
pump,2.48,18.46,82.66,0.9,4.2,212.53,bearing_failure,fault
pump,3.07,15.39,56.58,0.29,2.01,131.4,cavitation,fault
pump,0.51,14.95,39.12,0.87,4.39,194.62,bearing_failure,running
pump,1.34,14.12,56.22,1.14,4.54,273.29,none,running
pump,2.95,14.46,69.08,0.37,5.04,128.52,clogging,fault
pump,1.86,20.66,62.75,0.78,1.41,114.96,impeller_damage,fault
pump,3.74,11.2,60.74,0.57,2.6,155.87,cavitation,fault
pump,3.75,10.29,68.4,0.18,0.33,67.39,dry_run,fault
pump,1.64,12.87,58.95,1.01,3.04,159.08,seal_leakage,running
pump,1.1,21.23,74.95,0.95,6.46,62.75,clogging,fault
pump,0.99,11.44,59.82,1.05,3.04,204.49,seal_leakage,running
pump,1.88,16.29,44.91,1.07,4.12,185.58,bearing_failure,warning
pump,2.83,11.33,75.47,0.17,0.23,58.74,dry_run,fault
pump,4.21,14.29,66.78,1.1,2.13,153.47,cavitation,fault
pump,0.9,11.93,55.35,1.13,4.12,225.06,none,running
pump,1.08,11.92,57.16,1.24,3.72,248.84,none,running
pump,2.47,15.76,69.24,0.75,4.69,75.5,clogging,fault
pump,2.39,11.82,73.09,0.88,4.46,158.41,bearing_failure,warning
pump,1.54,10.34,54.06,1.16,3.23,191.15,seal_leakage,running
pump,1.9,11.63,49.28,1.2,4.6,208.44,none,running
pump,1.67,16.23,53.36,1.08,3.49,232.35,bearing_failure,warning
pump,1.11,17.51,63.44,0.55,5.95,137.35,clogging,warning
pump,2.25,10.17,80.47,0.23,0.71,28.12,dry_run,fault
pump,1.1,14.22,50.76,1.03,3.76,220.71,none,running
pump,3.75,11.58,94.18,0.35,0.7,46.59,dry_run,fault
pump,1.61,9.15,51.24,0.99,4.52,207.43,none,running
pump,1.12,11.95,54.22,0.87,2.07,222.31,seal_leakage,warning
pump,3.1,13.25,67.91,1.1,3.73,170.41,bearing_failure,warning
pump,0.87,15.6,38.74,1.06,4.19,226.25,bearing_failure,running
pump,2.48,10.77,49.61,0.22,3.45,142.08,cavitation,fault
pump,2.02,14.42,56.94,0.73,3.46,132.82,seal_leakage,warning
pump,1.84,9.43,86.33,0.12,1.33,20.86,dry_run,fault
pump,1.99,13.74,58.42,0.71,1.99,74.06,impeller_damage,fault
pump,1.26,12.16,65.77,1.2,3.46,160.68,seal_leakage,warning
pump,1.62,18.36,55.95,1.02,2.83,126.46,impeller_damage,warning
pump,1.49,9.26,58.57,1.21,4.08,193.41,none,running
pump,0.9,17.64,63.16,0.95,2.41,83.71,impeller_damage,warning
pump,1.52,11.3,61.53,0.99,2.44,171.16,seal_leakage,warning
pump,1.56,12.81,48.39,1.21,3.95,200.04,none,running
pump,1.8,12.83,62.31,0.89,3.45,167.52,seal_leakage,running
pump,2.24,15.46,65.03,1.08,3.02,157.42,seal_leakage,warning
pump,3.72,16.01,57.69,0.31,3.06,130.49,cavitation,fault
pump,3.77,10.61,89.97,0.34,1.28,39.01,dry_run,fault
pump,1.53,14.43,56.21,1.08,2.44,189.49,seal_leakage,warning
pump,0.86,12.88,51.93,0.78,2.37,147.45,seal_leakage,warning
pump,2.16,12,70.21,0.38,0.49,31.57,dry_run,fault
pump,2.09,16.11,51.45,0.76,3.27,195.53,seal_leakage,warning
pump,1.47,13.31,50.9,1.09,3.97,199.55,none,running
pump,1.13,11.9,54.96,0.98,4.42,279.18,none,running
pump,0.97,14.92,48.6,1.04,3.22,182.51,seal_leakage,running
pump,1.47,14.35,55.55,1.24,4.4,237.61,none,running
pump,3.33,10.86,79.92,0.16,0.52,33.32,dry_run,fault
pump,1.64,12.06,53.97,1.08,2.91,145.18,seal_leakage,running
pump,1,15.56,60.66,1.15,2.3,150.1,seal_leakage,warning
pump,1.05,12.47,51.7,1,2.31,200.73,seal_leakage,warning
pump,3.19,6.82,86.74,0.36,0.64,38.86,none,fault
pump,4.04,13.72,84.13,0.25,0.47,32.95,dry_run,fault
pump,4.83,12.96,69.42,0.3,0.09,54.66,dry_run,fault
pump,1.72,11.54,56.39,0.97,3.73,197.35,none,running
pump,1.2,15.47,54.66,0.98,4.27,235.08,none,running
pump,2.07,15.99,60.63,0.99,3.36,158.05,seal_leakage,warning
pump,2.39,13.03,51.8,0.92,2.78,205.24,seal_leakage,warning
pump,1.65,16.67,53.26,0.89,2.06,143.01,seal_leakage,warning
pump,0.96,10.68,52.79,1.12,3.89,250.36,none,running
pump,2.03,17.58,54.69,1.02,3.14,168.34,seal_leakage,warning
pump,0.94,11.51,55.49,1,3.58,186.58,seal_leakage,running
pump,1.78,11.38,63.56,0.89,3.01,173.61,seal_leakage,running
pump,1.75,10.06,55.3,1.27,4.14,162.65,none,running
pump,1.64,14.5,57.39,1.02,2.99,169.2,seal_leakage,running
pump,1.9,11.94,63.65,0.89,3.42,138.93,impeller_damage,running
pump,1.96,12.28,62.25,1.08,3.14,147.11,seal_leakage,running
pump,2.81,7.35,89.64,0.09,1.01,12.88,dry_run,fault
pump,1.66,11.4,64.64,1.22,3.52,161.44,none,running
pump,1.24,16.13,75.18,0.69,4.95,41.51,clogging,fault
pump,1.01,12.54,57.24,0.89,3.63,159.26,seal_leakage,running
pump,1.12,14.67,56.22,1.03,3.93,217.29,none,running
pump,1.82,10.7,69.7,0.36,0.41,23.33,dry_run,fault
pump,3.28,13.67,95,0.18,0.74,63.05,dry_run,fault
pump,1.14,10.33,55.93,0.92,4.37,174.99,none,running
pump,1.44,11.14,52.87,1.21,3.75,196.01,seal_leakage,running
pump,1.69,13.99,62.71,1.14,3.49,181.15,seal_leakage,running
pump,1.34,14.48,49.87,1.06,3.48,189.2,seal_leakage,running
pump,2.18,19.66,56.73,1.07,3.31,139.68,impeller_damage,warning
pump,2.71,19.91,69.6,0.69,4.76,156.01,clogging,warning
pump,1.2,13.3,69.07,1.06,2.59,122.62,impeller_damage,warning
pump,1.16,12.63,73.3,0.12,1.05,60.69,dry_run,fault
pump,1.03,12.65,53.73,0.97,2.49,179.05,seal_leakage,warning
pump,2.43,14.01,65.1,0.9,3.1,185.7,seal_leakage,warning
pump,1.21,15.52,60.16,1.14,3.95,255.36,none,running
pump,2.17,13.12,59.41,0.22,2.82,189.33,cavitation,fault
pump,2.11,10.15,74.97,0.16,0.43,20.94,dry_run,fault
pump,2.22,20.54,64.69,0.39,5.47,128.44,clogging,fault
pump,1.77,15.56,52.7,1.18,2.6,159.23,seal_leakage,running
pump,1.77,10.97,55.89,0.93,2.15,184.59,seal_leakage,warning
pump,1.46,17.18,60.72,1.16,2.04,191.81,seal_leakage,warning
pump,1.73,13.36,58.97,0.94,2.91,151.8,seal_leakage,running
pump,2.06,13.78,51.39,0.91,4.26,279.06,none,warning
pump,2.78,13.12,75.46,0,0.84,2.85,dry_run,fault
pump,1.75,9.46,52.37,0.87,2.91,163.55,seal_leakage,running
pump,1.71,15.31,55.58,0.88,2.23,132.08,seal_leakage,warning
pump,1.87,13.44,56.25,0.73,1.37,162.9,impeller_damage,fault
pump,2.92,12.93,55.87,0.81,2.78,80.05,impeller_damage,warning
pump,3.3,13.37,55.52,0.61,2.38,149.21,cavitation,warning
pump,1.51,17.1,75.73,0.34,5.79,137.06,clogging,fault
pump,3.19,8.94,82.12,0.24,0.92,33.89,dry_run,fault